*** IR Dump Before VerifierPass on [module] ***
; ModuleID = 'accumulate.in.ll'
source_filename = "accumulate.c"
target datalayout = "e-m:e-i8:8:32-i16:16:32-i64:64-i128:128-n32:64-S128"
target triple = "aarch64-unknown-linux-gnu"

; Function Attrs: nounwind uwtable
define dso_local i32 @accumulate(i32 noundef %0) #0 {
  %2 = alloca i32, align 4
  %3 = alloca i32, align 4
  %4 = alloca i32, align 4
  store i32 %0, i32* %2, align 4
  store i32 0, i32* %3, align 4
  store i32 0, i32* %4, align 4
  br label %5

5:                                                ; preds = %13, %1
  %6 = load i32, i32* %4, align 4
  %7 = load i32, i32* %2, align 4
  %8 = icmp slt i32 %6, %7
  br i1 %8, label %9, label %16

9:                                                ; preds = %5
  %10 = load i32, i32* %4, align 4
  %11 = load i32, i32* %3, align 4
  %12 = add nsw i32 %11, %10
  store i32 %12, i32* %3, align 4
  br label %13

13:                                               ; preds = %9
  %14 = load i32, i32* %4, align 4
  %15 = add nsw i32 %14, 1
  store i32 %15, i32* %4, align 4
  br label %5, !llvm.loop !10

16:                                               ; preds = %5
  %17 = load i32, i32* %3, align 4
  ret i32 %17
}

attributes #0 = { nounwind uwtable "frame-pointer"="non-leaf" "min-legal-vector-width"="0" "no-trapping-math"="true" "stack-protector-buffer-size"="8" "target-cpu"="generic" "target-features"="+neon,+outline-atomics,+v8a" }

!llvm.module.flags = !{!0, !1, !2, !3, !4, !5, !6, !7, !8}
!llvm.ident = !{!9}

!0 = !{i32 1, !"wchar_size", i32 4}
!1 = !{i32 1, !"branch-target-enforcement", i32 0}
!2 = !{i32 1, !"sign-return-address", i32 0}
!3 = !{i32 1, !"sign-return-address-all", i32 0}
!4 = !{i32 1, !"sign-return-address-with-bkey", i32 0}
!5 = !{i32 7, !"PIC Level", i32 2}
!6 = !{i32 7, !"PIE Level", i32 2}
!7 = !{i32 7, !"uwtable", i32 1}
!8 = !{i32 7, !"frame-pointer", i32 1}
!9 = !{!"Ubuntu clang version 14.0.0-1ubuntu1.1"}
!10 = distinct !{!10, !11}
!11 = !{!"llvm.loop.mustprogress"}
*** IR Dump After VerifierPass on [module] ***
; ModuleID = 'accumulate.in.ll'
source_filename = "accumulate.c"
target datalayout = "e-m:e-i8:8:32-i16:16:32-i64:64-i128:128-n32:64-S128"
target triple = "aarch64-unknown-linux-gnu"

; Function Attrs: nounwind uwtable
define dso_local i32 @accumulate(i32 noundef %0) #0 {
  %2 = alloca i32, align 4
  %3 = alloca i32, align 4
  %4 = alloca i32, align 4
  store i32 %0, i32* %2, align 4
  store i32 0, i32* %3, align 4
  store i32 0, i32* %4, align 4
  br label %5

5:                                                ; preds = %13, %1
  %6 = load i32, i32* %4, align 4
  %7 = load i32, i32* %2, align 4
  %8 = icmp slt i32 %6, %7
  br i1 %8, label %9, label %16

9:                                                ; preds = %5
  %10 = load i32, i32* %4, align 4
  %11 = load i32, i32* %3, align 4
  %12 = add nsw i32 %11, %10
  store i32 %12, i32* %3, align 4
  br label %13

13:                                               ; preds = %9
  %14 = load i32, i32* %4, align 4
  %15 = add nsw i32 %14, 1
  store i32 %15, i32* %4, align 4
  br label %5, !llvm.loop !10

16:                                               ; preds = %5
  %17 = load i32, i32* %3, align 4
  ret i32 %17
}

attributes #0 = { nounwind uwtable "frame-pointer"="non-leaf" "min-legal-vector-width"="0" "no-trapping-math"="true" "stack-protector-buffer-size"="8" "target-cpu"="generic" "target-features"="+neon,+outline-atomics,+v8a" }

!llvm.module.flags = !{!0, !1, !2, !3, !4, !5, !6, !7, !8}
!llvm.ident = !{!9}

!0 = !{i32 1, !"wchar_size", i32 4}
!1 = !{i32 1, !"branch-target-enforcement", i32 0}
!2 = !{i32 1, !"sign-return-address", i32 0}
!3 = !{i32 1, !"sign-return-address-all", i32 0}
!4 = !{i32 1, !"sign-return-address-with-bkey", i32 0}
!5 = !{i32 7, !"PIC Level", i32 2}
!6 = !{i32 7, !"PIE Level", i32 2}
!7 = !{i32 7, !"uwtable", i32 1}
!8 = !{i32 7, !"frame-pointer", i32 1}
!9 = !{!"Ubuntu clang version 14.0.0-1ubuntu1.1"}
!10 = distinct !{!10, !11}
!11 = !{!"llvm.loop.mustprogress"}
*** IR Dump Before Annotation2MetadataPass on [module] ***
; ModuleID = 'accumulate.in.ll'
source_filename = "accumulate.c"
target datalayout = "e-m:e-i8:8:32-i16:16:32-i64:64-i128:128-n32:64-S128"
target triple = "aarch64-unknown-linux-gnu"

; Function Attrs: nounwind uwtable
define dso_local i32 @accumulate(i32 noundef %0) #0 {
  %2 = alloca i32, align 4
  %3 = alloca i32, align 4
  %4 = alloca i32, align 4
  store i32 %0, i32* %2, align 4
  store i32 0, i32* %3, align 4
  store i32 0, i32* %4, align 4
  br label %5

5:                                                ; preds = %13, %1
  %6 = load i32, i32* %4, align 4
  %7 = load i32, i32* %2, align 4
  %8 = icmp slt i32 %6, %7
  br i1 %8, label %9, label %16

9:                                                ; preds = %5
  %10 = load i32, i32* %4, align 4
  %11 = load i32, i32* %3, align 4
  %12 = add nsw i32 %11, %10
  store i32 %12, i32* %3, align 4
  br label %13

13:                                               ; preds = %9
  %14 = load i32, i32* %4, align 4
  %15 = add nsw i32 %14, 1
  store i32 %15, i32* %4, align 4
  br label %5, !llvm.loop !10

16:                                               ; preds = %5
  %17 = load i32, i32* %3, align 4
  ret i32 %17
}

attributes #0 = { nounwind uwtable "frame-pointer"="non-leaf" "min-legal-vector-width"="0" "no-trapping-math"="true" "stack-protector-buffer-size"="8" "target-cpu"="generic" "target-features"="+neon,+outline-atomics,+v8a" }

!llvm.module.flags = !{!0, !1, !2, !3, !4, !5, !6, !7, !8}
!llvm.ident = !{!9}

!0 = !{i32 1, !"wchar_size", i32 4}
!1 = !{i32 1, !"branch-target-enforcement", i32 0}
!2 = !{i32 1, !"sign-return-address", i32 0}
!3 = !{i32 1, !"sign-return-address-all", i32 0}
!4 = !{i32 1, !"sign-return-address-with-bkey", i32 0}
!5 = !{i32 7, !"PIC Level", i32 2}
!6 = !{i32 7, !"PIE Level", i32 2}
!7 = !{i32 7, !"uwtable", i32 1}
!8 = !{i32 7, !"frame-pointer", i32 1}
!9 = !{!"Ubuntu clang version 14.0.0-1ubuntu1.1"}
!10 = distinct !{!10, !11}
!11 = !{!"llvm.loop.mustprogress"}
*** IR Dump After Annotation2MetadataPass on [module] ***
; ModuleID = 'accumulate.in.ll'
source_filename = "accumulate.c"
target datalayout = "e-m:e-i8:8:32-i16:16:32-i64:64-i128:128-n32:64-S128"
target triple = "aarch64-unknown-linux-gnu"

; Function Attrs: nounwind uwtable
define dso_local i32 @accumulate(i32 noundef %0) #0 {
  %2 = alloca i32, align 4
  %3 = alloca i32, align 4
  %4 = alloca i32, align 4
  store i32 %0, i32* %2, align 4
  store i32 0, i32* %3, align 4
  store i32 0, i32* %4, align 4
  br label %5

5:                                                ; preds = %13, %1
  %6 = load i32, i32* %4, align 4
  %7 = load i32, i32* %2, align 4
  %8 = icmp slt i32 %6, %7
  br i1 %8, label %9, label %16

9:                                                ; preds = %5
  %10 = load i32, i32* %4, align 4
  %11 = load i32, i32* %3, align 4
  %12 = add nsw i32 %11, %10
  store i32 %12, i32* %3, align 4
  br label %13

13:                                               ; preds = %9
  %14 = load i32, i32* %4, align 4
  %15 = add nsw i32 %14, 1
  store i32 %15, i32* %4, align 4
  br label %5, !llvm.loop !10

16:                                               ; preds = %5
  %17 = load i32, i32* %3, align 4
  ret i32 %17
}

attributes #0 = { nounwind uwtable "frame-pointer"="non-leaf" "min-legal-vector-width"="0" "no-trapping-math"="true" "stack-protector-buffer-size"="8" "target-cpu"="generic" "target-features"="+neon,+outline-atomics,+v8a" }

!llvm.module.flags = !{!0, !1, !2, !3, !4, !5, !6, !7, !8}
!llvm.ident = !{!9}

!0 = !{i32 1, !"wchar_size", i32 4}
!1 = !{i32 1, !"branch-target-enforcement", i32 0}
!2 = !{i32 1, !"sign-return-address", i32 0}
!3 = !{i32 1, !"sign-return-address-all", i32 0}
!4 = !{i32 1, !"sign-return-address-with-bkey", i32 0}
!5 = !{i32 7, !"PIC Level", i32 2}
!6 = !{i32 7, !"PIE Level", i32 2}
!7 = !{i32 7, !"uwtable", i32 1}
!8 = !{i32 7, !"frame-pointer", i32 1}
!9 = !{!"Ubuntu clang version 14.0.0-1ubuntu1.1"}
!10 = distinct !{!10, !11}
!11 = !{!"llvm.loop.mustprogress"}
*** IR Dump Before ForceFunctionAttrsPass on [module] ***
; ModuleID = 'accumulate.in.ll'
source_filename = "accumulate.c"
target datalayout = "e-m:e-i8:8:32-i16:16:32-i64:64-i128:128-n32:64-S128"
target triple = "aarch64-unknown-linux-gnu"

; Function Attrs: nounwind uwtable
define dso_local i32 @accumulate(i32 noundef %0) #0 {
  %2 = alloca i32, align 4
  %3 = alloca i32, align 4
  %4 = alloca i32, align 4
  store i32 %0, i32* %2, align 4
  store i32 0, i32* %3, align 4
  store i32 0, i32* %4, align 4
  br label %5

5:                                                ; preds = %13, %1
  %6 = load i32, i32* %4, align 4
  %7 = load i32, i32* %2, align 4
  %8 = icmp slt i32 %6, %7
  br i1 %8, label %9, label %16

9:                                                ; preds = %5
  %10 = load i32, i32* %4, align 4
  %11 = load i32, i32* %3, align 4
  %12 = add nsw i32 %11, %10
  store i32 %12, i32* %3, align 4
  br label %13

13:                                               ; preds = %9
  %14 = load i32, i32* %4, align 4
  %15 = add nsw i32 %14, 1
  store i32 %15, i32* %4, align 4
  br label %5, !llvm.loop !10

16:                                               ; preds = %5
  %17 = load i32, i32* %3, align 4
  ret i32 %17
}

attributes #0 = { nounwind uwtable "frame-pointer"="non-leaf" "min-legal-vector-width"="0" "no-trapping-math"="true" "stack-protector-buffer-size"="8" "target-cpu"="generic" "target-features"="+neon,+outline-atomics,+v8a" }

!llvm.module.flags = !{!0, !1, !2, !3, !4, !5, !6, !7, !8}
!llvm.ident = !{!9}

!0 = !{i32 1, !"wchar_size", i32 4}
!1 = !{i32 1, !"branch-target-enforcement", i32 0}
!2 = !{i32 1, !"sign-return-address", i32 0}
!3 = !{i32 1, !"sign-return-address-all", i32 0}
!4 = !{i32 1, !"sign-return-address-with-bkey", i32 0}
!5 = !{i32 7, !"PIC Level", i32 2}
!6 = !{i32 7, !"PIE Level", i32 2}
!7 = !{i32 7, !"uwtable", i32 1}
!8 = !{i32 7, !"frame-pointer", i32 1}
!9 = !{!"Ubuntu clang version 14.0.0-1ubuntu1.1"}
!10 = distinct !{!10, !11}
!11 = !{!"llvm.loop.mustprogress"}
*** IR Dump After ForceFunctionAttrsPass on [module] ***
; ModuleID = 'accumulate.in.ll'
source_filename = "accumulate.c"
target datalayout = "e-m:e-i8:8:32-i16:16:32-i64:64-i128:128-n32:64-S128"
target triple = "aarch64-unknown-linux-gnu"

; Function Attrs: nounwind uwtable
define dso_local i32 @accumulate(i32 noundef %0) #0 {
  %2 = alloca i32, align 4
  %3 = alloca i32, align 4
  %4 = alloca i32, align 4
  store i32 %0, i32* %2, align 4
  store i32 0, i32* %3, align 4
  store i32 0, i32* %4, align 4
  br label %5

5:                                                ; preds = %13, %1
  %6 = load i32, i32* %4, align 4
  %7 = load i32, i32* %2, align 4
  %8 = icmp slt i32 %6, %7
  br i1 %8, label %9, label %16

9:                                                ; preds = %5
  %10 = load i32, i32* %4, align 4
  %11 = load i32, i32* %3, align 4
  %12 = add nsw i32 %11, %10
  store i32 %12, i32* %3, align 4
  br label %13

13:                                               ; preds = %9
  %14 = load i32, i32* %4, align 4
  %15 = add nsw i32 %14, 1
  store i32 %15, i32* %4, align 4
  br label %5, !llvm.loop !10

16:                                               ; preds = %5
  %17 = load i32, i32* %3, align 4
  ret i32 %17
}

attributes #0 = { nounwind uwtable "frame-pointer"="non-leaf" "min-legal-vector-width"="0" "no-trapping-math"="true" "stack-protector-buffer-size"="8" "target-cpu"="generic" "target-features"="+neon,+outline-atomics,+v8a" }

!llvm.module.flags = !{!0, !1, !2, !3, !4, !5, !6, !7, !8}
!llvm.ident = !{!9}

!0 = !{i32 1, !"wchar_size", i32 4}
!1 = !{i32 1, !"branch-target-enforcement", i32 0}
!2 = !{i32 1, !"sign-return-address", i32 0}
!3 = !{i32 1, !"sign-return-address-all", i32 0}
!4 = !{i32 1, !"sign-return-address-with-bkey", i32 0}
!5 = !{i32 7, !"PIC Level", i32 2}
!6 = !{i32 7, !"PIE Level", i32 2}
!7 = !{i32 7, !"uwtable", i32 1}
!8 = !{i32 7, !"frame-pointer", i32 1}
!9 = !{!"Ubuntu clang version 14.0.0-1ubuntu1.1"}
!10 = distinct !{!10, !11}
!11 = !{!"llvm.loop.mustprogress"}
*** IR Dump Before InferFunctionAttrsPass on [module] ***
; ModuleID = 'accumulate.in.ll'
source_filename = "accumulate.c"
target datalayout = "e-m:e-i8:8:32-i16:16:32-i64:64-i128:128-n32:64-S128"
target triple = "aarch64-unknown-linux-gnu"

; Function Attrs: nounwind uwtable
define dso_local i32 @accumulate(i32 noundef %0) #0 {
  %2 = alloca i32, align 4
  %3 = alloca i32, align 4
  %4 = alloca i32, align 4
  store i32 %0, i32* %2, align 4
  store i32 0, i32* %3, align 4
  store i32 0, i32* %4, align 4
  br label %5

5:                                                ; preds = %13, %1
  %6 = load i32, i32* %4, align 4
  %7 = load i32, i32* %2, align 4
  %8 = icmp slt i32 %6, %7
  br i1 %8, label %9, label %16

9:                                                ; preds = %5
  %10 = load i32, i32* %4, align 4
  %11 = load i32, i32* %3, align 4
  %12 = add nsw i32 %11, %10
  store i32 %12, i32* %3, align 4
  br label %13

13:                                               ; preds = %9
  %14 = load i32, i32* %4, align 4
  %15 = add nsw i32 %14, 1
  store i32 %15, i32* %4, align 4
  br label %5, !llvm.loop !10

16:                                               ; preds = %5
  %17 = load i32, i32* %3, align 4
  ret i32 %17
}

attributes #0 = { nounwind uwtable "frame-pointer"="non-leaf" "min-legal-vector-width"="0" "no-trapping-math"="true" "stack-protector-buffer-size"="8" "target-cpu"="generic" "target-features"="+neon,+outline-atomics,+v8a" }

!llvm.module.flags = !{!0, !1, !2, !3, !4, !5, !6, !7, !8}
!llvm.ident = !{!9}

!0 = !{i32 1, !"wchar_size", i32 4}
!1 = !{i32 1, !"branch-target-enforcement", i32 0}
!2 = !{i32 1, !"sign-return-address", i32 0}
!3 = !{i32 1, !"sign-return-address-all", i32 0}
!4 = !{i32 1, !"sign-return-address-with-bkey", i32 0}
!5 = !{i32 7, !"PIC Level", i32 2}
!6 = !{i32 7, !"PIE Level", i32 2}
!7 = !{i32 7, !"uwtable", i32 1}
!8 = !{i32 7, !"frame-pointer", i32 1}
!9 = !{!"Ubuntu clang version 14.0.0-1ubuntu1.1"}
!10 = distinct !{!10, !11}
!11 = !{!"llvm.loop.mustprogress"}
*** IR Dump After InferFunctionAttrsPass on [module] ***
; ModuleID = 'accumulate.in.ll'
source_filename = "accumulate.c"
target datalayout = "e-m:e-i8:8:32-i16:16:32-i64:64-i128:128-n32:64-S128"
target triple = "aarch64-unknown-linux-gnu"

; Function Attrs: nounwind uwtable
define dso_local i32 @accumulate(i32 noundef %0) #0 {
  %2 = alloca i32, align 4
  %3 = alloca i32, align 4
  %4 = alloca i32, align 4
  store i32 %0, i32* %2, align 4
  store i32 0, i32* %3, align 4
  store i32 0, i32* %4, align 4
  br label %5

5:                                                ; preds = %13, %1
  %6 = load i32, i32* %4, align 4
  %7 = load i32, i32* %2, align 4
  %8 = icmp slt i32 %6, %7
  br i1 %8, label %9, label %16

9:                                                ; preds = %5
  %10 = load i32, i32* %4, align 4
  %11 = load i32, i32* %3, align 4
  %12 = add nsw i32 %11, %10
  store i32 %12, i32* %3, align 4
  br label %13

13:                                               ; preds = %9
  %14 = load i32, i32* %4, align 4
  %15 = add nsw i32 %14, 1
  store i32 %15, i32* %4, align 4
  br label %5, !llvm.loop !10

16:                                               ; preds = %5
  %17 = load i32, i32* %3, align 4
  ret i32 %17
}

attributes #0 = { nounwind uwtable "frame-pointer"="non-leaf" "min-legal-vector-width"="0" "no-trapping-math"="true" "stack-protector-buffer-size"="8" "target-cpu"="generic" "target-features"="+neon,+outline-atomics,+v8a" }

!llvm.module.flags = !{!0, !1, !2, !3, !4, !5, !6, !7, !8}
!llvm.ident = !{!9}

!0 = !{i32 1, !"wchar_size", i32 4}
!1 = !{i32 1, !"branch-target-enforcement", i32 0}
!2 = !{i32 1, !"sign-return-address", i32 0}
!3 = !{i32 1, !"sign-return-address-all", i32 0}
!4 = !{i32 1, !"sign-return-address-with-bkey", i32 0}
!5 = !{i32 7, !"PIC Level", i32 2}
!6 = !{i32 7, !"PIE Level", i32 2}
!7 = !{i32 7, !"uwtable", i32 1}
!8 = !{i32 7, !"frame-pointer", i32 1}
!9 = !{!"Ubuntu clang version 14.0.0-1ubuntu1.1"}
!10 = distinct !{!10, !11}
!11 = !{!"llvm.loop.mustprogress"}
*** IR Dump Before LowerExpectIntrinsicPass on accumulate ***
; Function Attrs: nounwind uwtable
define dso_local i32 @accumulate(i32 noundef %0) #0 {
  %2 = alloca i32, align 4
  %3 = alloca i32, align 4
  %4 = alloca i32, align 4
  store i32 %0, i32* %2, align 4
  store i32 0, i32* %3, align 4
  store i32 0, i32* %4, align 4
  br label %5

5:                                                ; preds = %13, %1
  %6 = load i32, i32* %4, align 4
  %7 = load i32, i32* %2, align 4
  %8 = icmp slt i32 %6, %7
  br i1 %8, label %9, label %16

9:                                                ; preds = %5
  %10 = load i32, i32* %4, align 4
  %11 = load i32, i32* %3, align 4
  %12 = add nsw i32 %11, %10
  store i32 %12, i32* %3, align 4
  br label %13

13:                                               ; preds = %9
  %14 = load i32, i32* %4, align 4
  %15 = add nsw i32 %14, 1
  store i32 %15, i32* %4, align 4
  br label %5, !llvm.loop !10

16:                                               ; preds = %5
  %17 = load i32, i32* %3, align 4
  ret i32 %17
}
*** IR Dump After LowerExpectIntrinsicPass on accumulate ***
; Function Attrs: nounwind uwtable
define dso_local i32 @accumulate(i32 noundef %0) #0 {
  %2 = alloca i32, align 4
  %3 = alloca i32, align 4
  %4 = alloca i32, align 4
  store i32 %0, i32* %2, align 4
  store i32 0, i32* %3, align 4
  store i32 0, i32* %4, align 4
  br label %5

5:                                                ; preds = %13, %1
  %6 = load i32, i32* %4, align 4
  %7 = load i32, i32* %2, align 4
  %8 = icmp slt i32 %6, %7
  br i1 %8, label %9, label %16

9:                                                ; preds = %5
  %10 = load i32, i32* %4, align 4
  %11 = load i32, i32* %3, align 4
  %12 = add nsw i32 %11, %10
  store i32 %12, i32* %3, align 4
  br label %13

13:                                               ; preds = %9
  %14 = load i32, i32* %4, align 4
  %15 = add nsw i32 %14, 1
  store i32 %15, i32* %4, align 4
  br label %5, !llvm.loop !10

16:                                               ; preds = %5
  %17 = load i32, i32* %3, align 4
  ret i32 %17
}
*** IR Dump Before SimplifyCFGPass on accumulate ***
; Function Attrs: nounwind uwtable
define dso_local i32 @accumulate(i32 noundef %0) #0 {
  %2 = alloca i32, align 4
  %3 = alloca i32, align 4
  %4 = alloca i32, align 4
  store i32 %0, i32* %2, align 4
  store i32 0, i32* %3, align 4
  store i32 0, i32* %4, align 4
  br label %5

5:                                                ; preds = %13, %1
  %6 = load i32, i32* %4, align 4
  %7 = load i32, i32* %2, align 4
  %8 = icmp slt i32 %6, %7
  br i1 %8, label %9, label %16

9:                                                ; preds = %5
  %10 = load i32, i32* %4, align 4
  %11 = load i32, i32* %3, align 4
  %12 = add nsw i32 %11, %10
  store i32 %12, i32* %3, align 4
  br label %13

13:                                               ; preds = %9
  %14 = load i32, i32* %4, align 4
  %15 = add nsw i32 %14, 1
  store i32 %15, i32* %4, align 4
  br label %5, !llvm.loop !10

16:                                               ; preds = %5
  %17 = load i32, i32* %3, align 4
  ret i32 %17
}
*** IR Dump After SimplifyCFGPass on accumulate ***
; Function Attrs: nounwind uwtable
define dso_local i32 @accumulate(i32 noundef %0) #0 {
  %2 = alloca i32, align 4
  %3 = alloca i32, align 4
  %4 = alloca i32, align 4
  store i32 %0, i32* %2, align 4
  store i32 0, i32* %3, align 4
  store i32 0, i32* %4, align 4
  br label %5

5:                                                ; preds = %9, %1
  %6 = load i32, i32* %4, align 4
  %7 = load i32, i32* %2, align 4
  %8 = icmp slt i32 %6, %7
  br i1 %8, label %9, label %15

9:                                                ; preds = %5
  %10 = load i32, i32* %4, align 4
  %11 = load i32, i32* %3, align 4
  %12 = add nsw i32 %11, %10
  store i32 %12, i32* %3, align 4
  %13 = load i32, i32* %4, align 4
  %14 = add nsw i32 %13, 1
  store i32 %14, i32* %4, align 4
  br label %5, !llvm.loop !10

15:                                               ; preds = %5
  %16 = load i32, i32* %3, align 4
  ret i32 %16
}
*** IR Dump Before SROAPass on accumulate ***
; Function Attrs: nounwind uwtable
define dso_local i32 @accumulate(i32 noundef %0) #0 {
  %2 = alloca i32, align 4
  %3 = alloca i32, align 4
  %4 = alloca i32, align 4
  store i32 %0, i32* %2, align 4
  store i32 0, i32* %3, align 4
  store i32 0, i32* %4, align 4
  br label %5

5:                                                ; preds = %9, %1
  %6 = load i32, i32* %4, align 4
  %7 = load i32, i32* %2, align 4
  %8 = icmp slt i32 %6, %7
  br i1 %8, label %9, label %15

9:                                                ; preds = %5
  %10 = load i32, i32* %4, align 4
  %11 = load i32, i32* %3, align 4
  %12 = add nsw i32 %11, %10
  store i32 %12, i32* %3, align 4
  %13 = load i32, i32* %4, align 4
  %14 = add nsw i32 %13, 1
  store i32 %14, i32* %4, align 4
  br label %5, !llvm.loop !10

15:                                               ; preds = %5
  %16 = load i32, i32* %3, align 4
  ret i32 %16
}
*** IR Dump After SROAPass on accumulate ***
; Function Attrs: nounwind uwtable
define dso_local i32 @accumulate(i32 noundef %0) #0 {
  br label %2

2:                                                ; preds = %4, %1
  %.06 = phi i32 [ 0, %1 ], [ %5, %4 ]
  %.0 = phi i32 [ 0, %1 ], [ %6, %4 ]
  %3 = icmp slt i32 %.0, %0
  br i1 %3, label %4, label %7

4:                                                ; preds = %2
  %5 = add nsw i32 %.06, %.0
  %6 = add nsw i32 %.0, 1
  br label %2, !llvm.loop !10

7:                                                ; preds = %2
  ret i32 %.06
}
*** IR Dump Before EarlyCSEPass on accumulate ***
; Function Attrs: nounwind uwtable
define dso_local i32 @accumulate(i32 noundef %0) #0 {
  br label %2

2:                                                ; preds = %4, %1
  %.06 = phi i32 [ 0, %1 ], [ %5, %4 ]
  %.0 = phi i32 [ 0, %1 ], [ %6, %4 ]
  %3 = icmp slt i32 %.0, %0
  br i1 %3, label %4, label %7

4:                                                ; preds = %2
  %5 = add nsw i32 %.06, %.0
  %6 = add nsw i32 %.0, 1
  br label %2, !llvm.loop !10

7:                                                ; preds = %2
  ret i32 %.06
}
*** IR Dump After EarlyCSEPass on accumulate ***
; Function Attrs: nounwind uwtable
define dso_local i32 @accumulate(i32 noundef %0) #0 {
  br label %2

2:                                                ; preds = %4, %1
  %.06 = phi i32 [ 0, %1 ], [ %5, %4 ]
  %.0 = phi i32 [ 0, %1 ], [ %6, %4 ]
  %3 = icmp slt i32 %.0, %0
  br i1 %3, label %4, label %7

4:                                                ; preds = %2
  %5 = add nsw i32 %.06, %.0
  %6 = add nsw i32 %.0, 1
  br label %2, !llvm.loop !10

7:                                                ; preds = %2
  ret i32 %.06
}
*** IR Dump Before CoroEarlyPass on accumulate ***
; Function Attrs: nounwind uwtable
define dso_local i32 @accumulate(i32 noundef %0) #0 {
  br label %2

2:                                                ; preds = %4, %1
  %.06 = phi i32 [ 0, %1 ], [ %5, %4 ]
  %.0 = phi i32 [ 0, %1 ], [ %6, %4 ]
  %3 = icmp slt i32 %.0, %0
  br i1 %3, label %4, label %7

4:                                                ; preds = %2
  %5 = add nsw i32 %.06, %.0
  %6 = add nsw i32 %.0, 1
  br label %2, !llvm.loop !10

7:                                                ; preds = %2
  ret i32 %.06
}
*** IR Dump After CoroEarlyPass on accumulate ***
; Function Attrs: nounwind uwtable
define dso_local i32 @accumulate(i32 noundef %0) #0 {
  br label %2

2:                                                ; preds = %4, %1
  %.06 = phi i32 [ 0, %1 ], [ %5, %4 ]
  %.0 = phi i32 [ 0, %1 ], [ %6, %4 ]
  %3 = icmp slt i32 %.0, %0
  br i1 %3, label %4, label %7

4:                                                ; preds = %2
  %5 = add nsw i32 %.06, %.0
  %6 = add nsw i32 %.0, 1
  br label %2, !llvm.loop !10

7:                                                ; preds = %2
  ret i32 %.06
}
*** IR Dump Before OpenMPOptPass on [module] ***
; ModuleID = 'accumulate.in.ll'
source_filename = "accumulate.c"
target datalayout = "e-m:e-i8:8:32-i16:16:32-i64:64-i128:128-n32:64-S128"
target triple = "aarch64-unknown-linux-gnu"

; Function Attrs: nounwind uwtable
define dso_local i32 @accumulate(i32 noundef %0) #0 {
  br label %2

2:                                                ; preds = %4, %1
  %.06 = phi i32 [ 0, %1 ], [ %5, %4 ]
  %.0 = phi i32 [ 0, %1 ], [ %6, %4 ]
  %3 = icmp slt i32 %.0, %0
  br i1 %3, label %4, label %7

4:                                                ; preds = %2
  %5 = add nsw i32 %.06, %.0
  %6 = add nsw i32 %.0, 1
  br label %2, !llvm.loop !10

7:                                                ; preds = %2
  ret i32 %.06
}

attributes #0 = { nounwind uwtable "frame-pointer"="non-leaf" "min-legal-vector-width"="0" "no-trapping-math"="true" "stack-protector-buffer-size"="8" "target-cpu"="generic" "target-features"="+neon,+outline-atomics,+v8a" }

!llvm.module.flags = !{!0, !1, !2, !3, !4, !5, !6, !7, !8}
!llvm.ident = !{!9}

!0 = !{i32 1, !"wchar_size", i32 4}
!1 = !{i32 1, !"branch-target-enforcement", i32 0}
!2 = !{i32 1, !"sign-return-address", i32 0}
!3 = !{i32 1, !"sign-return-address-all", i32 0}
!4 = !{i32 1, !"sign-return-address-with-bkey", i32 0}
!5 = !{i32 7, !"PIC Level", i32 2}
!6 = !{i32 7, !"PIE Level", i32 2}
!7 = !{i32 7, !"uwtable", i32 1}
!8 = !{i32 7, !"frame-pointer", i32 1}
!9 = !{!"Ubuntu clang version 14.0.0-1ubuntu1.1"}
!10 = distinct !{!10, !11}
!11 = !{!"llvm.loop.mustprogress"}
*** IR Dump After OpenMPOptPass on [module] ***
; ModuleID = 'accumulate.in.ll'
source_filename = "accumulate.c"
target datalayout = "e-m:e-i8:8:32-i16:16:32-i64:64-i128:128-n32:64-S128"
target triple = "aarch64-unknown-linux-gnu"

; Function Attrs: nounwind uwtable
define dso_local i32 @accumulate(i32 noundef %0) #0 {
  br label %2

2:                                                ; preds = %4, %1
  %.06 = phi i32 [ 0, %1 ], [ %5, %4 ]
  %.0 = phi i32 [ 0, %1 ], [ %6, %4 ]
  %3 = icmp slt i32 %.0, %0
  br i1 %3, label %4, label %7

4:                                                ; preds = %2
  %5 = add nsw i32 %.06, %.0
  %6 = add nsw i32 %.0, 1
  br label %2, !llvm.loop !10

7:                                                ; preds = %2
  ret i32 %.06
}

attributes #0 = { nounwind uwtable "frame-pointer"="non-leaf" "min-legal-vector-width"="0" "no-trapping-math"="true" "stack-protector-buffer-size"="8" "target-cpu"="generic" "target-features"="+neon,+outline-atomics,+v8a" }

!llvm.module.flags = !{!0, !1, !2, !3, !4, !5, !6, !7, !8}
!llvm.ident = !{!9}

!0 = !{i32 1, !"wchar_size", i32 4}
!1 = !{i32 1, !"branch-target-enforcement", i32 0}
!2 = !{i32 1, !"sign-return-address", i32 0}
!3 = !{i32 1, !"sign-return-address-all", i32 0}
!4 = !{i32 1, !"sign-return-address-with-bkey", i32 0}
!5 = !{i32 7, !"PIC Level", i32 2}
!6 = !{i32 7, !"PIE Level", i32 2}
!7 = !{i32 7, !"uwtable", i32 1}
!8 = !{i32 7, !"frame-pointer", i32 1}
!9 = !{!"Ubuntu clang version 14.0.0-1ubuntu1.1"}
!10 = distinct !{!10, !11}
!11 = !{!"llvm.loop.mustprogress"}
*** IR Dump Before IPSCCPPass on [module] ***
; ModuleID = 'accumulate.in.ll'
source_filename = "accumulate.c"
target datalayout = "e-m:e-i8:8:32-i16:16:32-i64:64-i128:128-n32:64-S128"
target triple = "aarch64-unknown-linux-gnu"

; Function Attrs: nounwind uwtable
define dso_local i32 @accumulate(i32 noundef %0) #0 {
  br label %2

2:                                                ; preds = %4, %1
  %.06 = phi i32 [ 0, %1 ], [ %5, %4 ]
  %.0 = phi i32 [ 0, %1 ], [ %6, %4 ]
  %3 = icmp slt i32 %.0, %0
  br i1 %3, label %4, label %7

4:                                                ; preds = %2
  %5 = add nsw i32 %.06, %.0
  %6 = add nsw i32 %.0, 1
  br label %2, !llvm.loop !10

7:                                                ; preds = %2
  ret i32 %.06
}

attributes #0 = { nounwind uwtable "frame-pointer"="non-leaf" "min-legal-vector-width"="0" "no-trapping-math"="true" "stack-protector-buffer-size"="8" "target-cpu"="generic" "target-features"="+neon,+outline-atomics,+v8a" }

!llvm.module.flags = !{!0, !1, !2, !3, !4, !5, !6, !7, !8}
!llvm.ident = !{!9}

!0 = !{i32 1, !"wchar_size", i32 4}
!1 = !{i32 1, !"branch-target-enforcement", i32 0}
!2 = !{i32 1, !"sign-return-address", i32 0}
!3 = !{i32 1, !"sign-return-address-all", i32 0}
!4 = !{i32 1, !"sign-return-address-with-bkey", i32 0}
!5 = !{i32 7, !"PIC Level", i32 2}
!6 = !{i32 7, !"PIE Level", i32 2}
!7 = !{i32 7, !"uwtable", i32 1}
!8 = !{i32 7, !"frame-pointer", i32 1}
!9 = !{!"Ubuntu clang version 14.0.0-1ubuntu1.1"}
!10 = distinct !{!10, !11}
!11 = !{!"llvm.loop.mustprogress"}
*** IR Dump After IPSCCPPass on [module] ***
; ModuleID = 'accumulate.in.ll'
source_filename = "accumulate.c"
target datalayout = "e-m:e-i8:8:32-i16:16:32-i64:64-i128:128-n32:64-S128"
target triple = "aarch64-unknown-linux-gnu"

; Function Attrs: nounwind uwtable
define dso_local i32 @accumulate(i32 noundef %0) #0 {
  br label %2

2:                                                ; preds = %4, %1
  %.06 = phi i32 [ 0, %1 ], [ %5, %4 ]
  %.0 = phi i32 [ 0, %1 ], [ %6, %4 ]
  %3 = icmp slt i32 %.0, %0
  br i1 %3, label %4, label %7

4:                                                ; preds = %2
  %5 = add nsw i32 %.06, %.0
  %6 = add nsw i32 %.0, 1
  br label %2, !llvm.loop !10

7:                                                ; preds = %2
  ret i32 %.06
}

attributes #0 = { nounwind uwtable "frame-pointer"="non-leaf" "min-legal-vector-width"="0" "no-trapping-math"="true" "stack-protector-buffer-size"="8" "target-cpu"="generic" "target-features"="+neon,+outline-atomics,+v8a" }

!llvm.module.flags = !{!0, !1, !2, !3, !4, !5, !6, !7, !8}
!llvm.ident = !{!9}

!0 = !{i32 1, !"wchar_size", i32 4}
!1 = !{i32 1, !"branch-target-enforcement", i32 0}
!2 = !{i32 1, !"sign-return-address", i32 0}
!3 = !{i32 1, !"sign-return-address-all", i32 0}
!4 = !{i32 1, !"sign-return-address-with-bkey", i32 0}
!5 = !{i32 7, !"PIC Level", i32 2}
!6 = !{i32 7, !"PIE Level", i32 2}
!7 = !{i32 7, !"uwtable", i32 1}
!8 = !{i32 7, !"frame-pointer", i32 1}
!9 = !{!"Ubuntu clang version 14.0.0-1ubuntu1.1"}
!10 = distinct !{!10, !11}
!11 = !{!"llvm.loop.mustprogress"}
*** IR Dump Before CalledValuePropagationPass on [module] ***
; ModuleID = 'accumulate.in.ll'
source_filename = "accumulate.c"
target datalayout = "e-m:e-i8:8:32-i16:16:32-i64:64-i128:128-n32:64-S128"
target triple = "aarch64-unknown-linux-gnu"

; Function Attrs: nounwind uwtable
define dso_local i32 @accumulate(i32 noundef %0) #0 {
  br label %2

2:                                                ; preds = %4, %1
  %.06 = phi i32 [ 0, %1 ], [ %5, %4 ]
  %.0 = phi i32 [ 0, %1 ], [ %6, %4 ]
  %3 = icmp slt i32 %.0, %0
  br i1 %3, label %4, label %7

4:                                                ; preds = %2
  %5 = add nsw i32 %.06, %.0
  %6 = add nsw i32 %.0, 1
  br label %2, !llvm.loop !10

7:                                                ; preds = %2
  ret i32 %.06
}

attributes #0 = { nounwind uwtable "frame-pointer"="non-leaf" "min-legal-vector-width"="0" "no-trapping-math"="true" "stack-protector-buffer-size"="8" "target-cpu"="generic" "target-features"="+neon,+outline-atomics,+v8a" }

!llvm.module.flags = !{!0, !1, !2, !3, !4, !5, !6, !7, !8}
!llvm.ident = !{!9}

!0 = !{i32 1, !"wchar_size", i32 4}
!1 = !{i32 1, !"branch-target-enforcement", i32 0}
!2 = !{i32 1, !"sign-return-address", i32 0}
!3 = !{i32 1, !"sign-return-address-all", i32 0}
!4 = !{i32 1, !"sign-return-address-with-bkey", i32 0}
!5 = !{i32 7, !"PIC Level", i32 2}
!6 = !{i32 7, !"PIE Level", i32 2}
!7 = !{i32 7, !"uwtable", i32 1}
!8 = !{i32 7, !"frame-pointer", i32 1}
!9 = !{!"Ubuntu clang version 14.0.0-1ubuntu1.1"}
!10 = distinct !{!10, !11}
!11 = !{!"llvm.loop.mustprogress"}
*** IR Dump After CalledValuePropagationPass on [module] ***
; ModuleID = 'accumulate.in.ll'
source_filename = "accumulate.c"
target datalayout = "e-m:e-i8:8:32-i16:16:32-i64:64-i128:128-n32:64-S128"
target triple = "aarch64-unknown-linux-gnu"

; Function Attrs: nounwind uwtable
define dso_local i32 @accumulate(i32 noundef %0) #0 {
  br label %2

2:                                                ; preds = %4, %1
  %.06 = phi i32 [ 0, %1 ], [ %5, %4 ]
  %.0 = phi i32 [ 0, %1 ], [ %6, %4 ]
  %3 = icmp slt i32 %.0, %0
  br i1 %3, label %4, label %7

4:                                                ; preds = %2
  %5 = add nsw i32 %.06, %.0
  %6 = add nsw i32 %.0, 1
  br label %2, !llvm.loop !10

7:                                                ; preds = %2
  ret i32 %.06
}

attributes #0 = { nounwind uwtable "frame-pointer"="non-leaf" "min-legal-vector-width"="0" "no-trapping-math"="true" "stack-protector-buffer-size"="8" "target-cpu"="generic" "target-features"="+neon,+outline-atomics,+v8a" }

!llvm.module.flags = !{!0, !1, !2, !3, !4, !5, !6, !7, !8}
!llvm.ident = !{!9}

!0 = !{i32 1, !"wchar_size", i32 4}
!1 = !{i32 1, !"branch-target-enforcement", i32 0}
!2 = !{i32 1, !"sign-return-address", i32 0}
!3 = !{i32 1, !"sign-return-address-all", i32 0}
!4 = !{i32 1, !"sign-return-address-with-bkey", i32 0}
!5 = !{i32 7, !"PIC Level", i32 2}
!6 = !{i32 7, !"PIE Level", i32 2}
!7 = !{i32 7, !"uwtable", i32 1}
!8 = !{i32 7, !"frame-pointer", i32 1}
!9 = !{!"Ubuntu clang version 14.0.0-1ubuntu1.1"}
!10 = distinct !{!10, !11}
!11 = !{!"llvm.loop.mustprogress"}
*** IR Dump Before GlobalOptPass on [module] ***
; ModuleID = 'accumulate.in.ll'
source_filename = "accumulate.c"
target datalayout = "e-m:e-i8:8:32-i16:16:32-i64:64-i128:128-n32:64-S128"
target triple = "aarch64-unknown-linux-gnu"

; Function Attrs: nounwind uwtable
define dso_local i32 @accumulate(i32 noundef %0) #0 {
  br label %2

2:                                                ; preds = %4, %1
  %.06 = phi i32 [ 0, %1 ], [ %5, %4 ]
  %.0 = phi i32 [ 0, %1 ], [ %6, %4 ]
  %3 = icmp slt i32 %.0, %0
  br i1 %3, label %4, label %7

4:                                                ; preds = %2
  %5 = add nsw i32 %.06, %.0
  %6 = add nsw i32 %.0, 1
  br label %2, !llvm.loop !10

7:                                                ; preds = %2
  ret i32 %.06
}

attributes #0 = { nounwind uwtable "frame-pointer"="non-leaf" "min-legal-vector-width"="0" "no-trapping-math"="true" "stack-protector-buffer-size"="8" "target-cpu"="generic" "target-features"="+neon,+outline-atomics,+v8a" }

!llvm.module.flags = !{!0, !1, !2, !3, !4, !5, !6, !7, !8}
!llvm.ident = !{!9}

!0 = !{i32 1, !"wchar_size", i32 4}
!1 = !{i32 1, !"branch-target-enforcement", i32 0}
!2 = !{i32 1, !"sign-return-address", i32 0}
!3 = !{i32 1, !"sign-return-address-all", i32 0}
!4 = !{i32 1, !"sign-return-address-with-bkey", i32 0}
!5 = !{i32 7, !"PIC Level", i32 2}
!6 = !{i32 7, !"PIE Level", i32 2}
!7 = !{i32 7, !"uwtable", i32 1}
!8 = !{i32 7, !"frame-pointer", i32 1}
!9 = !{!"Ubuntu clang version 14.0.0-1ubuntu1.1"}
!10 = distinct !{!10, !11}
!11 = !{!"llvm.loop.mustprogress"}
*** IR Dump After GlobalOptPass on [module] ***
; ModuleID = 'accumulate.in.ll'
source_filename = "accumulate.c"
target datalayout = "e-m:e-i8:8:32-i16:16:32-i64:64-i128:128-n32:64-S128"
target triple = "aarch64-unknown-linux-gnu"

; Function Attrs: nounwind uwtable
define dso_local i32 @accumulate(i32 noundef %0) local_unnamed_addr #0 {
  br label %2

2:                                                ; preds = %4, %1
  %.06 = phi i32 [ 0, %1 ], [ %5, %4 ]
  %.0 = phi i32 [ 0, %1 ], [ %6, %4 ]
  %3 = icmp slt i32 %.0, %0
  br i1 %3, label %4, label %7

4:                                                ; preds = %2
  %5 = add nsw i32 %.06, %.0
  %6 = add nsw i32 %.0, 1
  br label %2, !llvm.loop !10

7:                                                ; preds = %2
  ret i32 %.06
}

attributes #0 = { nounwind uwtable "frame-pointer"="non-leaf" "min-legal-vector-width"="0" "no-trapping-math"="true" "stack-protector-buffer-size"="8" "target-cpu"="generic" "target-features"="+neon,+outline-atomics,+v8a" }

!llvm.module.flags = !{!0, !1, !2, !3, !4, !5, !6, !7, !8}
!llvm.ident = !{!9}

!0 = !{i32 1, !"wchar_size", i32 4}
!1 = !{i32 1, !"branch-target-enforcement", i32 0}
!2 = !{i32 1, !"sign-return-address", i32 0}
!3 = !{i32 1, !"sign-return-address-all", i32 0}
!4 = !{i32 1, !"sign-return-address-with-bkey", i32 0}
!5 = !{i32 7, !"PIC Level", i32 2}
!6 = !{i32 7, !"PIE Level", i32 2}
!7 = !{i32 7, !"uwtable", i32 1}
!8 = !{i32 7, !"frame-pointer", i32 1}
!9 = !{!"Ubuntu clang version 14.0.0-1ubuntu1.1"}
!10 = distinct !{!10, !11}
!11 = !{!"llvm.loop.mustprogress"}
*** IR Dump Before PromotePass on accumulate ***
; Function Attrs: nounwind uwtable
define dso_local i32 @accumulate(i32 noundef %0) local_unnamed_addr #0 {
  br label %2

2:                                                ; preds = %4, %1
  %.06 = phi i32 [ 0, %1 ], [ %5, %4 ]
  %.0 = phi i32 [ 0, %1 ], [ %6, %4 ]
  %3 = icmp slt i32 %.0, %0
  br i1 %3, label %4, label %7

4:                                                ; preds = %2
  %5 = add nsw i32 %.06, %.0
  %6 = add nsw i32 %.0, 1
  br label %2, !llvm.loop !10

7:                                                ; preds = %2
  ret i32 %.06
}
*** IR Dump After PromotePass on accumulate ***
; Function Attrs: nounwind uwtable
define dso_local i32 @accumulate(i32 noundef %0) local_unnamed_addr #0 {
  br label %2

2:                                                ; preds = %4, %1
  %.06 = phi i32 [ 0, %1 ], [ %5, %4 ]
  %.0 = phi i32 [ 0, %1 ], [ %6, %4 ]
  %3 = icmp slt i32 %.0, %0
  br i1 %3, label %4, label %7

4:                                                ; preds = %2
  %5 = add nsw i32 %.06, %.0
  %6 = add nsw i32 %.0, 1
  br label %2, !llvm.loop !10

7:                                                ; preds = %2
  ret i32 %.06
}
*** IR Dump Before DeadArgumentEliminationPass on [module] ***
; ModuleID = 'accumulate.in.ll'
source_filename = "accumulate.c"
target datalayout = "e-m:e-i8:8:32-i16:16:32-i64:64-i128:128-n32:64-S128"
target triple = "aarch64-unknown-linux-gnu"

; Function Attrs: nounwind uwtable
define dso_local i32 @accumulate(i32 noundef %0) local_unnamed_addr #0 {
  br label %2

2:                                                ; preds = %4, %1
  %.06 = phi i32 [ 0, %1 ], [ %5, %4 ]
  %.0 = phi i32 [ 0, %1 ], [ %6, %4 ]
  %3 = icmp slt i32 %.0, %0
  br i1 %3, label %4, label %7

4:                                                ; preds = %2
  %5 = add nsw i32 %.06, %.0
  %6 = add nsw i32 %.0, 1
  br label %2, !llvm.loop !10

7:                                                ; preds = %2
  ret i32 %.06
}

attributes #0 = { nounwind uwtable "frame-pointer"="non-leaf" "min-legal-vector-width"="0" "no-trapping-math"="true" "stack-protector-buffer-size"="8" "target-cpu"="generic" "target-features"="+neon,+outline-atomics,+v8a" }

!llvm.module.flags = !{!0, !1, !2, !3, !4, !5, !6, !7, !8}
!llvm.ident = !{!9}

!0 = !{i32 1, !"wchar_size", i32 4}
!1 = !{i32 1, !"branch-target-enforcement", i32 0}
!2 = !{i32 1, !"sign-return-address", i32 0}
!3 = !{i32 1, !"sign-return-address-all", i32 0}
!4 = !{i32 1, !"sign-return-address-with-bkey", i32 0}
!5 = !{i32 7, !"PIC Level", i32 2}
!6 = !{i32 7, !"PIE Level", i32 2}
!7 = !{i32 7, !"uwtable", i32 1}
!8 = !{i32 7, !"frame-pointer", i32 1}
!9 = !{!"Ubuntu clang version 14.0.0-1ubuntu1.1"}
!10 = distinct !{!10, !11}
!11 = !{!"llvm.loop.mustprogress"}
*** IR Dump After DeadArgumentEliminationPass on [module] ***
; ModuleID = 'accumulate.in.ll'
source_filename = "accumulate.c"
target datalayout = "e-m:e-i8:8:32-i16:16:32-i64:64-i128:128-n32:64-S128"
target triple = "aarch64-unknown-linux-gnu"

; Function Attrs: nounwind uwtable
define dso_local i32 @accumulate(i32 noundef %0) local_unnamed_addr #0 {
  br label %2

2:                                                ; preds = %4, %1
  %.06 = phi i32 [ 0, %1 ], [ %5, %4 ]
  %.0 = phi i32 [ 0, %1 ], [ %6, %4 ]
  %3 = icmp slt i32 %.0, %0
  br i1 %3, label %4, label %7

4:                                                ; preds = %2
  %5 = add nsw i32 %.06, %.0
  %6 = add nsw i32 %.0, 1
  br label %2, !llvm.loop !10

7:                                                ; preds = %2
  ret i32 %.06
}

attributes #0 = { nounwind uwtable "frame-pointer"="non-leaf" "min-legal-vector-width"="0" "no-trapping-math"="true" "stack-protector-buffer-size"="8" "target-cpu"="generic" "target-features"="+neon,+outline-atomics,+v8a" }

!llvm.module.flags = !{!0, !1, !2, !3, !4, !5, !6, !7, !8}
!llvm.ident = !{!9}

!0 = !{i32 1, !"wchar_size", i32 4}
!1 = !{i32 1, !"branch-target-enforcement", i32 0}
!2 = !{i32 1, !"sign-return-address", i32 0}
!3 = !{i32 1, !"sign-return-address-all", i32 0}
!4 = !{i32 1, !"sign-return-address-with-bkey", i32 0}
!5 = !{i32 7, !"PIC Level", i32 2}
!6 = !{i32 7, !"PIE Level", i32 2}
!7 = !{i32 7, !"uwtable", i32 1}
!8 = !{i32 7, !"frame-pointer", i32 1}
!9 = !{!"Ubuntu clang version 14.0.0-1ubuntu1.1"}
!10 = distinct !{!10, !11}
!11 = !{!"llvm.loop.mustprogress"}
*** IR Dump Before InstCombinePass on accumulate ***
; Function Attrs: nounwind uwtable
define dso_local i32 @accumulate(i32 noundef %0) local_unnamed_addr #0 {
  br label %2

2:                                                ; preds = %4, %1
  %.06 = phi i32 [ 0, %1 ], [ %5, %4 ]
  %.0 = phi i32 [ 0, %1 ], [ %6, %4 ]
  %3 = icmp slt i32 %.0, %0
  br i1 %3, label %4, label %7

4:                                                ; preds = %2
  %5 = add nsw i32 %.06, %.0
  %6 = add nsw i32 %.0, 1
  br label %2, !llvm.loop !10

7:                                                ; preds = %2
  ret i32 %.06
}
*** IR Dump After InstCombinePass on accumulate ***
; Function Attrs: nounwind uwtable
define dso_local i32 @accumulate(i32 noundef %0) local_unnamed_addr #0 {
  br label %2

2:                                                ; preds = %4, %1
  %.06 = phi i32 [ 0, %1 ], [ %5, %4 ]
  %.0 = phi i32 [ 0, %1 ], [ %6, %4 ]
  %3 = icmp slt i32 %.0, %0
  br i1 %3, label %4, label %7

4:                                                ; preds = %2
  %5 = add nuw nsw i32 %.06, %.0
  %6 = add nuw nsw i32 %.0, 1
  br label %2, !llvm.loop !10

7:                                                ; preds = %2
  ret i32 %.06
}
*** IR Dump Before SimplifyCFGPass on accumulate ***
; Function Attrs: nounwind uwtable
define dso_local i32 @accumulate(i32 noundef %0) local_unnamed_addr #0 {
  br label %2

2:                                                ; preds = %4, %1
  %.06 = phi i32 [ 0, %1 ], [ %5, %4 ]
  %.0 = phi i32 [ 0, %1 ], [ %6, %4 ]
  %3 = icmp slt i32 %.0, %0
  br i1 %3, label %4, label %7

4:                                                ; preds = %2
  %5 = add nuw nsw i32 %.06, %.0
  %6 = add nuw nsw i32 %.0, 1
  br label %2, !llvm.loop !10

7:                                                ; preds = %2
  ret i32 %.06
}
*** IR Dump After SimplifyCFGPass on accumulate ***
; Function Attrs: nounwind uwtable
define dso_local i32 @accumulate(i32 noundef %0) local_unnamed_addr #0 {
  br label %2

2:                                                ; preds = %4, %1
  %.06 = phi i32 [ 0, %1 ], [ %5, %4 ]
  %.0 = phi i32 [ 0, %1 ], [ %6, %4 ]
  %3 = icmp slt i32 %.0, %0
  br i1 %3, label %4, label %7

4:                                                ; preds = %2
  %5 = add nuw nsw i32 %.06, %.0
  %6 = add nuw nsw i32 %.0, 1
  br label %2, !llvm.loop !10

7:                                                ; preds = %2
  ret i32 %.06
}
*** IR Dump Before RequireAnalysisPass<llvm::GlobalsAA, llvm::Module> on [module] ***
; ModuleID = 'accumulate.in.ll'
source_filename = "accumulate.c"
target datalayout = "e-m:e-i8:8:32-i16:16:32-i64:64-i128:128-n32:64-S128"
target triple = "aarch64-unknown-linux-gnu"

; Function Attrs: nounwind uwtable
define dso_local i32 @accumulate(i32 noundef %0) local_unnamed_addr #0 {
  br label %2

2:                                                ; preds = %4, %1
  %.06 = phi i32 [ 0, %1 ], [ %5, %4 ]
  %.0 = phi i32 [ 0, %1 ], [ %6, %4 ]
  %3 = icmp slt i32 %.0, %0
  br i1 %3, label %4, label %7

4:                                                ; preds = %2
  %5 = add nuw nsw i32 %.06, %.0
  %6 = add nuw nsw i32 %.0, 1
  br label %2, !llvm.loop !10

7:                                                ; preds = %2
  ret i32 %.06
}

attributes #0 = { nounwind uwtable "frame-pointer"="non-leaf" "min-legal-vector-width"="0" "no-trapping-math"="true" "stack-protector-buffer-size"="8" "target-cpu"="generic" "target-features"="+neon,+outline-atomics,+v8a" }

!llvm.module.flags = !{!0, !1, !2, !3, !4, !5, !6, !7, !8}
!llvm.ident = !{!9}

!0 = !{i32 1, !"wchar_size", i32 4}
!1 = !{i32 1, !"branch-target-enforcement", i32 0}
!2 = !{i32 1, !"sign-return-address", i32 0}
!3 = !{i32 1, !"sign-return-address-all", i32 0}
!4 = !{i32 1, !"sign-return-address-with-bkey", i32 0}
!5 = !{i32 7, !"PIC Level", i32 2}
!6 = !{i32 7, !"PIE Level", i32 2}
!7 = !{i32 7, !"uwtable", i32 1}
!8 = !{i32 7, !"frame-pointer", i32 1}
!9 = !{!"Ubuntu clang version 14.0.0-1ubuntu1.1"}
!10 = distinct !{!10, !11}
!11 = !{!"llvm.loop.mustprogress"}
*** IR Dump After RequireAnalysisPass<llvm::GlobalsAA, llvm::Module> on [module] ***
; ModuleID = 'accumulate.in.ll'
source_filename = "accumulate.c"
target datalayout = "e-m:e-i8:8:32-i16:16:32-i64:64-i128:128-n32:64-S128"
target triple = "aarch64-unknown-linux-gnu"

; Function Attrs: nounwind uwtable
define dso_local i32 @accumulate(i32 noundef %0) local_unnamed_addr #0 {
  br label %2

2:                                                ; preds = %4, %1
  %.06 = phi i32 [ 0, %1 ], [ %5, %4 ]
  %.0 = phi i32 [ 0, %1 ], [ %6, %4 ]
  %3 = icmp slt i32 %.0, %0
  br i1 %3, label %4, label %7

4:                                                ; preds = %2
  %5 = add nuw nsw i32 %.06, %.0
  %6 = add nuw nsw i32 %.0, 1
  br label %2, !llvm.loop !10

7:                                                ; preds = %2
  ret i32 %.06
}

attributes #0 = { nounwind uwtable "frame-pointer"="non-leaf" "min-legal-vector-width"="0" "no-trapping-math"="true" "stack-protector-buffer-size"="8" "target-cpu"="generic" "target-features"="+neon,+outline-atomics,+v8a" }

!llvm.module.flags = !{!0, !1, !2, !3, !4, !5, !6, !7, !8}
!llvm.ident = !{!9}

!0 = !{i32 1, !"wchar_size", i32 4}
!1 = !{i32 1, !"branch-target-enforcement", i32 0}
!2 = !{i32 1, !"sign-return-address", i32 0}
!3 = !{i32 1, !"sign-return-address-all", i32 0}
!4 = !{i32 1, !"sign-return-address-with-bkey", i32 0}
!5 = !{i32 7, !"PIC Level", i32 2}
!6 = !{i32 7, !"PIE Level", i32 2}
!7 = !{i32 7, !"uwtable", i32 1}
!8 = !{i32 7, !"frame-pointer", i32 1}
!9 = !{!"Ubuntu clang version 14.0.0-1ubuntu1.1"}
!10 = distinct !{!10, !11}
!11 = !{!"llvm.loop.mustprogress"}
*** IR Dump Before InvalidateAnalysisPass<llvm::AAManager> on accumulate ***
; Function Attrs: nounwind uwtable
define dso_local i32 @accumulate(i32 noundef %0) local_unnamed_addr #0 {
  br label %2

2:                                                ; preds = %4, %1
  %.06 = phi i32 [ 0, %1 ], [ %5, %4 ]
  %.0 = phi i32 [ 0, %1 ], [ %6, %4 ]
  %3 = icmp slt i32 %.0, %0
  br i1 %3, label %4, label %7

4:                                                ; preds = %2
  %5 = add nuw nsw i32 %.06, %.0
  %6 = add nuw nsw i32 %.0, 1
  br label %2, !llvm.loop !10

7:                                                ; preds = %2
  ret i32 %.06
}
*** IR Dump After InvalidateAnalysisPass<llvm::AAManager> on accumulate ***
; Function Attrs: nounwind uwtable
define dso_local i32 @accumulate(i32 noundef %0) local_unnamed_addr #0 {
  br label %2

2:                                                ; preds = %4, %1
  %.06 = phi i32 [ 0, %1 ], [ %5, %4 ]
  %.0 = phi i32 [ 0, %1 ], [ %6, %4 ]
  %3 = icmp slt i32 %.0, %0
  br i1 %3, label %4, label %7

4:                                                ; preds = %2
  %5 = add nuw nsw i32 %.06, %.0
  %6 = add nuw nsw i32 %.0, 1
  br label %2, !llvm.loop !10

7:                                                ; preds = %2
  ret i32 %.06
}
*** IR Dump Before RequireAnalysisPass<llvm::ProfileSummaryAnalysis, llvm::Module> on [module] ***
; ModuleID = 'accumulate.in.ll'
source_filename = "accumulate.c"
target datalayout = "e-m:e-i8:8:32-i16:16:32-i64:64-i128:128-n32:64-S128"
target triple = "aarch64-unknown-linux-gnu"

; Function Attrs: nounwind uwtable
define dso_local i32 @accumulate(i32 noundef %0) local_unnamed_addr #0 {
  br label %2

2:                                                ; preds = %4, %1
  %.06 = phi i32 [ 0, %1 ], [ %5, %4 ]
  %.0 = phi i32 [ 0, %1 ], [ %6, %4 ]
  %3 = icmp slt i32 %.0, %0
  br i1 %3, label %4, label %7

4:                                                ; preds = %2
  %5 = add nuw nsw i32 %.06, %.0
  %6 = add nuw nsw i32 %.0, 1
  br label %2, !llvm.loop !10

7:                                                ; preds = %2
  ret i32 %.06
}

attributes #0 = { nounwind uwtable "frame-pointer"="non-leaf" "min-legal-vector-width"="0" "no-trapping-math"="true" "stack-protector-buffer-size"="8" "target-cpu"="generic" "target-features"="+neon,+outline-atomics,+v8a" }

!llvm.module.flags = !{!0, !1, !2, !3, !4, !5, !6, !7, !8}
!llvm.ident = !{!9}

!0 = !{i32 1, !"wchar_size", i32 4}
!1 = !{i32 1, !"branch-target-enforcement", i32 0}
!2 = !{i32 1, !"sign-return-address", i32 0}
!3 = !{i32 1, !"sign-return-address-all", i32 0}
!4 = !{i32 1, !"sign-return-address-with-bkey", i32 0}
!5 = !{i32 7, !"PIC Level", i32 2}
!6 = !{i32 7, !"PIE Level", i32 2}
!7 = !{i32 7, !"uwtable", i32 1}
!8 = !{i32 7, !"frame-pointer", i32 1}
!9 = !{!"Ubuntu clang version 14.0.0-1ubuntu1.1"}
!10 = distinct !{!10, !11}
!11 = !{!"llvm.loop.mustprogress"}
*** IR Dump After RequireAnalysisPass<llvm::ProfileSummaryAnalysis, llvm::Module> on [module] ***
; ModuleID = 'accumulate.in.ll'
source_filename = "accumulate.c"
target datalayout = "e-m:e-i8:8:32-i16:16:32-i64:64-i128:128-n32:64-S128"
target triple = "aarch64-unknown-linux-gnu"

; Function Attrs: nounwind uwtable
define dso_local i32 @accumulate(i32 noundef %0) local_unnamed_addr #0 {
  br label %2

2:                                                ; preds = %4, %1
  %.06 = phi i32 [ 0, %1 ], [ %5, %4 ]
  %.0 = phi i32 [ 0, %1 ], [ %6, %4 ]
  %3 = icmp slt i32 %.0, %0
  br i1 %3, label %4, label %7

4:                                                ; preds = %2
  %5 = add nuw nsw i32 %.06, %.0
  %6 = add nuw nsw i32 %.0, 1
  br label %2, !llvm.loop !10

7:                                                ; preds = %2
  ret i32 %.06
}

attributes #0 = { nounwind uwtable "frame-pointer"="non-leaf" "min-legal-vector-width"="0" "no-trapping-math"="true" "stack-protector-buffer-size"="8" "target-cpu"="generic" "target-features"="+neon,+outline-atomics,+v8a" }

!llvm.module.flags = !{!0, !1, !2, !3, !4, !5, !6, !7, !8}
!llvm.ident = !{!9}

!0 = !{i32 1, !"wchar_size", i32 4}
!1 = !{i32 1, !"branch-target-enforcement", i32 0}
!2 = !{i32 1, !"sign-return-address", i32 0}
!3 = !{i32 1, !"sign-return-address-all", i32 0}
!4 = !{i32 1, !"sign-return-address-with-bkey", i32 0}
!5 = !{i32 7, !"PIC Level", i32 2}
!6 = !{i32 7, !"PIE Level", i32 2}
!7 = !{i32 7, !"uwtable", i32 1}
!8 = !{i32 7, !"frame-pointer", i32 1}
!9 = !{!"Ubuntu clang version 14.0.0-1ubuntu1.1"}
!10 = distinct !{!10, !11}
!11 = !{!"llvm.loop.mustprogress"}
*** IR Dump Before InlinerPass on (accumulate) ***
; Function Attrs: nounwind uwtable
define dso_local i32 @accumulate(i32 noundef %0) local_unnamed_addr #0 {
  br label %2

2:                                                ; preds = %4, %1
  %.06 = phi i32 [ 0, %1 ], [ %5, %4 ]
  %.0 = phi i32 [ 0, %1 ], [ %6, %4 ]
  %3 = icmp slt i32 %.0, %0
  br i1 %3, label %4, label %7

4:                                                ; preds = %2
  %5 = add nuw nsw i32 %.06, %.0
  %6 = add nuw nsw i32 %.0, 1
  br label %2, !llvm.loop !10

7:                                                ; preds = %2
  ret i32 %.06
}
*** IR Dump After InlinerPass on (accumulate) ***
; Function Attrs: nounwind uwtable
define dso_local i32 @accumulate(i32 noundef %0) local_unnamed_addr #0 {
  br label %2

2:                                                ; preds = %4, %1
  %.06 = phi i32 [ 0, %1 ], [ %5, %4 ]
  %.0 = phi i32 [ 0, %1 ], [ %6, %4 ]
  %3 = icmp slt i32 %.0, %0
  br i1 %3, label %4, label %7

4:                                                ; preds = %2
  %5 = add nuw nsw i32 %.06, %.0
  %6 = add nuw nsw i32 %.0, 1
  br label %2, !llvm.loop !10

7:                                                ; preds = %2
  ret i32 %.06
}
*** IR Dump Before InlinerPass on (accumulate) ***
; Function Attrs: nounwind uwtable
define dso_local i32 @accumulate(i32 noundef %0) local_unnamed_addr #0 {
  br label %2

2:                                                ; preds = %4, %1
  %.06 = phi i32 [ 0, %1 ], [ %5, %4 ]
  %.0 = phi i32 [ 0, %1 ], [ %6, %4 ]
  %3 = icmp slt i32 %.0, %0
  br i1 %3, label %4, label %7

4:                                                ; preds = %2
  %5 = add nuw nsw i32 %.06, %.0
  %6 = add nuw nsw i32 %.0, 1
  br label %2, !llvm.loop !10

7:                                                ; preds = %2
  ret i32 %.06
}
*** IR Dump After InlinerPass on (accumulate) ***
; Function Attrs: nounwind uwtable
define dso_local i32 @accumulate(i32 noundef %0) local_unnamed_addr #0 {
  br label %2

2:                                                ; preds = %4, %1
  %.06 = phi i32 [ 0, %1 ], [ %5, %4 ]
  %.0 = phi i32 [ 0, %1 ], [ %6, %4 ]
  %3 = icmp slt i32 %.0, %0
  br i1 %3, label %4, label %7

4:                                                ; preds = %2
  %5 = add nuw nsw i32 %.06, %.0
  %6 = add nuw nsw i32 %.0, 1
  br label %2, !llvm.loop !10

7:                                                ; preds = %2
  ret i32 %.06
}
*** IR Dump Before PostOrderFunctionAttrsPass on (accumulate) ***
; Function Attrs: nounwind uwtable
define dso_local i32 @accumulate(i32 noundef %0) local_unnamed_addr #0 {
  br label %2

2:                                                ; preds = %4, %1
  %.06 = phi i32 [ 0, %1 ], [ %5, %4 ]
  %.0 = phi i32 [ 0, %1 ], [ %6, %4 ]
  %3 = icmp slt i32 %.0, %0
  br i1 %3, label %4, label %7

4:                                                ; preds = %2
  %5 = add nuw nsw i32 %.06, %.0
  %6 = add nuw nsw i32 %.0, 1
  br label %2, !llvm.loop !10

7:                                                ; preds = %2
  ret i32 %.06
}
*** IR Dump After PostOrderFunctionAttrsPass on (accumulate) ***
; Function Attrs: nofree norecurse nosync nounwind readnone uwtable
define dso_local i32 @accumulate(i32 noundef %0) local_unnamed_addr #0 {
  br label %2

2:                                                ; preds = %4, %1
  %.06 = phi i32 [ 0, %1 ], [ %5, %4 ]
  %.0 = phi i32 [ 0, %1 ], [ %6, %4 ]
  %3 = icmp slt i32 %.0, %0
  br i1 %3, label %4, label %7

4:                                                ; preds = %2
  %5 = add nuw nsw i32 %.06, %.0
  %6 = add nuw nsw i32 %.0, 1
  br label %2, !llvm.loop !10

7:                                                ; preds = %2
  ret i32 %.06
}
*** IR Dump Before SROAPass on accumulate ***
; Function Attrs: nofree norecurse nosync nounwind readnone uwtable
define dso_local i32 @accumulate(i32 noundef %0) local_unnamed_addr #0 {
  br label %2

2:                                                ; preds = %4, %1
  %.06 = phi i32 [ 0, %1 ], [ %5, %4 ]
  %.0 = phi i32 [ 0, %1 ], [ %6, %4 ]
  %3 = icmp slt i32 %.0, %0
  br i1 %3, label %4, label %7

4:                                                ; preds = %2
  %5 = add nuw nsw i32 %.06, %.0
  %6 = add nuw nsw i32 %.0, 1
  br label %2, !llvm.loop !10

7:                                                ; preds = %2
  ret i32 %.06
}
*** IR Dump After SROAPass on accumulate ***
; Function Attrs: nofree norecurse nosync nounwind readnone uwtable
define dso_local i32 @accumulate(i32 noundef %0) local_unnamed_addr #0 {
  br label %2

2:                                                ; preds = %4, %1
  %.06 = phi i32 [ 0, %1 ], [ %5, %4 ]
  %.0 = phi i32 [ 0, %1 ], [ %6, %4 ]
  %3 = icmp slt i32 %.0, %0
  br i1 %3, label %4, label %7

4:                                                ; preds = %2
  %5 = add nuw nsw i32 %.06, %.0
  %6 = add nuw nsw i32 %.0, 1
  br label %2, !llvm.loop !10

7:                                                ; preds = %2
  ret i32 %.06
}
*** IR Dump Before EarlyCSEPass on accumulate ***
; Function Attrs: nofree norecurse nosync nounwind readnone uwtable
define dso_local i32 @accumulate(i32 noundef %0) local_unnamed_addr #0 {
  br label %2

2:                                                ; preds = %4, %1
  %.06 = phi i32 [ 0, %1 ], [ %5, %4 ]
  %.0 = phi i32 [ 0, %1 ], [ %6, %4 ]
  %3 = icmp slt i32 %.0, %0
  br i1 %3, label %4, label %7

4:                                                ; preds = %2
  %5 = add nuw nsw i32 %.06, %.0
  %6 = add nuw nsw i32 %.0, 1
  br label %2, !llvm.loop !10

7:                                                ; preds = %2
  ret i32 %.06
}
*** IR Dump After EarlyCSEPass on accumulate ***
; Function Attrs: nofree norecurse nosync nounwind readnone uwtable
define dso_local i32 @accumulate(i32 noundef %0) local_unnamed_addr #0 {
  br label %2

2:                                                ; preds = %4, %1
  %.06 = phi i32 [ 0, %1 ], [ %5, %4 ]
  %.0 = phi i32 [ 0, %1 ], [ %6, %4 ]
  %3 = icmp slt i32 %.0, %0
  br i1 %3, label %4, label %7

4:                                                ; preds = %2
  %5 = add nuw nsw i32 %.06, %.0
  %6 = add nuw nsw i32 %.0, 1
  br label %2, !llvm.loop !10

7:                                                ; preds = %2
  ret i32 %.06
}
*** IR Dump Before SimplifyCFGPass on accumulate ***
; Function Attrs: nofree norecurse nosync nounwind readnone uwtable
define dso_local i32 @accumulate(i32 noundef %0) local_unnamed_addr #0 {
  br label %2

2:                                                ; preds = %4, %1
  %.06 = phi i32 [ 0, %1 ], [ %5, %4 ]
  %.0 = phi i32 [ 0, %1 ], [ %6, %4 ]
  %3 = icmp slt i32 %.0, %0
  br i1 %3, label %4, label %7

4:                                                ; preds = %2
  %5 = add nuw nsw i32 %.06, %.0
  %6 = add nuw nsw i32 %.0, 1
  br label %2, !llvm.loop !10

7:                                                ; preds = %2
  ret i32 %.06
}
*** IR Dump After SimplifyCFGPass on accumulate ***
; Function Attrs: nofree norecurse nosync nounwind readnone uwtable
define dso_local i32 @accumulate(i32 noundef %0) local_unnamed_addr #0 {
  br label %2

2:                                                ; preds = %4, %1
  %.06 = phi i32 [ 0, %1 ], [ %5, %4 ]
  %.0 = phi i32 [ 0, %1 ], [ %6, %4 ]
  %3 = icmp slt i32 %.0, %0
  br i1 %3, label %4, label %7

4:                                                ; preds = %2
  %5 = add nuw nsw i32 %.06, %.0
  %6 = add nuw nsw i32 %.0, 1
  br label %2, !llvm.loop !10

7:                                                ; preds = %2
  ret i32 %.06
}
*** IR Dump Before InstCombinePass on accumulate ***
; Function Attrs: nofree norecurse nosync nounwind readnone uwtable
define dso_local i32 @accumulate(i32 noundef %0) local_unnamed_addr #0 {
  br label %2

2:                                                ; preds = %4, %1
  %.06 = phi i32 [ 0, %1 ], [ %5, %4 ]
  %.0 = phi i32 [ 0, %1 ], [ %6, %4 ]
  %3 = icmp slt i32 %.0, %0
  br i1 %3, label %4, label %7

4:                                                ; preds = %2
  %5 = add nuw nsw i32 %.06, %.0
  %6 = add nuw nsw i32 %.0, 1
  br label %2, !llvm.loop !10

7:                                                ; preds = %2
  ret i32 %.06
}
*** IR Dump After InstCombinePass on accumulate ***
; Function Attrs: nofree norecurse nosync nounwind readnone uwtable
define dso_local i32 @accumulate(i32 noundef %0) local_unnamed_addr #0 {
  br label %2

2:                                                ; preds = %4, %1
  %.06 = phi i32 [ 0, %1 ], [ %5, %4 ]
  %.0 = phi i32 [ 0, %1 ], [ %6, %4 ]
  %3 = icmp slt i32 %.0, %0
  br i1 %3, label %4, label %7

4:                                                ; preds = %2
  %5 = add nuw nsw i32 %.06, %.0
  %6 = add nuw nsw i32 %.0, 1
  br label %2, !llvm.loop !10

7:                                                ; preds = %2
  ret i32 %.06
}
*** IR Dump Before LibCallsShrinkWrapPass on accumulate ***
; Function Attrs: nofree norecurse nosync nounwind readnone uwtable
define dso_local i32 @accumulate(i32 noundef %0) local_unnamed_addr #0 {
  br label %2

2:                                                ; preds = %4, %1
  %.06 = phi i32 [ 0, %1 ], [ %5, %4 ]
  %.0 = phi i32 [ 0, %1 ], [ %6, %4 ]
  %3 = icmp slt i32 %.0, %0
  br i1 %3, label %4, label %7

4:                                                ; preds = %2
  %5 = add nuw nsw i32 %.06, %.0
  %6 = add nuw nsw i32 %.0, 1
  br label %2, !llvm.loop !10

7:                                                ; preds = %2
  ret i32 %.06
}
*** IR Dump After LibCallsShrinkWrapPass on accumulate ***
; Function Attrs: nofree norecurse nosync nounwind readnone uwtable
define dso_local i32 @accumulate(i32 noundef %0) local_unnamed_addr #0 {
  br label %2

2:                                                ; preds = %4, %1
  %.06 = phi i32 [ 0, %1 ], [ %5, %4 ]
  %.0 = phi i32 [ 0, %1 ], [ %6, %4 ]
  %3 = icmp slt i32 %.0, %0
  br i1 %3, label %4, label %7

4:                                                ; preds = %2
  %5 = add nuw nsw i32 %.06, %.0
  %6 = add nuw nsw i32 %.0, 1
  br label %2, !llvm.loop !10

7:                                                ; preds = %2
  ret i32 %.06
}
*** IR Dump Before SimplifyCFGPass on accumulate ***
; Function Attrs: nofree norecurse nosync nounwind readnone uwtable
define dso_local i32 @accumulate(i32 noundef %0) local_unnamed_addr #0 {
  br label %2

2:                                                ; preds = %4, %1
  %.06 = phi i32 [ 0, %1 ], [ %5, %4 ]
  %.0 = phi i32 [ 0, %1 ], [ %6, %4 ]
  %3 = icmp slt i32 %.0, %0
  br i1 %3, label %4, label %7

4:                                                ; preds = %2
  %5 = add nuw nsw i32 %.06, %.0
  %6 = add nuw nsw i32 %.0, 1
  br label %2, !llvm.loop !10

7:                                                ; preds = %2
  ret i32 %.06
}
*** IR Dump After SimplifyCFGPass on accumulate ***
; Function Attrs: nofree norecurse nosync nounwind readnone uwtable
define dso_local i32 @accumulate(i32 noundef %0) local_unnamed_addr #0 {
  br label %2

2:                                                ; preds = %4, %1
  %.06 = phi i32 [ 0, %1 ], [ %5, %4 ]
  %.0 = phi i32 [ 0, %1 ], [ %6, %4 ]
  %3 = icmp slt i32 %.0, %0
  br i1 %3, label %4, label %7

4:                                                ; preds = %2
  %5 = add nuw nsw i32 %.06, %.0
  %6 = add nuw nsw i32 %.0, 1
  br label %2, !llvm.loop !10

7:                                                ; preds = %2
  ret i32 %.06
}
*** IR Dump Before ReassociatePass on accumulate ***
; Function Attrs: nofree norecurse nosync nounwind readnone uwtable
define dso_local i32 @accumulate(i32 noundef %0) local_unnamed_addr #0 {
  br label %2

2:                                                ; preds = %4, %1
  %.06 = phi i32 [ 0, %1 ], [ %5, %4 ]
  %.0 = phi i32 [ 0, %1 ], [ %6, %4 ]
  %3 = icmp slt i32 %.0, %0
  br i1 %3, label %4, label %7

4:                                                ; preds = %2
  %5 = add nuw nsw i32 %.06, %.0
  %6 = add nuw nsw i32 %.0, 1
  br label %2, !llvm.loop !10

7:                                                ; preds = %2
  ret i32 %.06
}
*** IR Dump After ReassociatePass on accumulate ***
; Function Attrs: nofree norecurse nosync nounwind readnone uwtable
define dso_local i32 @accumulate(i32 noundef %0) local_unnamed_addr #0 {
  br label %2

2:                                                ; preds = %4, %1
  %.06 = phi i32 [ 0, %1 ], [ %5, %4 ]
  %.0 = phi i32 [ 0, %1 ], [ %6, %4 ]
  %3 = icmp slt i32 %.0, %0
  br i1 %3, label %4, label %7

4:                                                ; preds = %2
  %5 = add nuw nsw i32 %.0, %.06
  %6 = add nuw nsw i32 %.0, 1
  br label %2, !llvm.loop !10

7:                                                ; preds = %2
  ret i32 %.06
}
*** IR Dump Before RequireAnalysisPass<llvm::OptimizationRemarkEmitterAnalysis, llvm::Function> on accumulate ***
; Function Attrs: nofree norecurse nosync nounwind readnone uwtable
define dso_local i32 @accumulate(i32 noundef %0) local_unnamed_addr #0 {
  br label %2

2:                                                ; preds = %4, %1
  %.06 = phi i32 [ 0, %1 ], [ %5, %4 ]
  %.0 = phi i32 [ 0, %1 ], [ %6, %4 ]
  %3 = icmp slt i32 %.0, %0
  br i1 %3, label %4, label %7

4:                                                ; preds = %2
  %5 = add nuw nsw i32 %.0, %.06
  %6 = add nuw nsw i32 %.0, 1
  br label %2, !llvm.loop !10

7:                                                ; preds = %2
  ret i32 %.06
}
*** IR Dump After RequireAnalysisPass<llvm::OptimizationRemarkEmitterAnalysis, llvm::Function> on accumulate ***
; Function Attrs: nofree norecurse nosync nounwind readnone uwtable
define dso_local i32 @accumulate(i32 noundef %0) local_unnamed_addr #0 {
  br label %2

2:                                                ; preds = %4, %1
  %.06 = phi i32 [ 0, %1 ], [ %5, %4 ]
  %.0 = phi i32 [ 0, %1 ], [ %6, %4 ]
  %3 = icmp slt i32 %.0, %0
  br i1 %3, label %4, label %7

4:                                                ; preds = %2
  %5 = add nuw nsw i32 %.0, %.06
  %6 = add nuw nsw i32 %.0, 1
  br label %2, !llvm.loop !10

7:                                                ; preds = %2
  ret i32 %.06
}
*** IR Dump Before LoopSimplifyPass on accumulate ***
; Function Attrs: nofree norecurse nosync nounwind readnone uwtable
define dso_local i32 @accumulate(i32 noundef %0) local_unnamed_addr #0 {
  br label %2

2:                                                ; preds = %4, %1
  %.06 = phi i32 [ 0, %1 ], [ %5, %4 ]
  %.0 = phi i32 [ 0, %1 ], [ %6, %4 ]
  %3 = icmp slt i32 %.0, %0
  br i1 %3, label %4, label %7

4:                                                ; preds = %2
  %5 = add nuw nsw i32 %.0, %.06
  %6 = add nuw nsw i32 %.0, 1
  br label %2, !llvm.loop !10

7:                                                ; preds = %2
  ret i32 %.06
}
*** IR Dump After LoopSimplifyPass on accumulate ***
; Function Attrs: nofree norecurse nosync nounwind readnone uwtable
define dso_local i32 @accumulate(i32 noundef %0) local_unnamed_addr #0 {
  br label %2

2:                                                ; preds = %4, %1
  %.06 = phi i32 [ 0, %1 ], [ %5, %4 ]
  %.0 = phi i32 [ 0, %1 ], [ %6, %4 ]
  %3 = icmp slt i32 %.0, %0
  br i1 %3, label %4, label %7

4:                                                ; preds = %2
  %5 = add nuw nsw i32 %.0, %.06
  %6 = add nuw nsw i32 %.0, 1
  br label %2, !llvm.loop !10

7:                                                ; preds = %2
  ret i32 %.06
}
*** IR Dump Before LCSSAPass on accumulate ***
; Function Attrs: nofree norecurse nosync nounwind readnone uwtable
define dso_local i32 @accumulate(i32 noundef %0) local_unnamed_addr #0 {
  br label %2

2:                                                ; preds = %4, %1
  %.06 = phi i32 [ 0, %1 ], [ %5, %4 ]
  %.0 = phi i32 [ 0, %1 ], [ %6, %4 ]
  %3 = icmp slt i32 %.0, %0
  br i1 %3, label %4, label %7

4:                                                ; preds = %2
  %5 = add nuw nsw i32 %.0, %.06
  %6 = add nuw nsw i32 %.0, 1
  br label %2, !llvm.loop !10

7:                                                ; preds = %2
  ret i32 %.06
}
*** IR Dump After LCSSAPass on accumulate ***
; Function Attrs: nofree norecurse nosync nounwind readnone uwtable
define dso_local i32 @accumulate(i32 noundef %0) local_unnamed_addr #0 {
  br label %2

2:                                                ; preds = %4, %1
  %.06 = phi i32 [ 0, %1 ], [ %5, %4 ]
  %.0 = phi i32 [ 0, %1 ], [ %6, %4 ]
  %3 = icmp slt i32 %.0, %0
  br i1 %3, label %4, label %7

4:                                                ; preds = %2
  %5 = add nuw nsw i32 %.0, %.06
  %6 = add nuw nsw i32 %.0, 1
  br label %2, !llvm.loop !10

7:                                                ; preds = %2
  %.06.lcssa = phi i32 [ %.06, %2 ]
  ret i32 %.06.lcssa
}
*** IR Dump Before LoopInstSimplifyPass on Parallel Loop at depth 1 containing: %2<header><exiting>,%4<latch> ***

; Preheader:
  br label %2

; Loop:
2:                                                ; preds = %4, %1
  %.06 = phi i32 [ 0, %1 ], [ %5, %4 ]
  %.0 = phi i32 [ 0, %1 ], [ %6, %4 ]
  %3 = icmp slt i32 %.0, %0
  br i1 %3, label %4, label %7

4:                                                ; preds = %2
  %5 = add nuw nsw i32 %.0, %.06
  %6 = add nuw nsw i32 %.0, 1
  br label %2, !llvm.loop !10

; Exit blocks
7:                                                ; preds = %2
  %.06.lcssa = phi i32 [ %.06, %2 ]
  ret i32 %.06.lcssa
*** IR Dump After LoopInstSimplifyPass on Parallel Loop at depth 1 containing: %2<header><exiting>,%4<latch> ***

; Preheader:
  br label %2

; Loop:
2:                                                ; preds = %4, %1
  %.06 = phi i32 [ 0, %1 ], [ %5, %4 ]
  %.0 = phi i32 [ 0, %1 ], [ %6, %4 ]
  %3 = icmp slt i32 %.0, %0
  br i1 %3, label %4, label %7

4:                                                ; preds = %2
  %5 = add nuw nsw i32 %.0, %.06
  %6 = add nuw nsw i32 %.0, 1
  br label %2, !llvm.loop !10

; Exit blocks
7:                                                ; preds = %2
  %.06.lcssa = phi i32 [ %.06, %2 ]
  ret i32 %.06.lcssa
*** IR Dump Before LoopSimplifyCFGPass on Parallel Loop at depth 1 containing: %2<header><exiting>,%4<latch> ***

; Preheader:
  br label %2

; Loop:
2:                                                ; preds = %4, %1
  %.06 = phi i32 [ 0, %1 ], [ %5, %4 ]
  %.0 = phi i32 [ 0, %1 ], [ %6, %4 ]
  %3 = icmp slt i32 %.0, %0
  br i1 %3, label %4, label %7

4:                                                ; preds = %2
  %5 = add nuw nsw i32 %.0, %.06
  %6 = add nuw nsw i32 %.0, 1
  br label %2, !llvm.loop !10

; Exit blocks
7:                                                ; preds = %2
  %.06.lcssa = phi i32 [ %.06, %2 ]
  ret i32 %.06.lcssa
*** IR Dump After LoopSimplifyCFGPass on Parallel Loop at depth 1 containing: %2<header><exiting>,%4<latch> ***

; Preheader:
  br label %2

; Loop:
2:                                                ; preds = %4, %1
  %.06 = phi i32 [ 0, %1 ], [ %5, %4 ]
  %.0 = phi i32 [ 0, %1 ], [ %6, %4 ]
  %3 = icmp slt i32 %.0, %0
  br i1 %3, label %4, label %7

4:                                                ; preds = %2
  %5 = add nuw nsw i32 %.0, %.06
  %6 = add nuw nsw i32 %.0, 1
  br label %2, !llvm.loop !10

; Exit blocks
7:                                                ; preds = %2
  %.06.lcssa = phi i32 [ %.06, %2 ]
  ret i32 %.06.lcssa
*** IR Dump Before LICMPass on Parallel Loop at depth 1 containing: %2<header><exiting>,%4<latch> ***

; Preheader:
  br label %2

; Loop:
2:                                                ; preds = %4, %1
  %.06 = phi i32 [ 0, %1 ], [ %5, %4 ]
  %.0 = phi i32 [ 0, %1 ], [ %6, %4 ]
  %3 = icmp slt i32 %.0, %0
  br i1 %3, label %4, label %7

4:                                                ; preds = %2
  %5 = add nuw nsw i32 %.0, %.06
  %6 = add nuw nsw i32 %.0, 1
  br label %2, !llvm.loop !10

; Exit blocks
7:                                                ; preds = %2
  %.06.lcssa = phi i32 [ %.06, %2 ]
  ret i32 %.06.lcssa
*** IR Dump After LICMPass on Parallel Loop at depth 1 containing: %2<header><exiting>,%4<latch> ***

; Preheader:
  br label %2

; Loop:
2:                                                ; preds = %4, %1
  %.06 = phi i32 [ 0, %1 ], [ %5, %4 ]
  %.0 = phi i32 [ 0, %1 ], [ %6, %4 ]
  %3 = icmp slt i32 %.0, %0
  br i1 %3, label %4, label %7

4:                                                ; preds = %2
  %5 = add nuw nsw i32 %.0, %.06
  %6 = add nuw nsw i32 %.0, 1
  br label %2, !llvm.loop !10

; Exit blocks
7:                                                ; preds = %2
  %.06.lcssa = phi i32 [ %.06, %2 ]
  ret i32 %.06.lcssa
*** IR Dump Before LoopRotatePass on Parallel Loop at depth 1 containing: %2<header><exiting>,%4<latch> ***

; Preheader:
  br label %2

; Loop:
2:                                                ; preds = %4, %1
  %.06 = phi i32 [ 0, %1 ], [ %5, %4 ]
  %.0 = phi i32 [ 0, %1 ], [ %6, %4 ]
  %3 = icmp slt i32 %.0, %0
  br i1 %3, label %4, label %7

4:                                                ; preds = %2
  %5 = add nuw nsw i32 %.0, %.06
  %6 = add nuw nsw i32 %.0, 1
  br label %2, !llvm.loop !10

; Exit blocks
7:                                                ; preds = %2
  %.06.lcssa = phi i32 [ %.06, %2 ]
  ret i32 %.06.lcssa
*** IR Dump After LoopRotatePass on Parallel Loop at depth 1 containing: %2<header><exiting>,%4<latch> ***

; Preheader:
.lr.ph:                                           ; preds = %1
  br label %3

; Loop:
3:                                                ; preds = %.lr.ph, %3
  %.08 = phi i32 [ 0, %.lr.ph ], [ %5, %3 ]
  %.067 = phi i32 [ 0, %.lr.ph ], [ %4, %3 ]
  %4 = add nuw nsw i32 %.08, %.067
  %5 = add nuw nsw i32 %.08, 1
  %6 = icmp slt i32 %5, %0
  br i1 %6, label %3, label %._crit_edge, !llvm.loop !10

; Exit blocks
._crit_edge:                                      ; preds = %3
  %split = phi i32 [ %4, %3 ]
  br label %7
*** IR Dump Before LICMPass on Parallel Loop at depth 1 containing: %3<header><latch><exiting> ***

; Preheader:
.lr.ph:                                           ; preds = %1
  br label %3

; Loop:
3:                                                ; preds = %.lr.ph, %3
  %.08 = phi i32 [ 0, %.lr.ph ], [ %5, %3 ]
  %.067 = phi i32 [ 0, %.lr.ph ], [ %4, %3 ]
  %4 = add nuw nsw i32 %.08, %.067
  %5 = add nuw nsw i32 %.08, 1
  %6 = icmp slt i32 %5, %0
  br i1 %6, label %3, label %._crit_edge, !llvm.loop !10

; Exit blocks
._crit_edge:                                      ; preds = %3
  %split = phi i32 [ %4, %3 ]
  br label %7
*** IR Dump After LICMPass on Parallel Loop at depth 1 containing: %3<header><latch><exiting> ***

; Preheader:
.lr.ph:                                           ; preds = %1
  br label %3

; Loop:
3:                                                ; preds = %.lr.ph, %3
  %.08 = phi i32 [ 0, %.lr.ph ], [ %5, %3 ]
  %.067 = phi i32 [ 0, %.lr.ph ], [ %4, %3 ]
  %4 = add nuw nsw i32 %.08, %.067
  %5 = add nuw nsw i32 %.08, 1
  %6 = icmp slt i32 %5, %0
  br i1 %6, label %3, label %._crit_edge, !llvm.loop !10

; Exit blocks
._crit_edge:                                      ; preds = %3
  %split = phi i32 [ %4, %3 ]
  br label %7
*** IR Dump Before SimpleLoopUnswitchPass on Parallel Loop at depth 1 containing: %3<header><latch><exiting> ***

; Preheader:
.lr.ph:                                           ; preds = %1
  br label %3

; Loop:
3:                                                ; preds = %.lr.ph, %3
  %.08 = phi i32 [ 0, %.lr.ph ], [ %5, %3 ]
  %.067 = phi i32 [ 0, %.lr.ph ], [ %4, %3 ]
  %4 = add nuw nsw i32 %.08, %.067
  %5 = add nuw nsw i32 %.08, 1
  %6 = icmp slt i32 %5, %0
  br i1 %6, label %3, label %._crit_edge, !llvm.loop !10

; Exit blocks
._crit_edge:                                      ; preds = %3
  %split = phi i32 [ %4, %3 ]
  br label %7
*** IR Dump After SimpleLoopUnswitchPass on Parallel Loop at depth 1 containing: %3<header><latch><exiting> ***

; Preheader:
.lr.ph:                                           ; preds = %1
  br label %3

; Loop:
3:                                                ; preds = %.lr.ph, %3
  %.08 = phi i32 [ 0, %.lr.ph ], [ %5, %3 ]
  %.067 = phi i32 [ 0, %.lr.ph ], [ %4, %3 ]
  %4 = add nuw nsw i32 %.08, %.067
  %5 = add nuw nsw i32 %.08, 1
  %6 = icmp slt i32 %5, %0
  br i1 %6, label %3, label %._crit_edge, !llvm.loop !10

; Exit blocks
._crit_edge:                                      ; preds = %3
  %split = phi i32 [ %4, %3 ]
  br label %7
*** IR Dump Before SimplifyCFGPass on accumulate ***
; Function Attrs: nofree norecurse nosync nounwind readnone uwtable
define dso_local i32 @accumulate(i32 noundef %0) local_unnamed_addr #0 {
  %2 = icmp slt i32 0, %0
  br i1 %2, label %.lr.ph, label %7

.lr.ph:                                           ; preds = %1
  br label %3

3:                                                ; preds = %.lr.ph, %3
  %.08 = phi i32 [ 0, %.lr.ph ], [ %5, %3 ]
  %.067 = phi i32 [ 0, %.lr.ph ], [ %4, %3 ]
  %4 = add nuw nsw i32 %.08, %.067
  %5 = add nuw nsw i32 %.08, 1
  %6 = icmp slt i32 %5, %0
  br i1 %6, label %3, label %._crit_edge, !llvm.loop !10

._crit_edge:                                      ; preds = %3
  %split = phi i32 [ %4, %3 ]
  br label %7

7:                                                ; preds = %._crit_edge, %1
  %.06.lcssa = phi i32 [ %split, %._crit_edge ], [ 0, %1 ]
  ret i32 %.06.lcssa
}
*** IR Dump After SimplifyCFGPass on accumulate ***
; Function Attrs: nofree norecurse nosync nounwind readnone uwtable
define dso_local i32 @accumulate(i32 noundef %0) local_unnamed_addr #0 {
  %2 = icmp slt i32 0, %0
  br i1 %2, label %.lr.ph, label %._crit_edge

.lr.ph:                                           ; preds = %1, %.lr.ph
  %.08 = phi i32 [ %4, %.lr.ph ], [ 0, %1 ]
  %.067 = phi i32 [ %3, %.lr.ph ], [ 0, %1 ]
  %3 = add nuw nsw i32 %.08, %.067
  %4 = add nuw nsw i32 %.08, 1
  %5 = icmp slt i32 %4, %0
  br i1 %5, label %.lr.ph, label %._crit_edge, !llvm.loop !10

._crit_edge:                                      ; preds = %.lr.ph, %1
  %.06.lcssa = phi i32 [ 0, %1 ], [ %3, %.lr.ph ]
  ret i32 %.06.lcssa
}
*** IR Dump Before InstCombinePass on accumulate ***
; Function Attrs: nofree norecurse nosync nounwind readnone uwtable
define dso_local i32 @accumulate(i32 noundef %0) local_unnamed_addr #0 {
  %2 = icmp slt i32 0, %0
  br i1 %2, label %.lr.ph, label %._crit_edge

.lr.ph:                                           ; preds = %1, %.lr.ph
  %.08 = phi i32 [ %4, %.lr.ph ], [ 0, %1 ]
  %.067 = phi i32 [ %3, %.lr.ph ], [ 0, %1 ]
  %3 = add nuw nsw i32 %.08, %.067
  %4 = add nuw nsw i32 %.08, 1
  %5 = icmp slt i32 %4, %0
  br i1 %5, label %.lr.ph, label %._crit_edge, !llvm.loop !10

._crit_edge:                                      ; preds = %.lr.ph, %1
  %.06.lcssa = phi i32 [ 0, %1 ], [ %3, %.lr.ph ]
  ret i32 %.06.lcssa
}
*** IR Dump After InstCombinePass on accumulate ***
; Function Attrs: nofree norecurse nosync nounwind readnone uwtable
define dso_local i32 @accumulate(i32 noundef %0) local_unnamed_addr #0 {
  %2 = icmp sgt i32 %0, 0
  br i1 %2, label %.lr.ph, label %._crit_edge

.lr.ph:                                           ; preds = %1, %.lr.ph
  %.08 = phi i32 [ %4, %.lr.ph ], [ 0, %1 ]
  %.067 = phi i32 [ %3, %.lr.ph ], [ 0, %1 ]
  %3 = add nuw nsw i32 %.08, %.067
  %4 = add nuw nsw i32 %.08, 1
  %5 = icmp slt i32 %4, %0
  br i1 %5, label %.lr.ph, label %._crit_edge, !llvm.loop !10

._crit_edge:                                      ; preds = %.lr.ph, %1
  %.06.lcssa = phi i32 [ 0, %1 ], [ %3, %.lr.ph ]
  ret i32 %.06.lcssa
}
*** IR Dump Before LoopSimplifyPass on accumulate ***
; Function Attrs: nofree norecurse nosync nounwind readnone uwtable
define dso_local i32 @accumulate(i32 noundef %0) local_unnamed_addr #0 {
  %2 = icmp sgt i32 %0, 0
  br i1 %2, label %.lr.ph, label %._crit_edge

.lr.ph:                                           ; preds = %1, %.lr.ph
  %.08 = phi i32 [ %4, %.lr.ph ], [ 0, %1 ]
  %.067 = phi i32 [ %3, %.lr.ph ], [ 0, %1 ]
  %3 = add nuw nsw i32 %.08, %.067
  %4 = add nuw nsw i32 %.08, 1
  %5 = icmp slt i32 %4, %0
  br i1 %5, label %.lr.ph, label %._crit_edge, !llvm.loop !10

._crit_edge:                                      ; preds = %.lr.ph, %1
  %.06.lcssa = phi i32 [ 0, %1 ], [ %3, %.lr.ph ]
  ret i32 %.06.lcssa
}
*** IR Dump After LoopSimplifyPass on accumulate ***
; Function Attrs: nofree norecurse nosync nounwind readnone uwtable
define dso_local i32 @accumulate(i32 noundef %0) local_unnamed_addr #0 {
  %2 = icmp sgt i32 %0, 0
  br i1 %2, label %.lr.ph.preheader, label %._crit_edge

.lr.ph.preheader:                                 ; preds = %1
  br label %.lr.ph

.lr.ph:                                           ; preds = %.lr.ph.preheader, %.lr.ph
  %.08 = phi i32 [ %4, %.lr.ph ], [ 0, %.lr.ph.preheader ]
  %.067 = phi i32 [ %3, %.lr.ph ], [ 0, %.lr.ph.preheader ]
  %3 = add nuw nsw i32 %.08, %.067
  %4 = add nuw nsw i32 %.08, 1
  %5 = icmp slt i32 %4, %0
  br i1 %5, label %.lr.ph, label %._crit_edge.loopexit, !llvm.loop !10

._crit_edge.loopexit:                             ; preds = %.lr.ph
  br label %._crit_edge

._crit_edge:                                      ; preds = %._crit_edge.loopexit, %1
  %.06.lcssa = phi i32 [ 0, %1 ], [ %3, %._crit_edge.loopexit ]
  ret i32 %.06.lcssa
}
*** IR Dump Before LCSSAPass on accumulate ***
; Function Attrs: nofree norecurse nosync nounwind readnone uwtable
define dso_local i32 @accumulate(i32 noundef %0) local_unnamed_addr #0 {
  %2 = icmp sgt i32 %0, 0
  br i1 %2, label %.lr.ph.preheader, label %._crit_edge

.lr.ph.preheader:                                 ; preds = %1
  br label %.lr.ph

.lr.ph:                                           ; preds = %.lr.ph.preheader, %.lr.ph
  %.08 = phi i32 [ %4, %.lr.ph ], [ 0, %.lr.ph.preheader ]
  %.067 = phi i32 [ %3, %.lr.ph ], [ 0, %.lr.ph.preheader ]
  %3 = add nuw nsw i32 %.08, %.067
  %4 = add nuw nsw i32 %.08, 1
  %5 = icmp slt i32 %4, %0
  br i1 %5, label %.lr.ph, label %._crit_edge.loopexit, !llvm.loop !10

._crit_edge.loopexit:                             ; preds = %.lr.ph
  br label %._crit_edge

._crit_edge:                                      ; preds = %._crit_edge.loopexit, %1
  %.06.lcssa = phi i32 [ 0, %1 ], [ %3, %._crit_edge.loopexit ]
  ret i32 %.06.lcssa
}
*** IR Dump After LCSSAPass on accumulate ***
; Function Attrs: nofree norecurse nosync nounwind readnone uwtable
define dso_local i32 @accumulate(i32 noundef %0) local_unnamed_addr #0 {
  %2 = icmp sgt i32 %0, 0
  br i1 %2, label %.lr.ph.preheader, label %._crit_edge

.lr.ph.preheader:                                 ; preds = %1
  br label %.lr.ph

.lr.ph:                                           ; preds = %.lr.ph.preheader, %.lr.ph
  %.08 = phi i32 [ %4, %.lr.ph ], [ 0, %.lr.ph.preheader ]
  %.067 = phi i32 [ %3, %.lr.ph ], [ 0, %.lr.ph.preheader ]
  %3 = add nuw nsw i32 %.08, %.067
  %4 = add nuw nsw i32 %.08, 1
  %5 = icmp slt i32 %4, %0
  br i1 %5, label %.lr.ph, label %._crit_edge.loopexit, !llvm.loop !10

._crit_edge.loopexit:                             ; preds = %.lr.ph
  %.lcssa = phi i32 [ %3, %.lr.ph ]
  br label %._crit_edge

._crit_edge:                                      ; preds = %._crit_edge.loopexit, %1
  %.06.lcssa = phi i32 [ 0, %1 ], [ %.lcssa, %._crit_edge.loopexit ]
  ret i32 %.06.lcssa
}
*** IR Dump Before LoopIdiomRecognizePass on Parallel Loop at depth 1 containing: %.lr.ph<header><latch><exiting> ***

; Preheader:
.lr.ph.preheader:                                 ; preds = %1
  br label %.lr.ph

; Loop:
.lr.ph:                                           ; preds = %.lr.ph.preheader, %.lr.ph
  %.08 = phi i32 [ %4, %.lr.ph ], [ 0, %.lr.ph.preheader ]
  %.067 = phi i32 [ %3, %.lr.ph ], [ 0, %.lr.ph.preheader ]
  %3 = add nuw nsw i32 %.08, %.067
  %4 = add nuw nsw i32 %.08, 1
  %5 = icmp slt i32 %4, %0
  br i1 %5, label %.lr.ph, label %._crit_edge.loopexit, !llvm.loop !10

; Exit blocks
._crit_edge.loopexit:                             ; preds = %.lr.ph
  %.lcssa = phi i32 [ %3, %.lr.ph ]
  br label %._crit_edge
*** IR Dump After LoopIdiomRecognizePass on Parallel Loop at depth 1 containing: %.lr.ph<header><latch><exiting> ***

; Preheader:
.lr.ph.preheader:                                 ; preds = %1
  br label %.lr.ph

; Loop:
.lr.ph:                                           ; preds = %.lr.ph.preheader, %.lr.ph
  %.08 = phi i32 [ %4, %.lr.ph ], [ 0, %.lr.ph.preheader ]
  %.067 = phi i32 [ %3, %.lr.ph ], [ 0, %.lr.ph.preheader ]
  %3 = add nuw nsw i32 %.08, %.067
  %4 = add nuw nsw i32 %.08, 1
  %5 = icmp slt i32 %4, %0
  br i1 %5, label %.lr.ph, label %._crit_edge.loopexit, !llvm.loop !10

; Exit blocks
._crit_edge.loopexit:                             ; preds = %.lr.ph
  %.lcssa = phi i32 [ %3, %.lr.ph ]
  br label %._crit_edge
*** IR Dump Before IndVarSimplifyPass on Parallel Loop at depth 1 containing: %.lr.ph<header><latch><exiting> ***

; Preheader:
.lr.ph.preheader:                                 ; preds = %1
  br label %.lr.ph

; Loop:
.lr.ph:                                           ; preds = %.lr.ph.preheader, %.lr.ph
  %.08 = phi i32 [ %4, %.lr.ph ], [ 0, %.lr.ph.preheader ]
  %.067 = phi i32 [ %3, %.lr.ph ], [ 0, %.lr.ph.preheader ]
  %3 = add nuw nsw i32 %.08, %.067
  %4 = add nuw nsw i32 %.08, 1
  %5 = icmp slt i32 %4, %0
  br i1 %5, label %.lr.ph, label %._crit_edge.loopexit, !llvm.loop !10

; Exit blocks
._crit_edge.loopexit:                             ; preds = %.lr.ph
  %.lcssa = phi i32 [ %3, %.lr.ph ]
  br label %._crit_edge
*** IR Dump After IndVarSimplifyPass on Parallel Loop at depth 1 containing: %.lr.ph<header><latch><exiting> ***

; Preheader:
.lr.ph.preheader:                                 ; preds = %1
  %3 = add i32 %0, -1
  %4 = zext i32 %3 to i33
  %5 = add i32 %0, -2
  %6 = zext i32 %5 to i33
  %7 = mul i33 %4, %6
  %8 = lshr i33 %7, 1
  %9 = trunc i33 %8 to i32
  %10 = add i32 %0, %9
  br label %.lr.ph

; Loop:
.lr.ph:                                           ; preds = %.lr.ph.preheader, %.lr.ph
  %.08 = phi i32 [ %11, %.lr.ph ], [ 0, %.lr.ph.preheader ]
  %11 = add nuw nsw i32 %.08, 1
  br i1 false, label %.lr.ph, label %._crit_edge.loopexit, !llvm.loop !10

; Exit blocks
._crit_edge.loopexit:                             ; preds = %.lr.ph
  %12 = add i32 %10, -1
  br label %._crit_edge
*** IR Dump Before LoopDeletionPass on Parallel Loop at depth 1 containing: %.lr.ph<header><latch><exiting> ***

; Preheader:
.lr.ph.preheader:                                 ; preds = %1
  %3 = add i32 %0, -1
  %4 = zext i32 %3 to i33
  %5 = add i32 %0, -2
  %6 = zext i32 %5 to i33
  %7 = mul i33 %4, %6
  %8 = lshr i33 %7, 1
  %9 = trunc i33 %8 to i32
  %10 = add i32 %0, %9
  br label %.lr.ph

; Loop:
.lr.ph:                                           ; preds = %.lr.ph.preheader, %.lr.ph
  %.08 = phi i32 [ %11, %.lr.ph ], [ 0, %.lr.ph.preheader ]
  %11 = add nuw nsw i32 %.08, 1
  br i1 false, label %.lr.ph, label %._crit_edge.loopexit, !llvm.loop !10

; Exit blocks
._crit_edge.loopexit:                             ; preds = %.lr.ph
  %12 = add i32 %10, -1
  br label %._crit_edge
*** IR Dump After LoopDeletionPass on Parallel Loop at depth 1 containing: %.lr.ph<header><latch><exiting> (invalidated) ***
; ModuleID = 'accumulate.in.ll'
source_filename = "accumulate.c"
target datalayout = "e-m:e-i8:8:32-i16:16:32-i64:64-i128:128-n32:64-S128"
target triple = "aarch64-unknown-linux-gnu"

; Function Attrs: nofree norecurse nosync nounwind readnone uwtable
define dso_local i32 @accumulate(i32 noundef %0) local_unnamed_addr #0 {
  %2 = icmp sgt i32 %0, 0
  br i1 %2, label %.lr.ph.preheader, label %._crit_edge

.lr.ph.preheader:                                 ; preds = %1
  %3 = add i32 %0, -1
  %4 = zext i32 %3 to i33
  %5 = add i32 %0, -2
  %6 = zext i32 %5 to i33
  %7 = mul i33 %4, %6
  %8 = lshr i33 %7, 1
  %9 = trunc i33 %8 to i32
  %10 = add i32 %0, %9
  br label %._crit_edge.loopexit

._crit_edge.loopexit:                             ; preds = %.lr.ph.preheader
  %11 = add i32 %10, -1
  br label %._crit_edge

._crit_edge:                                      ; preds = %._crit_edge.loopexit, %1
  %.06.lcssa = phi i32 [ 0, %1 ], [ %11, %._crit_edge.loopexit ]
  ret i32 %.06.lcssa
}

attributes #0 = { nofree norecurse nosync nounwind readnone uwtable "frame-pointer"="non-leaf" "min-legal-vector-width"="0" "no-trapping-math"="true" "stack-protector-buffer-size"="8" "target-cpu"="generic" "target-features"="+neon,+outline-atomics,+v8a" }

!llvm.module.flags = !{!0, !1, !2, !3, !4, !5, !6, !7, !8}
!llvm.ident = !{!9}

!0 = !{i32 1, !"wchar_size", i32 4}
!1 = !{i32 1, !"branch-target-enforcement", i32 0}
!2 = !{i32 1, !"sign-return-address", i32 0}
!3 = !{i32 1, !"sign-return-address-all", i32 0}
!4 = !{i32 1, !"sign-return-address-with-bkey", i32 0}
!5 = !{i32 7, !"PIC Level", i32 2}
!6 = !{i32 7, !"PIE Level", i32 2}
!7 = !{i32 7, !"uwtable", i32 1}
!8 = !{i32 7, !"frame-pointer", i32 1}
!9 = !{!"Ubuntu clang version 14.0.0-1ubuntu1.1"}
*** IR Dump Before SROAPass on accumulate ***
; Function Attrs: nofree norecurse nosync nounwind readnone uwtable
define dso_local i32 @accumulate(i32 noundef %0) local_unnamed_addr #0 {
  %2 = icmp sgt i32 %0, 0
  br i1 %2, label %.lr.ph.preheader, label %._crit_edge

.lr.ph.preheader:                                 ; preds = %1
  %3 = add i32 %0, -1
  %4 = zext i32 %3 to i33
  %5 = add i32 %0, -2
  %6 = zext i32 %5 to i33
  %7 = mul i33 %4, %6
  %8 = lshr i33 %7, 1
  %9 = trunc i33 %8 to i32
  %10 = add i32 %0, %9
  br label %._crit_edge.loopexit

._crit_edge.loopexit:                             ; preds = %.lr.ph.preheader
  %11 = add i32 %10, -1
  br label %._crit_edge

._crit_edge:                                      ; preds = %._crit_edge.loopexit, %1
  %.06.lcssa = phi i32 [ 0, %1 ], [ %11, %._crit_edge.loopexit ]
  ret i32 %.06.lcssa
}
*** IR Dump After SROAPass on accumulate ***
; Function Attrs: nofree norecurse nosync nounwind readnone uwtable
define dso_local i32 @accumulate(i32 noundef %0) local_unnamed_addr #0 {
  %2 = icmp sgt i32 %0, 0
  br i1 %2, label %.lr.ph.preheader, label %._crit_edge

.lr.ph.preheader:                                 ; preds = %1
  %3 = add i32 %0, -1
  %4 = zext i32 %3 to i33
  %5 = add i32 %0, -2
  %6 = zext i32 %5 to i33
  %7 = mul i33 %4, %6
  %8 = lshr i33 %7, 1
  %9 = trunc i33 %8 to i32
  %10 = add i32 %0, %9
  br label %._crit_edge.loopexit

._crit_edge.loopexit:                             ; preds = %.lr.ph.preheader
  %11 = add i32 %10, -1
  br label %._crit_edge

._crit_edge:                                      ; preds = %._crit_edge.loopexit, %1
  %.06.lcssa = phi i32 [ 0, %1 ], [ %11, %._crit_edge.loopexit ]
  ret i32 %.06.lcssa
}
*** IR Dump Before MemCpyOptPass on accumulate ***
; Function Attrs: nofree norecurse nosync nounwind readnone uwtable
define dso_local i32 @accumulate(i32 noundef %0) local_unnamed_addr #0 {
  %2 = icmp sgt i32 %0, 0
  br i1 %2, label %.lr.ph.preheader, label %._crit_edge

.lr.ph.preheader:                                 ; preds = %1
  %3 = add i32 %0, -1
  %4 = zext i32 %3 to i33
  %5 = add i32 %0, -2
  %6 = zext i32 %5 to i33
  %7 = mul i33 %4, %6
  %8 = lshr i33 %7, 1
  %9 = trunc i33 %8 to i32
  %10 = add i32 %0, %9
  br label %._crit_edge.loopexit

._crit_edge.loopexit:                             ; preds = %.lr.ph.preheader
  %11 = add i32 %10, -1
  br label %._crit_edge

._crit_edge:                                      ; preds = %._crit_edge.loopexit, %1
  %.06.lcssa = phi i32 [ 0, %1 ], [ %11, %._crit_edge.loopexit ]
  ret i32 %.06.lcssa
}
*** IR Dump After MemCpyOptPass on accumulate ***
; Function Attrs: nofree norecurse nosync nounwind readnone uwtable
define dso_local i32 @accumulate(i32 noundef %0) local_unnamed_addr #0 {
  %2 = icmp sgt i32 %0, 0
  br i1 %2, label %.lr.ph.preheader, label %._crit_edge

.lr.ph.preheader:                                 ; preds = %1
  %3 = add i32 %0, -1
  %4 = zext i32 %3 to i33
  %5 = add i32 %0, -2
  %6 = zext i32 %5 to i33
  %7 = mul i33 %4, %6
  %8 = lshr i33 %7, 1
  %9 = trunc i33 %8 to i32
  %10 = add i32 %0, %9
  br label %._crit_edge.loopexit

._crit_edge.loopexit:                             ; preds = %.lr.ph.preheader
  %11 = add i32 %10, -1
  br label %._crit_edge

._crit_edge:                                      ; preds = %._crit_edge.loopexit, %1
  %.06.lcssa = phi i32 [ 0, %1 ], [ %11, %._crit_edge.loopexit ]
  ret i32 %.06.lcssa
}
*** IR Dump Before SCCPPass on accumulate ***
; Function Attrs: nofree norecurse nosync nounwind readnone uwtable
define dso_local i32 @accumulate(i32 noundef %0) local_unnamed_addr #0 {
  %2 = icmp sgt i32 %0, 0
  br i1 %2, label %.lr.ph.preheader, label %._crit_edge

.lr.ph.preheader:                                 ; preds = %1
  %3 = add i32 %0, -1
  %4 = zext i32 %3 to i33
  %5 = add i32 %0, -2
  %6 = zext i32 %5 to i33
  %7 = mul i33 %4, %6
  %8 = lshr i33 %7, 1
  %9 = trunc i33 %8 to i32
  %10 = add i32 %0, %9
  br label %._crit_edge.loopexit

._crit_edge.loopexit:                             ; preds = %.lr.ph.preheader
  %11 = add i32 %10, -1
  br label %._crit_edge

._crit_edge:                                      ; preds = %._crit_edge.loopexit, %1
  %.06.lcssa = phi i32 [ 0, %1 ], [ %11, %._crit_edge.loopexit ]
  ret i32 %.06.lcssa
}
*** IR Dump After SCCPPass on accumulate ***
; Function Attrs: nofree norecurse nosync nounwind readnone uwtable
define dso_local i32 @accumulate(i32 noundef %0) local_unnamed_addr #0 {
  %2 = icmp sgt i32 %0, 0
  br i1 %2, label %.lr.ph.preheader, label %._crit_edge

.lr.ph.preheader:                                 ; preds = %1
  %3 = add i32 %0, -1
  %4 = zext i32 %3 to i33
  %5 = add i32 %0, -2
  %6 = zext i32 %5 to i33
  %7 = mul i33 %4, %6
  %8 = lshr i33 %7, 1
  %9 = trunc i33 %8 to i32
  %10 = add i32 %0, %9
  br label %._crit_edge.loopexit

._crit_edge.loopexit:                             ; preds = %.lr.ph.preheader
  %11 = add i32 %10, -1
  br label %._crit_edge

._crit_edge:                                      ; preds = %._crit_edge.loopexit, %1
  %.06.lcssa = phi i32 [ 0, %1 ], [ %11, %._crit_edge.loopexit ]
  ret i32 %.06.lcssa
}
*** IR Dump Before BDCEPass on accumulate ***
; Function Attrs: nofree norecurse nosync nounwind readnone uwtable
define dso_local i32 @accumulate(i32 noundef %0) local_unnamed_addr #0 {
  %2 = icmp sgt i32 %0, 0
  br i1 %2, label %.lr.ph.preheader, label %._crit_edge

.lr.ph.preheader:                                 ; preds = %1
  %3 = add i32 %0, -1
  %4 = zext i32 %3 to i33
  %5 = add i32 %0, -2
  %6 = zext i32 %5 to i33
  %7 = mul i33 %4, %6
  %8 = lshr i33 %7, 1
  %9 = trunc i33 %8 to i32
  %10 = add i32 %0, %9
  br label %._crit_edge.loopexit

._crit_edge.loopexit:                             ; preds = %.lr.ph.preheader
  %11 = add i32 %10, -1
  br label %._crit_edge

._crit_edge:                                      ; preds = %._crit_edge.loopexit, %1
  %.06.lcssa = phi i32 [ 0, %1 ], [ %11, %._crit_edge.loopexit ]
  ret i32 %.06.lcssa
}
*** IR Dump After BDCEPass on accumulate ***
; Function Attrs: nofree norecurse nosync nounwind readnone uwtable
define dso_local i32 @accumulate(i32 noundef %0) local_unnamed_addr #0 {
  %2 = icmp sgt i32 %0, 0
  br i1 %2, label %.lr.ph.preheader, label %._crit_edge

.lr.ph.preheader:                                 ; preds = %1
  %3 = add i32 %0, -1
  %4 = zext i32 %3 to i33
  %5 = add i32 %0, -2
  %6 = zext i32 %5 to i33
  %7 = mul i33 %4, %6
  %8 = lshr i33 %7, 1
  %9 = trunc i33 %8 to i32
  %10 = add i32 %0, %9
  br label %._crit_edge.loopexit

._crit_edge.loopexit:                             ; preds = %.lr.ph.preheader
  %11 = add i32 %10, -1
  br label %._crit_edge

._crit_edge:                                      ; preds = %._crit_edge.loopexit, %1
  %.06.lcssa = phi i32 [ 0, %1 ], [ %11, %._crit_edge.loopexit ]
  ret i32 %.06.lcssa
}
*** IR Dump Before InstCombinePass on accumulate ***
; Function Attrs: nofree norecurse nosync nounwind readnone uwtable
define dso_local i32 @accumulate(i32 noundef %0) local_unnamed_addr #0 {
  %2 = icmp sgt i32 %0, 0
  br i1 %2, label %.lr.ph.preheader, label %._crit_edge

.lr.ph.preheader:                                 ; preds = %1
  %3 = add i32 %0, -1
  %4 = zext i32 %3 to i33
  %5 = add i32 %0, -2
  %6 = zext i32 %5 to i33
  %7 = mul i33 %4, %6
  %8 = lshr i33 %7, 1
  %9 = trunc i33 %8 to i32
  %10 = add i32 %0, %9
  br label %._crit_edge.loopexit

._crit_edge.loopexit:                             ; preds = %.lr.ph.preheader
  %11 = add i32 %10, -1
  br label %._crit_edge

._crit_edge:                                      ; preds = %._crit_edge.loopexit, %1
  %.06.lcssa = phi i32 [ 0, %1 ], [ %11, %._crit_edge.loopexit ]
  ret i32 %.06.lcssa
}
*** IR Dump After InstCombinePass on accumulate ***
; Function Attrs: nofree norecurse nosync nounwind readnone uwtable
define dso_local i32 @accumulate(i32 noundef %0) local_unnamed_addr #0 {
  %2 = icmp sgt i32 %0, 0
  br i1 %2, label %.lr.ph.preheader, label %._crit_edge

.lr.ph.preheader:                                 ; preds = %1
  br label %._crit_edge.loopexit

._crit_edge.loopexit:                             ; preds = %.lr.ph.preheader
  %3 = add i32 %0, -1
  %4 = zext i32 %3 to i33
  %5 = add i32 %0, -2
  %6 = zext i32 %5 to i33
  %7 = mul i33 %4, %6
  %8 = lshr i33 %7, 1
  %9 = trunc i33 %8 to i32
  %10 = add i32 %9, %0
  %11 = add i32 %10, -1
  br label %._crit_edge

._crit_edge:                                      ; preds = %._crit_edge.loopexit, %1
  %.06.lcssa = phi i32 [ 0, %1 ], [ %11, %._crit_edge.loopexit ]
  ret i32 %.06.lcssa
}
*** IR Dump Before CoroElidePass on accumulate ***
; Function Attrs: nofree norecurse nosync nounwind readnone uwtable
define dso_local i32 @accumulate(i32 noundef %0) local_unnamed_addr #0 {
  %2 = icmp sgt i32 %0, 0
  br i1 %2, label %.lr.ph.preheader, label %._crit_edge

.lr.ph.preheader:                                 ; preds = %1
  br label %._crit_edge.loopexit

._crit_edge.loopexit:                             ; preds = %.lr.ph.preheader
  %3 = add i32 %0, -1
  %4 = zext i32 %3 to i33
  %5 = add i32 %0, -2
  %6 = zext i32 %5 to i33
  %7 = mul i33 %4, %6
  %8 = lshr i33 %7, 1
  %9 = trunc i33 %8 to i32
  %10 = add i32 %9, %0
  %11 = add i32 %10, -1
  br label %._crit_edge

._crit_edge:                                      ; preds = %._crit_edge.loopexit, %1
  %.06.lcssa = phi i32 [ 0, %1 ], [ %11, %._crit_edge.loopexit ]
  ret i32 %.06.lcssa
}
*** IR Dump After CoroElidePass on accumulate ***
; Function Attrs: nofree norecurse nosync nounwind readnone uwtable
define dso_local i32 @accumulate(i32 noundef %0) local_unnamed_addr #0 {
  %2 = icmp sgt i32 %0, 0
  br i1 %2, label %.lr.ph.preheader, label %._crit_edge

.lr.ph.preheader:                                 ; preds = %1
  br label %._crit_edge.loopexit

._crit_edge.loopexit:                             ; preds = %.lr.ph.preheader
  %3 = add i32 %0, -1
  %4 = zext i32 %3 to i33
  %5 = add i32 %0, -2
  %6 = zext i32 %5 to i33
  %7 = mul i33 %4, %6
  %8 = lshr i33 %7, 1
  %9 = trunc i33 %8 to i32
  %10 = add i32 %9, %0
  %11 = add i32 %10, -1
  br label %._crit_edge

._crit_edge:                                      ; preds = %._crit_edge.loopexit, %1
  %.06.lcssa = phi i32 [ 0, %1 ], [ %11, %._crit_edge.loopexit ]
  ret i32 %.06.lcssa
}
*** IR Dump Before ADCEPass on accumulate ***
; Function Attrs: nofree norecurse nosync nounwind readnone uwtable
define dso_local i32 @accumulate(i32 noundef %0) local_unnamed_addr #0 {
  %2 = icmp sgt i32 %0, 0
  br i1 %2, label %.lr.ph.preheader, label %._crit_edge

.lr.ph.preheader:                                 ; preds = %1
  br label %._crit_edge.loopexit

._crit_edge.loopexit:                             ; preds = %.lr.ph.preheader
  %3 = add i32 %0, -1
  %4 = zext i32 %3 to i33
  %5 = add i32 %0, -2
  %6 = zext i32 %5 to i33
  %7 = mul i33 %4, %6
  %8 = lshr i33 %7, 1
  %9 = trunc i33 %8 to i32
  %10 = add i32 %9, %0
  %11 = add i32 %10, -1
  br label %._crit_edge

._crit_edge:                                      ; preds = %._crit_edge.loopexit, %1
  %.06.lcssa = phi i32 [ 0, %1 ], [ %11, %._crit_edge.loopexit ]
  ret i32 %.06.lcssa
}
*** IR Dump After ADCEPass on accumulate ***
; Function Attrs: nofree norecurse nosync nounwind readnone uwtable
define dso_local i32 @accumulate(i32 noundef %0) local_unnamed_addr #0 {
  %2 = icmp sgt i32 %0, 0
  br i1 %2, label %.lr.ph.preheader, label %._crit_edge

.lr.ph.preheader:                                 ; preds = %1
  br label %._crit_edge.loopexit

._crit_edge.loopexit:                             ; preds = %.lr.ph.preheader
  %3 = add i32 %0, -1
  %4 = zext i32 %3 to i33
  %5 = add i32 %0, -2
  %6 = zext i32 %5 to i33
  %7 = mul i33 %4, %6
  %8 = lshr i33 %7, 1
  %9 = trunc i33 %8 to i32
  %10 = add i32 %9, %0
  %11 = add i32 %10, -1
  br label %._crit_edge

._crit_edge:                                      ; preds = %._crit_edge.loopexit, %1
  %.06.lcssa = phi i32 [ 0, %1 ], [ %11, %._crit_edge.loopexit ]
  ret i32 %.06.lcssa
}
*** IR Dump Before SimplifyCFGPass on accumulate ***
; Function Attrs: nofree norecurse nosync nounwind readnone uwtable
define dso_local i32 @accumulate(i32 noundef %0) local_unnamed_addr #0 {
  %2 = icmp sgt i32 %0, 0
  br i1 %2, label %.lr.ph.preheader, label %._crit_edge

.lr.ph.preheader:                                 ; preds = %1
  br label %._crit_edge.loopexit

._crit_edge.loopexit:                             ; preds = %.lr.ph.preheader
  %3 = add i32 %0, -1
  %4 = zext i32 %3 to i33
  %5 = add i32 %0, -2
  %6 = zext i32 %5 to i33
  %7 = mul i33 %4, %6
  %8 = lshr i33 %7, 1
  %9 = trunc i33 %8 to i32
  %10 = add i32 %9, %0
  %11 = add i32 %10, -1
  br label %._crit_edge

._crit_edge:                                      ; preds = %._crit_edge.loopexit, %1
  %.06.lcssa = phi i32 [ 0, %1 ], [ %11, %._crit_edge.loopexit ]
  ret i32 %.06.lcssa
}
*** IR Dump After SimplifyCFGPass on accumulate ***
; Function Attrs: nofree norecurse nosync nounwind readnone uwtable
define dso_local i32 @accumulate(i32 noundef %0) local_unnamed_addr #0 {
  %2 = icmp sgt i32 %0, 0
  br i1 %2, label %._crit_edge.loopexit, label %._crit_edge

._crit_edge.loopexit:                             ; preds = %1
  %3 = add i32 %0, -1
  %4 = zext i32 %3 to i33
  %5 = add i32 %0, -2
  %6 = zext i32 %5 to i33
  %7 = mul i33 %4, %6
  %8 = lshr i33 %7, 1
  %9 = trunc i33 %8 to i32
  %10 = add i32 %9, %0
  %11 = add i32 %10, -1
  br label %._crit_edge

._crit_edge:                                      ; preds = %._crit_edge.loopexit, %1
  %.06.lcssa = phi i32 [ 0, %1 ], [ %11, %._crit_edge.loopexit ]
  ret i32 %.06.lcssa
}
*** IR Dump Before InstCombinePass on accumulate ***
; Function Attrs: nofree norecurse nosync nounwind readnone uwtable
define dso_local i32 @accumulate(i32 noundef %0) local_unnamed_addr #0 {
  %2 = icmp sgt i32 %0, 0
  br i1 %2, label %._crit_edge.loopexit, label %._crit_edge

._crit_edge.loopexit:                             ; preds = %1
  %3 = add i32 %0, -1
  %4 = zext i32 %3 to i33
  %5 = add i32 %0, -2
  %6 = zext i32 %5 to i33
  %7 = mul i33 %4, %6
  %8 = lshr i33 %7, 1
  %9 = trunc i33 %8 to i32
  %10 = add i32 %9, %0
  %11 = add i32 %10, -1
  br label %._crit_edge

._crit_edge:                                      ; preds = %._crit_edge.loopexit, %1
  %.06.lcssa = phi i32 [ 0, %1 ], [ %11, %._crit_edge.loopexit ]
  ret i32 %.06.lcssa
}
*** IR Dump After InstCombinePass on accumulate ***
; Function Attrs: nofree norecurse nosync nounwind readnone uwtable
define dso_local i32 @accumulate(i32 noundef %0) local_unnamed_addr #0 {
  %2 = icmp sgt i32 %0, 0
  br i1 %2, label %._crit_edge.loopexit, label %._crit_edge

._crit_edge.loopexit:                             ; preds = %1
  %3 = add i32 %0, -1
  %4 = zext i32 %3 to i33
  %5 = add i32 %0, -2
  %6 = zext i32 %5 to i33
  %7 = mul i33 %4, %6
  %8 = lshr i33 %7, 1
  %9 = trunc i33 %8 to i32
  %10 = add i32 %9, %0
  %11 = add i32 %10, -1
  br label %._crit_edge

._crit_edge:                                      ; preds = %._crit_edge.loopexit, %1
  %.06.lcssa = phi i32 [ 0, %1 ], [ %11, %._crit_edge.loopexit ]
  ret i32 %.06.lcssa
}
*** IR Dump Before CoroSplitPass on (accumulate) ***
; Function Attrs: nofree norecurse nosync nounwind readnone uwtable
define dso_local i32 @accumulate(i32 noundef %0) local_unnamed_addr #0 {
  %2 = icmp sgt i32 %0, 0
  br i1 %2, label %._crit_edge.loopexit, label %._crit_edge

._crit_edge.loopexit:                             ; preds = %1
  %3 = add i32 %0, -1
  %4 = zext i32 %3 to i33
  %5 = add i32 %0, -2
  %6 = zext i32 %5 to i33
  %7 = mul i33 %4, %6
  %8 = lshr i33 %7, 1
  %9 = trunc i33 %8 to i32
  %10 = add i32 %9, %0
  %11 = add i32 %10, -1
  br label %._crit_edge

._crit_edge:                                      ; preds = %._crit_edge.loopexit, %1
  %.06.lcssa = phi i32 [ 0, %1 ], [ %11, %._crit_edge.loopexit ]
  ret i32 %.06.lcssa
}
*** IR Dump After CoroSplitPass on (accumulate) ***
; Function Attrs: nofree norecurse nosync nounwind readnone uwtable
define dso_local i32 @accumulate(i32 noundef %0) local_unnamed_addr #0 {
  %2 = icmp sgt i32 %0, 0
  br i1 %2, label %._crit_edge.loopexit, label %._crit_edge

._crit_edge.loopexit:                             ; preds = %1
  %3 = add i32 %0, -1
  %4 = zext i32 %3 to i33
  %5 = add i32 %0, -2
  %6 = zext i32 %5 to i33
  %7 = mul i33 %4, %6
  %8 = lshr i33 %7, 1
  %9 = trunc i33 %8 to i32
  %10 = add i32 %9, %0
  %11 = add i32 %10, -1
  br label %._crit_edge

._crit_edge:                                      ; preds = %._crit_edge.loopexit, %1
  %.06.lcssa = phi i32 [ 0, %1 ], [ %11, %._crit_edge.loopexit ]
  ret i32 %.06.lcssa
}
*** IR Dump Before GlobalOptPass on [module] ***
; ModuleID = 'accumulate.in.ll'
source_filename = "accumulate.c"
target datalayout = "e-m:e-i8:8:32-i16:16:32-i64:64-i128:128-n32:64-S128"
target triple = "aarch64-unknown-linux-gnu"

; Function Attrs: nofree norecurse nosync nounwind readnone uwtable
define dso_local i32 @accumulate(i32 noundef %0) local_unnamed_addr #0 {
  %2 = icmp sgt i32 %0, 0
  br i1 %2, label %._crit_edge.loopexit, label %._crit_edge

._crit_edge.loopexit:                             ; preds = %1
  %3 = add i32 %0, -1
  %4 = zext i32 %3 to i33
  %5 = add i32 %0, -2
  %6 = zext i32 %5 to i33
  %7 = mul i33 %4, %6
  %8 = lshr i33 %7, 1
  %9 = trunc i33 %8 to i32
  %10 = add i32 %9, %0
  %11 = add i32 %10, -1
  br label %._crit_edge

._crit_edge:                                      ; preds = %._crit_edge.loopexit, %1
  %.06.lcssa = phi i32 [ 0, %1 ], [ %11, %._crit_edge.loopexit ]
  ret i32 %.06.lcssa
}

attributes #0 = { nofree norecurse nosync nounwind readnone uwtable "frame-pointer"="non-leaf" "min-legal-vector-width"="0" "no-trapping-math"="true" "stack-protector-buffer-size"="8" "target-cpu"="generic" "target-features"="+neon,+outline-atomics,+v8a" }

!llvm.module.flags = !{!0, !1, !2, !3, !4, !5, !6, !7, !8}
!llvm.ident = !{!9}

!0 = !{i32 1, !"wchar_size", i32 4}
!1 = !{i32 1, !"branch-target-enforcement", i32 0}
!2 = !{i32 1, !"sign-return-address", i32 0}
!3 = !{i32 1, !"sign-return-address-all", i32 0}
!4 = !{i32 1, !"sign-return-address-with-bkey", i32 0}
!5 = !{i32 7, !"PIC Level", i32 2}
!6 = !{i32 7, !"PIE Level", i32 2}
!7 = !{i32 7, !"uwtable", i32 1}
!8 = !{i32 7, !"frame-pointer", i32 1}
!9 = !{!"Ubuntu clang version 14.0.0-1ubuntu1.1"}
*** IR Dump After GlobalOptPass on [module] ***
; ModuleID = 'accumulate.in.ll'
source_filename = "accumulate.c"
target datalayout = "e-m:e-i8:8:32-i16:16:32-i64:64-i128:128-n32:64-S128"
target triple = "aarch64-unknown-linux-gnu"

; Function Attrs: nofree norecurse nosync nounwind readnone uwtable
define dso_local i32 @accumulate(i32 noundef %0) local_unnamed_addr #0 {
  %2 = icmp sgt i32 %0, 0
  br i1 %2, label %._crit_edge.loopexit, label %._crit_edge

._crit_edge.loopexit:                             ; preds = %1
  %3 = add i32 %0, -1
  %4 = zext i32 %3 to i33
  %5 = add i32 %0, -2
  %6 = zext i32 %5 to i33
  %7 = mul i33 %4, %6
  %8 = lshr i33 %7, 1
  %9 = trunc i33 %8 to i32
  %10 = add i32 %9, %0
  %11 = add i32 %10, -1
  br label %._crit_edge

._crit_edge:                                      ; preds = %._crit_edge.loopexit, %1
  %.06.lcssa = phi i32 [ 0, %1 ], [ %11, %._crit_edge.loopexit ]
  ret i32 %.06.lcssa
}

attributes #0 = { nofree norecurse nosync nounwind readnone uwtable "frame-pointer"="non-leaf" "min-legal-vector-width"="0" "no-trapping-math"="true" "stack-protector-buffer-size"="8" "target-cpu"="generic" "target-features"="+neon,+outline-atomics,+v8a" }

!llvm.module.flags = !{!0, !1, !2, !3, !4, !5, !6, !7, !8}
!llvm.ident = !{!9}

!0 = !{i32 1, !"wchar_size", i32 4}
!1 = !{i32 1, !"branch-target-enforcement", i32 0}
!2 = !{i32 1, !"sign-return-address", i32 0}
!3 = !{i32 1, !"sign-return-address-all", i32 0}
!4 = !{i32 1, !"sign-return-address-with-bkey", i32 0}
!5 = !{i32 7, !"PIC Level", i32 2}
!6 = !{i32 7, !"PIE Level", i32 2}
!7 = !{i32 7, !"uwtable", i32 1}
!8 = !{i32 7, !"frame-pointer", i32 1}
!9 = !{!"Ubuntu clang version 14.0.0-1ubuntu1.1"}
*** IR Dump Before GlobalDCEPass on [module] ***
; ModuleID = 'accumulate.in.ll'
source_filename = "accumulate.c"
target datalayout = "e-m:e-i8:8:32-i16:16:32-i64:64-i128:128-n32:64-S128"
target triple = "aarch64-unknown-linux-gnu"

; Function Attrs: nofree norecurse nosync nounwind readnone uwtable
define dso_local i32 @accumulate(i32 noundef %0) local_unnamed_addr #0 {
  %2 = icmp sgt i32 %0, 0
  br i1 %2, label %._crit_edge.loopexit, label %._crit_edge

._crit_edge.loopexit:                             ; preds = %1
  %3 = add i32 %0, -1
  %4 = zext i32 %3 to i33
  %5 = add i32 %0, -2
  %6 = zext i32 %5 to i33
  %7 = mul i33 %4, %6
  %8 = lshr i33 %7, 1
  %9 = trunc i33 %8 to i32
  %10 = add i32 %9, %0
  %11 = add i32 %10, -1
  br label %._crit_edge

._crit_edge:                                      ; preds = %._crit_edge.loopexit, %1
  %.06.lcssa = phi i32 [ 0, %1 ], [ %11, %._crit_edge.loopexit ]
  ret i32 %.06.lcssa
}

attributes #0 = { nofree norecurse nosync nounwind readnone uwtable "frame-pointer"="non-leaf" "min-legal-vector-width"="0" "no-trapping-math"="true" "stack-protector-buffer-size"="8" "target-cpu"="generic" "target-features"="+neon,+outline-atomics,+v8a" }

!llvm.module.flags = !{!0, !1, !2, !3, !4, !5, !6, !7, !8}
!llvm.ident = !{!9}

!0 = !{i32 1, !"wchar_size", i32 4}
!1 = !{i32 1, !"branch-target-enforcement", i32 0}
!2 = !{i32 1, !"sign-return-address", i32 0}
!3 = !{i32 1, !"sign-return-address-all", i32 0}
!4 = !{i32 1, !"sign-return-address-with-bkey", i32 0}
!5 = !{i32 7, !"PIC Level", i32 2}
!6 = !{i32 7, !"PIE Level", i32 2}
!7 = !{i32 7, !"uwtable", i32 1}
!8 = !{i32 7, !"frame-pointer", i32 1}
!9 = !{!"Ubuntu clang version 14.0.0-1ubuntu1.1"}
*** IR Dump After GlobalDCEPass on [module] ***
; ModuleID = 'accumulate.in.ll'
source_filename = "accumulate.c"
target datalayout = "e-m:e-i8:8:32-i16:16:32-i64:64-i128:128-n32:64-S128"
target triple = "aarch64-unknown-linux-gnu"

; Function Attrs: nofree norecurse nosync nounwind readnone uwtable
define dso_local i32 @accumulate(i32 noundef %0) local_unnamed_addr #0 {
  %2 = icmp sgt i32 %0, 0
  br i1 %2, label %._crit_edge.loopexit, label %._crit_edge

._crit_edge.loopexit:                             ; preds = %1
  %3 = add i32 %0, -1
  %4 = zext i32 %3 to i33
  %5 = add i32 %0, -2
  %6 = zext i32 %5 to i33
  %7 = mul i33 %4, %6
  %8 = lshr i33 %7, 1
  %9 = trunc i33 %8 to i32
  %10 = add i32 %9, %0
  %11 = add i32 %10, -1
  br label %._crit_edge

._crit_edge:                                      ; preds = %._crit_edge.loopexit, %1
  %.06.lcssa = phi i32 [ 0, %1 ], [ %11, %._crit_edge.loopexit ]
  ret i32 %.06.lcssa
}

attributes #0 = { nofree norecurse nosync nounwind readnone uwtable "frame-pointer"="non-leaf" "min-legal-vector-width"="0" "no-trapping-math"="true" "stack-protector-buffer-size"="8" "target-cpu"="generic" "target-features"="+neon,+outline-atomics,+v8a" }

!llvm.module.flags = !{!0, !1, !2, !3, !4, !5, !6, !7, !8}
!llvm.ident = !{!9}

!0 = !{i32 1, !"wchar_size", i32 4}
!1 = !{i32 1, !"branch-target-enforcement", i32 0}
!2 = !{i32 1, !"sign-return-address", i32 0}
!3 = !{i32 1, !"sign-return-address-all", i32 0}
!4 = !{i32 1, !"sign-return-address-with-bkey", i32 0}
!5 = !{i32 7, !"PIC Level", i32 2}
!6 = !{i32 7, !"PIE Level", i32 2}
!7 = !{i32 7, !"uwtable", i32 1}
!8 = !{i32 7, !"frame-pointer", i32 1}
!9 = !{!"Ubuntu clang version 14.0.0-1ubuntu1.1"}
*** IR Dump Before EliminateAvailableExternallyPass on [module] ***
; ModuleID = 'accumulate.in.ll'
source_filename = "accumulate.c"
target datalayout = "e-m:e-i8:8:32-i16:16:32-i64:64-i128:128-n32:64-S128"
target triple = "aarch64-unknown-linux-gnu"

; Function Attrs: nofree norecurse nosync nounwind readnone uwtable
define dso_local i32 @accumulate(i32 noundef %0) local_unnamed_addr #0 {
  %2 = icmp sgt i32 %0, 0
  br i1 %2, label %._crit_edge.loopexit, label %._crit_edge

._crit_edge.loopexit:                             ; preds = %1
  %3 = add i32 %0, -1
  %4 = zext i32 %3 to i33
  %5 = add i32 %0, -2
  %6 = zext i32 %5 to i33
  %7 = mul i33 %4, %6
  %8 = lshr i33 %7, 1
  %9 = trunc i33 %8 to i32
  %10 = add i32 %9, %0
  %11 = add i32 %10, -1
  br label %._crit_edge

._crit_edge:                                      ; preds = %._crit_edge.loopexit, %1
  %.06.lcssa = phi i32 [ 0, %1 ], [ %11, %._crit_edge.loopexit ]
  ret i32 %.06.lcssa
}

attributes #0 = { nofree norecurse nosync nounwind readnone uwtable "frame-pointer"="non-leaf" "min-legal-vector-width"="0" "no-trapping-math"="true" "stack-protector-buffer-size"="8" "target-cpu"="generic" "target-features"="+neon,+outline-atomics,+v8a" }

!llvm.module.flags = !{!0, !1, !2, !3, !4, !5, !6, !7, !8}
!llvm.ident = !{!9}

!0 = !{i32 1, !"wchar_size", i32 4}
!1 = !{i32 1, !"branch-target-enforcement", i32 0}
!2 = !{i32 1, !"sign-return-address", i32 0}
!3 = !{i32 1, !"sign-return-address-all", i32 0}
!4 = !{i32 1, !"sign-return-address-with-bkey", i32 0}
!5 = !{i32 7, !"PIC Level", i32 2}
!6 = !{i32 7, !"PIE Level", i32 2}
!7 = !{i32 7, !"uwtable", i32 1}
!8 = !{i32 7, !"frame-pointer", i32 1}
!9 = !{!"Ubuntu clang version 14.0.0-1ubuntu1.1"}
*** IR Dump After EliminateAvailableExternallyPass on [module] ***
; ModuleID = 'accumulate.in.ll'
source_filename = "accumulate.c"
target datalayout = "e-m:e-i8:8:32-i16:16:32-i64:64-i128:128-n32:64-S128"
target triple = "aarch64-unknown-linux-gnu"

; Function Attrs: nofree norecurse nosync nounwind readnone uwtable
define dso_local i32 @accumulate(i32 noundef %0) local_unnamed_addr #0 {
  %2 = icmp sgt i32 %0, 0
  br i1 %2, label %._crit_edge.loopexit, label %._crit_edge

._crit_edge.loopexit:                             ; preds = %1
  %3 = add i32 %0, -1
  %4 = zext i32 %3 to i33
  %5 = add i32 %0, -2
  %6 = zext i32 %5 to i33
  %7 = mul i33 %4, %6
  %8 = lshr i33 %7, 1
  %9 = trunc i33 %8 to i32
  %10 = add i32 %9, %0
  %11 = add i32 %10, -1
  br label %._crit_edge

._crit_edge:                                      ; preds = %._crit_edge.loopexit, %1
  %.06.lcssa = phi i32 [ 0, %1 ], [ %11, %._crit_edge.loopexit ]
  ret i32 %.06.lcssa
}

attributes #0 = { nofree norecurse nosync nounwind readnone uwtable "frame-pointer"="non-leaf" "min-legal-vector-width"="0" "no-trapping-math"="true" "stack-protector-buffer-size"="8" "target-cpu"="generic" "target-features"="+neon,+outline-atomics,+v8a" }

!llvm.module.flags = !{!0, !1, !2, !3, !4, !5, !6, !7, !8}
!llvm.ident = !{!9}

!0 = !{i32 1, !"wchar_size", i32 4}
!1 = !{i32 1, !"branch-target-enforcement", i32 0}
!2 = !{i32 1, !"sign-return-address", i32 0}
!3 = !{i32 1, !"sign-return-address-all", i32 0}
!4 = !{i32 1, !"sign-return-address-with-bkey", i32 0}
!5 = !{i32 7, !"PIC Level", i32 2}
!6 = !{i32 7, !"PIE Level", i32 2}
!7 = !{i32 7, !"uwtable", i32 1}
!8 = !{i32 7, !"frame-pointer", i32 1}
!9 = !{!"Ubuntu clang version 14.0.0-1ubuntu1.1"}
*** IR Dump Before ReversePostOrderFunctionAttrsPass on [module] ***
; ModuleID = 'accumulate.in.ll'
source_filename = "accumulate.c"
target datalayout = "e-m:e-i8:8:32-i16:16:32-i64:64-i128:128-n32:64-S128"
target triple = "aarch64-unknown-linux-gnu"

; Function Attrs: nofree norecurse nosync nounwind readnone uwtable
define dso_local i32 @accumulate(i32 noundef %0) local_unnamed_addr #0 {
  %2 = icmp sgt i32 %0, 0
  br i1 %2, label %._crit_edge.loopexit, label %._crit_edge

._crit_edge.loopexit:                             ; preds = %1
  %3 = add i32 %0, -1
  %4 = zext i32 %3 to i33
  %5 = add i32 %0, -2
  %6 = zext i32 %5 to i33
  %7 = mul i33 %4, %6
  %8 = lshr i33 %7, 1
  %9 = trunc i33 %8 to i32
  %10 = add i32 %9, %0
  %11 = add i32 %10, -1
  br label %._crit_edge

._crit_edge:                                      ; preds = %._crit_edge.loopexit, %1
  %.06.lcssa = phi i32 [ 0, %1 ], [ %11, %._crit_edge.loopexit ]
  ret i32 %.06.lcssa
}

attributes #0 = { nofree norecurse nosync nounwind readnone uwtable "frame-pointer"="non-leaf" "min-legal-vector-width"="0" "no-trapping-math"="true" "stack-protector-buffer-size"="8" "target-cpu"="generic" "target-features"="+neon,+outline-atomics,+v8a" }

!llvm.module.flags = !{!0, !1, !2, !3, !4, !5, !6, !7, !8}
!llvm.ident = !{!9}

!0 = !{i32 1, !"wchar_size", i32 4}
!1 = !{i32 1, !"branch-target-enforcement", i32 0}
!2 = !{i32 1, !"sign-return-address", i32 0}
!3 = !{i32 1, !"sign-return-address-all", i32 0}
!4 = !{i32 1, !"sign-return-address-with-bkey", i32 0}
!5 = !{i32 7, !"PIC Level", i32 2}
!6 = !{i32 7, !"PIE Level", i32 2}
!7 = !{i32 7, !"uwtable", i32 1}
!8 = !{i32 7, !"frame-pointer", i32 1}
!9 = !{!"Ubuntu clang version 14.0.0-1ubuntu1.1"}
*** IR Dump After ReversePostOrderFunctionAttrsPass on [module] ***
; ModuleID = 'accumulate.in.ll'
source_filename = "accumulate.c"
target datalayout = "e-m:e-i8:8:32-i16:16:32-i64:64-i128:128-n32:64-S128"
target triple = "aarch64-unknown-linux-gnu"

; Function Attrs: nofree norecurse nosync nounwind readnone uwtable
define dso_local i32 @accumulate(i32 noundef %0) local_unnamed_addr #0 {
  %2 = icmp sgt i32 %0, 0
  br i1 %2, label %._crit_edge.loopexit, label %._crit_edge

._crit_edge.loopexit:                             ; preds = %1
  %3 = add i32 %0, -1
  %4 = zext i32 %3 to i33
  %5 = add i32 %0, -2
  %6 = zext i32 %5 to i33
  %7 = mul i33 %4, %6
  %8 = lshr i33 %7, 1
  %9 = trunc i33 %8 to i32
  %10 = add i32 %9, %0
  %11 = add i32 %10, -1
  br label %._crit_edge

._crit_edge:                                      ; preds = %._crit_edge.loopexit, %1
  %.06.lcssa = phi i32 [ 0, %1 ], [ %11, %._crit_edge.loopexit ]
  ret i32 %.06.lcssa
}

attributes #0 = { nofree norecurse nosync nounwind readnone uwtable "frame-pointer"="non-leaf" "min-legal-vector-width"="0" "no-trapping-math"="true" "stack-protector-buffer-size"="8" "target-cpu"="generic" "target-features"="+neon,+outline-atomics,+v8a" }

!llvm.module.flags = !{!0, !1, !2, !3, !4, !5, !6, !7, !8}
!llvm.ident = !{!9}

!0 = !{i32 1, !"wchar_size", i32 4}
!1 = !{i32 1, !"branch-target-enforcement", i32 0}
!2 = !{i32 1, !"sign-return-address", i32 0}
!3 = !{i32 1, !"sign-return-address-all", i32 0}
!4 = !{i32 1, !"sign-return-address-with-bkey", i32 0}
!5 = !{i32 7, !"PIC Level", i32 2}
!6 = !{i32 7, !"PIE Level", i32 2}
!7 = !{i32 7, !"uwtable", i32 1}
!8 = !{i32 7, !"frame-pointer", i32 1}
!9 = !{!"Ubuntu clang version 14.0.0-1ubuntu1.1"}
*** IR Dump Before RequireAnalysisPass<llvm::GlobalsAA, llvm::Module> on [module] ***
; ModuleID = 'accumulate.in.ll'
source_filename = "accumulate.c"
target datalayout = "e-m:e-i8:8:32-i16:16:32-i64:64-i128:128-n32:64-S128"
target triple = "aarch64-unknown-linux-gnu"

; Function Attrs: nofree norecurse nosync nounwind readnone uwtable
define dso_local i32 @accumulate(i32 noundef %0) local_unnamed_addr #0 {
  %2 = icmp sgt i32 %0, 0
  br i1 %2, label %._crit_edge.loopexit, label %._crit_edge

._crit_edge.loopexit:                             ; preds = %1
  %3 = add i32 %0, -1
  %4 = zext i32 %3 to i33
  %5 = add i32 %0, -2
  %6 = zext i32 %5 to i33
  %7 = mul i33 %4, %6
  %8 = lshr i33 %7, 1
  %9 = trunc i33 %8 to i32
  %10 = add i32 %9, %0
  %11 = add i32 %10, -1
  br label %._crit_edge

._crit_edge:                                      ; preds = %._crit_edge.loopexit, %1
  %.06.lcssa = phi i32 [ 0, %1 ], [ %11, %._crit_edge.loopexit ]
  ret i32 %.06.lcssa
}

attributes #0 = { nofree norecurse nosync nounwind readnone uwtable "frame-pointer"="non-leaf" "min-legal-vector-width"="0" "no-trapping-math"="true" "stack-protector-buffer-size"="8" "target-cpu"="generic" "target-features"="+neon,+outline-atomics,+v8a" }

!llvm.module.flags = !{!0, !1, !2, !3, !4, !5, !6, !7, !8}
!llvm.ident = !{!9}

!0 = !{i32 1, !"wchar_size", i32 4}
!1 = !{i32 1, !"branch-target-enforcement", i32 0}
!2 = !{i32 1, !"sign-return-address", i32 0}
!3 = !{i32 1, !"sign-return-address-all", i32 0}
!4 = !{i32 1, !"sign-return-address-with-bkey", i32 0}
!5 = !{i32 7, !"PIC Level", i32 2}
!6 = !{i32 7, !"PIE Level", i32 2}
!7 = !{i32 7, !"uwtable", i32 1}
!8 = !{i32 7, !"frame-pointer", i32 1}
!9 = !{!"Ubuntu clang version 14.0.0-1ubuntu1.1"}
*** IR Dump After RequireAnalysisPass<llvm::GlobalsAA, llvm::Module> on [module] ***
; ModuleID = 'accumulate.in.ll'
source_filename = "accumulate.c"
target datalayout = "e-m:e-i8:8:32-i16:16:32-i64:64-i128:128-n32:64-S128"
target triple = "aarch64-unknown-linux-gnu"

; Function Attrs: nofree norecurse nosync nounwind readnone uwtable
define dso_local i32 @accumulate(i32 noundef %0) local_unnamed_addr #0 {
  %2 = icmp sgt i32 %0, 0
  br i1 %2, label %._crit_edge.loopexit, label %._crit_edge

._crit_edge.loopexit:                             ; preds = %1
  %3 = add i32 %0, -1
  %4 = zext i32 %3 to i33
  %5 = add i32 %0, -2
  %6 = zext i32 %5 to i33
  %7 = mul i33 %4, %6
  %8 = lshr i33 %7, 1
  %9 = trunc i33 %8 to i32
  %10 = add i32 %9, %0
  %11 = add i32 %10, -1
  br label %._crit_edge

._crit_edge:                                      ; preds = %._crit_edge.loopexit, %1
  %.06.lcssa = phi i32 [ 0, %1 ], [ %11, %._crit_edge.loopexit ]
  ret i32 %.06.lcssa
}

attributes #0 = { nofree norecurse nosync nounwind readnone uwtable "frame-pointer"="non-leaf" "min-legal-vector-width"="0" "no-trapping-math"="true" "stack-protector-buffer-size"="8" "target-cpu"="generic" "target-features"="+neon,+outline-atomics,+v8a" }

!llvm.module.flags = !{!0, !1, !2, !3, !4, !5, !6, !7, !8}
!llvm.ident = !{!9}

!0 = !{i32 1, !"wchar_size", i32 4}
!1 = !{i32 1, !"branch-target-enforcement", i32 0}
!2 = !{i32 1, !"sign-return-address", i32 0}
!3 = !{i32 1, !"sign-return-address-all", i32 0}
!4 = !{i32 1, !"sign-return-address-with-bkey", i32 0}
!5 = !{i32 7, !"PIC Level", i32 2}
!6 = !{i32 7, !"PIE Level", i32 2}
!7 = !{i32 7, !"uwtable", i32 1}
!8 = !{i32 7, !"frame-pointer", i32 1}
!9 = !{!"Ubuntu clang version 14.0.0-1ubuntu1.1"}
*** IR Dump Before Float2IntPass on accumulate ***
; Function Attrs: nofree norecurse nosync nounwind readnone uwtable
define dso_local i32 @accumulate(i32 noundef %0) local_unnamed_addr #0 {
  %2 = icmp sgt i32 %0, 0
  br i1 %2, label %._crit_edge.loopexit, label %._crit_edge

._crit_edge.loopexit:                             ; preds = %1
  %3 = add i32 %0, -1
  %4 = zext i32 %3 to i33
  %5 = add i32 %0, -2
  %6 = zext i32 %5 to i33
  %7 = mul i33 %4, %6
  %8 = lshr i33 %7, 1
  %9 = trunc i33 %8 to i32
  %10 = add i32 %9, %0
  %11 = add i32 %10, -1
  br label %._crit_edge

._crit_edge:                                      ; preds = %._crit_edge.loopexit, %1
  %.06.lcssa = phi i32 [ 0, %1 ], [ %11, %._crit_edge.loopexit ]
  ret i32 %.06.lcssa
}
*** IR Dump After Float2IntPass on accumulate ***
; Function Attrs: nofree norecurse nosync nounwind readnone uwtable
define dso_local i32 @accumulate(i32 noundef %0) local_unnamed_addr #0 {
  %2 = icmp sgt i32 %0, 0
  br i1 %2, label %._crit_edge.loopexit, label %._crit_edge

._crit_edge.loopexit:                             ; preds = %1
  %3 = add i32 %0, -1
  %4 = zext i32 %3 to i33
  %5 = add i32 %0, -2
  %6 = zext i32 %5 to i33
  %7 = mul i33 %4, %6
  %8 = lshr i33 %7, 1
  %9 = trunc i33 %8 to i32
  %10 = add i32 %9, %0
  %11 = add i32 %10, -1
  br label %._crit_edge

._crit_edge:                                      ; preds = %._crit_edge.loopexit, %1
  %.06.lcssa = phi i32 [ 0, %1 ], [ %11, %._crit_edge.loopexit ]
  ret i32 %.06.lcssa
}
*** IR Dump Before LowerConstantIntrinsicsPass on accumulate ***
; Function Attrs: nofree norecurse nosync nounwind readnone uwtable
define dso_local i32 @accumulate(i32 noundef %0) local_unnamed_addr #0 {
  %2 = icmp sgt i32 %0, 0
  br i1 %2, label %._crit_edge.loopexit, label %._crit_edge

._crit_edge.loopexit:                             ; preds = %1
  %3 = add i32 %0, -1
  %4 = zext i32 %3 to i33
  %5 = add i32 %0, -2
  %6 = zext i32 %5 to i33
  %7 = mul i33 %4, %6
  %8 = lshr i33 %7, 1
  %9 = trunc i33 %8 to i32
  %10 = add i32 %9, %0
  %11 = add i32 %10, -1
  br label %._crit_edge

._crit_edge:                                      ; preds = %._crit_edge.loopexit, %1
  %.06.lcssa = phi i32 [ 0, %1 ], [ %11, %._crit_edge.loopexit ]
  ret i32 %.06.lcssa
}
*** IR Dump After LowerConstantIntrinsicsPass on accumulate ***
; Function Attrs: nofree norecurse nosync nounwind readnone uwtable
define dso_local i32 @accumulate(i32 noundef %0) local_unnamed_addr #0 {
  %2 = icmp sgt i32 %0, 0
  br i1 %2, label %._crit_edge.loopexit, label %._crit_edge

._crit_edge.loopexit:                             ; preds = %1
  %3 = add i32 %0, -1
  %4 = zext i32 %3 to i33
  %5 = add i32 %0, -2
  %6 = zext i32 %5 to i33
  %7 = mul i33 %4, %6
  %8 = lshr i33 %7, 1
  %9 = trunc i33 %8 to i32
  %10 = add i32 %9, %0
  %11 = add i32 %10, -1
  br label %._crit_edge

._crit_edge:                                      ; preds = %._crit_edge.loopexit, %1
  %.06.lcssa = phi i32 [ 0, %1 ], [ %11, %._crit_edge.loopexit ]
  ret i32 %.06.lcssa
}
*** IR Dump Before LoopSimplifyPass on accumulate ***
; Function Attrs: nofree norecurse nosync nounwind readnone uwtable
define dso_local i32 @accumulate(i32 noundef %0) local_unnamed_addr #0 {
  %2 = icmp sgt i32 %0, 0
  br i1 %2, label %._crit_edge.loopexit, label %._crit_edge

._crit_edge.loopexit:                             ; preds = %1
  %3 = add i32 %0, -1
  %4 = zext i32 %3 to i33
  %5 = add i32 %0, -2
  %6 = zext i32 %5 to i33
  %7 = mul i33 %4, %6
  %8 = lshr i33 %7, 1
  %9 = trunc i33 %8 to i32
  %10 = add i32 %9, %0
  %11 = add i32 %10, -1
  br label %._crit_edge

._crit_edge:                                      ; preds = %._crit_edge.loopexit, %1
  %.06.lcssa = phi i32 [ 0, %1 ], [ %11, %._crit_edge.loopexit ]
  ret i32 %.06.lcssa
}
*** IR Dump After LoopSimplifyPass on accumulate ***
; Function Attrs: nofree norecurse nosync nounwind readnone uwtable
define dso_local i32 @accumulate(i32 noundef %0) local_unnamed_addr #0 {
  %2 = icmp sgt i32 %0, 0
  br i1 %2, label %._crit_edge.loopexit, label %._crit_edge

._crit_edge.loopexit:                             ; preds = %1
  %3 = add i32 %0, -1
  %4 = zext i32 %3 to i33
  %5 = add i32 %0, -2
  %6 = zext i32 %5 to i33
  %7 = mul i33 %4, %6
  %8 = lshr i33 %7, 1
  %9 = trunc i33 %8 to i32
  %10 = add i32 %9, %0
  %11 = add i32 %10, -1
  br label %._crit_edge

._crit_edge:                                      ; preds = %._crit_edge.loopexit, %1
  %.06.lcssa = phi i32 [ 0, %1 ], [ %11, %._crit_edge.loopexit ]
  ret i32 %.06.lcssa
}
*** IR Dump Before LCSSAPass on accumulate ***
; Function Attrs: nofree norecurse nosync nounwind readnone uwtable
define dso_local i32 @accumulate(i32 noundef %0) local_unnamed_addr #0 {
  %2 = icmp sgt i32 %0, 0
  br i1 %2, label %._crit_edge.loopexit, label %._crit_edge

._crit_edge.loopexit:                             ; preds = %1
  %3 = add i32 %0, -1
  %4 = zext i32 %3 to i33
  %5 = add i32 %0, -2
  %6 = zext i32 %5 to i33
  %7 = mul i33 %4, %6
  %8 = lshr i33 %7, 1
  %9 = trunc i33 %8 to i32
  %10 = add i32 %9, %0
  %11 = add i32 %10, -1
  br label %._crit_edge

._crit_edge:                                      ; preds = %._crit_edge.loopexit, %1
  %.06.lcssa = phi i32 [ 0, %1 ], [ %11, %._crit_edge.loopexit ]
  ret i32 %.06.lcssa
}
*** IR Dump After LCSSAPass on accumulate ***
; Function Attrs: nofree norecurse nosync nounwind readnone uwtable
define dso_local i32 @accumulate(i32 noundef %0) local_unnamed_addr #0 {
  %2 = icmp sgt i32 %0, 0
  br i1 %2, label %._crit_edge.loopexit, label %._crit_edge

._crit_edge.loopexit:                             ; preds = %1
  %3 = add i32 %0, -1
  %4 = zext i32 %3 to i33
  %5 = add i32 %0, -2
  %6 = zext i32 %5 to i33
  %7 = mul i33 %4, %6
  %8 = lshr i33 %7, 1
  %9 = trunc i33 %8 to i32
  %10 = add i32 %9, %0
  %11 = add i32 %10, -1
  br label %._crit_edge

._crit_edge:                                      ; preds = %._crit_edge.loopexit, %1
  %.06.lcssa = phi i32 [ 0, %1 ], [ %11, %._crit_edge.loopexit ]
  ret i32 %.06.lcssa
}
*** IR Dump Before LoopDistributePass on accumulate ***
; Function Attrs: nofree norecurse nosync nounwind readnone uwtable
define dso_local i32 @accumulate(i32 noundef %0) local_unnamed_addr #0 {
  %2 = icmp sgt i32 %0, 0
  br i1 %2, label %._crit_edge.loopexit, label %._crit_edge

._crit_edge.loopexit:                             ; preds = %1
  %3 = add i32 %0, -1
  %4 = zext i32 %3 to i33
  %5 = add i32 %0, -2
  %6 = zext i32 %5 to i33
  %7 = mul i33 %4, %6
  %8 = lshr i33 %7, 1
  %9 = trunc i33 %8 to i32
  %10 = add i32 %9, %0
  %11 = add i32 %10, -1
  br label %._crit_edge

._crit_edge:                                      ; preds = %._crit_edge.loopexit, %1
  %.06.lcssa = phi i32 [ 0, %1 ], [ %11, %._crit_edge.loopexit ]
  ret i32 %.06.lcssa
}
*** IR Dump After LoopDistributePass on accumulate ***
; Function Attrs: nofree norecurse nosync nounwind readnone uwtable
define dso_local i32 @accumulate(i32 noundef %0) local_unnamed_addr #0 {
  %2 = icmp sgt i32 %0, 0
  br i1 %2, label %._crit_edge.loopexit, label %._crit_edge

._crit_edge.loopexit:                             ; preds = %1
  %3 = add i32 %0, -1
  %4 = zext i32 %3 to i33
  %5 = add i32 %0, -2
  %6 = zext i32 %5 to i33
  %7 = mul i33 %4, %6
  %8 = lshr i33 %7, 1
  %9 = trunc i33 %8 to i32
  %10 = add i32 %9, %0
  %11 = add i32 %10, -1
  br label %._crit_edge

._crit_edge:                                      ; preds = %._crit_edge.loopexit, %1
  %.06.lcssa = phi i32 [ 0, %1 ], [ %11, %._crit_edge.loopexit ]
  ret i32 %.06.lcssa
}
*** IR Dump Before InjectTLIMappings on accumulate ***
; Function Attrs: nofree norecurse nosync nounwind readnone uwtable
define dso_local i32 @accumulate(i32 noundef %0) local_unnamed_addr #0 {
  %2 = icmp sgt i32 %0, 0
  br i1 %2, label %._crit_edge.loopexit, label %._crit_edge

._crit_edge.loopexit:                             ; preds = %1
  %3 = add i32 %0, -1
  %4 = zext i32 %3 to i33
  %5 = add i32 %0, -2
  %6 = zext i32 %5 to i33
  %7 = mul i33 %4, %6
  %8 = lshr i33 %7, 1
  %9 = trunc i33 %8 to i32
  %10 = add i32 %9, %0
  %11 = add i32 %10, -1
  br label %._crit_edge

._crit_edge:                                      ; preds = %._crit_edge.loopexit, %1
  %.06.lcssa = phi i32 [ 0, %1 ], [ %11, %._crit_edge.loopexit ]
  ret i32 %.06.lcssa
}
*** IR Dump After InjectTLIMappings on accumulate ***
; Function Attrs: nofree norecurse nosync nounwind readnone uwtable
define dso_local i32 @accumulate(i32 noundef %0) local_unnamed_addr #0 {
  %2 = icmp sgt i32 %0, 0
  br i1 %2, label %._crit_edge.loopexit, label %._crit_edge

._crit_edge.loopexit:                             ; preds = %1
  %3 = add i32 %0, -1
  %4 = zext i32 %3 to i33
  %5 = add i32 %0, -2
  %6 = zext i32 %5 to i33
  %7 = mul i33 %4, %6
  %8 = lshr i33 %7, 1
  %9 = trunc i33 %8 to i32
  %10 = add i32 %9, %0
  %11 = add i32 %10, -1
  br label %._crit_edge

._crit_edge:                                      ; preds = %._crit_edge.loopexit, %1
  %.06.lcssa = phi i32 [ 0, %1 ], [ %11, %._crit_edge.loopexit ]
  ret i32 %.06.lcssa
}
*** IR Dump Before LoopVectorizePass on accumulate ***
; Function Attrs: nofree norecurse nosync nounwind readnone uwtable
define dso_local i32 @accumulate(i32 noundef %0) local_unnamed_addr #0 {
  %2 = icmp sgt i32 %0, 0
  br i1 %2, label %._crit_edge.loopexit, label %._crit_edge

._crit_edge.loopexit:                             ; preds = %1
  %3 = add i32 %0, -1
  %4 = zext i32 %3 to i33
  %5 = add i32 %0, -2
  %6 = zext i32 %5 to i33
  %7 = mul i33 %4, %6
  %8 = lshr i33 %7, 1
  %9 = trunc i33 %8 to i32
  %10 = add i32 %9, %0
  %11 = add i32 %10, -1
  br label %._crit_edge

._crit_edge:                                      ; preds = %._crit_edge.loopexit, %1
  %.06.lcssa = phi i32 [ 0, %1 ], [ %11, %._crit_edge.loopexit ]
  ret i32 %.06.lcssa
}
*** IR Dump After LoopVectorizePass on accumulate ***
; Function Attrs: nofree norecurse nosync nounwind readnone uwtable
define dso_local i32 @accumulate(i32 noundef %0) local_unnamed_addr #0 {
  %2 = icmp sgt i32 %0, 0
  br i1 %2, label %._crit_edge.loopexit, label %._crit_edge

._crit_edge.loopexit:                             ; preds = %1
  %3 = add i32 %0, -1
  %4 = zext i32 %3 to i33
  %5 = add i32 %0, -2
  %6 = zext i32 %5 to i33
  %7 = mul i33 %4, %6
  %8 = lshr i33 %7, 1
  %9 = trunc i33 %8 to i32
  %10 = add i32 %9, %0
  %11 = add i32 %10, -1
  br label %._crit_edge

._crit_edge:                                      ; preds = %._crit_edge.loopexit, %1
  %.06.lcssa = phi i32 [ 0, %1 ], [ %11, %._crit_edge.loopexit ]
  ret i32 %.06.lcssa
}
*** IR Dump Before LoopLoadEliminationPass on accumulate ***
; Function Attrs: nofree norecurse nosync nounwind readnone uwtable
define dso_local i32 @accumulate(i32 noundef %0) local_unnamed_addr #0 {
  %2 = icmp sgt i32 %0, 0
  br i1 %2, label %._crit_edge.loopexit, label %._crit_edge

._crit_edge.loopexit:                             ; preds = %1
  %3 = add i32 %0, -1
  %4 = zext i32 %3 to i33
  %5 = add i32 %0, -2
  %6 = zext i32 %5 to i33
  %7 = mul i33 %4, %6
  %8 = lshr i33 %7, 1
  %9 = trunc i33 %8 to i32
  %10 = add i32 %9, %0
  %11 = add i32 %10, -1
  br label %._crit_edge

._crit_edge:                                      ; preds = %._crit_edge.loopexit, %1
  %.06.lcssa = phi i32 [ 0, %1 ], [ %11, %._crit_edge.loopexit ]
  ret i32 %.06.lcssa
}
*** IR Dump After LoopLoadEliminationPass on accumulate ***
; Function Attrs: nofree norecurse nosync nounwind readnone uwtable
define dso_local i32 @accumulate(i32 noundef %0) local_unnamed_addr #0 {
  %2 = icmp sgt i32 %0, 0
  br i1 %2, label %._crit_edge.loopexit, label %._crit_edge

._crit_edge.loopexit:                             ; preds = %1
  %3 = add i32 %0, -1
  %4 = zext i32 %3 to i33
  %5 = add i32 %0, -2
  %6 = zext i32 %5 to i33
  %7 = mul i33 %4, %6
  %8 = lshr i33 %7, 1
  %9 = trunc i33 %8 to i32
  %10 = add i32 %9, %0
  %11 = add i32 %10, -1
  br label %._crit_edge

._crit_edge:                                      ; preds = %._crit_edge.loopexit, %1
  %.06.lcssa = phi i32 [ 0, %1 ], [ %11, %._crit_edge.loopexit ]
  ret i32 %.06.lcssa
}
*** IR Dump Before InstCombinePass on accumulate ***
; Function Attrs: nofree norecurse nosync nounwind readnone uwtable
define dso_local i32 @accumulate(i32 noundef %0) local_unnamed_addr #0 {
  %2 = icmp sgt i32 %0, 0
  br i1 %2, label %._crit_edge.loopexit, label %._crit_edge

._crit_edge.loopexit:                             ; preds = %1
  %3 = add i32 %0, -1
  %4 = zext i32 %3 to i33
  %5 = add i32 %0, -2
  %6 = zext i32 %5 to i33
  %7 = mul i33 %4, %6
  %8 = lshr i33 %7, 1
  %9 = trunc i33 %8 to i32
  %10 = add i32 %9, %0
  %11 = add i32 %10, -1
  br label %._crit_edge

._crit_edge:                                      ; preds = %._crit_edge.loopexit, %1
  %.06.lcssa = phi i32 [ 0, %1 ], [ %11, %._crit_edge.loopexit ]
  ret i32 %.06.lcssa
}
*** IR Dump After InstCombinePass on accumulate ***
; Function Attrs: nofree norecurse nosync nounwind readnone uwtable
define dso_local i32 @accumulate(i32 noundef %0) local_unnamed_addr #0 {
  %2 = icmp sgt i32 %0, 0
  br i1 %2, label %._crit_edge.loopexit, label %._crit_edge

._crit_edge.loopexit:                             ; preds = %1
  %3 = add i32 %0, -1
  %4 = zext i32 %3 to i33
  %5 = add i32 %0, -2
  %6 = zext i32 %5 to i33
  %7 = mul i33 %4, %6
  %8 = lshr i33 %7, 1
  %9 = trunc i33 %8 to i32
  %10 = add i32 %9, %0
  %11 = add i32 %10, -1
  br label %._crit_edge

._crit_edge:                                      ; preds = %._crit_edge.loopexit, %1
  %.06.lcssa = phi i32 [ 0, %1 ], [ %11, %._crit_edge.loopexit ]
  ret i32 %.06.lcssa
}
*** IR Dump Before SimplifyCFGPass on accumulate ***
; Function Attrs: nofree norecurse nosync nounwind readnone uwtable
define dso_local i32 @accumulate(i32 noundef %0) local_unnamed_addr #0 {
  %2 = icmp sgt i32 %0, 0
  br i1 %2, label %._crit_edge.loopexit, label %._crit_edge

._crit_edge.loopexit:                             ; preds = %1
  %3 = add i32 %0, -1
  %4 = zext i32 %3 to i33
  %5 = add i32 %0, -2
  %6 = zext i32 %5 to i33
  %7 = mul i33 %4, %6
  %8 = lshr i33 %7, 1
  %9 = trunc i33 %8 to i32
  %10 = add i32 %9, %0
  %11 = add i32 %10, -1
  br label %._crit_edge

._crit_edge:                                      ; preds = %._crit_edge.loopexit, %1
  %.06.lcssa = phi i32 [ 0, %1 ], [ %11, %._crit_edge.loopexit ]
  ret i32 %.06.lcssa
}
*** IR Dump After SimplifyCFGPass on accumulate ***
; Function Attrs: nofree norecurse nosync nounwind readnone uwtable
define dso_local i32 @accumulate(i32 noundef %0) local_unnamed_addr #0 {
  %2 = icmp sgt i32 %0, 0
  br i1 %2, label %._crit_edge.loopexit, label %._crit_edge

._crit_edge.loopexit:                             ; preds = %1
  %3 = add i32 %0, -1
  %4 = zext i32 %3 to i33
  %5 = add i32 %0, -2
  %6 = zext i32 %5 to i33
  %7 = mul i33 %4, %6
  %8 = lshr i33 %7, 1
  %9 = trunc i33 %8 to i32
  %10 = add i32 %9, %0
  %11 = add i32 %10, -1
  br label %._crit_edge

._crit_edge:                                      ; preds = %._crit_edge.loopexit, %1
  %.06.lcssa = phi i32 [ 0, %1 ], [ %11, %._crit_edge.loopexit ]
  ret i32 %.06.lcssa
}
*** IR Dump Before VectorCombinePass on accumulate ***
; Function Attrs: nofree norecurse nosync nounwind readnone uwtable
define dso_local i32 @accumulate(i32 noundef %0) local_unnamed_addr #0 {
  %2 = icmp sgt i32 %0, 0
  br i1 %2, label %._crit_edge.loopexit, label %._crit_edge

._crit_edge.loopexit:                             ; preds = %1
  %3 = add i32 %0, -1
  %4 = zext i32 %3 to i33
  %5 = add i32 %0, -2
  %6 = zext i32 %5 to i33
  %7 = mul i33 %4, %6
  %8 = lshr i33 %7, 1
  %9 = trunc i33 %8 to i32
  %10 = add i32 %9, %0
  %11 = add i32 %10, -1
  br label %._crit_edge

._crit_edge:                                      ; preds = %._crit_edge.loopexit, %1
  %.06.lcssa = phi i32 [ 0, %1 ], [ %11, %._crit_edge.loopexit ]
  ret i32 %.06.lcssa
}
*** IR Dump After VectorCombinePass on accumulate ***
; Function Attrs: nofree norecurse nosync nounwind readnone uwtable
define dso_local i32 @accumulate(i32 noundef %0) local_unnamed_addr #0 {
  %2 = icmp sgt i32 %0, 0
  br i1 %2, label %._crit_edge.loopexit, label %._crit_edge

._crit_edge.loopexit:                             ; preds = %1
  %3 = add i32 %0, -1
  %4 = zext i32 %3 to i33
  %5 = add i32 %0, -2
  %6 = zext i32 %5 to i33
  %7 = mul i33 %4, %6
  %8 = lshr i33 %7, 1
  %9 = trunc i33 %8 to i32
  %10 = add i32 %9, %0
  %11 = add i32 %10, -1
  br label %._crit_edge

._crit_edge:                                      ; preds = %._crit_edge.loopexit, %1
  %.06.lcssa = phi i32 [ 0, %1 ], [ %11, %._crit_edge.loopexit ]
  ret i32 %.06.lcssa
}
*** IR Dump Before InstCombinePass on accumulate ***
; Function Attrs: nofree norecurse nosync nounwind readnone uwtable
define dso_local i32 @accumulate(i32 noundef %0) local_unnamed_addr #0 {
  %2 = icmp sgt i32 %0, 0
  br i1 %2, label %._crit_edge.loopexit, label %._crit_edge

._crit_edge.loopexit:                             ; preds = %1
  %3 = add i32 %0, -1
  %4 = zext i32 %3 to i33
  %5 = add i32 %0, -2
  %6 = zext i32 %5 to i33
  %7 = mul i33 %4, %6
  %8 = lshr i33 %7, 1
  %9 = trunc i33 %8 to i32
  %10 = add i32 %9, %0
  %11 = add i32 %10, -1
  br label %._crit_edge

._crit_edge:                                      ; preds = %._crit_edge.loopexit, %1
  %.06.lcssa = phi i32 [ 0, %1 ], [ %11, %._crit_edge.loopexit ]
  ret i32 %.06.lcssa
}
*** IR Dump After InstCombinePass on accumulate ***
; Function Attrs: nofree norecurse nosync nounwind readnone uwtable
define dso_local i32 @accumulate(i32 noundef %0) local_unnamed_addr #0 {
  %2 = icmp sgt i32 %0, 0
  br i1 %2, label %._crit_edge.loopexit, label %._crit_edge

._crit_edge.loopexit:                             ; preds = %1
  %3 = add i32 %0, -1
  %4 = zext i32 %3 to i33
  %5 = add i32 %0, -2
  %6 = zext i32 %5 to i33
  %7 = mul i33 %4, %6
  %8 = lshr i33 %7, 1
  %9 = trunc i33 %8 to i32
  %10 = add i32 %9, %0
  %11 = add i32 %10, -1
  br label %._crit_edge

._crit_edge:                                      ; preds = %._crit_edge.loopexit, %1
  %.06.lcssa = phi i32 [ 0, %1 ], [ %11, %._crit_edge.loopexit ]
  ret i32 %.06.lcssa
}
*** IR Dump Before LoopUnrollPass on accumulate ***
; Function Attrs: nofree norecurse nosync nounwind readnone uwtable
define dso_local i32 @accumulate(i32 noundef %0) local_unnamed_addr #0 {
  %2 = icmp sgt i32 %0, 0
  br i1 %2, label %._crit_edge.loopexit, label %._crit_edge

._crit_edge.loopexit:                             ; preds = %1
  %3 = add i32 %0, -1
  %4 = zext i32 %3 to i33
  %5 = add i32 %0, -2
  %6 = zext i32 %5 to i33
  %7 = mul i33 %4, %6
  %8 = lshr i33 %7, 1
  %9 = trunc i33 %8 to i32
  %10 = add i32 %9, %0
  %11 = add i32 %10, -1
  br label %._crit_edge

._crit_edge:                                      ; preds = %._crit_edge.loopexit, %1
  %.06.lcssa = phi i32 [ 0, %1 ], [ %11, %._crit_edge.loopexit ]
  ret i32 %.06.lcssa
}
*** IR Dump After LoopUnrollPass on accumulate ***
; Function Attrs: nofree norecurse nosync nounwind readnone uwtable
define dso_local i32 @accumulate(i32 noundef %0) local_unnamed_addr #0 {
  %2 = icmp sgt i32 %0, 0
  br i1 %2, label %._crit_edge.loopexit, label %._crit_edge

._crit_edge.loopexit:                             ; preds = %1
  %3 = add i32 %0, -1
  %4 = zext i32 %3 to i33
  %5 = add i32 %0, -2
  %6 = zext i32 %5 to i33
  %7 = mul i33 %4, %6
  %8 = lshr i33 %7, 1
  %9 = trunc i33 %8 to i32
  %10 = add i32 %9, %0
  %11 = add i32 %10, -1
  br label %._crit_edge

._crit_edge:                                      ; preds = %._crit_edge.loopexit, %1
  %.06.lcssa = phi i32 [ 0, %1 ], [ %11, %._crit_edge.loopexit ]
  ret i32 %.06.lcssa
}
*** IR Dump Before WarnMissedTransformationsPass on accumulate ***
; Function Attrs: nofree norecurse nosync nounwind readnone uwtable
define dso_local i32 @accumulate(i32 noundef %0) local_unnamed_addr #0 {
  %2 = icmp sgt i32 %0, 0
  br i1 %2, label %._crit_edge.loopexit, label %._crit_edge

._crit_edge.loopexit:                             ; preds = %1
  %3 = add i32 %0, -1
  %4 = zext i32 %3 to i33
  %5 = add i32 %0, -2
  %6 = zext i32 %5 to i33
  %7 = mul i33 %4, %6
  %8 = lshr i33 %7, 1
  %9 = trunc i33 %8 to i32
  %10 = add i32 %9, %0
  %11 = add i32 %10, -1
  br label %._crit_edge

._crit_edge:                                      ; preds = %._crit_edge.loopexit, %1
  %.06.lcssa = phi i32 [ 0, %1 ], [ %11, %._crit_edge.loopexit ]
  ret i32 %.06.lcssa
}
*** IR Dump After WarnMissedTransformationsPass on accumulate ***
; Function Attrs: nofree norecurse nosync nounwind readnone uwtable
define dso_local i32 @accumulate(i32 noundef %0) local_unnamed_addr #0 {
  %2 = icmp sgt i32 %0, 0
  br i1 %2, label %._crit_edge.loopexit, label %._crit_edge

._crit_edge.loopexit:                             ; preds = %1
  %3 = add i32 %0, -1
  %4 = zext i32 %3 to i33
  %5 = add i32 %0, -2
  %6 = zext i32 %5 to i33
  %7 = mul i33 %4, %6
  %8 = lshr i33 %7, 1
  %9 = trunc i33 %8 to i32
  %10 = add i32 %9, %0
  %11 = add i32 %10, -1
  br label %._crit_edge

._crit_edge:                                      ; preds = %._crit_edge.loopexit, %1
  %.06.lcssa = phi i32 [ 0, %1 ], [ %11, %._crit_edge.loopexit ]
  ret i32 %.06.lcssa
}
*** IR Dump Before InstCombinePass on accumulate ***
; Function Attrs: nofree norecurse nosync nounwind readnone uwtable
define dso_local i32 @accumulate(i32 noundef %0) local_unnamed_addr #0 {
  %2 = icmp sgt i32 %0, 0
  br i1 %2, label %._crit_edge.loopexit, label %._crit_edge

._crit_edge.loopexit:                             ; preds = %1
  %3 = add i32 %0, -1
  %4 = zext i32 %3 to i33
  %5 = add i32 %0, -2
  %6 = zext i32 %5 to i33
  %7 = mul i33 %4, %6
  %8 = lshr i33 %7, 1
  %9 = trunc i33 %8 to i32
  %10 = add i32 %9, %0
  %11 = add i32 %10, -1
  br label %._crit_edge

._crit_edge:                                      ; preds = %._crit_edge.loopexit, %1
  %.06.lcssa = phi i32 [ 0, %1 ], [ %11, %._crit_edge.loopexit ]
  ret i32 %.06.lcssa
}
*** IR Dump After InstCombinePass on accumulate ***
; Function Attrs: nofree norecurse nosync nounwind readnone uwtable
define dso_local i32 @accumulate(i32 noundef %0) local_unnamed_addr #0 {
  %2 = icmp sgt i32 %0, 0
  br i1 %2, label %._crit_edge.loopexit, label %._crit_edge

._crit_edge.loopexit:                             ; preds = %1
  %3 = add i32 %0, -1
  %4 = zext i32 %3 to i33
  %5 = add i32 %0, -2
  %6 = zext i32 %5 to i33
  %7 = mul i33 %4, %6
  %8 = lshr i33 %7, 1
  %9 = trunc i33 %8 to i32
  %10 = add i32 %9, %0
  %11 = add i32 %10, -1
  br label %._crit_edge

._crit_edge:                                      ; preds = %._crit_edge.loopexit, %1
  %.06.lcssa = phi i32 [ 0, %1 ], [ %11, %._crit_edge.loopexit ]
  ret i32 %.06.lcssa
}
*** IR Dump Before RequireAnalysisPass<llvm::OptimizationRemarkEmitterAnalysis, llvm::Function> on accumulate ***
; Function Attrs: nofree norecurse nosync nounwind readnone uwtable
define dso_local i32 @accumulate(i32 noundef %0) local_unnamed_addr #0 {
  %2 = icmp sgt i32 %0, 0
  br i1 %2, label %._crit_edge.loopexit, label %._crit_edge

._crit_edge.loopexit:                             ; preds = %1
  %3 = add i32 %0, -1
  %4 = zext i32 %3 to i33
  %5 = add i32 %0, -2
  %6 = zext i32 %5 to i33
  %7 = mul i33 %4, %6
  %8 = lshr i33 %7, 1
  %9 = trunc i33 %8 to i32
  %10 = add i32 %9, %0
  %11 = add i32 %10, -1
  br label %._crit_edge

._crit_edge:                                      ; preds = %._crit_edge.loopexit, %1
  %.06.lcssa = phi i32 [ 0, %1 ], [ %11, %._crit_edge.loopexit ]
  ret i32 %.06.lcssa
}
*** IR Dump After RequireAnalysisPass<llvm::OptimizationRemarkEmitterAnalysis, llvm::Function> on accumulate ***
; Function Attrs: nofree norecurse nosync nounwind readnone uwtable
define dso_local i32 @accumulate(i32 noundef %0) local_unnamed_addr #0 {
  %2 = icmp sgt i32 %0, 0
  br i1 %2, label %._crit_edge.loopexit, label %._crit_edge

._crit_edge.loopexit:                             ; preds = %1
  %3 = add i32 %0, -1
  %4 = zext i32 %3 to i33
  %5 = add i32 %0, -2
  %6 = zext i32 %5 to i33
  %7 = mul i33 %4, %6
  %8 = lshr i33 %7, 1
  %9 = trunc i33 %8 to i32
  %10 = add i32 %9, %0
  %11 = add i32 %10, -1
  br label %._crit_edge

._crit_edge:                                      ; preds = %._crit_edge.loopexit, %1
  %.06.lcssa = phi i32 [ 0, %1 ], [ %11, %._crit_edge.loopexit ]
  ret i32 %.06.lcssa
}
*** IR Dump Before LoopSimplifyPass on accumulate ***
; Function Attrs: nofree norecurse nosync nounwind readnone uwtable
define dso_local i32 @accumulate(i32 noundef %0) local_unnamed_addr #0 {
  %2 = icmp sgt i32 %0, 0
  br i1 %2, label %._crit_edge.loopexit, label %._crit_edge

._crit_edge.loopexit:                             ; preds = %1
  %3 = add i32 %0, -1
  %4 = zext i32 %3 to i33
  %5 = add i32 %0, -2
  %6 = zext i32 %5 to i33
  %7 = mul i33 %4, %6
  %8 = lshr i33 %7, 1
  %9 = trunc i33 %8 to i32
  %10 = add i32 %9, %0
  %11 = add i32 %10, -1
  br label %._crit_edge

._crit_edge:                                      ; preds = %._crit_edge.loopexit, %1
  %.06.lcssa = phi i32 [ 0, %1 ], [ %11, %._crit_edge.loopexit ]
  ret i32 %.06.lcssa
}
*** IR Dump After LoopSimplifyPass on accumulate ***
; Function Attrs: nofree norecurse nosync nounwind readnone uwtable
define dso_local i32 @accumulate(i32 noundef %0) local_unnamed_addr #0 {
  %2 = icmp sgt i32 %0, 0
  br i1 %2, label %._crit_edge.loopexit, label %._crit_edge

._crit_edge.loopexit:                             ; preds = %1
  %3 = add i32 %0, -1
  %4 = zext i32 %3 to i33
  %5 = add i32 %0, -2
  %6 = zext i32 %5 to i33
  %7 = mul i33 %4, %6
  %8 = lshr i33 %7, 1
  %9 = trunc i33 %8 to i32
  %10 = add i32 %9, %0
  %11 = add i32 %10, -1
  br label %._crit_edge

._crit_edge:                                      ; preds = %._crit_edge.loopexit, %1
  %.06.lcssa = phi i32 [ 0, %1 ], [ %11, %._crit_edge.loopexit ]
  ret i32 %.06.lcssa
}
*** IR Dump Before LCSSAPass on accumulate ***
; Function Attrs: nofree norecurse nosync nounwind readnone uwtable
define dso_local i32 @accumulate(i32 noundef %0) local_unnamed_addr #0 {
  %2 = icmp sgt i32 %0, 0
  br i1 %2, label %._crit_edge.loopexit, label %._crit_edge

._crit_edge.loopexit:                             ; preds = %1
  %3 = add i32 %0, -1
  %4 = zext i32 %3 to i33
  %5 = add i32 %0, -2
  %6 = zext i32 %5 to i33
  %7 = mul i33 %4, %6
  %8 = lshr i33 %7, 1
  %9 = trunc i33 %8 to i32
  %10 = add i32 %9, %0
  %11 = add i32 %10, -1
  br label %._crit_edge

._crit_edge:                                      ; preds = %._crit_edge.loopexit, %1
  %.06.lcssa = phi i32 [ 0, %1 ], [ %11, %._crit_edge.loopexit ]
  ret i32 %.06.lcssa
}
*** IR Dump After LCSSAPass on accumulate ***
; Function Attrs: nofree norecurse nosync nounwind readnone uwtable
define dso_local i32 @accumulate(i32 noundef %0) local_unnamed_addr #0 {
  %2 = icmp sgt i32 %0, 0
  br i1 %2, label %._crit_edge.loopexit, label %._crit_edge

._crit_edge.loopexit:                             ; preds = %1
  %3 = add i32 %0, -1
  %4 = zext i32 %3 to i33
  %5 = add i32 %0, -2
  %6 = zext i32 %5 to i33
  %7 = mul i33 %4, %6
  %8 = lshr i33 %7, 1
  %9 = trunc i33 %8 to i32
  %10 = add i32 %9, %0
  %11 = add i32 %10, -1
  br label %._crit_edge

._crit_edge:                                      ; preds = %._crit_edge.loopexit, %1
  %.06.lcssa = phi i32 [ 0, %1 ], [ %11, %._crit_edge.loopexit ]
  ret i32 %.06.lcssa
}
*** IR Dump Before AlignmentFromAssumptionsPass on accumulate ***
; Function Attrs: nofree norecurse nosync nounwind readnone uwtable
define dso_local i32 @accumulate(i32 noundef %0) local_unnamed_addr #0 {
  %2 = icmp sgt i32 %0, 0
  br i1 %2, label %._crit_edge.loopexit, label %._crit_edge

._crit_edge.loopexit:                             ; preds = %1
  %3 = add i32 %0, -1
  %4 = zext i32 %3 to i33
  %5 = add i32 %0, -2
  %6 = zext i32 %5 to i33
  %7 = mul i33 %4, %6
  %8 = lshr i33 %7, 1
  %9 = trunc i33 %8 to i32
  %10 = add i32 %9, %0
  %11 = add i32 %10, -1
  br label %._crit_edge

._crit_edge:                                      ; preds = %._crit_edge.loopexit, %1
  %.06.lcssa = phi i32 [ 0, %1 ], [ %11, %._crit_edge.loopexit ]
  ret i32 %.06.lcssa
}
*** IR Dump After AlignmentFromAssumptionsPass on accumulate ***
; Function Attrs: nofree norecurse nosync nounwind readnone uwtable
define dso_local i32 @accumulate(i32 noundef %0) local_unnamed_addr #0 {
  %2 = icmp sgt i32 %0, 0
  br i1 %2, label %._crit_edge.loopexit, label %._crit_edge

._crit_edge.loopexit:                             ; preds = %1
  %3 = add i32 %0, -1
  %4 = zext i32 %3 to i33
  %5 = add i32 %0, -2
  %6 = zext i32 %5 to i33
  %7 = mul i33 %4, %6
  %8 = lshr i33 %7, 1
  %9 = trunc i33 %8 to i32
  %10 = add i32 %9, %0
  %11 = add i32 %10, -1
  br label %._crit_edge

._crit_edge:                                      ; preds = %._crit_edge.loopexit, %1
  %.06.lcssa = phi i32 [ 0, %1 ], [ %11, %._crit_edge.loopexit ]
  ret i32 %.06.lcssa
}
*** IR Dump Before LoopSinkPass on accumulate ***
; Function Attrs: nofree norecurse nosync nounwind readnone uwtable
define dso_local i32 @accumulate(i32 noundef %0) local_unnamed_addr #0 {
  %2 = icmp sgt i32 %0, 0
  br i1 %2, label %._crit_edge.loopexit, label %._crit_edge

._crit_edge.loopexit:                             ; preds = %1
  %3 = add i32 %0, -1
  %4 = zext i32 %3 to i33
  %5 = add i32 %0, -2
  %6 = zext i32 %5 to i33
  %7 = mul i33 %4, %6
  %8 = lshr i33 %7, 1
  %9 = trunc i33 %8 to i32
  %10 = add i32 %9, %0
  %11 = add i32 %10, -1
  br label %._crit_edge

._crit_edge:                                      ; preds = %._crit_edge.loopexit, %1
  %.06.lcssa = phi i32 [ 0, %1 ], [ %11, %._crit_edge.loopexit ]
  ret i32 %.06.lcssa
}
*** IR Dump After LoopSinkPass on accumulate ***
; Function Attrs: nofree norecurse nosync nounwind readnone uwtable
define dso_local i32 @accumulate(i32 noundef %0) local_unnamed_addr #0 {
  %2 = icmp sgt i32 %0, 0
  br i1 %2, label %._crit_edge.loopexit, label %._crit_edge

._crit_edge.loopexit:                             ; preds = %1
  %3 = add i32 %0, -1
  %4 = zext i32 %3 to i33
  %5 = add i32 %0, -2
  %6 = zext i32 %5 to i33
  %7 = mul i33 %4, %6
  %8 = lshr i33 %7, 1
  %9 = trunc i33 %8 to i32
  %10 = add i32 %9, %0
  %11 = add i32 %10, -1
  br label %._crit_edge

._crit_edge:                                      ; preds = %._crit_edge.loopexit, %1
  %.06.lcssa = phi i32 [ 0, %1 ], [ %11, %._crit_edge.loopexit ]
  ret i32 %.06.lcssa
}
*** IR Dump Before InstSimplifyPass on accumulate ***
; Function Attrs: nofree norecurse nosync nounwind readnone uwtable
define dso_local i32 @accumulate(i32 noundef %0) local_unnamed_addr #0 {
  %2 = icmp sgt i32 %0, 0
  br i1 %2, label %._crit_edge.loopexit, label %._crit_edge

._crit_edge.loopexit:                             ; preds = %1
  %3 = add i32 %0, -1
  %4 = zext i32 %3 to i33
  %5 = add i32 %0, -2
  %6 = zext i32 %5 to i33
  %7 = mul i33 %4, %6
  %8 = lshr i33 %7, 1
  %9 = trunc i33 %8 to i32
  %10 = add i32 %9, %0
  %11 = add i32 %10, -1
  br label %._crit_edge

._crit_edge:                                      ; preds = %._crit_edge.loopexit, %1
  %.06.lcssa = phi i32 [ 0, %1 ], [ %11, %._crit_edge.loopexit ]
  ret i32 %.06.lcssa
}
*** IR Dump After InstSimplifyPass on accumulate ***
; Function Attrs: nofree norecurse nosync nounwind readnone uwtable
define dso_local i32 @accumulate(i32 noundef %0) local_unnamed_addr #0 {
  %2 = icmp sgt i32 %0, 0
  br i1 %2, label %._crit_edge.loopexit, label %._crit_edge

._crit_edge.loopexit:                             ; preds = %1
  %3 = add i32 %0, -1
  %4 = zext i32 %3 to i33
  %5 = add i32 %0, -2
  %6 = zext i32 %5 to i33
  %7 = mul i33 %4, %6
  %8 = lshr i33 %7, 1
  %9 = trunc i33 %8 to i32
  %10 = add i32 %9, %0
  %11 = add i32 %10, -1
  br label %._crit_edge

._crit_edge:                                      ; preds = %._crit_edge.loopexit, %1
  %.06.lcssa = phi i32 [ 0, %1 ], [ %11, %._crit_edge.loopexit ]
  ret i32 %.06.lcssa
}
*** IR Dump Before DivRemPairsPass on accumulate ***
; Function Attrs: nofree norecurse nosync nounwind readnone uwtable
define dso_local i32 @accumulate(i32 noundef %0) local_unnamed_addr #0 {
  %2 = icmp sgt i32 %0, 0
  br i1 %2, label %._crit_edge.loopexit, label %._crit_edge

._crit_edge.loopexit:                             ; preds = %1
  %3 = add i32 %0, -1
  %4 = zext i32 %3 to i33
  %5 = add i32 %0, -2
  %6 = zext i32 %5 to i33
  %7 = mul i33 %4, %6
  %8 = lshr i33 %7, 1
  %9 = trunc i33 %8 to i32
  %10 = add i32 %9, %0
  %11 = add i32 %10, -1
  br label %._crit_edge

._crit_edge:                                      ; preds = %._crit_edge.loopexit, %1
  %.06.lcssa = phi i32 [ 0, %1 ], [ %11, %._crit_edge.loopexit ]
  ret i32 %.06.lcssa
}
*** IR Dump After DivRemPairsPass on accumulate ***
; Function Attrs: nofree norecurse nosync nounwind readnone uwtable
define dso_local i32 @accumulate(i32 noundef %0) local_unnamed_addr #0 {
  %2 = icmp sgt i32 %0, 0
  br i1 %2, label %._crit_edge.loopexit, label %._crit_edge

._crit_edge.loopexit:                             ; preds = %1
  %3 = add i32 %0, -1
  %4 = zext i32 %3 to i33
  %5 = add i32 %0, -2
  %6 = zext i32 %5 to i33
  %7 = mul i33 %4, %6
  %8 = lshr i33 %7, 1
  %9 = trunc i33 %8 to i32
  %10 = add i32 %9, %0
  %11 = add i32 %10, -1
  br label %._crit_edge

._crit_edge:                                      ; preds = %._crit_edge.loopexit, %1
  %.06.lcssa = phi i32 [ 0, %1 ], [ %11, %._crit_edge.loopexit ]
  ret i32 %.06.lcssa
}
*** IR Dump Before SimplifyCFGPass on accumulate ***
; Function Attrs: nofree norecurse nosync nounwind readnone uwtable
define dso_local i32 @accumulate(i32 noundef %0) local_unnamed_addr #0 {
  %2 = icmp sgt i32 %0, 0
  br i1 %2, label %._crit_edge.loopexit, label %._crit_edge

._crit_edge.loopexit:                             ; preds = %1
  %3 = add i32 %0, -1
  %4 = zext i32 %3 to i33
  %5 = add i32 %0, -2
  %6 = zext i32 %5 to i33
  %7 = mul i33 %4, %6
  %8 = lshr i33 %7, 1
  %9 = trunc i33 %8 to i32
  %10 = add i32 %9, %0
  %11 = add i32 %10, -1
  br label %._crit_edge

._crit_edge:                                      ; preds = %._crit_edge.loopexit, %1
  %.06.lcssa = phi i32 [ 0, %1 ], [ %11, %._crit_edge.loopexit ]
  ret i32 %.06.lcssa
}
*** IR Dump After SimplifyCFGPass on accumulate ***
; Function Attrs: nofree norecurse nosync nounwind readnone uwtable
define dso_local i32 @accumulate(i32 noundef %0) local_unnamed_addr #0 {
  %2 = icmp sgt i32 %0, 0
  br i1 %2, label %._crit_edge.loopexit, label %._crit_edge

._crit_edge.loopexit:                             ; preds = %1
  %3 = add i32 %0, -1
  %4 = zext i32 %3 to i33
  %5 = add i32 %0, -2
  %6 = zext i32 %5 to i33
  %7 = mul i33 %4, %6
  %8 = lshr i33 %7, 1
  %9 = trunc i33 %8 to i32
  %10 = add i32 %9, %0
  %11 = add i32 %10, -1
  br label %._crit_edge

._crit_edge:                                      ; preds = %._crit_edge.loopexit, %1
  %.06.lcssa = phi i32 [ 0, %1 ], [ %11, %._crit_edge.loopexit ]
  ret i32 %.06.lcssa
}
*** IR Dump Before CoroCleanupPass on accumulate ***
; Function Attrs: nofree norecurse nosync nounwind readnone uwtable
define dso_local i32 @accumulate(i32 noundef %0) local_unnamed_addr #0 {
  %2 = icmp sgt i32 %0, 0
  br i1 %2, label %._crit_edge.loopexit, label %._crit_edge

._crit_edge.loopexit:                             ; preds = %1
  %3 = add i32 %0, -1
  %4 = zext i32 %3 to i33
  %5 = add i32 %0, -2
  %6 = zext i32 %5 to i33
  %7 = mul i33 %4, %6
  %8 = lshr i33 %7, 1
  %9 = trunc i33 %8 to i32
  %10 = add i32 %9, %0
  %11 = add i32 %10, -1
  br label %._crit_edge

._crit_edge:                                      ; preds = %._crit_edge.loopexit, %1
  %.06.lcssa = phi i32 [ 0, %1 ], [ %11, %._crit_edge.loopexit ]
  ret i32 %.06.lcssa
}
*** IR Dump After CoroCleanupPass on accumulate ***
; Function Attrs: nofree norecurse nosync nounwind readnone uwtable
define dso_local i32 @accumulate(i32 noundef %0) local_unnamed_addr #0 {
  %2 = icmp sgt i32 %0, 0
  br i1 %2, label %._crit_edge.loopexit, label %._crit_edge

._crit_edge.loopexit:                             ; preds = %1
  %3 = add i32 %0, -1
  %4 = zext i32 %3 to i33
  %5 = add i32 %0, -2
  %6 = zext i32 %5 to i33
  %7 = mul i33 %4, %6
  %8 = lshr i33 %7, 1
  %9 = trunc i33 %8 to i32
  %10 = add i32 %9, %0
  %11 = add i32 %10, -1
  br label %._crit_edge

._crit_edge:                                      ; preds = %._crit_edge.loopexit, %1
  %.06.lcssa = phi i32 [ 0, %1 ], [ %11, %._crit_edge.loopexit ]
  ret i32 %.06.lcssa
}
*** IR Dump Before CGProfilePass on [module] ***
; ModuleID = 'accumulate.in.ll'
source_filename = "accumulate.c"
target datalayout = "e-m:e-i8:8:32-i16:16:32-i64:64-i128:128-n32:64-S128"
target triple = "aarch64-unknown-linux-gnu"

; Function Attrs: nofree norecurse nosync nounwind readnone uwtable
define dso_local i32 @accumulate(i32 noundef %0) local_unnamed_addr #0 {
  %2 = icmp sgt i32 %0, 0
  br i1 %2, label %._crit_edge.loopexit, label %._crit_edge

._crit_edge.loopexit:                             ; preds = %1
  %3 = add i32 %0, -1
  %4 = zext i32 %3 to i33
  %5 = add i32 %0, -2
  %6 = zext i32 %5 to i33
  %7 = mul i33 %4, %6
  %8 = lshr i33 %7, 1
  %9 = trunc i33 %8 to i32
  %10 = add i32 %9, %0
  %11 = add i32 %10, -1
  br label %._crit_edge

._crit_edge:                                      ; preds = %._crit_edge.loopexit, %1
  %.06.lcssa = phi i32 [ 0, %1 ], [ %11, %._crit_edge.loopexit ]
  ret i32 %.06.lcssa
}

attributes #0 = { nofree norecurse nosync nounwind readnone uwtable "frame-pointer"="non-leaf" "min-legal-vector-width"="0" "no-trapping-math"="true" "stack-protector-buffer-size"="8" "target-cpu"="generic" "target-features"="+neon,+outline-atomics,+v8a" }

!llvm.module.flags = !{!0, !1, !2, !3, !4, !5, !6, !7, !8}
!llvm.ident = !{!9}

!0 = !{i32 1, !"wchar_size", i32 4}
!1 = !{i32 1, !"branch-target-enforcement", i32 0}
!2 = !{i32 1, !"sign-return-address", i32 0}
!3 = !{i32 1, !"sign-return-address-all", i32 0}
!4 = !{i32 1, !"sign-return-address-with-bkey", i32 0}
!5 = !{i32 7, !"PIC Level", i32 2}
!6 = !{i32 7, !"PIE Level", i32 2}
!7 = !{i32 7, !"uwtable", i32 1}
!8 = !{i32 7, !"frame-pointer", i32 1}
!9 = !{!"Ubuntu clang version 14.0.0-1ubuntu1.1"}
*** IR Dump After CGProfilePass on [module] ***
; ModuleID = 'accumulate.in.ll'
source_filename = "accumulate.c"
target datalayout = "e-m:e-i8:8:32-i16:16:32-i64:64-i128:128-n32:64-S128"
target triple = "aarch64-unknown-linux-gnu"

; Function Attrs: nofree norecurse nosync nounwind readnone uwtable
define dso_local i32 @accumulate(i32 noundef %0) local_unnamed_addr #0 {
  %2 = icmp sgt i32 %0, 0
  br i1 %2, label %._crit_edge.loopexit, label %._crit_edge

._crit_edge.loopexit:                             ; preds = %1
  %3 = add i32 %0, -1
  %4 = zext i32 %3 to i33
  %5 = add i32 %0, -2
  %6 = zext i32 %5 to i33
  %7 = mul i33 %4, %6
  %8 = lshr i33 %7, 1
  %9 = trunc i33 %8 to i32
  %10 = add i32 %9, %0
  %11 = add i32 %10, -1
  br label %._crit_edge

._crit_edge:                                      ; preds = %._crit_edge.loopexit, %1
  %.06.lcssa = phi i32 [ 0, %1 ], [ %11, %._crit_edge.loopexit ]
  ret i32 %.06.lcssa
}

attributes #0 = { nofree norecurse nosync nounwind readnone uwtable "frame-pointer"="non-leaf" "min-legal-vector-width"="0" "no-trapping-math"="true" "stack-protector-buffer-size"="8" "target-cpu"="generic" "target-features"="+neon,+outline-atomics,+v8a" }

!llvm.module.flags = !{!0, !1, !2, !3, !4, !5, !6, !7, !8}
!llvm.ident = !{!9}

!0 = !{i32 1, !"wchar_size", i32 4}
!1 = !{i32 1, !"branch-target-enforcement", i32 0}
!2 = !{i32 1, !"sign-return-address", i32 0}
!3 = !{i32 1, !"sign-return-address-all", i32 0}
!4 = !{i32 1, !"sign-return-address-with-bkey", i32 0}
!5 = !{i32 7, !"PIC Level", i32 2}
!6 = !{i32 7, !"PIE Level", i32 2}
!7 = !{i32 7, !"uwtable", i32 1}
!8 = !{i32 7, !"frame-pointer", i32 1}
!9 = !{!"Ubuntu clang version 14.0.0-1ubuntu1.1"}
*** IR Dump Before GlobalDCEPass on [module] ***
; ModuleID = 'accumulate.in.ll'
source_filename = "accumulate.c"
target datalayout = "e-m:e-i8:8:32-i16:16:32-i64:64-i128:128-n32:64-S128"
target triple = "aarch64-unknown-linux-gnu"

; Function Attrs: nofree norecurse nosync nounwind readnone uwtable
define dso_local i32 @accumulate(i32 noundef %0) local_unnamed_addr #0 {
  %2 = icmp sgt i32 %0, 0
  br i1 %2, label %._crit_edge.loopexit, label %._crit_edge

._crit_edge.loopexit:                             ; preds = %1
  %3 = add i32 %0, -1
  %4 = zext i32 %3 to i33
  %5 = add i32 %0, -2
  %6 = zext i32 %5 to i33
  %7 = mul i33 %4, %6
  %8 = lshr i33 %7, 1
  %9 = trunc i33 %8 to i32
  %10 = add i32 %9, %0
  %11 = add i32 %10, -1
  br label %._crit_edge

._crit_edge:                                      ; preds = %._crit_edge.loopexit, %1
  %.06.lcssa = phi i32 [ 0, %1 ], [ %11, %._crit_edge.loopexit ]
  ret i32 %.06.lcssa
}

attributes #0 = { nofree norecurse nosync nounwind readnone uwtable "frame-pointer"="non-leaf" "min-legal-vector-width"="0" "no-trapping-math"="true" "stack-protector-buffer-size"="8" "target-cpu"="generic" "target-features"="+neon,+outline-atomics,+v8a" }

!llvm.module.flags = !{!0, !1, !2, !3, !4, !5, !6, !7, !8}
!llvm.ident = !{!9}

!0 = !{i32 1, !"wchar_size", i32 4}
!1 = !{i32 1, !"branch-target-enforcement", i32 0}
!2 = !{i32 1, !"sign-return-address", i32 0}
!3 = !{i32 1, !"sign-return-address-all", i32 0}
!4 = !{i32 1, !"sign-return-address-with-bkey", i32 0}
!5 = !{i32 7, !"PIC Level", i32 2}
!6 = !{i32 7, !"PIE Level", i32 2}
!7 = !{i32 7, !"uwtable", i32 1}
!8 = !{i32 7, !"frame-pointer", i32 1}
!9 = !{!"Ubuntu clang version 14.0.0-1ubuntu1.1"}
*** IR Dump After GlobalDCEPass on [module] ***
; ModuleID = 'accumulate.in.ll'
source_filename = "accumulate.c"
target datalayout = "e-m:e-i8:8:32-i16:16:32-i64:64-i128:128-n32:64-S128"
target triple = "aarch64-unknown-linux-gnu"

; Function Attrs: nofree norecurse nosync nounwind readnone uwtable
define dso_local i32 @accumulate(i32 noundef %0) local_unnamed_addr #0 {
  %2 = icmp sgt i32 %0, 0
  br i1 %2, label %._crit_edge.loopexit, label %._crit_edge

._crit_edge.loopexit:                             ; preds = %1
  %3 = add i32 %0, -1
  %4 = zext i32 %3 to i33
  %5 = add i32 %0, -2
  %6 = zext i32 %5 to i33
  %7 = mul i33 %4, %6
  %8 = lshr i33 %7, 1
  %9 = trunc i33 %8 to i32
  %10 = add i32 %9, %0
  %11 = add i32 %10, -1
  br label %._crit_edge

._crit_edge:                                      ; preds = %._crit_edge.loopexit, %1
  %.06.lcssa = phi i32 [ 0, %1 ], [ %11, %._crit_edge.loopexit ]
  ret i32 %.06.lcssa
}

attributes #0 = { nofree norecurse nosync nounwind readnone uwtable "frame-pointer"="non-leaf" "min-legal-vector-width"="0" "no-trapping-math"="true" "stack-protector-buffer-size"="8" "target-cpu"="generic" "target-features"="+neon,+outline-atomics,+v8a" }

!llvm.module.flags = !{!0, !1, !2, !3, !4, !5, !6, !7, !8}
!llvm.ident = !{!9}

!0 = !{i32 1, !"wchar_size", i32 4}
!1 = !{i32 1, !"branch-target-enforcement", i32 0}
!2 = !{i32 1, !"sign-return-address", i32 0}
!3 = !{i32 1, !"sign-return-address-all", i32 0}
!4 = !{i32 1, !"sign-return-address-with-bkey", i32 0}
!5 = !{i32 7, !"PIC Level", i32 2}
!6 = !{i32 7, !"PIE Level", i32 2}
!7 = !{i32 7, !"uwtable", i32 1}
!8 = !{i32 7, !"frame-pointer", i32 1}
!9 = !{!"Ubuntu clang version 14.0.0-1ubuntu1.1"}
*** IR Dump Before ConstantMergePass on [module] ***
; ModuleID = 'accumulate.in.ll'
source_filename = "accumulate.c"
target datalayout = "e-m:e-i8:8:32-i16:16:32-i64:64-i128:128-n32:64-S128"
target triple = "aarch64-unknown-linux-gnu"

; Function Attrs: nofree norecurse nosync nounwind readnone uwtable
define dso_local i32 @accumulate(i32 noundef %0) local_unnamed_addr #0 {
  %2 = icmp sgt i32 %0, 0
  br i1 %2, label %._crit_edge.loopexit, label %._crit_edge

._crit_edge.loopexit:                             ; preds = %1
  %3 = add i32 %0, -1
  %4 = zext i32 %3 to i33
  %5 = add i32 %0, -2
  %6 = zext i32 %5 to i33
  %7 = mul i33 %4, %6
  %8 = lshr i33 %7, 1
  %9 = trunc i33 %8 to i32
  %10 = add i32 %9, %0
  %11 = add i32 %10, -1
  br label %._crit_edge

._crit_edge:                                      ; preds = %._crit_edge.loopexit, %1
  %.06.lcssa = phi i32 [ 0, %1 ], [ %11, %._crit_edge.loopexit ]
  ret i32 %.06.lcssa
}

attributes #0 = { nofree norecurse nosync nounwind readnone uwtable "frame-pointer"="non-leaf" "min-legal-vector-width"="0" "no-trapping-math"="true" "stack-protector-buffer-size"="8" "target-cpu"="generic" "target-features"="+neon,+outline-atomics,+v8a" }

!llvm.module.flags = !{!0, !1, !2, !3, !4, !5, !6, !7, !8}
!llvm.ident = !{!9}

!0 = !{i32 1, !"wchar_size", i32 4}
!1 = !{i32 1, !"branch-target-enforcement", i32 0}
!2 = !{i32 1, !"sign-return-address", i32 0}
!3 = !{i32 1, !"sign-return-address-all", i32 0}
!4 = !{i32 1, !"sign-return-address-with-bkey", i32 0}
!5 = !{i32 7, !"PIC Level", i32 2}
!6 = !{i32 7, !"PIE Level", i32 2}
!7 = !{i32 7, !"uwtable", i32 1}
!8 = !{i32 7, !"frame-pointer", i32 1}
!9 = !{!"Ubuntu clang version 14.0.0-1ubuntu1.1"}
*** IR Dump After ConstantMergePass on [module] ***
; ModuleID = 'accumulate.in.ll'
source_filename = "accumulate.c"
target datalayout = "e-m:e-i8:8:32-i16:16:32-i64:64-i128:128-n32:64-S128"
target triple = "aarch64-unknown-linux-gnu"

; Function Attrs: nofree norecurse nosync nounwind readnone uwtable
define dso_local i32 @accumulate(i32 noundef %0) local_unnamed_addr #0 {
  %2 = icmp sgt i32 %0, 0
  br i1 %2, label %._crit_edge.loopexit, label %._crit_edge

._crit_edge.loopexit:                             ; preds = %1
  %3 = add i32 %0, -1
  %4 = zext i32 %3 to i33
  %5 = add i32 %0, -2
  %6 = zext i32 %5 to i33
  %7 = mul i33 %4, %6
  %8 = lshr i33 %7, 1
  %9 = trunc i33 %8 to i32
  %10 = add i32 %9, %0
  %11 = add i32 %10, -1
  br label %._crit_edge

._crit_edge:                                      ; preds = %._crit_edge.loopexit, %1
  %.06.lcssa = phi i32 [ 0, %1 ], [ %11, %._crit_edge.loopexit ]
  ret i32 %.06.lcssa
}

attributes #0 = { nofree norecurse nosync nounwind readnone uwtable "frame-pointer"="non-leaf" "min-legal-vector-width"="0" "no-trapping-math"="true" "stack-protector-buffer-size"="8" "target-cpu"="generic" "target-features"="+neon,+outline-atomics,+v8a" }

!llvm.module.flags = !{!0, !1, !2, !3, !4, !5, !6, !7, !8}
!llvm.ident = !{!9}

!0 = !{i32 1, !"wchar_size", i32 4}
!1 = !{i32 1, !"branch-target-enforcement", i32 0}
!2 = !{i32 1, !"sign-return-address", i32 0}
!3 = !{i32 1, !"sign-return-address-all", i32 0}
!4 = !{i32 1, !"sign-return-address-with-bkey", i32 0}
!5 = !{i32 7, !"PIC Level", i32 2}
!6 = !{i32 7, !"PIE Level", i32 2}
!7 = !{i32 7, !"uwtable", i32 1}
!8 = !{i32 7, !"frame-pointer", i32 1}
!9 = !{!"Ubuntu clang version 14.0.0-1ubuntu1.1"}
*** IR Dump Before RelLookupTableConverterPass on [module] ***
; ModuleID = 'accumulate.in.ll'
source_filename = "accumulate.c"
target datalayout = "e-m:e-i8:8:32-i16:16:32-i64:64-i128:128-n32:64-S128"
target triple = "aarch64-unknown-linux-gnu"

; Function Attrs: nofree norecurse nosync nounwind readnone uwtable
define dso_local i32 @accumulate(i32 noundef %0) local_unnamed_addr #0 {
  %2 = icmp sgt i32 %0, 0
  br i1 %2, label %._crit_edge.loopexit, label %._crit_edge

._crit_edge.loopexit:                             ; preds = %1
  %3 = add i32 %0, -1
  %4 = zext i32 %3 to i33
  %5 = add i32 %0, -2
  %6 = zext i32 %5 to i33
  %7 = mul i33 %4, %6
  %8 = lshr i33 %7, 1
  %9 = trunc i33 %8 to i32
  %10 = add i32 %9, %0
  %11 = add i32 %10, -1
  br label %._crit_edge

._crit_edge:                                      ; preds = %._crit_edge.loopexit, %1
  %.06.lcssa = phi i32 [ 0, %1 ], [ %11, %._crit_edge.loopexit ]
  ret i32 %.06.lcssa
}

attributes #0 = { nofree norecurse nosync nounwind readnone uwtable "frame-pointer"="non-leaf" "min-legal-vector-width"="0" "no-trapping-math"="true" "stack-protector-buffer-size"="8" "target-cpu"="generic" "target-features"="+neon,+outline-atomics,+v8a" }

!llvm.module.flags = !{!0, !1, !2, !3, !4, !5, !6, !7, !8}
!llvm.ident = !{!9}

!0 = !{i32 1, !"wchar_size", i32 4}
!1 = !{i32 1, !"branch-target-enforcement", i32 0}
!2 = !{i32 1, !"sign-return-address", i32 0}
!3 = !{i32 1, !"sign-return-address-all", i32 0}
!4 = !{i32 1, !"sign-return-address-with-bkey", i32 0}
!5 = !{i32 7, !"PIC Level", i32 2}
!6 = !{i32 7, !"PIE Level", i32 2}
!7 = !{i32 7, !"uwtable", i32 1}
!8 = !{i32 7, !"frame-pointer", i32 1}
!9 = !{!"Ubuntu clang version 14.0.0-1ubuntu1.1"}
*** IR Dump After RelLookupTableConverterPass on [module] ***
; ModuleID = 'accumulate.in.ll'
source_filename = "accumulate.c"
target datalayout = "e-m:e-i8:8:32-i16:16:32-i64:64-i128:128-n32:64-S128"
target triple = "aarch64-unknown-linux-gnu"

; Function Attrs: nofree norecurse nosync nounwind readnone uwtable
define dso_local i32 @accumulate(i32 noundef %0) local_unnamed_addr #0 {
  %2 = icmp sgt i32 %0, 0
  br i1 %2, label %._crit_edge.loopexit, label %._crit_edge

._crit_edge.loopexit:                             ; preds = %1
  %3 = add i32 %0, -1
  %4 = zext i32 %3 to i33
  %5 = add i32 %0, -2
  %6 = zext i32 %5 to i33
  %7 = mul i33 %4, %6
  %8 = lshr i33 %7, 1
  %9 = trunc i33 %8 to i32
  %10 = add i32 %9, %0
  %11 = add i32 %10, -1
  br label %._crit_edge

._crit_edge:                                      ; preds = %._crit_edge.loopexit, %1
  %.06.lcssa = phi i32 [ 0, %1 ], [ %11, %._crit_edge.loopexit ]
  ret i32 %.06.lcssa
}

attributes #0 = { nofree norecurse nosync nounwind readnone uwtable "frame-pointer"="non-leaf" "min-legal-vector-width"="0" "no-trapping-math"="true" "stack-protector-buffer-size"="8" "target-cpu"="generic" "target-features"="+neon,+outline-atomics,+v8a" }

!llvm.module.flags = !{!0, !1, !2, !3, !4, !5, !6, !7, !8}
!llvm.ident = !{!9}

!0 = !{i32 1, !"wchar_size", i32 4}
!1 = !{i32 1, !"branch-target-enforcement", i32 0}
!2 = !{i32 1, !"sign-return-address", i32 0}
!3 = !{i32 1, !"sign-return-address-all", i32 0}
!4 = !{i32 1, !"sign-return-address-with-bkey", i32 0}
!5 = !{i32 7, !"PIC Level", i32 2}
!6 = !{i32 7, !"PIE Level", i32 2}
!7 = !{i32 7, !"uwtable", i32 1}
!8 = !{i32 7, !"frame-pointer", i32 1}
!9 = !{!"Ubuntu clang version 14.0.0-1ubuntu1.1"}
*** IR Dump Before AnnotationRemarksPass on accumulate ***
; Function Attrs: nofree norecurse nosync nounwind readnone uwtable
define dso_local i32 @accumulate(i32 noundef %0) local_unnamed_addr #0 {
  %2 = icmp sgt i32 %0, 0
  br i1 %2, label %._crit_edge.loopexit, label %._crit_edge

._crit_edge.loopexit:                             ; preds = %1
  %3 = add i32 %0, -1
  %4 = zext i32 %3 to i33
  %5 = add i32 %0, -2
  %6 = zext i32 %5 to i33
  %7 = mul i33 %4, %6
  %8 = lshr i33 %7, 1
  %9 = trunc i33 %8 to i32
  %10 = add i32 %9, %0
  %11 = add i32 %10, -1
  br label %._crit_edge

._crit_edge:                                      ; preds = %._crit_edge.loopexit, %1
  %.06.lcssa = phi i32 [ 0, %1 ], [ %11, %._crit_edge.loopexit ]
  ret i32 %.06.lcssa
}
*** IR Dump After AnnotationRemarksPass on accumulate ***
; Function Attrs: nofree norecurse nosync nounwind readnone uwtable
define dso_local i32 @accumulate(i32 noundef %0) local_unnamed_addr #0 {
  %2 = icmp sgt i32 %0, 0
  br i1 %2, label %._crit_edge.loopexit, label %._crit_edge

._crit_edge.loopexit:                             ; preds = %1
  %3 = add i32 %0, -1
  %4 = zext i32 %3 to i33
  %5 = add i32 %0, -2
  %6 = zext i32 %5 to i33
  %7 = mul i33 %4, %6
  %8 = lshr i33 %7, 1
  %9 = trunc i33 %8 to i32
  %10 = add i32 %9, %0
  %11 = add i32 %10, -1
  br label %._crit_edge

._crit_edge:                                      ; preds = %._crit_edge.loopexit, %1
  %.06.lcssa = phi i32 [ 0, %1 ], [ %11, %._crit_edge.loopexit ]
  ret i32 %.06.lcssa
}
*** IR Dump Before VerifierPass on [module] ***
; ModuleID = 'accumulate.in.ll'
source_filename = "accumulate.c"
target datalayout = "e-m:e-i8:8:32-i16:16:32-i64:64-i128:128-n32:64-S128"
target triple = "aarch64-unknown-linux-gnu"

; Function Attrs: nofree norecurse nosync nounwind readnone uwtable
define dso_local i32 @accumulate(i32 noundef %0) local_unnamed_addr #0 {
  %2 = icmp sgt i32 %0, 0
  br i1 %2, label %._crit_edge.loopexit, label %._crit_edge

._crit_edge.loopexit:                             ; preds = %1
  %3 = add i32 %0, -1
  %4 = zext i32 %3 to i33
  %5 = add i32 %0, -2
  %6 = zext i32 %5 to i33
  %7 = mul i33 %4, %6
  %8 = lshr i33 %7, 1
  %9 = trunc i33 %8 to i32
  %10 = add i32 %9, %0
  %11 = add i32 %10, -1
  br label %._crit_edge

._crit_edge:                                      ; preds = %._crit_edge.loopexit, %1
  %.06.lcssa = phi i32 [ 0, %1 ], [ %11, %._crit_edge.loopexit ]
  ret i32 %.06.lcssa
}

attributes #0 = { nofree norecurse nosync nounwind readnone uwtable "frame-pointer"="non-leaf" "min-legal-vector-width"="0" "no-trapping-math"="true" "stack-protector-buffer-size"="8" "target-cpu"="generic" "target-features"="+neon,+outline-atomics,+v8a" }

!llvm.module.flags = !{!0, !1, !2, !3, !4, !5, !6, !7, !8}
!llvm.ident = !{!9}

!0 = !{i32 1, !"wchar_size", i32 4}
!1 = !{i32 1, !"branch-target-enforcement", i32 0}
!2 = !{i32 1, !"sign-return-address", i32 0}
!3 = !{i32 1, !"sign-return-address-all", i32 0}
!4 = !{i32 1, !"sign-return-address-with-bkey", i32 0}
!5 = !{i32 7, !"PIC Level", i32 2}
!6 = !{i32 7, !"PIE Level", i32 2}
!7 = !{i32 7, !"uwtable", i32 1}
!8 = !{i32 7, !"frame-pointer", i32 1}
!9 = !{!"Ubuntu clang version 14.0.0-1ubuntu1.1"}
*** IR Dump After VerifierPass on [module] ***
; ModuleID = 'accumulate.in.ll'
source_filename = "accumulate.c"
target datalayout = "e-m:e-i8:8:32-i16:16:32-i64:64-i128:128-n32:64-S128"
target triple = "aarch64-unknown-linux-gnu"

; Function Attrs: nofree norecurse nosync nounwind readnone uwtable
define dso_local i32 @accumulate(i32 noundef %0) local_unnamed_addr #0 {
  %2 = icmp sgt i32 %0, 0
  br i1 %2, label %._crit_edge.loopexit, label %._crit_edge

._crit_edge.loopexit:                             ; preds = %1
  %3 = add i32 %0, -1
  %4 = zext i32 %3 to i33
  %5 = add i32 %0, -2
  %6 = zext i32 %5 to i33
  %7 = mul i33 %4, %6
  %8 = lshr i33 %7, 1
  %9 = trunc i33 %8 to i32
  %10 = add i32 %9, %0
  %11 = add i32 %10, -1
  br label %._crit_edge

._crit_edge:                                      ; preds = %._crit_edge.loopexit, %1
  %.06.lcssa = phi i32 [ 0, %1 ], [ %11, %._crit_edge.loopexit ]
  ret i32 %.06.lcssa
}

attributes #0 = { nofree norecurse nosync nounwind readnone uwtable "frame-pointer"="non-leaf" "min-legal-vector-width"="0" "no-trapping-math"="true" "stack-protector-buffer-size"="8" "target-cpu"="generic" "target-features"="+neon,+outline-atomics,+v8a" }

!llvm.module.flags = !{!0, !1, !2, !3, !4, !5, !6, !7, !8}
!llvm.ident = !{!9}

!0 = !{i32 1, !"wchar_size", i32 4}
!1 = !{i32 1, !"branch-target-enforcement", i32 0}
!2 = !{i32 1, !"sign-return-address", i32 0}
!3 = !{i32 1, !"sign-return-address-all", i32 0}
!4 = !{i32 1, !"sign-return-address-with-bkey", i32 0}
!5 = !{i32 7, !"PIC Level", i32 2}
!6 = !{i32 7, !"PIE Level", i32 2}
!7 = !{i32 7, !"uwtable", i32 1}
!8 = !{i32 7, !"frame-pointer", i32 1}
!9 = !{!"Ubuntu clang version 14.0.0-1ubuntu1.1"}
*** IR Dump Before PrintModulePass on [module] ***
; ModuleID = 'accumulate.in.ll'
source_filename = "accumulate.c"
target datalayout = "e-m:e-i8:8:32-i16:16:32-i64:64-i128:128-n32:64-S128"
target triple = "aarch64-unknown-linux-gnu"

; Function Attrs: nofree norecurse nosync nounwind readnone uwtable
define dso_local i32 @accumulate(i32 noundef %0) local_unnamed_addr #0 {
  %2 = icmp sgt i32 %0, 0
  br i1 %2, label %._crit_edge.loopexit, label %._crit_edge

._crit_edge.loopexit:                             ; preds = %1
  %3 = add i32 %0, -1
  %4 = zext i32 %3 to i33
  %5 = add i32 %0, -2
  %6 = zext i32 %5 to i33
  %7 = mul i33 %4, %6
  %8 = lshr i33 %7, 1
  %9 = trunc i33 %8 to i32
  %10 = add i32 %9, %0
  %11 = add i32 %10, -1
  br label %._crit_edge

._crit_edge:                                      ; preds = %._crit_edge.loopexit, %1
  %.06.lcssa = phi i32 [ 0, %1 ], [ %11, %._crit_edge.loopexit ]
  ret i32 %.06.lcssa
}

attributes #0 = { nofree norecurse nosync nounwind readnone uwtable "frame-pointer"="non-leaf" "min-legal-vector-width"="0" "no-trapping-math"="true" "stack-protector-buffer-size"="8" "target-cpu"="generic" "target-features"="+neon,+outline-atomics,+v8a" }

!llvm.module.flags = !{!0, !1, !2, !3, !4, !5, !6, !7, !8}
!llvm.ident = !{!9}

!0 = !{i32 1, !"wchar_size", i32 4}
!1 = !{i32 1, !"branch-target-enforcement", i32 0}
!2 = !{i32 1, !"sign-return-address", i32 0}
!3 = !{i32 1, !"sign-return-address-all", i32 0}
!4 = !{i32 1, !"sign-return-address-with-bkey", i32 0}
!5 = !{i32 7, !"PIC Level", i32 2}
!6 = !{i32 7, !"PIE Level", i32 2}
!7 = !{i32 7, !"uwtable", i32 1}
!8 = !{i32 7, !"frame-pointer", i32 1}
!9 = !{!"Ubuntu clang version 14.0.0-1ubuntu1.1"}
*** IR Dump After PrintModulePass on [module] ***
; ModuleID = 'accumulate.in.ll'
source_filename = "accumulate.c"
target datalayout = "e-m:e-i8:8:32-i16:16:32-i64:64-i128:128-n32:64-S128"
target triple = "aarch64-unknown-linux-gnu"

; Function Attrs: nofree norecurse nosync nounwind readnone uwtable
define dso_local i32 @accumulate(i32 noundef %0) local_unnamed_addr #0 {
  %2 = icmp sgt i32 %0, 0
  br i1 %2, label %._crit_edge.loopexit, label %._crit_edge

._crit_edge.loopexit:                             ; preds = %1
  %3 = add i32 %0, -1
  %4 = zext i32 %3 to i33
  %5 = add i32 %0, -2
  %6 = zext i32 %5 to i33
  %7 = mul i33 %4, %6
  %8 = lshr i33 %7, 1
  %9 = trunc i33 %8 to i32
  %10 = add i32 %9, %0
  %11 = add i32 %10, -1
  br label %._crit_edge

._crit_edge:                                      ; preds = %._crit_edge.loopexit, %1
  %.06.lcssa = phi i32 [ 0, %1 ], [ %11, %._crit_edge.loopexit ]
  ret i32 %.06.lcssa
}

attributes #0 = { nofree norecurse nosync nounwind readnone uwtable "frame-pointer"="non-leaf" "min-legal-vector-width"="0" "no-trapping-math"="true" "stack-protector-buffer-size"="8" "target-cpu"="generic" "target-features"="+neon,+outline-atomics,+v8a" }

!llvm.module.flags = !{!0, !1, !2, !3, !4, !5, !6, !7, !8}
!llvm.ident = !{!9}

!0 = !{i32 1, !"wchar_size", i32 4}
!1 = !{i32 1, !"branch-target-enforcement", i32 0}
!2 = !{i32 1, !"sign-return-address", i32 0}
!3 = !{i32 1, !"sign-return-address-all", i32 0}
!4 = !{i32 1, !"sign-return-address-with-bkey", i32 0}
!5 = !{i32 7, !"PIC Level", i32 2}
!6 = !{i32 7, !"PIE Level", i32 2}
!7 = !{i32 7, !"uwtable", i32 1}
!8 = !{i32 7, !"frame-pointer", i32 1}
!9 = !{!"Ubuntu clang version 14.0.0-1ubuntu1.1"}
