*** IR Dump Before VerifierPass on [module] ***
; ModuleID = 'combine.in.ll'
source_filename = "combine.c"
target datalayout = "e-m:e-i8:8:32-i16:16:32-i64:64-i128:128-n32:64-S128"
target triple = "aarch64-unknown-linux-gnu"

; Function Attrs: nounwind uwtable
define dso_local i32 @combine(i32 noundef %0, i32 noundef %1) #0 {
  %3 = alloca i32, align 4
  %4 = alloca i32, align 4
  %5 = alloca i32, align 4
  store i32 %0, i32* %4, align 4
  store i32 %1, i32* %5, align 4
  %6 = load i32, i32* %4, align 4
  %7 = icmp sle i32 %6, 0
  br i1 %7, label %8, label %10

8:                                                ; preds = %2
  %9 = load i32, i32* %5, align 4
  store i32 %9, i32* %3, align 4
  br label %18

10:                                               ; preds = %2
  %11 = load i32, i32* %4, align 4
  %12 = sub nsw i32 %11, 1
  %13 = load i32, i32* %5, align 4
  %14 = mul nsw i32 %13, 31
  %15 = load i32, i32* %4, align 4
  %16 = add nsw i32 %14, %15
  %17 = call i32 @combine(i32 noundef %12, i32 noundef %16)
  store i32 %17, i32* %3, align 4
  br label %18

18:                                               ; preds = %10, %8
  %19 = load i32, i32* %3, align 4
  ret i32 %19
}

attributes #0 = { nounwind uwtable "frame-pointer"="non-leaf" "min-legal-vector-width"="0" "no-trapping-math"="true" "stack-protector-buffer-size"="8" "target-cpu"="generic" "target-features"="+neon,+outline-atomics,+v8a" }

!llvm.module.flags = !{!0, !1, !2, !3, !4, !5, !6, !7, !8}
!llvm.ident = !{!9}

!0 = !{i32 1, !"wchar_size", i32 4}
!1 = !{i32 1, !"branch-target-enforcement", i32 0}
!2 = !{i32 1, !"sign-return-address", i32 0}
!3 = !{i32 1, !"sign-return-address-all", i32 0}
!4 = !{i32 1, !"sign-return-address-with-bkey", i32 0}
!5 = !{i32 7, !"PIC Level", i32 2}
!6 = !{i32 7, !"PIE Level", i32 2}
!7 = !{i32 7, !"uwtable", i32 1}
!8 = !{i32 7, !"frame-pointer", i32 1}
!9 = !{!"Ubuntu clang version 14.0.0-1ubuntu1.1"}
*** IR Dump After VerifierPass on [module] ***
; ModuleID = 'combine.in.ll'
source_filename = "combine.c"
target datalayout = "e-m:e-i8:8:32-i16:16:32-i64:64-i128:128-n32:64-S128"
target triple = "aarch64-unknown-linux-gnu"

; Function Attrs: nounwind uwtable
define dso_local i32 @combine(i32 noundef %0, i32 noundef %1) #0 {
  %3 = alloca i32, align 4
  %4 = alloca i32, align 4
  %5 = alloca i32, align 4
  store i32 %0, i32* %4, align 4
  store i32 %1, i32* %5, align 4
  %6 = load i32, i32* %4, align 4
  %7 = icmp sle i32 %6, 0
  br i1 %7, label %8, label %10

8:                                                ; preds = %2
  %9 = load i32, i32* %5, align 4
  store i32 %9, i32* %3, align 4
  br label %18

10:                                               ; preds = %2
  %11 = load i32, i32* %4, align 4
  %12 = sub nsw i32 %11, 1
  %13 = load i32, i32* %5, align 4
  %14 = mul nsw i32 %13, 31
  %15 = load i32, i32* %4, align 4
  %16 = add nsw i32 %14, %15
  %17 = call i32 @combine(i32 noundef %12, i32 noundef %16)
  store i32 %17, i32* %3, align 4
  br label %18

18:                                               ; preds = %10, %8
  %19 = load i32, i32* %3, align 4
  ret i32 %19
}

attributes #0 = { nounwind uwtable "frame-pointer"="non-leaf" "min-legal-vector-width"="0" "no-trapping-math"="true" "stack-protector-buffer-size"="8" "target-cpu"="generic" "target-features"="+neon,+outline-atomics,+v8a" }

!llvm.module.flags = !{!0, !1, !2, !3, !4, !5, !6, !7, !8}
!llvm.ident = !{!9}

!0 = !{i32 1, !"wchar_size", i32 4}
!1 = !{i32 1, !"branch-target-enforcement", i32 0}
!2 = !{i32 1, !"sign-return-address", i32 0}
!3 = !{i32 1, !"sign-return-address-all", i32 0}
!4 = !{i32 1, !"sign-return-address-with-bkey", i32 0}
!5 = !{i32 7, !"PIC Level", i32 2}
!6 = !{i32 7, !"PIE Level", i32 2}
!7 = !{i32 7, !"uwtable", i32 1}
!8 = !{i32 7, !"frame-pointer", i32 1}
!9 = !{!"Ubuntu clang version 14.0.0-1ubuntu1.1"}
*** IR Dump Before Annotation2MetadataPass on [module] ***
; ModuleID = 'combine.in.ll'
source_filename = "combine.c"
target datalayout = "e-m:e-i8:8:32-i16:16:32-i64:64-i128:128-n32:64-S128"
target triple = "aarch64-unknown-linux-gnu"

; Function Attrs: nounwind uwtable
define dso_local i32 @combine(i32 noundef %0, i32 noundef %1) #0 {
  %3 = alloca i32, align 4
  %4 = alloca i32, align 4
  %5 = alloca i32, align 4
  store i32 %0, i32* %4, align 4
  store i32 %1, i32* %5, align 4
  %6 = load i32, i32* %4, align 4
  %7 = icmp sle i32 %6, 0
  br i1 %7, label %8, label %10

8:                                                ; preds = %2
  %9 = load i32, i32* %5, align 4
  store i32 %9, i32* %3, align 4
  br label %18

10:                                               ; preds = %2
  %11 = load i32, i32* %4, align 4
  %12 = sub nsw i32 %11, 1
  %13 = load i32, i32* %5, align 4
  %14 = mul nsw i32 %13, 31
  %15 = load i32, i32* %4, align 4
  %16 = add nsw i32 %14, %15
  %17 = call i32 @combine(i32 noundef %12, i32 noundef %16)
  store i32 %17, i32* %3, align 4
  br label %18

18:                                               ; preds = %10, %8
  %19 = load i32, i32* %3, align 4
  ret i32 %19
}

attributes #0 = { nounwind uwtable "frame-pointer"="non-leaf" "min-legal-vector-width"="0" "no-trapping-math"="true" "stack-protector-buffer-size"="8" "target-cpu"="generic" "target-features"="+neon,+outline-atomics,+v8a" }

!llvm.module.flags = !{!0, !1, !2, !3, !4, !5, !6, !7, !8}
!llvm.ident = !{!9}

!0 = !{i32 1, !"wchar_size", i32 4}
!1 = !{i32 1, !"branch-target-enforcement", i32 0}
!2 = !{i32 1, !"sign-return-address", i32 0}
!3 = !{i32 1, !"sign-return-address-all", i32 0}
!4 = !{i32 1, !"sign-return-address-with-bkey", i32 0}
!5 = !{i32 7, !"PIC Level", i32 2}
!6 = !{i32 7, !"PIE Level", i32 2}
!7 = !{i32 7, !"uwtable", i32 1}
!8 = !{i32 7, !"frame-pointer", i32 1}
!9 = !{!"Ubuntu clang version 14.0.0-1ubuntu1.1"}
*** IR Dump After Annotation2MetadataPass on [module] ***
; ModuleID = 'combine.in.ll'
source_filename = "combine.c"
target datalayout = "e-m:e-i8:8:32-i16:16:32-i64:64-i128:128-n32:64-S128"
target triple = "aarch64-unknown-linux-gnu"

; Function Attrs: nounwind uwtable
define dso_local i32 @combine(i32 noundef %0, i32 noundef %1) #0 {
  %3 = alloca i32, align 4
  %4 = alloca i32, align 4
  %5 = alloca i32, align 4
  store i32 %0, i32* %4, align 4
  store i32 %1, i32* %5, align 4
  %6 = load i32, i32* %4, align 4
  %7 = icmp sle i32 %6, 0
  br i1 %7, label %8, label %10

8:                                                ; preds = %2
  %9 = load i32, i32* %5, align 4
  store i32 %9, i32* %3, align 4
  br label %18

10:                                               ; preds = %2
  %11 = load i32, i32* %4, align 4
  %12 = sub nsw i32 %11, 1
  %13 = load i32, i32* %5, align 4
  %14 = mul nsw i32 %13, 31
  %15 = load i32, i32* %4, align 4
  %16 = add nsw i32 %14, %15
  %17 = call i32 @combine(i32 noundef %12, i32 noundef %16)
  store i32 %17, i32* %3, align 4
  br label %18

18:                                               ; preds = %10, %8
  %19 = load i32, i32* %3, align 4
  ret i32 %19
}

attributes #0 = { nounwind uwtable "frame-pointer"="non-leaf" "min-legal-vector-width"="0" "no-trapping-math"="true" "stack-protector-buffer-size"="8" "target-cpu"="generic" "target-features"="+neon,+outline-atomics,+v8a" }

!llvm.module.flags = !{!0, !1, !2, !3, !4, !5, !6, !7, !8}
!llvm.ident = !{!9}

!0 = !{i32 1, !"wchar_size", i32 4}
!1 = !{i32 1, !"branch-target-enforcement", i32 0}
!2 = !{i32 1, !"sign-return-address", i32 0}
!3 = !{i32 1, !"sign-return-address-all", i32 0}
!4 = !{i32 1, !"sign-return-address-with-bkey", i32 0}
!5 = !{i32 7, !"PIC Level", i32 2}
!6 = !{i32 7, !"PIE Level", i32 2}
!7 = !{i32 7, !"uwtable", i32 1}
!8 = !{i32 7, !"frame-pointer", i32 1}
!9 = !{!"Ubuntu clang version 14.0.0-1ubuntu1.1"}
*** IR Dump Before ForceFunctionAttrsPass on [module] ***
; ModuleID = 'combine.in.ll'
source_filename = "combine.c"
target datalayout = "e-m:e-i8:8:32-i16:16:32-i64:64-i128:128-n32:64-S128"
target triple = "aarch64-unknown-linux-gnu"

; Function Attrs: nounwind uwtable
define dso_local i32 @combine(i32 noundef %0, i32 noundef %1) #0 {
  %3 = alloca i32, align 4
  %4 = alloca i32, align 4
  %5 = alloca i32, align 4
  store i32 %0, i32* %4, align 4
  store i32 %1, i32* %5, align 4
  %6 = load i32, i32* %4, align 4
  %7 = icmp sle i32 %6, 0
  br i1 %7, label %8, label %10

8:                                                ; preds = %2
  %9 = load i32, i32* %5, align 4
  store i32 %9, i32* %3, align 4
  br label %18

10:                                               ; preds = %2
  %11 = load i32, i32* %4, align 4
  %12 = sub nsw i32 %11, 1
  %13 = load i32, i32* %5, align 4
  %14 = mul nsw i32 %13, 31
  %15 = load i32, i32* %4, align 4
  %16 = add nsw i32 %14, %15
  %17 = call i32 @combine(i32 noundef %12, i32 noundef %16)
  store i32 %17, i32* %3, align 4
  br label %18

18:                                               ; preds = %10, %8
  %19 = load i32, i32* %3, align 4
  ret i32 %19
}

attributes #0 = { nounwind uwtable "frame-pointer"="non-leaf" "min-legal-vector-width"="0" "no-trapping-math"="true" "stack-protector-buffer-size"="8" "target-cpu"="generic" "target-features"="+neon,+outline-atomics,+v8a" }

!llvm.module.flags = !{!0, !1, !2, !3, !4, !5, !6, !7, !8}
!llvm.ident = !{!9}

!0 = !{i32 1, !"wchar_size", i32 4}
!1 = !{i32 1, !"branch-target-enforcement", i32 0}
!2 = !{i32 1, !"sign-return-address", i32 0}
!3 = !{i32 1, !"sign-return-address-all", i32 0}
!4 = !{i32 1, !"sign-return-address-with-bkey", i32 0}
!5 = !{i32 7, !"PIC Level", i32 2}
!6 = !{i32 7, !"PIE Level", i32 2}
!7 = !{i32 7, !"uwtable", i32 1}
!8 = !{i32 7, !"frame-pointer", i32 1}
!9 = !{!"Ubuntu clang version 14.0.0-1ubuntu1.1"}
*** IR Dump After ForceFunctionAttrsPass on [module] ***
; ModuleID = 'combine.in.ll'
source_filename = "combine.c"
target datalayout = "e-m:e-i8:8:32-i16:16:32-i64:64-i128:128-n32:64-S128"
target triple = "aarch64-unknown-linux-gnu"

; Function Attrs: nounwind uwtable
define dso_local i32 @combine(i32 noundef %0, i32 noundef %1) #0 {
  %3 = alloca i32, align 4
  %4 = alloca i32, align 4
  %5 = alloca i32, align 4
  store i32 %0, i32* %4, align 4
  store i32 %1, i32* %5, align 4
  %6 = load i32, i32* %4, align 4
  %7 = icmp sle i32 %6, 0
  br i1 %7, label %8, label %10

8:                                                ; preds = %2
  %9 = load i32, i32* %5, align 4
  store i32 %9, i32* %3, align 4
  br label %18

10:                                               ; preds = %2
  %11 = load i32, i32* %4, align 4
  %12 = sub nsw i32 %11, 1
  %13 = load i32, i32* %5, align 4
  %14 = mul nsw i32 %13, 31
  %15 = load i32, i32* %4, align 4
  %16 = add nsw i32 %14, %15
  %17 = call i32 @combine(i32 noundef %12, i32 noundef %16)
  store i32 %17, i32* %3, align 4
  br label %18

18:                                               ; preds = %10, %8
  %19 = load i32, i32* %3, align 4
  ret i32 %19
}

attributes #0 = { nounwind uwtable "frame-pointer"="non-leaf" "min-legal-vector-width"="0" "no-trapping-math"="true" "stack-protector-buffer-size"="8" "target-cpu"="generic" "target-features"="+neon,+outline-atomics,+v8a" }

!llvm.module.flags = !{!0, !1, !2, !3, !4, !5, !6, !7, !8}
!llvm.ident = !{!9}

!0 = !{i32 1, !"wchar_size", i32 4}
!1 = !{i32 1, !"branch-target-enforcement", i32 0}
!2 = !{i32 1, !"sign-return-address", i32 0}
!3 = !{i32 1, !"sign-return-address-all", i32 0}
!4 = !{i32 1, !"sign-return-address-with-bkey", i32 0}
!5 = !{i32 7, !"PIC Level", i32 2}
!6 = !{i32 7, !"PIE Level", i32 2}
!7 = !{i32 7, !"uwtable", i32 1}
!8 = !{i32 7, !"frame-pointer", i32 1}
!9 = !{!"Ubuntu clang version 14.0.0-1ubuntu1.1"}
*** IR Dump Before InferFunctionAttrsPass on [module] ***
; ModuleID = 'combine.in.ll'
source_filename = "combine.c"
target datalayout = "e-m:e-i8:8:32-i16:16:32-i64:64-i128:128-n32:64-S128"
target triple = "aarch64-unknown-linux-gnu"

; Function Attrs: nounwind uwtable
define dso_local i32 @combine(i32 noundef %0, i32 noundef %1) #0 {
  %3 = alloca i32, align 4
  %4 = alloca i32, align 4
  %5 = alloca i32, align 4
  store i32 %0, i32* %4, align 4
  store i32 %1, i32* %5, align 4
  %6 = load i32, i32* %4, align 4
  %7 = icmp sle i32 %6, 0
  br i1 %7, label %8, label %10

8:                                                ; preds = %2
  %9 = load i32, i32* %5, align 4
  store i32 %9, i32* %3, align 4
  br label %18

10:                                               ; preds = %2
  %11 = load i32, i32* %4, align 4
  %12 = sub nsw i32 %11, 1
  %13 = load i32, i32* %5, align 4
  %14 = mul nsw i32 %13, 31
  %15 = load i32, i32* %4, align 4
  %16 = add nsw i32 %14, %15
  %17 = call i32 @combine(i32 noundef %12, i32 noundef %16)
  store i32 %17, i32* %3, align 4
  br label %18

18:                                               ; preds = %10, %8
  %19 = load i32, i32* %3, align 4
  ret i32 %19
}

attributes #0 = { nounwind uwtable "frame-pointer"="non-leaf" "min-legal-vector-width"="0" "no-trapping-math"="true" "stack-protector-buffer-size"="8" "target-cpu"="generic" "target-features"="+neon,+outline-atomics,+v8a" }

!llvm.module.flags = !{!0, !1, !2, !3, !4, !5, !6, !7, !8}
!llvm.ident = !{!9}

!0 = !{i32 1, !"wchar_size", i32 4}
!1 = !{i32 1, !"branch-target-enforcement", i32 0}
!2 = !{i32 1, !"sign-return-address", i32 0}
!3 = !{i32 1, !"sign-return-address-all", i32 0}
!4 = !{i32 1, !"sign-return-address-with-bkey", i32 0}
!5 = !{i32 7, !"PIC Level", i32 2}
!6 = !{i32 7, !"PIE Level", i32 2}
!7 = !{i32 7, !"uwtable", i32 1}
!8 = !{i32 7, !"frame-pointer", i32 1}
!9 = !{!"Ubuntu clang version 14.0.0-1ubuntu1.1"}
*** IR Dump After InferFunctionAttrsPass on [module] ***
; ModuleID = 'combine.in.ll'
source_filename = "combine.c"
target datalayout = "e-m:e-i8:8:32-i16:16:32-i64:64-i128:128-n32:64-S128"
target triple = "aarch64-unknown-linux-gnu"

; Function Attrs: nounwind uwtable
define dso_local i32 @combine(i32 noundef %0, i32 noundef %1) #0 {
  %3 = alloca i32, align 4
  %4 = alloca i32, align 4
  %5 = alloca i32, align 4
  store i32 %0, i32* %4, align 4
  store i32 %1, i32* %5, align 4
  %6 = load i32, i32* %4, align 4
  %7 = icmp sle i32 %6, 0
  br i1 %7, label %8, label %10

8:                                                ; preds = %2
  %9 = load i32, i32* %5, align 4
  store i32 %9, i32* %3, align 4
  br label %18

10:                                               ; preds = %2
  %11 = load i32, i32* %4, align 4
  %12 = sub nsw i32 %11, 1
  %13 = load i32, i32* %5, align 4
  %14 = mul nsw i32 %13, 31
  %15 = load i32, i32* %4, align 4
  %16 = add nsw i32 %14, %15
  %17 = call i32 @combine(i32 noundef %12, i32 noundef %16)
  store i32 %17, i32* %3, align 4
  br label %18

18:                                               ; preds = %10, %8
  %19 = load i32, i32* %3, align 4
  ret i32 %19
}

attributes #0 = { nounwind uwtable "frame-pointer"="non-leaf" "min-legal-vector-width"="0" "no-trapping-math"="true" "stack-protector-buffer-size"="8" "target-cpu"="generic" "target-features"="+neon,+outline-atomics,+v8a" }

!llvm.module.flags = !{!0, !1, !2, !3, !4, !5, !6, !7, !8}
!llvm.ident = !{!9}

!0 = !{i32 1, !"wchar_size", i32 4}
!1 = !{i32 1, !"branch-target-enforcement", i32 0}
!2 = !{i32 1, !"sign-return-address", i32 0}
!3 = !{i32 1, !"sign-return-address-all", i32 0}
!4 = !{i32 1, !"sign-return-address-with-bkey", i32 0}
!5 = !{i32 7, !"PIC Level", i32 2}
!6 = !{i32 7, !"PIE Level", i32 2}
!7 = !{i32 7, !"uwtable", i32 1}
!8 = !{i32 7, !"frame-pointer", i32 1}
!9 = !{!"Ubuntu clang version 14.0.0-1ubuntu1.1"}
*** IR Dump Before LowerExpectIntrinsicPass on combine ***
; Function Attrs: nounwind uwtable
define dso_local i32 @combine(i32 noundef %0, i32 noundef %1) #0 {
  %3 = alloca i32, align 4
  %4 = alloca i32, align 4
  %5 = alloca i32, align 4
  store i32 %0, i32* %4, align 4
  store i32 %1, i32* %5, align 4
  %6 = load i32, i32* %4, align 4
  %7 = icmp sle i32 %6, 0
  br i1 %7, label %8, label %10

8:                                                ; preds = %2
  %9 = load i32, i32* %5, align 4
  store i32 %9, i32* %3, align 4
  br label %18

10:                                               ; preds = %2
  %11 = load i32, i32* %4, align 4
  %12 = sub nsw i32 %11, 1
  %13 = load i32, i32* %5, align 4
  %14 = mul nsw i32 %13, 31
  %15 = load i32, i32* %4, align 4
  %16 = add nsw i32 %14, %15
  %17 = call i32 @combine(i32 noundef %12, i32 noundef %16)
  store i32 %17, i32* %3, align 4
  br label %18

18:                                               ; preds = %10, %8
  %19 = load i32, i32* %3, align 4
  ret i32 %19
}
*** IR Dump After LowerExpectIntrinsicPass on combine ***
; Function Attrs: nounwind uwtable
define dso_local i32 @combine(i32 noundef %0, i32 noundef %1) #0 {
  %3 = alloca i32, align 4
  %4 = alloca i32, align 4
  %5 = alloca i32, align 4
  store i32 %0, i32* %4, align 4
  store i32 %1, i32* %5, align 4
  %6 = load i32, i32* %4, align 4
  %7 = icmp sle i32 %6, 0
  br i1 %7, label %8, label %10

8:                                                ; preds = %2
  %9 = load i32, i32* %5, align 4
  store i32 %9, i32* %3, align 4
  br label %18

10:                                               ; preds = %2
  %11 = load i32, i32* %4, align 4
  %12 = sub nsw i32 %11, 1
  %13 = load i32, i32* %5, align 4
  %14 = mul nsw i32 %13, 31
  %15 = load i32, i32* %4, align 4
  %16 = add nsw i32 %14, %15
  %17 = call i32 @combine(i32 noundef %12, i32 noundef %16)
  store i32 %17, i32* %3, align 4
  br label %18

18:                                               ; preds = %10, %8
  %19 = load i32, i32* %3, align 4
  ret i32 %19
}
*** IR Dump Before SimplifyCFGPass on combine ***
; Function Attrs: nounwind uwtable
define dso_local i32 @combine(i32 noundef %0, i32 noundef %1) #0 {
  %3 = alloca i32, align 4
  %4 = alloca i32, align 4
  %5 = alloca i32, align 4
  store i32 %0, i32* %4, align 4
  store i32 %1, i32* %5, align 4
  %6 = load i32, i32* %4, align 4
  %7 = icmp sle i32 %6, 0
  br i1 %7, label %8, label %10

8:                                                ; preds = %2
  %9 = load i32, i32* %5, align 4
  store i32 %9, i32* %3, align 4
  br label %18

10:                                               ; preds = %2
  %11 = load i32, i32* %4, align 4
  %12 = sub nsw i32 %11, 1
  %13 = load i32, i32* %5, align 4
  %14 = mul nsw i32 %13, 31
  %15 = load i32, i32* %4, align 4
  %16 = add nsw i32 %14, %15
  %17 = call i32 @combine(i32 noundef %12, i32 noundef %16)
  store i32 %17, i32* %3, align 4
  br label %18

18:                                               ; preds = %10, %8
  %19 = load i32, i32* %3, align 4
  ret i32 %19
}
*** IR Dump After SimplifyCFGPass on combine ***
; Function Attrs: nounwind uwtable
define dso_local i32 @combine(i32 noundef %0, i32 noundef %1) #0 {
  %3 = alloca i32, align 4
  %4 = alloca i32, align 4
  %5 = alloca i32, align 4
  store i32 %0, i32* %4, align 4
  store i32 %1, i32* %5, align 4
  %6 = load i32, i32* %4, align 4
  %7 = icmp sle i32 %6, 0
  br i1 %7, label %8, label %10

8:                                                ; preds = %2
  %9 = load i32, i32* %5, align 4
  store i32 %9, i32* %3, align 4
  br label %18

10:                                               ; preds = %2
  %11 = load i32, i32* %4, align 4
  %12 = sub nsw i32 %11, 1
  %13 = load i32, i32* %5, align 4
  %14 = mul nsw i32 %13, 31
  %15 = load i32, i32* %4, align 4
  %16 = add nsw i32 %14, %15
  %17 = call i32 @combine(i32 noundef %12, i32 noundef %16)
  store i32 %17, i32* %3, align 4
  br label %18

18:                                               ; preds = %10, %8
  %19 = load i32, i32* %3, align 4
  ret i32 %19
}
*** IR Dump Before SROAPass on combine ***
; Function Attrs: nounwind uwtable
define dso_local i32 @combine(i32 noundef %0, i32 noundef %1) #0 {
  %3 = alloca i32, align 4
  %4 = alloca i32, align 4
  %5 = alloca i32, align 4
  store i32 %0, i32* %4, align 4
  store i32 %1, i32* %5, align 4
  %6 = load i32, i32* %4, align 4
  %7 = icmp sle i32 %6, 0
  br i1 %7, label %8, label %10

8:                                                ; preds = %2
  %9 = load i32, i32* %5, align 4
  store i32 %9, i32* %3, align 4
  br label %18

10:                                               ; preds = %2
  %11 = load i32, i32* %4, align 4
  %12 = sub nsw i32 %11, 1
  %13 = load i32, i32* %5, align 4
  %14 = mul nsw i32 %13, 31
  %15 = load i32, i32* %4, align 4
  %16 = add nsw i32 %14, %15
  %17 = call i32 @combine(i32 noundef %12, i32 noundef %16)
  store i32 %17, i32* %3, align 4
  br label %18

18:                                               ; preds = %10, %8
  %19 = load i32, i32* %3, align 4
  ret i32 %19
}
*** IR Dump After SROAPass on combine ***
; Function Attrs: nounwind uwtable
define dso_local i32 @combine(i32 noundef %0, i32 noundef %1) #0 {
  %3 = icmp sle i32 %0, 0
  br i1 %3, label %4, label %5

4:                                                ; preds = %2
  br label %10

5:                                                ; preds = %2
  %6 = sub nsw i32 %0, 1
  %7 = mul nsw i32 %1, 31
  %8 = add nsw i32 %7, %0
  %9 = call i32 @combine(i32 noundef %6, i32 noundef %8)
  br label %10

10:                                               ; preds = %5, %4
  %.0 = phi i32 [ %1, %4 ], [ %9, %5 ]
  ret i32 %.0
}
*** IR Dump Before EarlyCSEPass on combine ***
; Function Attrs: nounwind uwtable
define dso_local i32 @combine(i32 noundef %0, i32 noundef %1) #0 {
  %3 = icmp sle i32 %0, 0
  br i1 %3, label %4, label %5

4:                                                ; preds = %2
  br label %10

5:                                                ; preds = %2
  %6 = sub nsw i32 %0, 1
  %7 = mul nsw i32 %1, 31
  %8 = add nsw i32 %7, %0
  %9 = call i32 @combine(i32 noundef %6, i32 noundef %8)
  br label %10

10:                                               ; preds = %5, %4
  %.0 = phi i32 [ %1, %4 ], [ %9, %5 ]
  ret i32 %.0
}
*** IR Dump After EarlyCSEPass on combine ***
; Function Attrs: nounwind uwtable
define dso_local i32 @combine(i32 noundef %0, i32 noundef %1) #0 {
  %3 = icmp sle i32 %0, 0
  br i1 %3, label %4, label %5

4:                                                ; preds = %2
  br label %10

5:                                                ; preds = %2
  %6 = sub nsw i32 %0, 1
  %7 = mul nsw i32 %1, 31
  %8 = add nsw i32 %7, %0
  %9 = call i32 @combine(i32 noundef %6, i32 noundef %8)
  br label %10

10:                                               ; preds = %5, %4
  %.0 = phi i32 [ %1, %4 ], [ %9, %5 ]
  ret i32 %.0
}
*** IR Dump Before CoroEarlyPass on combine ***
; Function Attrs: nounwind uwtable
define dso_local i32 @combine(i32 noundef %0, i32 noundef %1) #0 {
  %3 = icmp sle i32 %0, 0
  br i1 %3, label %4, label %5

4:                                                ; preds = %2
  br label %10

5:                                                ; preds = %2
  %6 = sub nsw i32 %0, 1
  %7 = mul nsw i32 %1, 31
  %8 = add nsw i32 %7, %0
  %9 = call i32 @combine(i32 noundef %6, i32 noundef %8)
  br label %10

10:                                               ; preds = %5, %4
  %.0 = phi i32 [ %1, %4 ], [ %9, %5 ]
  ret i32 %.0
}
*** IR Dump After CoroEarlyPass on combine ***
; Function Attrs: nounwind uwtable
define dso_local i32 @combine(i32 noundef %0, i32 noundef %1) #0 {
  %3 = icmp sle i32 %0, 0
  br i1 %3, label %4, label %5

4:                                                ; preds = %2
  br label %10

5:                                                ; preds = %2
  %6 = sub nsw i32 %0, 1
  %7 = mul nsw i32 %1, 31
  %8 = add nsw i32 %7, %0
  %9 = call i32 @combine(i32 noundef %6, i32 noundef %8)
  br label %10

10:                                               ; preds = %5, %4
  %.0 = phi i32 [ %1, %4 ], [ %9, %5 ]
  ret i32 %.0
}
*** IR Dump Before OpenMPOptPass on [module] ***
; ModuleID = 'combine.in.ll'
source_filename = "combine.c"
target datalayout = "e-m:e-i8:8:32-i16:16:32-i64:64-i128:128-n32:64-S128"
target triple = "aarch64-unknown-linux-gnu"

; Function Attrs: nounwind uwtable
define dso_local i32 @combine(i32 noundef %0, i32 noundef %1) #0 {
  %3 = icmp sle i32 %0, 0
  br i1 %3, label %4, label %5

4:                                                ; preds = %2
  br label %10

5:                                                ; preds = %2
  %6 = sub nsw i32 %0, 1
  %7 = mul nsw i32 %1, 31
  %8 = add nsw i32 %7, %0
  %9 = call i32 @combine(i32 noundef %6, i32 noundef %8)
  br label %10

10:                                               ; preds = %5, %4
  %.0 = phi i32 [ %1, %4 ], [ %9, %5 ]
  ret i32 %.0
}

attributes #0 = { nounwind uwtable "frame-pointer"="non-leaf" "min-legal-vector-width"="0" "no-trapping-math"="true" "stack-protector-buffer-size"="8" "target-cpu"="generic" "target-features"="+neon,+outline-atomics,+v8a" }

!llvm.module.flags = !{!0, !1, !2, !3, !4, !5, !6, !7, !8}
!llvm.ident = !{!9}

!0 = !{i32 1, !"wchar_size", i32 4}
!1 = !{i32 1, !"branch-target-enforcement", i32 0}
!2 = !{i32 1, !"sign-return-address", i32 0}
!3 = !{i32 1, !"sign-return-address-all", i32 0}
!4 = !{i32 1, !"sign-return-address-with-bkey", i32 0}
!5 = !{i32 7, !"PIC Level", i32 2}
!6 = !{i32 7, !"PIE Level", i32 2}
!7 = !{i32 7, !"uwtable", i32 1}
!8 = !{i32 7, !"frame-pointer", i32 1}
!9 = !{!"Ubuntu clang version 14.0.0-1ubuntu1.1"}
*** IR Dump After OpenMPOptPass on [module] ***
; ModuleID = 'combine.in.ll'
source_filename = "combine.c"
target datalayout = "e-m:e-i8:8:32-i16:16:32-i64:64-i128:128-n32:64-S128"
target triple = "aarch64-unknown-linux-gnu"

; Function Attrs: nounwind uwtable
define dso_local i32 @combine(i32 noundef %0, i32 noundef %1) #0 {
  %3 = icmp sle i32 %0, 0
  br i1 %3, label %4, label %5

4:                                                ; preds = %2
  br label %10

5:                                                ; preds = %2
  %6 = sub nsw i32 %0, 1
  %7 = mul nsw i32 %1, 31
  %8 = add nsw i32 %7, %0
  %9 = call i32 @combine(i32 noundef %6, i32 noundef %8)
  br label %10

10:                                               ; preds = %5, %4
  %.0 = phi i32 [ %1, %4 ], [ %9, %5 ]
  ret i32 %.0
}

attributes #0 = { nounwind uwtable "frame-pointer"="non-leaf" "min-legal-vector-width"="0" "no-trapping-math"="true" "stack-protector-buffer-size"="8" "target-cpu"="generic" "target-features"="+neon,+outline-atomics,+v8a" }

!llvm.module.flags = !{!0, !1, !2, !3, !4, !5, !6, !7, !8}
!llvm.ident = !{!9}

!0 = !{i32 1, !"wchar_size", i32 4}
!1 = !{i32 1, !"branch-target-enforcement", i32 0}
!2 = !{i32 1, !"sign-return-address", i32 0}
!3 = !{i32 1, !"sign-return-address-all", i32 0}
!4 = !{i32 1, !"sign-return-address-with-bkey", i32 0}
!5 = !{i32 7, !"PIC Level", i32 2}
!6 = !{i32 7, !"PIE Level", i32 2}
!7 = !{i32 7, !"uwtable", i32 1}
!8 = !{i32 7, !"frame-pointer", i32 1}
!9 = !{!"Ubuntu clang version 14.0.0-1ubuntu1.1"}
*** IR Dump Before IPSCCPPass on [module] ***
; ModuleID = 'combine.in.ll'
source_filename = "combine.c"
target datalayout = "e-m:e-i8:8:32-i16:16:32-i64:64-i128:128-n32:64-S128"
target triple = "aarch64-unknown-linux-gnu"

; Function Attrs: nounwind uwtable
define dso_local i32 @combine(i32 noundef %0, i32 noundef %1) #0 {
  %3 = icmp sle i32 %0, 0
  br i1 %3, label %4, label %5

4:                                                ; preds = %2
  br label %10

5:                                                ; preds = %2
  %6 = sub nsw i32 %0, 1
  %7 = mul nsw i32 %1, 31
  %8 = add nsw i32 %7, %0
  %9 = call i32 @combine(i32 noundef %6, i32 noundef %8)
  br label %10

10:                                               ; preds = %5, %4
  %.0 = phi i32 [ %1, %4 ], [ %9, %5 ]
  ret i32 %.0
}

attributes #0 = { nounwind uwtable "frame-pointer"="non-leaf" "min-legal-vector-width"="0" "no-trapping-math"="true" "stack-protector-buffer-size"="8" "target-cpu"="generic" "target-features"="+neon,+outline-atomics,+v8a" }

!llvm.module.flags = !{!0, !1, !2, !3, !4, !5, !6, !7, !8}
!llvm.ident = !{!9}

!0 = !{i32 1, !"wchar_size", i32 4}
!1 = !{i32 1, !"branch-target-enforcement", i32 0}
!2 = !{i32 1, !"sign-return-address", i32 0}
!3 = !{i32 1, !"sign-return-address-all", i32 0}
!4 = !{i32 1, !"sign-return-address-with-bkey", i32 0}
!5 = !{i32 7, !"PIC Level", i32 2}
!6 = !{i32 7, !"PIE Level", i32 2}
!7 = !{i32 7, !"uwtable", i32 1}
!8 = !{i32 7, !"frame-pointer", i32 1}
!9 = !{!"Ubuntu clang version 14.0.0-1ubuntu1.1"}
*** IR Dump After IPSCCPPass on [module] ***
; ModuleID = 'combine.in.ll'
source_filename = "combine.c"
target datalayout = "e-m:e-i8:8:32-i16:16:32-i64:64-i128:128-n32:64-S128"
target triple = "aarch64-unknown-linux-gnu"

; Function Attrs: nounwind uwtable
define dso_local i32 @combine(i32 noundef %0, i32 noundef %1) #0 {
  %3 = icmp sle i32 %0, 0
  br i1 %3, label %4, label %5

4:                                                ; preds = %2
  br label %10

5:                                                ; preds = %2
  %6 = sub nsw i32 %0, 1
  %7 = mul nsw i32 %1, 31
  %8 = add nsw i32 %7, %0
  %9 = call i32 @combine(i32 noundef %6, i32 noundef %8)
  br label %10

10:                                               ; preds = %5, %4
  %.0 = phi i32 [ %1, %4 ], [ %9, %5 ]
  ret i32 %.0
}

attributes #0 = { nounwind uwtable "frame-pointer"="non-leaf" "min-legal-vector-width"="0" "no-trapping-math"="true" "stack-protector-buffer-size"="8" "target-cpu"="generic" "target-features"="+neon,+outline-atomics,+v8a" }

!llvm.module.flags = !{!0, !1, !2, !3, !4, !5, !6, !7, !8}
!llvm.ident = !{!9}

!0 = !{i32 1, !"wchar_size", i32 4}
!1 = !{i32 1, !"branch-target-enforcement", i32 0}
!2 = !{i32 1, !"sign-return-address", i32 0}
!3 = !{i32 1, !"sign-return-address-all", i32 0}
!4 = !{i32 1, !"sign-return-address-with-bkey", i32 0}
!5 = !{i32 7, !"PIC Level", i32 2}
!6 = !{i32 7, !"PIE Level", i32 2}
!7 = !{i32 7, !"uwtable", i32 1}
!8 = !{i32 7, !"frame-pointer", i32 1}
!9 = !{!"Ubuntu clang version 14.0.0-1ubuntu1.1"}
*** IR Dump Before CalledValuePropagationPass on [module] ***
; ModuleID = 'combine.in.ll'
source_filename = "combine.c"
target datalayout = "e-m:e-i8:8:32-i16:16:32-i64:64-i128:128-n32:64-S128"
target triple = "aarch64-unknown-linux-gnu"

; Function Attrs: nounwind uwtable
define dso_local i32 @combine(i32 noundef %0, i32 noundef %1) #0 {
  %3 = icmp sle i32 %0, 0
  br i1 %3, label %4, label %5

4:                                                ; preds = %2
  br label %10

5:                                                ; preds = %2
  %6 = sub nsw i32 %0, 1
  %7 = mul nsw i32 %1, 31
  %8 = add nsw i32 %7, %0
  %9 = call i32 @combine(i32 noundef %6, i32 noundef %8)
  br label %10

10:                                               ; preds = %5, %4
  %.0 = phi i32 [ %1, %4 ], [ %9, %5 ]
  ret i32 %.0
}

attributes #0 = { nounwind uwtable "frame-pointer"="non-leaf" "min-legal-vector-width"="0" "no-trapping-math"="true" "stack-protector-buffer-size"="8" "target-cpu"="generic" "target-features"="+neon,+outline-atomics,+v8a" }

!llvm.module.flags = !{!0, !1, !2, !3, !4, !5, !6, !7, !8}
!llvm.ident = !{!9}

!0 = !{i32 1, !"wchar_size", i32 4}
!1 = !{i32 1, !"branch-target-enforcement", i32 0}
!2 = !{i32 1, !"sign-return-address", i32 0}
!3 = !{i32 1, !"sign-return-address-all", i32 0}
!4 = !{i32 1, !"sign-return-address-with-bkey", i32 0}
!5 = !{i32 7, !"PIC Level", i32 2}
!6 = !{i32 7, !"PIE Level", i32 2}
!7 = !{i32 7, !"uwtable", i32 1}
!8 = !{i32 7, !"frame-pointer", i32 1}
!9 = !{!"Ubuntu clang version 14.0.0-1ubuntu1.1"}
*** IR Dump After CalledValuePropagationPass on [module] ***
; ModuleID = 'combine.in.ll'
source_filename = "combine.c"
target datalayout = "e-m:e-i8:8:32-i16:16:32-i64:64-i128:128-n32:64-S128"
target triple = "aarch64-unknown-linux-gnu"

; Function Attrs: nounwind uwtable
define dso_local i32 @combine(i32 noundef %0, i32 noundef %1) #0 {
  %3 = icmp sle i32 %0, 0
  br i1 %3, label %4, label %5

4:                                                ; preds = %2
  br label %10

5:                                                ; preds = %2
  %6 = sub nsw i32 %0, 1
  %7 = mul nsw i32 %1, 31
  %8 = add nsw i32 %7, %0
  %9 = call i32 @combine(i32 noundef %6, i32 noundef %8)
  br label %10

10:                                               ; preds = %5, %4
  %.0 = phi i32 [ %1, %4 ], [ %9, %5 ]
  ret i32 %.0
}

attributes #0 = { nounwind uwtable "frame-pointer"="non-leaf" "min-legal-vector-width"="0" "no-trapping-math"="true" "stack-protector-buffer-size"="8" "target-cpu"="generic" "target-features"="+neon,+outline-atomics,+v8a" }

!llvm.module.flags = !{!0, !1, !2, !3, !4, !5, !6, !7, !8}
!llvm.ident = !{!9}

!0 = !{i32 1, !"wchar_size", i32 4}
!1 = !{i32 1, !"branch-target-enforcement", i32 0}
!2 = !{i32 1, !"sign-return-address", i32 0}
!3 = !{i32 1, !"sign-return-address-all", i32 0}
!4 = !{i32 1, !"sign-return-address-with-bkey", i32 0}
!5 = !{i32 7, !"PIC Level", i32 2}
!6 = !{i32 7, !"PIE Level", i32 2}
!7 = !{i32 7, !"uwtable", i32 1}
!8 = !{i32 7, !"frame-pointer", i32 1}
!9 = !{!"Ubuntu clang version 14.0.0-1ubuntu1.1"}
*** IR Dump Before GlobalOptPass on [module] ***
; ModuleID = 'combine.in.ll'
source_filename = "combine.c"
target datalayout = "e-m:e-i8:8:32-i16:16:32-i64:64-i128:128-n32:64-S128"
target triple = "aarch64-unknown-linux-gnu"

; Function Attrs: nounwind uwtable
define dso_local i32 @combine(i32 noundef %0, i32 noundef %1) #0 {
  %3 = icmp sle i32 %0, 0
  br i1 %3, label %4, label %5

4:                                                ; preds = %2
  br label %10

5:                                                ; preds = %2
  %6 = sub nsw i32 %0, 1
  %7 = mul nsw i32 %1, 31
  %8 = add nsw i32 %7, %0
  %9 = call i32 @combine(i32 noundef %6, i32 noundef %8)
  br label %10

10:                                               ; preds = %5, %4
  %.0 = phi i32 [ %1, %4 ], [ %9, %5 ]
  ret i32 %.0
}

attributes #0 = { nounwind uwtable "frame-pointer"="non-leaf" "min-legal-vector-width"="0" "no-trapping-math"="true" "stack-protector-buffer-size"="8" "target-cpu"="generic" "target-features"="+neon,+outline-atomics,+v8a" }

!llvm.module.flags = !{!0, !1, !2, !3, !4, !5, !6, !7, !8}
!llvm.ident = !{!9}

!0 = !{i32 1, !"wchar_size", i32 4}
!1 = !{i32 1, !"branch-target-enforcement", i32 0}
!2 = !{i32 1, !"sign-return-address", i32 0}
!3 = !{i32 1, !"sign-return-address-all", i32 0}
!4 = !{i32 1, !"sign-return-address-with-bkey", i32 0}
!5 = !{i32 7, !"PIC Level", i32 2}
!6 = !{i32 7, !"PIE Level", i32 2}
!7 = !{i32 7, !"uwtable", i32 1}
!8 = !{i32 7, !"frame-pointer", i32 1}
!9 = !{!"Ubuntu clang version 14.0.0-1ubuntu1.1"}
*** IR Dump After GlobalOptPass on [module] ***
; ModuleID = 'combine.in.ll'
source_filename = "combine.c"
target datalayout = "e-m:e-i8:8:32-i16:16:32-i64:64-i128:128-n32:64-S128"
target triple = "aarch64-unknown-linux-gnu"

; Function Attrs: nounwind uwtable
define dso_local i32 @combine(i32 noundef %0, i32 noundef %1) local_unnamed_addr #0 {
  %3 = icmp sle i32 %0, 0
  br i1 %3, label %4, label %5

4:                                                ; preds = %2
  br label %10

5:                                                ; preds = %2
  %6 = sub nsw i32 %0, 1
  %7 = mul nsw i32 %1, 31
  %8 = add nsw i32 %7, %0
  %9 = call i32 @combine(i32 noundef %6, i32 noundef %8)
  br label %10

10:                                               ; preds = %5, %4
  %.0 = phi i32 [ %1, %4 ], [ %9, %5 ]
  ret i32 %.0
}

attributes #0 = { nounwind uwtable "frame-pointer"="non-leaf" "min-legal-vector-width"="0" "no-trapping-math"="true" "stack-protector-buffer-size"="8" "target-cpu"="generic" "target-features"="+neon,+outline-atomics,+v8a" }

!llvm.module.flags = !{!0, !1, !2, !3, !4, !5, !6, !7, !8}
!llvm.ident = !{!9}

!0 = !{i32 1, !"wchar_size", i32 4}
!1 = !{i32 1, !"branch-target-enforcement", i32 0}
!2 = !{i32 1, !"sign-return-address", i32 0}
!3 = !{i32 1, !"sign-return-address-all", i32 0}
!4 = !{i32 1, !"sign-return-address-with-bkey", i32 0}
!5 = !{i32 7, !"PIC Level", i32 2}
!6 = !{i32 7, !"PIE Level", i32 2}
!7 = !{i32 7, !"uwtable", i32 1}
!8 = !{i32 7, !"frame-pointer", i32 1}
!9 = !{!"Ubuntu clang version 14.0.0-1ubuntu1.1"}
*** IR Dump Before PromotePass on combine ***
; Function Attrs: nounwind uwtable
define dso_local i32 @combine(i32 noundef %0, i32 noundef %1) local_unnamed_addr #0 {
  %3 = icmp sle i32 %0, 0
  br i1 %3, label %4, label %5

4:                                                ; preds = %2
  br label %10

5:                                                ; preds = %2
  %6 = sub nsw i32 %0, 1
  %7 = mul nsw i32 %1, 31
  %8 = add nsw i32 %7, %0
  %9 = call i32 @combine(i32 noundef %6, i32 noundef %8)
  br label %10

10:                                               ; preds = %5, %4
  %.0 = phi i32 [ %1, %4 ], [ %9, %5 ]
  ret i32 %.0
}
*** IR Dump After PromotePass on combine ***
; Function Attrs: nounwind uwtable
define dso_local i32 @combine(i32 noundef %0, i32 noundef %1) local_unnamed_addr #0 {
  %3 = icmp sle i32 %0, 0
  br i1 %3, label %4, label %5

4:                                                ; preds = %2
  br label %10

5:                                                ; preds = %2
  %6 = sub nsw i32 %0, 1
  %7 = mul nsw i32 %1, 31
  %8 = add nsw i32 %7, %0
  %9 = call i32 @combine(i32 noundef %6, i32 noundef %8)
  br label %10

10:                                               ; preds = %5, %4
  %.0 = phi i32 [ %1, %4 ], [ %9, %5 ]
  ret i32 %.0
}
*** IR Dump Before DeadArgumentEliminationPass on [module] ***
; ModuleID = 'combine.in.ll'
source_filename = "combine.c"
target datalayout = "e-m:e-i8:8:32-i16:16:32-i64:64-i128:128-n32:64-S128"
target triple = "aarch64-unknown-linux-gnu"

; Function Attrs: nounwind uwtable
define dso_local i32 @combine(i32 noundef %0, i32 noundef %1) local_unnamed_addr #0 {
  %3 = icmp sle i32 %0, 0
  br i1 %3, label %4, label %5

4:                                                ; preds = %2
  br label %10

5:                                                ; preds = %2
  %6 = sub nsw i32 %0, 1
  %7 = mul nsw i32 %1, 31
  %8 = add nsw i32 %7, %0
  %9 = call i32 @combine(i32 noundef %6, i32 noundef %8)
  br label %10

10:                                               ; preds = %5, %4
  %.0 = phi i32 [ %1, %4 ], [ %9, %5 ]
  ret i32 %.0
}

attributes #0 = { nounwind uwtable "frame-pointer"="non-leaf" "min-legal-vector-width"="0" "no-trapping-math"="true" "stack-protector-buffer-size"="8" "target-cpu"="generic" "target-features"="+neon,+outline-atomics,+v8a" }

!llvm.module.flags = !{!0, !1, !2, !3, !4, !5, !6, !7, !8}
!llvm.ident = !{!9}

!0 = !{i32 1, !"wchar_size", i32 4}
!1 = !{i32 1, !"branch-target-enforcement", i32 0}
!2 = !{i32 1, !"sign-return-address", i32 0}
!3 = !{i32 1, !"sign-return-address-all", i32 0}
!4 = !{i32 1, !"sign-return-address-with-bkey", i32 0}
!5 = !{i32 7, !"PIC Level", i32 2}
!6 = !{i32 7, !"PIE Level", i32 2}
!7 = !{i32 7, !"uwtable", i32 1}
!8 = !{i32 7, !"frame-pointer", i32 1}
!9 = !{!"Ubuntu clang version 14.0.0-1ubuntu1.1"}
*** IR Dump After DeadArgumentEliminationPass on [module] ***
; ModuleID = 'combine.in.ll'
source_filename = "combine.c"
target datalayout = "e-m:e-i8:8:32-i16:16:32-i64:64-i128:128-n32:64-S128"
target triple = "aarch64-unknown-linux-gnu"

; Function Attrs: nounwind uwtable
define dso_local i32 @combine(i32 noundef %0, i32 noundef %1) local_unnamed_addr #0 {
  %3 = icmp sle i32 %0, 0
  br i1 %3, label %4, label %5

4:                                                ; preds = %2
  br label %10

5:                                                ; preds = %2
  %6 = sub nsw i32 %0, 1
  %7 = mul nsw i32 %1, 31
  %8 = add nsw i32 %7, %0
  %9 = call i32 @combine(i32 noundef %6, i32 noundef %8)
  br label %10

10:                                               ; preds = %5, %4
  %.0 = phi i32 [ %1, %4 ], [ %9, %5 ]
  ret i32 %.0
}

attributes #0 = { nounwind uwtable "frame-pointer"="non-leaf" "min-legal-vector-width"="0" "no-trapping-math"="true" "stack-protector-buffer-size"="8" "target-cpu"="generic" "target-features"="+neon,+outline-atomics,+v8a" }

!llvm.module.flags = !{!0, !1, !2, !3, !4, !5, !6, !7, !8}
!llvm.ident = !{!9}

!0 = !{i32 1, !"wchar_size", i32 4}
!1 = !{i32 1, !"branch-target-enforcement", i32 0}
!2 = !{i32 1, !"sign-return-address", i32 0}
!3 = !{i32 1, !"sign-return-address-all", i32 0}
!4 = !{i32 1, !"sign-return-address-with-bkey", i32 0}
!5 = !{i32 7, !"PIC Level", i32 2}
!6 = !{i32 7, !"PIE Level", i32 2}
!7 = !{i32 7, !"uwtable", i32 1}
!8 = !{i32 7, !"frame-pointer", i32 1}
!9 = !{!"Ubuntu clang version 14.0.0-1ubuntu1.1"}
*** IR Dump Before InstCombinePass on combine ***
; Function Attrs: nounwind uwtable
define dso_local i32 @combine(i32 noundef %0, i32 noundef %1) local_unnamed_addr #0 {
  %3 = icmp sle i32 %0, 0
  br i1 %3, label %4, label %5

4:                                                ; preds = %2
  br label %10

5:                                                ; preds = %2
  %6 = sub nsw i32 %0, 1
  %7 = mul nsw i32 %1, 31
  %8 = add nsw i32 %7, %0
  %9 = call i32 @combine(i32 noundef %6, i32 noundef %8)
  br label %10

10:                                               ; preds = %5, %4
  %.0 = phi i32 [ %1, %4 ], [ %9, %5 ]
  ret i32 %.0
}
*** IR Dump After InstCombinePass on combine ***
; Function Attrs: nounwind uwtable
define dso_local i32 @combine(i32 noundef %0, i32 noundef %1) local_unnamed_addr #0 {
  %3 = icmp slt i32 %0, 1
  br i1 %3, label %4, label %5

4:                                                ; preds = %2
  br label %10

5:                                                ; preds = %2
  %6 = add nsw i32 %0, -1
  %7 = mul nsw i32 %1, 31
  %8 = add nsw i32 %7, %0
  %9 = call i32 @combine(i32 noundef %6, i32 noundef %8)
  br label %10

10:                                               ; preds = %5, %4
  %.0 = phi i32 [ %1, %4 ], [ %9, %5 ]
  ret i32 %.0
}
*** IR Dump Before SimplifyCFGPass on combine ***
; Function Attrs: nounwind uwtable
define dso_local i32 @combine(i32 noundef %0, i32 noundef %1) local_unnamed_addr #0 {
  %3 = icmp slt i32 %0, 1
  br i1 %3, label %4, label %5

4:                                                ; preds = %2
  br label %10

5:                                                ; preds = %2
  %6 = add nsw i32 %0, -1
  %7 = mul nsw i32 %1, 31
  %8 = add nsw i32 %7, %0
  %9 = call i32 @combine(i32 noundef %6, i32 noundef %8)
  br label %10

10:                                               ; preds = %5, %4
  %.0 = phi i32 [ %1, %4 ], [ %9, %5 ]
  ret i32 %.0
}
*** IR Dump After SimplifyCFGPass on combine ***
; Function Attrs: nounwind uwtable
define dso_local i32 @combine(i32 noundef %0, i32 noundef %1) local_unnamed_addr #0 {
  %3 = icmp slt i32 %0, 1
  br i1 %3, label %9, label %4

4:                                                ; preds = %2
  %5 = add nsw i32 %0, -1
  %6 = mul nsw i32 %1, 31
  %7 = add nsw i32 %6, %0
  %8 = call i32 @combine(i32 noundef %5, i32 noundef %7)
  br label %9

9:                                                ; preds = %2, %4
  %.0 = phi i32 [ %8, %4 ], [ %1, %2 ]
  ret i32 %.0
}
*** IR Dump Before RequireAnalysisPass<llvm::GlobalsAA, llvm::Module> on [module] ***
; ModuleID = 'combine.in.ll'
source_filename = "combine.c"
target datalayout = "e-m:e-i8:8:32-i16:16:32-i64:64-i128:128-n32:64-S128"
target triple = "aarch64-unknown-linux-gnu"

; Function Attrs: nounwind uwtable
define dso_local i32 @combine(i32 noundef %0, i32 noundef %1) local_unnamed_addr #0 {
  %3 = icmp slt i32 %0, 1
  br i1 %3, label %9, label %4

4:                                                ; preds = %2
  %5 = add nsw i32 %0, -1
  %6 = mul nsw i32 %1, 31
  %7 = add nsw i32 %6, %0
  %8 = call i32 @combine(i32 noundef %5, i32 noundef %7)
  br label %9

9:                                                ; preds = %2, %4
  %.0 = phi i32 [ %8, %4 ], [ %1, %2 ]
  ret i32 %.0
}

attributes #0 = { nounwind uwtable "frame-pointer"="non-leaf" "min-legal-vector-width"="0" "no-trapping-math"="true" "stack-protector-buffer-size"="8" "target-cpu"="generic" "target-features"="+neon,+outline-atomics,+v8a" }

!llvm.module.flags = !{!0, !1, !2, !3, !4, !5, !6, !7, !8}
!llvm.ident = !{!9}

!0 = !{i32 1, !"wchar_size", i32 4}
!1 = !{i32 1, !"branch-target-enforcement", i32 0}
!2 = !{i32 1, !"sign-return-address", i32 0}
!3 = !{i32 1, !"sign-return-address-all", i32 0}
!4 = !{i32 1, !"sign-return-address-with-bkey", i32 0}
!5 = !{i32 7, !"PIC Level", i32 2}
!6 = !{i32 7, !"PIE Level", i32 2}
!7 = !{i32 7, !"uwtable", i32 1}
!8 = !{i32 7, !"frame-pointer", i32 1}
!9 = !{!"Ubuntu clang version 14.0.0-1ubuntu1.1"}
*** IR Dump After RequireAnalysisPass<llvm::GlobalsAA, llvm::Module> on [module] ***
; ModuleID = 'combine.in.ll'
source_filename = "combine.c"
target datalayout = "e-m:e-i8:8:32-i16:16:32-i64:64-i128:128-n32:64-S128"
target triple = "aarch64-unknown-linux-gnu"

; Function Attrs: nounwind uwtable
define dso_local i32 @combine(i32 noundef %0, i32 noundef %1) local_unnamed_addr #0 {
  %3 = icmp slt i32 %0, 1
  br i1 %3, label %9, label %4

4:                                                ; preds = %2
  %5 = add nsw i32 %0, -1
  %6 = mul nsw i32 %1, 31
  %7 = add nsw i32 %6, %0
  %8 = call i32 @combine(i32 noundef %5, i32 noundef %7)
  br label %9

9:                                                ; preds = %2, %4
  %.0 = phi i32 [ %8, %4 ], [ %1, %2 ]
  ret i32 %.0
}

attributes #0 = { nounwind uwtable "frame-pointer"="non-leaf" "min-legal-vector-width"="0" "no-trapping-math"="true" "stack-protector-buffer-size"="8" "target-cpu"="generic" "target-features"="+neon,+outline-atomics,+v8a" }

!llvm.module.flags = !{!0, !1, !2, !3, !4, !5, !6, !7, !8}
!llvm.ident = !{!9}

!0 = !{i32 1, !"wchar_size", i32 4}
!1 = !{i32 1, !"branch-target-enforcement", i32 0}
!2 = !{i32 1, !"sign-return-address", i32 0}
!3 = !{i32 1, !"sign-return-address-all", i32 0}
!4 = !{i32 1, !"sign-return-address-with-bkey", i32 0}
!5 = !{i32 7, !"PIC Level", i32 2}
!6 = !{i32 7, !"PIE Level", i32 2}
!7 = !{i32 7, !"uwtable", i32 1}
!8 = !{i32 7, !"frame-pointer", i32 1}
!9 = !{!"Ubuntu clang version 14.0.0-1ubuntu1.1"}
*** IR Dump Before InvalidateAnalysisPass<llvm::AAManager> on combine ***
; Function Attrs: nounwind uwtable
define dso_local i32 @combine(i32 noundef %0, i32 noundef %1) local_unnamed_addr #0 {
  %3 = icmp slt i32 %0, 1
  br i1 %3, label %9, label %4

4:                                                ; preds = %2
  %5 = add nsw i32 %0, -1
  %6 = mul nsw i32 %1, 31
  %7 = add nsw i32 %6, %0
  %8 = call i32 @combine(i32 noundef %5, i32 noundef %7)
  br label %9

9:                                                ; preds = %2, %4
  %.0 = phi i32 [ %8, %4 ], [ %1, %2 ]
  ret i32 %.0
}
*** IR Dump After InvalidateAnalysisPass<llvm::AAManager> on combine ***
; Function Attrs: nounwind uwtable
define dso_local i32 @combine(i32 noundef %0, i32 noundef %1) local_unnamed_addr #0 {
  %3 = icmp slt i32 %0, 1
  br i1 %3, label %9, label %4

4:                                                ; preds = %2
  %5 = add nsw i32 %0, -1
  %6 = mul nsw i32 %1, 31
  %7 = add nsw i32 %6, %0
  %8 = call i32 @combine(i32 noundef %5, i32 noundef %7)
  br label %9

9:                                                ; preds = %2, %4
  %.0 = phi i32 [ %8, %4 ], [ %1, %2 ]
  ret i32 %.0
}
*** IR Dump Before RequireAnalysisPass<llvm::ProfileSummaryAnalysis, llvm::Module> on [module] ***
; ModuleID = 'combine.in.ll'
source_filename = "combine.c"
target datalayout = "e-m:e-i8:8:32-i16:16:32-i64:64-i128:128-n32:64-S128"
target triple = "aarch64-unknown-linux-gnu"

; Function Attrs: nounwind uwtable
define dso_local i32 @combine(i32 noundef %0, i32 noundef %1) local_unnamed_addr #0 {
  %3 = icmp slt i32 %0, 1
  br i1 %3, label %9, label %4

4:                                                ; preds = %2
  %5 = add nsw i32 %0, -1
  %6 = mul nsw i32 %1, 31
  %7 = add nsw i32 %6, %0
  %8 = call i32 @combine(i32 noundef %5, i32 noundef %7)
  br label %9

9:                                                ; preds = %2, %4
  %.0 = phi i32 [ %8, %4 ], [ %1, %2 ]
  ret i32 %.0
}

attributes #0 = { nounwind uwtable "frame-pointer"="non-leaf" "min-legal-vector-width"="0" "no-trapping-math"="true" "stack-protector-buffer-size"="8" "target-cpu"="generic" "target-features"="+neon,+outline-atomics,+v8a" }

!llvm.module.flags = !{!0, !1, !2, !3, !4, !5, !6, !7, !8}
!llvm.ident = !{!9}

!0 = !{i32 1, !"wchar_size", i32 4}
!1 = !{i32 1, !"branch-target-enforcement", i32 0}
!2 = !{i32 1, !"sign-return-address", i32 0}
!3 = !{i32 1, !"sign-return-address-all", i32 0}
!4 = !{i32 1, !"sign-return-address-with-bkey", i32 0}
!5 = !{i32 7, !"PIC Level", i32 2}
!6 = !{i32 7, !"PIE Level", i32 2}
!7 = !{i32 7, !"uwtable", i32 1}
!8 = !{i32 7, !"frame-pointer", i32 1}
!9 = !{!"Ubuntu clang version 14.0.0-1ubuntu1.1"}
*** IR Dump After RequireAnalysisPass<llvm::ProfileSummaryAnalysis, llvm::Module> on [module] ***
; ModuleID = 'combine.in.ll'
source_filename = "combine.c"
target datalayout = "e-m:e-i8:8:32-i16:16:32-i64:64-i128:128-n32:64-S128"
target triple = "aarch64-unknown-linux-gnu"

; Function Attrs: nounwind uwtable
define dso_local i32 @combine(i32 noundef %0, i32 noundef %1) local_unnamed_addr #0 {
  %3 = icmp slt i32 %0, 1
  br i1 %3, label %9, label %4

4:                                                ; preds = %2
  %5 = add nsw i32 %0, -1
  %6 = mul nsw i32 %1, 31
  %7 = add nsw i32 %6, %0
  %8 = call i32 @combine(i32 noundef %5, i32 noundef %7)
  br label %9

9:                                                ; preds = %2, %4
  %.0 = phi i32 [ %8, %4 ], [ %1, %2 ]
  ret i32 %.0
}

attributes #0 = { nounwind uwtable "frame-pointer"="non-leaf" "min-legal-vector-width"="0" "no-trapping-math"="true" "stack-protector-buffer-size"="8" "target-cpu"="generic" "target-features"="+neon,+outline-atomics,+v8a" }

!llvm.module.flags = !{!0, !1, !2, !3, !4, !5, !6, !7, !8}
!llvm.ident = !{!9}

!0 = !{i32 1, !"wchar_size", i32 4}
!1 = !{i32 1, !"branch-target-enforcement", i32 0}
!2 = !{i32 1, !"sign-return-address", i32 0}
!3 = !{i32 1, !"sign-return-address-all", i32 0}
!4 = !{i32 1, !"sign-return-address-with-bkey", i32 0}
!5 = !{i32 7, !"PIC Level", i32 2}
!6 = !{i32 7, !"PIE Level", i32 2}
!7 = !{i32 7, !"uwtable", i32 1}
!8 = !{i32 7, !"frame-pointer", i32 1}
!9 = !{!"Ubuntu clang version 14.0.0-1ubuntu1.1"}
*** IR Dump Before InlinerPass on (combine) ***
; Function Attrs: nounwind uwtable
define dso_local i32 @combine(i32 noundef %0, i32 noundef %1) local_unnamed_addr #0 {
  %3 = icmp slt i32 %0, 1
  br i1 %3, label %9, label %4

4:                                                ; preds = %2
  %5 = add nsw i32 %0, -1
  %6 = mul nsw i32 %1, 31
  %7 = add nsw i32 %6, %0
  %8 = call i32 @combine(i32 noundef %5, i32 noundef %7)
  br label %9

9:                                                ; preds = %2, %4
  %.0 = phi i32 [ %8, %4 ], [ %1, %2 ]
  ret i32 %.0
}
*** IR Dump After InlinerPass on (combine) ***
; Function Attrs: nounwind uwtable
define dso_local i32 @combine(i32 noundef %0, i32 noundef %1) local_unnamed_addr #0 {
  %3 = icmp slt i32 %0, 1
  br i1 %3, label %9, label %4

4:                                                ; preds = %2
  %5 = add nsw i32 %0, -1
  %6 = mul nsw i32 %1, 31
  %7 = add nsw i32 %6, %0
  %8 = call i32 @combine(i32 noundef %5, i32 noundef %7)
  br label %9

9:                                                ; preds = %2, %4
  %.0 = phi i32 [ %8, %4 ], [ %1, %2 ]
  ret i32 %.0
}
*** IR Dump Before InlinerPass on (combine) ***
; Function Attrs: nounwind uwtable
define dso_local i32 @combine(i32 noundef %0, i32 noundef %1) local_unnamed_addr #0 {
  %3 = icmp slt i32 %0, 1
  br i1 %3, label %9, label %4

4:                                                ; preds = %2
  %5 = add nsw i32 %0, -1
  %6 = mul nsw i32 %1, 31
  %7 = add nsw i32 %6, %0
  %8 = call i32 @combine(i32 noundef %5, i32 noundef %7)
  br label %9

9:                                                ; preds = %2, %4
  %.0 = phi i32 [ %8, %4 ], [ %1, %2 ]
  ret i32 %.0
}
*** IR Dump After InlinerPass on (combine) ***
; Function Attrs: nounwind uwtable
define dso_local i32 @combine(i32 noundef %0, i32 noundef %1) local_unnamed_addr #0 {
  %3 = icmp slt i32 %0, 1
  br i1 %3, label %9, label %4

4:                                                ; preds = %2
  %5 = add nsw i32 %0, -1
  %6 = mul nsw i32 %1, 31
  %7 = add nsw i32 %6, %0
  %8 = call i32 @combine(i32 noundef %5, i32 noundef %7)
  br label %9

9:                                                ; preds = %2, %4
  %.0 = phi i32 [ %8, %4 ], [ %1, %2 ]
  ret i32 %.0
}
*** IR Dump Before PostOrderFunctionAttrsPass on (combine) ***
; Function Attrs: nounwind uwtable
define dso_local i32 @combine(i32 noundef %0, i32 noundef %1) local_unnamed_addr #0 {
  %3 = icmp slt i32 %0, 1
  br i1 %3, label %9, label %4

4:                                                ; preds = %2
  %5 = add nsw i32 %0, -1
  %6 = mul nsw i32 %1, 31
  %7 = add nsw i32 %6, %0
  %8 = call i32 @combine(i32 noundef %5, i32 noundef %7)
  br label %9

9:                                                ; preds = %2, %4
  %.0 = phi i32 [ %8, %4 ], [ %1, %2 ]
  ret i32 %.0
}
*** IR Dump After PostOrderFunctionAttrsPass on (combine) ***
; Function Attrs: nofree nosync nounwind readnone uwtable
define dso_local i32 @combine(i32 noundef %0, i32 noundef %1) local_unnamed_addr #0 {
  %3 = icmp slt i32 %0, 1
  br i1 %3, label %9, label %4

4:                                                ; preds = %2
  %5 = add nsw i32 %0, -1
  %6 = mul nsw i32 %1, 31
  %7 = add nsw i32 %6, %0
  %8 = call i32 @combine(i32 noundef %5, i32 noundef %7)
  br label %9

9:                                                ; preds = %2, %4
  %.0 = phi i32 [ %8, %4 ], [ %1, %2 ]
  ret i32 %.0
}
*** IR Dump Before SROAPass on combine ***
; Function Attrs: nofree nosync nounwind readnone uwtable
define dso_local i32 @combine(i32 noundef %0, i32 noundef %1) local_unnamed_addr #0 {
  %3 = icmp slt i32 %0, 1
  br i1 %3, label %9, label %4

4:                                                ; preds = %2
  %5 = add nsw i32 %0, -1
  %6 = mul nsw i32 %1, 31
  %7 = add nsw i32 %6, %0
  %8 = call i32 @combine(i32 noundef %5, i32 noundef %7)
  br label %9

9:                                                ; preds = %2, %4
  %.0 = phi i32 [ %8, %4 ], [ %1, %2 ]
  ret i32 %.0
}
*** IR Dump After SROAPass on combine ***
; Function Attrs: nofree nosync nounwind readnone uwtable
define dso_local i32 @combine(i32 noundef %0, i32 noundef %1) local_unnamed_addr #0 {
  %3 = icmp slt i32 %0, 1
  br i1 %3, label %9, label %4

4:                                                ; preds = %2
  %5 = add nsw i32 %0, -1
  %6 = mul nsw i32 %1, 31
  %7 = add nsw i32 %6, %0
  %8 = call i32 @combine(i32 noundef %5, i32 noundef %7)
  br label %9

9:                                                ; preds = %2, %4
  %.0 = phi i32 [ %8, %4 ], [ %1, %2 ]
  ret i32 %.0
}
*** IR Dump Before EarlyCSEPass on combine ***
; Function Attrs: nofree nosync nounwind readnone uwtable
define dso_local i32 @combine(i32 noundef %0, i32 noundef %1) local_unnamed_addr #0 {
  %3 = icmp slt i32 %0, 1
  br i1 %3, label %9, label %4

4:                                                ; preds = %2
  %5 = add nsw i32 %0, -1
  %6 = mul nsw i32 %1, 31
  %7 = add nsw i32 %6, %0
  %8 = call i32 @combine(i32 noundef %5, i32 noundef %7)
  br label %9

9:                                                ; preds = %2, %4
  %.0 = phi i32 [ %8, %4 ], [ %1, %2 ]
  ret i32 %.0
}
*** IR Dump After EarlyCSEPass on combine ***
; Function Attrs: nofree nosync nounwind readnone uwtable
define dso_local i32 @combine(i32 noundef %0, i32 noundef %1) local_unnamed_addr #0 {
  %3 = icmp slt i32 %0, 1
  br i1 %3, label %9, label %4

4:                                                ; preds = %2
  %5 = add nsw i32 %0, -1
  %6 = mul nsw i32 %1, 31
  %7 = add nsw i32 %6, %0
  %8 = call i32 @combine(i32 noundef %5, i32 noundef %7)
  br label %9

9:                                                ; preds = %2, %4
  %.0 = phi i32 [ %8, %4 ], [ %1, %2 ]
  ret i32 %.0
}
*** IR Dump Before SimplifyCFGPass on combine ***
; Function Attrs: nofree nosync nounwind readnone uwtable
define dso_local i32 @combine(i32 noundef %0, i32 noundef %1) local_unnamed_addr #0 {
  %3 = icmp slt i32 %0, 1
  br i1 %3, label %9, label %4

4:                                                ; preds = %2
  %5 = add nsw i32 %0, -1
  %6 = mul nsw i32 %1, 31
  %7 = add nsw i32 %6, %0
  %8 = call i32 @combine(i32 noundef %5, i32 noundef %7)
  br label %9

9:                                                ; preds = %2, %4
  %.0 = phi i32 [ %8, %4 ], [ %1, %2 ]
  ret i32 %.0
}
*** IR Dump After SimplifyCFGPass on combine ***
; Function Attrs: nofree nosync nounwind readnone uwtable
define dso_local i32 @combine(i32 noundef %0, i32 noundef %1) local_unnamed_addr #0 {
  %3 = icmp slt i32 %0, 1
  br i1 %3, label %9, label %4

4:                                                ; preds = %2
  %5 = add nsw i32 %0, -1
  %6 = mul nsw i32 %1, 31
  %7 = add nsw i32 %6, %0
  %8 = call i32 @combine(i32 noundef %5, i32 noundef %7)
  br label %9

9:                                                ; preds = %2, %4
  %.0 = phi i32 [ %8, %4 ], [ %1, %2 ]
  ret i32 %.0
}
*** IR Dump Before InstCombinePass on combine ***
; Function Attrs: nofree nosync nounwind readnone uwtable
define dso_local i32 @combine(i32 noundef %0, i32 noundef %1) local_unnamed_addr #0 {
  %3 = icmp slt i32 %0, 1
  br i1 %3, label %9, label %4

4:                                                ; preds = %2
  %5 = add nsw i32 %0, -1
  %6 = mul nsw i32 %1, 31
  %7 = add nsw i32 %6, %0
  %8 = call i32 @combine(i32 noundef %5, i32 noundef %7)
  br label %9

9:                                                ; preds = %2, %4
  %.0 = phi i32 [ %8, %4 ], [ %1, %2 ]
  ret i32 %.0
}
*** IR Dump After InstCombinePass on combine ***
; Function Attrs: nofree nosync nounwind readnone uwtable
define dso_local i32 @combine(i32 noundef %0, i32 noundef %1) local_unnamed_addr #0 {
  %3 = icmp slt i32 %0, 1
  br i1 %3, label %9, label %4

4:                                                ; preds = %2
  %5 = add nsw i32 %0, -1
  %6 = mul nsw i32 %1, 31
  %7 = add nsw i32 %6, %0
  %8 = call i32 @combine(i32 noundef %5, i32 noundef %7)
  br label %9

9:                                                ; preds = %2, %4
  %.0 = phi i32 [ %8, %4 ], [ %1, %2 ]
  ret i32 %.0
}
*** IR Dump Before LibCallsShrinkWrapPass on combine ***
; Function Attrs: nofree nosync nounwind readnone uwtable
define dso_local i32 @combine(i32 noundef %0, i32 noundef %1) local_unnamed_addr #0 {
  %3 = icmp slt i32 %0, 1
  br i1 %3, label %9, label %4

4:                                                ; preds = %2
  %5 = add nsw i32 %0, -1
  %6 = mul nsw i32 %1, 31
  %7 = add nsw i32 %6, %0
  %8 = call i32 @combine(i32 noundef %5, i32 noundef %7)
  br label %9

9:                                                ; preds = %2, %4
  %.0 = phi i32 [ %8, %4 ], [ %1, %2 ]
  ret i32 %.0
}
*** IR Dump After LibCallsShrinkWrapPass on combine ***
; Function Attrs: nofree nosync nounwind readnone uwtable
define dso_local i32 @combine(i32 noundef %0, i32 noundef %1) local_unnamed_addr #0 {
  %3 = icmp slt i32 %0, 1
  br i1 %3, label %9, label %4

4:                                                ; preds = %2
  %5 = add nsw i32 %0, -1
  %6 = mul nsw i32 %1, 31
  %7 = add nsw i32 %6, %0
  %8 = call i32 @combine(i32 noundef %5, i32 noundef %7)
  br label %9

9:                                                ; preds = %2, %4
  %.0 = phi i32 [ %8, %4 ], [ %1, %2 ]
  ret i32 %.0
}
*** IR Dump Before SimplifyCFGPass on combine ***
; Function Attrs: nofree nosync nounwind readnone uwtable
define dso_local i32 @combine(i32 noundef %0, i32 noundef %1) local_unnamed_addr #0 {
  %3 = icmp slt i32 %0, 1
  br i1 %3, label %9, label %4

4:                                                ; preds = %2
  %5 = add nsw i32 %0, -1
  %6 = mul nsw i32 %1, 31
  %7 = add nsw i32 %6, %0
  %8 = call i32 @combine(i32 noundef %5, i32 noundef %7)
  br label %9

9:                                                ; preds = %2, %4
  %.0 = phi i32 [ %8, %4 ], [ %1, %2 ]
  ret i32 %.0
}
*** IR Dump After SimplifyCFGPass on combine ***
; Function Attrs: nofree nosync nounwind readnone uwtable
define dso_local i32 @combine(i32 noundef %0, i32 noundef %1) local_unnamed_addr #0 {
  %3 = icmp slt i32 %0, 1
  br i1 %3, label %9, label %4

4:                                                ; preds = %2
  %5 = add nsw i32 %0, -1
  %6 = mul nsw i32 %1, 31
  %7 = add nsw i32 %6, %0
  %8 = call i32 @combine(i32 noundef %5, i32 noundef %7)
  br label %9

9:                                                ; preds = %2, %4
  %.0 = phi i32 [ %8, %4 ], [ %1, %2 ]
  ret i32 %.0
}
*** IR Dump Before ReassociatePass on combine ***
; Function Attrs: nofree nosync nounwind readnone uwtable
define dso_local i32 @combine(i32 noundef %0, i32 noundef %1) local_unnamed_addr #0 {
  %3 = icmp slt i32 %0, 1
  br i1 %3, label %9, label %4

4:                                                ; preds = %2
  %5 = add nsw i32 %0, -1
  %6 = mul nsw i32 %1, 31
  %7 = add nsw i32 %6, %0
  %8 = call i32 @combine(i32 noundef %5, i32 noundef %7)
  br label %9

9:                                                ; preds = %2, %4
  %.0 = phi i32 [ %8, %4 ], [ %1, %2 ]
  ret i32 %.0
}
*** IR Dump After ReassociatePass on combine ***
; Function Attrs: nofree nosync nounwind readnone uwtable
define dso_local i32 @combine(i32 noundef %0, i32 noundef %1) local_unnamed_addr #0 {
  %3 = icmp slt i32 %0, 1
  br i1 %3, label %9, label %4

4:                                                ; preds = %2
  %5 = add nsw i32 %0, -1
  %6 = mul nsw i32 %1, 31
  %7 = add nsw i32 %6, %0
  %8 = call i32 @combine(i32 noundef %5, i32 noundef %7)
  br label %9

9:                                                ; preds = %2, %4
  %.0 = phi i32 [ %8, %4 ], [ %1, %2 ]
  ret i32 %.0
}
*** IR Dump Before RequireAnalysisPass<llvm::OptimizationRemarkEmitterAnalysis, llvm::Function> on combine ***
; Function Attrs: nofree nosync nounwind readnone uwtable
define dso_local i32 @combine(i32 noundef %0, i32 noundef %1) local_unnamed_addr #0 {
  %3 = icmp slt i32 %0, 1
  br i1 %3, label %9, label %4

4:                                                ; preds = %2
  %5 = add nsw i32 %0, -1
  %6 = mul nsw i32 %1, 31
  %7 = add nsw i32 %6, %0
  %8 = call i32 @combine(i32 noundef %5, i32 noundef %7)
  br label %9

9:                                                ; preds = %2, %4
  %.0 = phi i32 [ %8, %4 ], [ %1, %2 ]
  ret i32 %.0
}
*** IR Dump After RequireAnalysisPass<llvm::OptimizationRemarkEmitterAnalysis, llvm::Function> on combine ***
; Function Attrs: nofree nosync nounwind readnone uwtable
define dso_local i32 @combine(i32 noundef %0, i32 noundef %1) local_unnamed_addr #0 {
  %3 = icmp slt i32 %0, 1
  br i1 %3, label %9, label %4

4:                                                ; preds = %2
  %5 = add nsw i32 %0, -1
  %6 = mul nsw i32 %1, 31
  %7 = add nsw i32 %6, %0
  %8 = call i32 @combine(i32 noundef %5, i32 noundef %7)
  br label %9

9:                                                ; preds = %2, %4
  %.0 = phi i32 [ %8, %4 ], [ %1, %2 ]
  ret i32 %.0
}
*** IR Dump Before LoopSimplifyPass on combine ***
; Function Attrs: nofree nosync nounwind readnone uwtable
define dso_local i32 @combine(i32 noundef %0, i32 noundef %1) local_unnamed_addr #0 {
  %3 = icmp slt i32 %0, 1
  br i1 %3, label %9, label %4

4:                                                ; preds = %2
  %5 = add nsw i32 %0, -1
  %6 = mul nsw i32 %1, 31
  %7 = add nsw i32 %6, %0
  %8 = call i32 @combine(i32 noundef %5, i32 noundef %7)
  br label %9

9:                                                ; preds = %2, %4
  %.0 = phi i32 [ %8, %4 ], [ %1, %2 ]
  ret i32 %.0
}
*** IR Dump After LoopSimplifyPass on combine ***
; Function Attrs: nofree nosync nounwind readnone uwtable
define dso_local i32 @combine(i32 noundef %0, i32 noundef %1) local_unnamed_addr #0 {
  %3 = icmp slt i32 %0, 1
  br i1 %3, label %9, label %4

4:                                                ; preds = %2
  %5 = add nsw i32 %0, -1
  %6 = mul nsw i32 %1, 31
  %7 = add nsw i32 %6, %0
  %8 = call i32 @combine(i32 noundef %5, i32 noundef %7)
  br label %9

9:                                                ; preds = %2, %4
  %.0 = phi i32 [ %8, %4 ], [ %1, %2 ]
  ret i32 %.0
}
*** IR Dump Before LCSSAPass on combine ***
; Function Attrs: nofree nosync nounwind readnone uwtable
define dso_local i32 @combine(i32 noundef %0, i32 noundef %1) local_unnamed_addr #0 {
  %3 = icmp slt i32 %0, 1
  br i1 %3, label %9, label %4

4:                                                ; preds = %2
  %5 = add nsw i32 %0, -1
  %6 = mul nsw i32 %1, 31
  %7 = add nsw i32 %6, %0
  %8 = call i32 @combine(i32 noundef %5, i32 noundef %7)
  br label %9

9:                                                ; preds = %2, %4
  %.0 = phi i32 [ %8, %4 ], [ %1, %2 ]
  ret i32 %.0
}
*** IR Dump After LCSSAPass on combine ***
; Function Attrs: nofree nosync nounwind readnone uwtable
define dso_local i32 @combine(i32 noundef %0, i32 noundef %1) local_unnamed_addr #0 {
  %3 = icmp slt i32 %0, 1
  br i1 %3, label %9, label %4

4:                                                ; preds = %2
  %5 = add nsw i32 %0, -1
  %6 = mul nsw i32 %1, 31
  %7 = add nsw i32 %6, %0
  %8 = call i32 @combine(i32 noundef %5, i32 noundef %7)
  br label %9

9:                                                ; preds = %2, %4
  %.0 = phi i32 [ %8, %4 ], [ %1, %2 ]
  ret i32 %.0
}
*** IR Dump Before SimplifyCFGPass on combine ***
; Function Attrs: nofree nosync nounwind readnone uwtable
define dso_local i32 @combine(i32 noundef %0, i32 noundef %1) local_unnamed_addr #0 {
  %3 = icmp slt i32 %0, 1
  br i1 %3, label %9, label %4

4:                                                ; preds = %2
  %5 = add nsw i32 %0, -1
  %6 = mul nsw i32 %1, 31
  %7 = add nsw i32 %6, %0
  %8 = call i32 @combine(i32 noundef %5, i32 noundef %7)
  br label %9

9:                                                ; preds = %2, %4
  %.0 = phi i32 [ %8, %4 ], [ %1, %2 ]
  ret i32 %.0
}
*** IR Dump After SimplifyCFGPass on combine ***
; Function Attrs: nofree nosync nounwind readnone uwtable
define dso_local i32 @combine(i32 noundef %0, i32 noundef %1) local_unnamed_addr #0 {
  %3 = icmp slt i32 %0, 1
  br i1 %3, label %9, label %4

4:                                                ; preds = %2
  %5 = add nsw i32 %0, -1
  %6 = mul nsw i32 %1, 31
  %7 = add nsw i32 %6, %0
  %8 = call i32 @combine(i32 noundef %5, i32 noundef %7)
  br label %9

9:                                                ; preds = %2, %4
  %.0 = phi i32 [ %8, %4 ], [ %1, %2 ]
  ret i32 %.0
}
*** IR Dump Before InstCombinePass on combine ***
; Function Attrs: nofree nosync nounwind readnone uwtable
define dso_local i32 @combine(i32 noundef %0, i32 noundef %1) local_unnamed_addr #0 {
  %3 = icmp slt i32 %0, 1
  br i1 %3, label %9, label %4

4:                                                ; preds = %2
  %5 = add nsw i32 %0, -1
  %6 = mul nsw i32 %1, 31
  %7 = add nsw i32 %6, %0
  %8 = call i32 @combine(i32 noundef %5, i32 noundef %7)
  br label %9

9:                                                ; preds = %2, %4
  %.0 = phi i32 [ %8, %4 ], [ %1, %2 ]
  ret i32 %.0
}
*** IR Dump After InstCombinePass on combine ***
; Function Attrs: nofree nosync nounwind readnone uwtable
define dso_local i32 @combine(i32 noundef %0, i32 noundef %1) local_unnamed_addr #0 {
  %3 = icmp slt i32 %0, 1
  br i1 %3, label %9, label %4

4:                                                ; preds = %2
  %5 = add nsw i32 %0, -1
  %6 = mul nsw i32 %1, 31
  %7 = add nsw i32 %6, %0
  %8 = call i32 @combine(i32 noundef %5, i32 noundef %7)
  br label %9

9:                                                ; preds = %2, %4
  %.0 = phi i32 [ %8, %4 ], [ %1, %2 ]
  ret i32 %.0
}
*** IR Dump Before LoopSimplifyPass on combine ***
; Function Attrs: nofree nosync nounwind readnone uwtable
define dso_local i32 @combine(i32 noundef %0, i32 noundef %1) local_unnamed_addr #0 {
  %3 = icmp slt i32 %0, 1
  br i1 %3, label %9, label %4

4:                                                ; preds = %2
  %5 = add nsw i32 %0, -1
  %6 = mul nsw i32 %1, 31
  %7 = add nsw i32 %6, %0
  %8 = call i32 @combine(i32 noundef %5, i32 noundef %7)
  br label %9

9:                                                ; preds = %2, %4
  %.0 = phi i32 [ %8, %4 ], [ %1, %2 ]
  ret i32 %.0
}
*** IR Dump After LoopSimplifyPass on combine ***
; Function Attrs: nofree nosync nounwind readnone uwtable
define dso_local i32 @combine(i32 noundef %0, i32 noundef %1) local_unnamed_addr #0 {
  %3 = icmp slt i32 %0, 1
  br i1 %3, label %9, label %4

4:                                                ; preds = %2
  %5 = add nsw i32 %0, -1
  %6 = mul nsw i32 %1, 31
  %7 = add nsw i32 %6, %0
  %8 = call i32 @combine(i32 noundef %5, i32 noundef %7)
  br label %9

9:                                                ; preds = %2, %4
  %.0 = phi i32 [ %8, %4 ], [ %1, %2 ]
  ret i32 %.0
}
*** IR Dump Before LCSSAPass on combine ***
; Function Attrs: nofree nosync nounwind readnone uwtable
define dso_local i32 @combine(i32 noundef %0, i32 noundef %1) local_unnamed_addr #0 {
  %3 = icmp slt i32 %0, 1
  br i1 %3, label %9, label %4

4:                                                ; preds = %2
  %5 = add nsw i32 %0, -1
  %6 = mul nsw i32 %1, 31
  %7 = add nsw i32 %6, %0
  %8 = call i32 @combine(i32 noundef %5, i32 noundef %7)
  br label %9

9:                                                ; preds = %2, %4
  %.0 = phi i32 [ %8, %4 ], [ %1, %2 ]
  ret i32 %.0
}
*** IR Dump After LCSSAPass on combine ***
; Function Attrs: nofree nosync nounwind readnone uwtable
define dso_local i32 @combine(i32 noundef %0, i32 noundef %1) local_unnamed_addr #0 {
  %3 = icmp slt i32 %0, 1
  br i1 %3, label %9, label %4

4:                                                ; preds = %2
  %5 = add nsw i32 %0, -1
  %6 = mul nsw i32 %1, 31
  %7 = add nsw i32 %6, %0
  %8 = call i32 @combine(i32 noundef %5, i32 noundef %7)
  br label %9

9:                                                ; preds = %2, %4
  %.0 = phi i32 [ %8, %4 ], [ %1, %2 ]
  ret i32 %.0
}
*** IR Dump Before SROAPass on combine ***
; Function Attrs: nofree nosync nounwind readnone uwtable
define dso_local i32 @combine(i32 noundef %0, i32 noundef %1) local_unnamed_addr #0 {
  %3 = icmp slt i32 %0, 1
  br i1 %3, label %9, label %4

4:                                                ; preds = %2
  %5 = add nsw i32 %0, -1
  %6 = mul nsw i32 %1, 31
  %7 = add nsw i32 %6, %0
  %8 = call i32 @combine(i32 noundef %5, i32 noundef %7)
  br label %9

9:                                                ; preds = %2, %4
  %.0 = phi i32 [ %8, %4 ], [ %1, %2 ]
  ret i32 %.0
}
*** IR Dump After SROAPass on combine ***
; Function Attrs: nofree nosync nounwind readnone uwtable
define dso_local i32 @combine(i32 noundef %0, i32 noundef %1) local_unnamed_addr #0 {
  %3 = icmp slt i32 %0, 1
  br i1 %3, label %9, label %4

4:                                                ; preds = %2
  %5 = add nsw i32 %0, -1
  %6 = mul nsw i32 %1, 31
  %7 = add nsw i32 %6, %0
  %8 = call i32 @combine(i32 noundef %5, i32 noundef %7)
  br label %9

9:                                                ; preds = %2, %4
  %.0 = phi i32 [ %8, %4 ], [ %1, %2 ]
  ret i32 %.0
}
*** IR Dump Before MemCpyOptPass on combine ***
; Function Attrs: nofree nosync nounwind readnone uwtable
define dso_local i32 @combine(i32 noundef %0, i32 noundef %1) local_unnamed_addr #0 {
  %3 = icmp slt i32 %0, 1
  br i1 %3, label %9, label %4

4:                                                ; preds = %2
  %5 = add nsw i32 %0, -1
  %6 = mul nsw i32 %1, 31
  %7 = add nsw i32 %6, %0
  %8 = call i32 @combine(i32 noundef %5, i32 noundef %7)
  br label %9

9:                                                ; preds = %2, %4
  %.0 = phi i32 [ %8, %4 ], [ %1, %2 ]
  ret i32 %.0
}
*** IR Dump After MemCpyOptPass on combine ***
; Function Attrs: nofree nosync nounwind readnone uwtable
define dso_local i32 @combine(i32 noundef %0, i32 noundef %1) local_unnamed_addr #0 {
  %3 = icmp slt i32 %0, 1
  br i1 %3, label %9, label %4

4:                                                ; preds = %2
  %5 = add nsw i32 %0, -1
  %6 = mul nsw i32 %1, 31
  %7 = add nsw i32 %6, %0
  %8 = call i32 @combine(i32 noundef %5, i32 noundef %7)
  br label %9

9:                                                ; preds = %2, %4
  %.0 = phi i32 [ %8, %4 ], [ %1, %2 ]
  ret i32 %.0
}
*** IR Dump Before SCCPPass on combine ***
; Function Attrs: nofree nosync nounwind readnone uwtable
define dso_local i32 @combine(i32 noundef %0, i32 noundef %1) local_unnamed_addr #0 {
  %3 = icmp slt i32 %0, 1
  br i1 %3, label %9, label %4

4:                                                ; preds = %2
  %5 = add nsw i32 %0, -1
  %6 = mul nsw i32 %1, 31
  %7 = add nsw i32 %6, %0
  %8 = call i32 @combine(i32 noundef %5, i32 noundef %7)
  br label %9

9:                                                ; preds = %2, %4
  %.0 = phi i32 [ %8, %4 ], [ %1, %2 ]
  ret i32 %.0
}
*** IR Dump After SCCPPass on combine ***
; Function Attrs: nofree nosync nounwind readnone uwtable
define dso_local i32 @combine(i32 noundef %0, i32 noundef %1) local_unnamed_addr #0 {
  %3 = icmp slt i32 %0, 1
  br i1 %3, label %9, label %4

4:                                                ; preds = %2
  %5 = add nsw i32 %0, -1
  %6 = mul nsw i32 %1, 31
  %7 = add nsw i32 %6, %0
  %8 = call i32 @combine(i32 noundef %5, i32 noundef %7)
  br label %9

9:                                                ; preds = %2, %4
  %.0 = phi i32 [ %8, %4 ], [ %1, %2 ]
  ret i32 %.0
}
*** IR Dump Before BDCEPass on combine ***
; Function Attrs: nofree nosync nounwind readnone uwtable
define dso_local i32 @combine(i32 noundef %0, i32 noundef %1) local_unnamed_addr #0 {
  %3 = icmp slt i32 %0, 1
  br i1 %3, label %9, label %4

4:                                                ; preds = %2
  %5 = add nsw i32 %0, -1
  %6 = mul nsw i32 %1, 31
  %7 = add nsw i32 %6, %0
  %8 = call i32 @combine(i32 noundef %5, i32 noundef %7)
  br label %9

9:                                                ; preds = %2, %4
  %.0 = phi i32 [ %8, %4 ], [ %1, %2 ]
  ret i32 %.0
}
*** IR Dump After BDCEPass on combine ***
; Function Attrs: nofree nosync nounwind readnone uwtable
define dso_local i32 @combine(i32 noundef %0, i32 noundef %1) local_unnamed_addr #0 {
  %3 = icmp slt i32 %0, 1
  br i1 %3, label %9, label %4

4:                                                ; preds = %2
  %5 = add nsw i32 %0, -1
  %6 = mul nsw i32 %1, 31
  %7 = add nsw i32 %6, %0
  %8 = call i32 @combine(i32 noundef %5, i32 noundef %7)
  br label %9

9:                                                ; preds = %2, %4
  %.0 = phi i32 [ %8, %4 ], [ %1, %2 ]
  ret i32 %.0
}
*** IR Dump Before InstCombinePass on combine ***
; Function Attrs: nofree nosync nounwind readnone uwtable
define dso_local i32 @combine(i32 noundef %0, i32 noundef %1) local_unnamed_addr #0 {
  %3 = icmp slt i32 %0, 1
  br i1 %3, label %9, label %4

4:                                                ; preds = %2
  %5 = add nsw i32 %0, -1
  %6 = mul nsw i32 %1, 31
  %7 = add nsw i32 %6, %0
  %8 = call i32 @combine(i32 noundef %5, i32 noundef %7)
  br label %9

9:                                                ; preds = %2, %4
  %.0 = phi i32 [ %8, %4 ], [ %1, %2 ]
  ret i32 %.0
}
*** IR Dump After InstCombinePass on combine ***
; Function Attrs: nofree nosync nounwind readnone uwtable
define dso_local i32 @combine(i32 noundef %0, i32 noundef %1) local_unnamed_addr #0 {
  %3 = icmp slt i32 %0, 1
  br i1 %3, label %9, label %4

4:                                                ; preds = %2
  %5 = add nsw i32 %0, -1
  %6 = mul nsw i32 %1, 31
  %7 = add nsw i32 %6, %0
  %8 = call i32 @combine(i32 noundef %5, i32 noundef %7)
  br label %9

9:                                                ; preds = %2, %4
  %.0 = phi i32 [ %8, %4 ], [ %1, %2 ]
  ret i32 %.0
}
*** IR Dump Before CoroElidePass on combine ***
; Function Attrs: nofree nosync nounwind readnone uwtable
define dso_local i32 @combine(i32 noundef %0, i32 noundef %1) local_unnamed_addr #0 {
  %3 = icmp slt i32 %0, 1
  br i1 %3, label %9, label %4

4:                                                ; preds = %2
  %5 = add nsw i32 %0, -1
  %6 = mul nsw i32 %1, 31
  %7 = add nsw i32 %6, %0
  %8 = call i32 @combine(i32 noundef %5, i32 noundef %7)
  br label %9

9:                                                ; preds = %2, %4
  %.0 = phi i32 [ %8, %4 ], [ %1, %2 ]
  ret i32 %.0
}
*** IR Dump After CoroElidePass on combine ***
; Function Attrs: nofree nosync nounwind readnone uwtable
define dso_local i32 @combine(i32 noundef %0, i32 noundef %1) local_unnamed_addr #0 {
  %3 = icmp slt i32 %0, 1
  br i1 %3, label %9, label %4

4:                                                ; preds = %2
  %5 = add nsw i32 %0, -1
  %6 = mul nsw i32 %1, 31
  %7 = add nsw i32 %6, %0
  %8 = call i32 @combine(i32 noundef %5, i32 noundef %7)
  br label %9

9:                                                ; preds = %2, %4
  %.0 = phi i32 [ %8, %4 ], [ %1, %2 ]
  ret i32 %.0
}
*** IR Dump Before ADCEPass on combine ***
; Function Attrs: nofree nosync nounwind readnone uwtable
define dso_local i32 @combine(i32 noundef %0, i32 noundef %1) local_unnamed_addr #0 {
  %3 = icmp slt i32 %0, 1
  br i1 %3, label %9, label %4

4:                                                ; preds = %2
  %5 = add nsw i32 %0, -1
  %6 = mul nsw i32 %1, 31
  %7 = add nsw i32 %6, %0
  %8 = call i32 @combine(i32 noundef %5, i32 noundef %7)
  br label %9

9:                                                ; preds = %2, %4
  %.0 = phi i32 [ %8, %4 ], [ %1, %2 ]
  ret i32 %.0
}
*** IR Dump After ADCEPass on combine ***
; Function Attrs: nofree nosync nounwind readnone uwtable
define dso_local i32 @combine(i32 noundef %0, i32 noundef %1) local_unnamed_addr #0 {
  %3 = icmp slt i32 %0, 1
  br i1 %3, label %9, label %4

4:                                                ; preds = %2
  %5 = add nsw i32 %0, -1
  %6 = mul nsw i32 %1, 31
  %7 = add nsw i32 %6, %0
  %8 = call i32 @combine(i32 noundef %5, i32 noundef %7)
  br label %9

9:                                                ; preds = %2, %4
  %.0 = phi i32 [ %8, %4 ], [ %1, %2 ]
  ret i32 %.0
}
*** IR Dump Before SimplifyCFGPass on combine ***
; Function Attrs: nofree nosync nounwind readnone uwtable
define dso_local i32 @combine(i32 noundef %0, i32 noundef %1) local_unnamed_addr #0 {
  %3 = icmp slt i32 %0, 1
  br i1 %3, label %9, label %4

4:                                                ; preds = %2
  %5 = add nsw i32 %0, -1
  %6 = mul nsw i32 %1, 31
  %7 = add nsw i32 %6, %0
  %8 = call i32 @combine(i32 noundef %5, i32 noundef %7)
  br label %9

9:                                                ; preds = %2, %4
  %.0 = phi i32 [ %8, %4 ], [ %1, %2 ]
  ret i32 %.0
}
*** IR Dump After SimplifyCFGPass on combine ***
; Function Attrs: nofree nosync nounwind readnone uwtable
define dso_local i32 @combine(i32 noundef %0, i32 noundef %1) local_unnamed_addr #0 {
  %3 = icmp slt i32 %0, 1
  br i1 %3, label %9, label %4

4:                                                ; preds = %2
  %5 = add nsw i32 %0, -1
  %6 = mul nsw i32 %1, 31
  %7 = add nsw i32 %6, %0
  %8 = call i32 @combine(i32 noundef %5, i32 noundef %7)
  br label %9

9:                                                ; preds = %2, %4
  %.0 = phi i32 [ %8, %4 ], [ %1, %2 ]
  ret i32 %.0
}
*** IR Dump Before InstCombinePass on combine ***
; Function Attrs: nofree nosync nounwind readnone uwtable
define dso_local i32 @combine(i32 noundef %0, i32 noundef %1) local_unnamed_addr #0 {
  %3 = icmp slt i32 %0, 1
  br i1 %3, label %9, label %4

4:                                                ; preds = %2
  %5 = add nsw i32 %0, -1
  %6 = mul nsw i32 %1, 31
  %7 = add nsw i32 %6, %0
  %8 = call i32 @combine(i32 noundef %5, i32 noundef %7)
  br label %9

9:                                                ; preds = %2, %4
  %.0 = phi i32 [ %8, %4 ], [ %1, %2 ]
  ret i32 %.0
}
*** IR Dump After InstCombinePass on combine ***
; Function Attrs: nofree nosync nounwind readnone uwtable
define dso_local i32 @combine(i32 noundef %0, i32 noundef %1) local_unnamed_addr #0 {
  %3 = icmp slt i32 %0, 1
  br i1 %3, label %9, label %4

4:                                                ; preds = %2
  %5 = add nsw i32 %0, -1
  %6 = mul nsw i32 %1, 31
  %7 = add nsw i32 %6, %0
  %8 = call i32 @combine(i32 noundef %5, i32 noundef %7)
  br label %9

9:                                                ; preds = %2, %4
  %.0 = phi i32 [ %8, %4 ], [ %1, %2 ]
  ret i32 %.0
}
*** IR Dump Before CoroSplitPass on (combine) ***
; Function Attrs: nofree nosync nounwind readnone uwtable
define dso_local i32 @combine(i32 noundef %0, i32 noundef %1) local_unnamed_addr #0 {
  %3 = icmp slt i32 %0, 1
  br i1 %3, label %9, label %4

4:                                                ; preds = %2
  %5 = add nsw i32 %0, -1
  %6 = mul nsw i32 %1, 31
  %7 = add nsw i32 %6, %0
  %8 = call i32 @combine(i32 noundef %5, i32 noundef %7)
  br label %9

9:                                                ; preds = %2, %4
  %.0 = phi i32 [ %8, %4 ], [ %1, %2 ]
  ret i32 %.0
}
*** IR Dump After CoroSplitPass on (combine) ***
; Function Attrs: nofree nosync nounwind readnone uwtable
define dso_local i32 @combine(i32 noundef %0, i32 noundef %1) local_unnamed_addr #0 {
  %3 = icmp slt i32 %0, 1
  br i1 %3, label %9, label %4

4:                                                ; preds = %2
  %5 = add nsw i32 %0, -1
  %6 = mul nsw i32 %1, 31
  %7 = add nsw i32 %6, %0
  %8 = call i32 @combine(i32 noundef %5, i32 noundef %7)
  br label %9

9:                                                ; preds = %2, %4
  %.0 = phi i32 [ %8, %4 ], [ %1, %2 ]
  ret i32 %.0
}
*** IR Dump Before GlobalOptPass on [module] ***
; ModuleID = 'combine.in.ll'
source_filename = "combine.c"
target datalayout = "e-m:e-i8:8:32-i16:16:32-i64:64-i128:128-n32:64-S128"
target triple = "aarch64-unknown-linux-gnu"

; Function Attrs: nofree nosync nounwind readnone uwtable
define dso_local i32 @combine(i32 noundef %0, i32 noundef %1) local_unnamed_addr #0 {
  %3 = icmp slt i32 %0, 1
  br i1 %3, label %9, label %4

4:                                                ; preds = %2
  %5 = add nsw i32 %0, -1
  %6 = mul nsw i32 %1, 31
  %7 = add nsw i32 %6, %0
  %8 = call i32 @combine(i32 noundef %5, i32 noundef %7)
  br label %9

9:                                                ; preds = %2, %4
  %.0 = phi i32 [ %8, %4 ], [ %1, %2 ]
  ret i32 %.0
}

attributes #0 = { nofree nosync nounwind readnone uwtable "frame-pointer"="non-leaf" "min-legal-vector-width"="0" "no-trapping-math"="true" "stack-protector-buffer-size"="8" "target-cpu"="generic" "target-features"="+neon,+outline-atomics,+v8a" }

!llvm.module.flags = !{!0, !1, !2, !3, !4, !5, !6, !7, !8}
!llvm.ident = !{!9}

!0 = !{i32 1, !"wchar_size", i32 4}
!1 = !{i32 1, !"branch-target-enforcement", i32 0}
!2 = !{i32 1, !"sign-return-address", i32 0}
!3 = !{i32 1, !"sign-return-address-all", i32 0}
!4 = !{i32 1, !"sign-return-address-with-bkey", i32 0}
!5 = !{i32 7, !"PIC Level", i32 2}
!6 = !{i32 7, !"PIE Level", i32 2}
!7 = !{i32 7, !"uwtable", i32 1}
!8 = !{i32 7, !"frame-pointer", i32 1}
!9 = !{!"Ubuntu clang version 14.0.0-1ubuntu1.1"}
*** IR Dump After GlobalOptPass on [module] ***
; ModuleID = 'combine.in.ll'
source_filename = "combine.c"
target datalayout = "e-m:e-i8:8:32-i16:16:32-i64:64-i128:128-n32:64-S128"
target triple = "aarch64-unknown-linux-gnu"

; Function Attrs: nofree nosync nounwind readnone uwtable
define dso_local i32 @combine(i32 noundef %0, i32 noundef %1) local_unnamed_addr #0 {
  %3 = icmp slt i32 %0, 1
  br i1 %3, label %9, label %4

4:                                                ; preds = %2
  %5 = add nsw i32 %0, -1
  %6 = mul nsw i32 %1, 31
  %7 = add nsw i32 %6, %0
  %8 = call i32 @combine(i32 noundef %5, i32 noundef %7)
  br label %9

9:                                                ; preds = %2, %4
  %.0 = phi i32 [ %8, %4 ], [ %1, %2 ]
  ret i32 %.0
}

attributes #0 = { nofree nosync nounwind readnone uwtable "frame-pointer"="non-leaf" "min-legal-vector-width"="0" "no-trapping-math"="true" "stack-protector-buffer-size"="8" "target-cpu"="generic" "target-features"="+neon,+outline-atomics,+v8a" }

!llvm.module.flags = !{!0, !1, !2, !3, !4, !5, !6, !7, !8}
!llvm.ident = !{!9}

!0 = !{i32 1, !"wchar_size", i32 4}
!1 = !{i32 1, !"branch-target-enforcement", i32 0}
!2 = !{i32 1, !"sign-return-address", i32 0}
!3 = !{i32 1, !"sign-return-address-all", i32 0}
!4 = !{i32 1, !"sign-return-address-with-bkey", i32 0}
!5 = !{i32 7, !"PIC Level", i32 2}
!6 = !{i32 7, !"PIE Level", i32 2}
!7 = !{i32 7, !"uwtable", i32 1}
!8 = !{i32 7, !"frame-pointer", i32 1}
!9 = !{!"Ubuntu clang version 14.0.0-1ubuntu1.1"}
*** IR Dump Before GlobalDCEPass on [module] ***
; ModuleID = 'combine.in.ll'
source_filename = "combine.c"
target datalayout = "e-m:e-i8:8:32-i16:16:32-i64:64-i128:128-n32:64-S128"
target triple = "aarch64-unknown-linux-gnu"

; Function Attrs: nofree nosync nounwind readnone uwtable
define dso_local i32 @combine(i32 noundef %0, i32 noundef %1) local_unnamed_addr #0 {
  %3 = icmp slt i32 %0, 1
  br i1 %3, label %9, label %4

4:                                                ; preds = %2
  %5 = add nsw i32 %0, -1
  %6 = mul nsw i32 %1, 31
  %7 = add nsw i32 %6, %0
  %8 = call i32 @combine(i32 noundef %5, i32 noundef %7)
  br label %9

9:                                                ; preds = %2, %4
  %.0 = phi i32 [ %8, %4 ], [ %1, %2 ]
  ret i32 %.0
}

attributes #0 = { nofree nosync nounwind readnone uwtable "frame-pointer"="non-leaf" "min-legal-vector-width"="0" "no-trapping-math"="true" "stack-protector-buffer-size"="8" "target-cpu"="generic" "target-features"="+neon,+outline-atomics,+v8a" }

!llvm.module.flags = !{!0, !1, !2, !3, !4, !5, !6, !7, !8}
!llvm.ident = !{!9}

!0 = !{i32 1, !"wchar_size", i32 4}
!1 = !{i32 1, !"branch-target-enforcement", i32 0}
!2 = !{i32 1, !"sign-return-address", i32 0}
!3 = !{i32 1, !"sign-return-address-all", i32 0}
!4 = !{i32 1, !"sign-return-address-with-bkey", i32 0}
!5 = !{i32 7, !"PIC Level", i32 2}
!6 = !{i32 7, !"PIE Level", i32 2}
!7 = !{i32 7, !"uwtable", i32 1}
!8 = !{i32 7, !"frame-pointer", i32 1}
!9 = !{!"Ubuntu clang version 14.0.0-1ubuntu1.1"}
*** IR Dump After GlobalDCEPass on [module] ***
; ModuleID = 'combine.in.ll'
source_filename = "combine.c"
target datalayout = "e-m:e-i8:8:32-i16:16:32-i64:64-i128:128-n32:64-S128"
target triple = "aarch64-unknown-linux-gnu"

; Function Attrs: nofree nosync nounwind readnone uwtable
define dso_local i32 @combine(i32 noundef %0, i32 noundef %1) local_unnamed_addr #0 {
  %3 = icmp slt i32 %0, 1
  br i1 %3, label %9, label %4

4:                                                ; preds = %2
  %5 = add nsw i32 %0, -1
  %6 = mul nsw i32 %1, 31
  %7 = add nsw i32 %6, %0
  %8 = call i32 @combine(i32 noundef %5, i32 noundef %7)
  br label %9

9:                                                ; preds = %2, %4
  %.0 = phi i32 [ %8, %4 ], [ %1, %2 ]
  ret i32 %.0
}

attributes #0 = { nofree nosync nounwind readnone uwtable "frame-pointer"="non-leaf" "min-legal-vector-width"="0" "no-trapping-math"="true" "stack-protector-buffer-size"="8" "target-cpu"="generic" "target-features"="+neon,+outline-atomics,+v8a" }

!llvm.module.flags = !{!0, !1, !2, !3, !4, !5, !6, !7, !8}
!llvm.ident = !{!9}

!0 = !{i32 1, !"wchar_size", i32 4}
!1 = !{i32 1, !"branch-target-enforcement", i32 0}
!2 = !{i32 1, !"sign-return-address", i32 0}
!3 = !{i32 1, !"sign-return-address-all", i32 0}
!4 = !{i32 1, !"sign-return-address-with-bkey", i32 0}
!5 = !{i32 7, !"PIC Level", i32 2}
!6 = !{i32 7, !"PIE Level", i32 2}
!7 = !{i32 7, !"uwtable", i32 1}
!8 = !{i32 7, !"frame-pointer", i32 1}
!9 = !{!"Ubuntu clang version 14.0.0-1ubuntu1.1"}
*** IR Dump Before EliminateAvailableExternallyPass on [module] ***
; ModuleID = 'combine.in.ll'
source_filename = "combine.c"
target datalayout = "e-m:e-i8:8:32-i16:16:32-i64:64-i128:128-n32:64-S128"
target triple = "aarch64-unknown-linux-gnu"

; Function Attrs: nofree nosync nounwind readnone uwtable
define dso_local i32 @combine(i32 noundef %0, i32 noundef %1) local_unnamed_addr #0 {
  %3 = icmp slt i32 %0, 1
  br i1 %3, label %9, label %4

4:                                                ; preds = %2
  %5 = add nsw i32 %0, -1
  %6 = mul nsw i32 %1, 31
  %7 = add nsw i32 %6, %0
  %8 = call i32 @combine(i32 noundef %5, i32 noundef %7)
  br label %9

9:                                                ; preds = %2, %4
  %.0 = phi i32 [ %8, %4 ], [ %1, %2 ]
  ret i32 %.0
}

attributes #0 = { nofree nosync nounwind readnone uwtable "frame-pointer"="non-leaf" "min-legal-vector-width"="0" "no-trapping-math"="true" "stack-protector-buffer-size"="8" "target-cpu"="generic" "target-features"="+neon,+outline-atomics,+v8a" }

!llvm.module.flags = !{!0, !1, !2, !3, !4, !5, !6, !7, !8}
!llvm.ident = !{!9}

!0 = !{i32 1, !"wchar_size", i32 4}
!1 = !{i32 1, !"branch-target-enforcement", i32 0}
!2 = !{i32 1, !"sign-return-address", i32 0}
!3 = !{i32 1, !"sign-return-address-all", i32 0}
!4 = !{i32 1, !"sign-return-address-with-bkey", i32 0}
!5 = !{i32 7, !"PIC Level", i32 2}
!6 = !{i32 7, !"PIE Level", i32 2}
!7 = !{i32 7, !"uwtable", i32 1}
!8 = !{i32 7, !"frame-pointer", i32 1}
!9 = !{!"Ubuntu clang version 14.0.0-1ubuntu1.1"}
*** IR Dump After EliminateAvailableExternallyPass on [module] ***
; ModuleID = 'combine.in.ll'
source_filename = "combine.c"
target datalayout = "e-m:e-i8:8:32-i16:16:32-i64:64-i128:128-n32:64-S128"
target triple = "aarch64-unknown-linux-gnu"

; Function Attrs: nofree nosync nounwind readnone uwtable
define dso_local i32 @combine(i32 noundef %0, i32 noundef %1) local_unnamed_addr #0 {
  %3 = icmp slt i32 %0, 1
  br i1 %3, label %9, label %4

4:                                                ; preds = %2
  %5 = add nsw i32 %0, -1
  %6 = mul nsw i32 %1, 31
  %7 = add nsw i32 %6, %0
  %8 = call i32 @combine(i32 noundef %5, i32 noundef %7)
  br label %9

9:                                                ; preds = %2, %4
  %.0 = phi i32 [ %8, %4 ], [ %1, %2 ]
  ret i32 %.0
}

attributes #0 = { nofree nosync nounwind readnone uwtable "frame-pointer"="non-leaf" "min-legal-vector-width"="0" "no-trapping-math"="true" "stack-protector-buffer-size"="8" "target-cpu"="generic" "target-features"="+neon,+outline-atomics,+v8a" }

!llvm.module.flags = !{!0, !1, !2, !3, !4, !5, !6, !7, !8}
!llvm.ident = !{!9}

!0 = !{i32 1, !"wchar_size", i32 4}
!1 = !{i32 1, !"branch-target-enforcement", i32 0}
!2 = !{i32 1, !"sign-return-address", i32 0}
!3 = !{i32 1, !"sign-return-address-all", i32 0}
!4 = !{i32 1, !"sign-return-address-with-bkey", i32 0}
!5 = !{i32 7, !"PIC Level", i32 2}
!6 = !{i32 7, !"PIE Level", i32 2}
!7 = !{i32 7, !"uwtable", i32 1}
!8 = !{i32 7, !"frame-pointer", i32 1}
!9 = !{!"Ubuntu clang version 14.0.0-1ubuntu1.1"}
*** IR Dump Before ReversePostOrderFunctionAttrsPass on [module] ***
; ModuleID = 'combine.in.ll'
source_filename = "combine.c"
target datalayout = "e-m:e-i8:8:32-i16:16:32-i64:64-i128:128-n32:64-S128"
target triple = "aarch64-unknown-linux-gnu"

; Function Attrs: nofree nosync nounwind readnone uwtable
define dso_local i32 @combine(i32 noundef %0, i32 noundef %1) local_unnamed_addr #0 {
  %3 = icmp slt i32 %0, 1
  br i1 %3, label %9, label %4

4:                                                ; preds = %2
  %5 = add nsw i32 %0, -1
  %6 = mul nsw i32 %1, 31
  %7 = add nsw i32 %6, %0
  %8 = call i32 @combine(i32 noundef %5, i32 noundef %7)
  br label %9

9:                                                ; preds = %2, %4
  %.0 = phi i32 [ %8, %4 ], [ %1, %2 ]
  ret i32 %.0
}

attributes #0 = { nofree nosync nounwind readnone uwtable "frame-pointer"="non-leaf" "min-legal-vector-width"="0" "no-trapping-math"="true" "stack-protector-buffer-size"="8" "target-cpu"="generic" "target-features"="+neon,+outline-atomics,+v8a" }

!llvm.module.flags = !{!0, !1, !2, !3, !4, !5, !6, !7, !8}
!llvm.ident = !{!9}

!0 = !{i32 1, !"wchar_size", i32 4}
!1 = !{i32 1, !"branch-target-enforcement", i32 0}
!2 = !{i32 1, !"sign-return-address", i32 0}
!3 = !{i32 1, !"sign-return-address-all", i32 0}
!4 = !{i32 1, !"sign-return-address-with-bkey", i32 0}
!5 = !{i32 7, !"PIC Level", i32 2}
!6 = !{i32 7, !"PIE Level", i32 2}
!7 = !{i32 7, !"uwtable", i32 1}
!8 = !{i32 7, !"frame-pointer", i32 1}
!9 = !{!"Ubuntu clang version 14.0.0-1ubuntu1.1"}
*** IR Dump After ReversePostOrderFunctionAttrsPass on [module] ***
; ModuleID = 'combine.in.ll'
source_filename = "combine.c"
target datalayout = "e-m:e-i8:8:32-i16:16:32-i64:64-i128:128-n32:64-S128"
target triple = "aarch64-unknown-linux-gnu"

; Function Attrs: nofree nosync nounwind readnone uwtable
define dso_local i32 @combine(i32 noundef %0, i32 noundef %1) local_unnamed_addr #0 {
  %3 = icmp slt i32 %0, 1
  br i1 %3, label %9, label %4

4:                                                ; preds = %2
  %5 = add nsw i32 %0, -1
  %6 = mul nsw i32 %1, 31
  %7 = add nsw i32 %6, %0
  %8 = call i32 @combine(i32 noundef %5, i32 noundef %7)
  br label %9

9:                                                ; preds = %2, %4
  %.0 = phi i32 [ %8, %4 ], [ %1, %2 ]
  ret i32 %.0
}

attributes #0 = { nofree nosync nounwind readnone uwtable "frame-pointer"="non-leaf" "min-legal-vector-width"="0" "no-trapping-math"="true" "stack-protector-buffer-size"="8" "target-cpu"="generic" "target-features"="+neon,+outline-atomics,+v8a" }

!llvm.module.flags = !{!0, !1, !2, !3, !4, !5, !6, !7, !8}
!llvm.ident = !{!9}

!0 = !{i32 1, !"wchar_size", i32 4}
!1 = !{i32 1, !"branch-target-enforcement", i32 0}
!2 = !{i32 1, !"sign-return-address", i32 0}
!3 = !{i32 1, !"sign-return-address-all", i32 0}
!4 = !{i32 1, !"sign-return-address-with-bkey", i32 0}
!5 = !{i32 7, !"PIC Level", i32 2}
!6 = !{i32 7, !"PIE Level", i32 2}
!7 = !{i32 7, !"uwtable", i32 1}
!8 = !{i32 7, !"frame-pointer", i32 1}
!9 = !{!"Ubuntu clang version 14.0.0-1ubuntu1.1"}
*** IR Dump Before RequireAnalysisPass<llvm::GlobalsAA, llvm::Module> on [module] ***
; ModuleID = 'combine.in.ll'
source_filename = "combine.c"
target datalayout = "e-m:e-i8:8:32-i16:16:32-i64:64-i128:128-n32:64-S128"
target triple = "aarch64-unknown-linux-gnu"

; Function Attrs: nofree nosync nounwind readnone uwtable
define dso_local i32 @combine(i32 noundef %0, i32 noundef %1) local_unnamed_addr #0 {
  %3 = icmp slt i32 %0, 1
  br i1 %3, label %9, label %4

4:                                                ; preds = %2
  %5 = add nsw i32 %0, -1
  %6 = mul nsw i32 %1, 31
  %7 = add nsw i32 %6, %0
  %8 = call i32 @combine(i32 noundef %5, i32 noundef %7)
  br label %9

9:                                                ; preds = %2, %4
  %.0 = phi i32 [ %8, %4 ], [ %1, %2 ]
  ret i32 %.0
}

attributes #0 = { nofree nosync nounwind readnone uwtable "frame-pointer"="non-leaf" "min-legal-vector-width"="0" "no-trapping-math"="true" "stack-protector-buffer-size"="8" "target-cpu"="generic" "target-features"="+neon,+outline-atomics,+v8a" }

!llvm.module.flags = !{!0, !1, !2, !3, !4, !5, !6, !7, !8}
!llvm.ident = !{!9}

!0 = !{i32 1, !"wchar_size", i32 4}
!1 = !{i32 1, !"branch-target-enforcement", i32 0}
!2 = !{i32 1, !"sign-return-address", i32 0}
!3 = !{i32 1, !"sign-return-address-all", i32 0}
!4 = !{i32 1, !"sign-return-address-with-bkey", i32 0}
!5 = !{i32 7, !"PIC Level", i32 2}
!6 = !{i32 7, !"PIE Level", i32 2}
!7 = !{i32 7, !"uwtable", i32 1}
!8 = !{i32 7, !"frame-pointer", i32 1}
!9 = !{!"Ubuntu clang version 14.0.0-1ubuntu1.1"}
*** IR Dump After RequireAnalysisPass<llvm::GlobalsAA, llvm::Module> on [module] ***
; ModuleID = 'combine.in.ll'
source_filename = "combine.c"
target datalayout = "e-m:e-i8:8:32-i16:16:32-i64:64-i128:128-n32:64-S128"
target triple = "aarch64-unknown-linux-gnu"

; Function Attrs: nofree nosync nounwind readnone uwtable
define dso_local i32 @combine(i32 noundef %0, i32 noundef %1) local_unnamed_addr #0 {
  %3 = icmp slt i32 %0, 1
  br i1 %3, label %9, label %4

4:                                                ; preds = %2
  %5 = add nsw i32 %0, -1
  %6 = mul nsw i32 %1, 31
  %7 = add nsw i32 %6, %0
  %8 = call i32 @combine(i32 noundef %5, i32 noundef %7)
  br label %9

9:                                                ; preds = %2, %4
  %.0 = phi i32 [ %8, %4 ], [ %1, %2 ]
  ret i32 %.0
}

attributes #0 = { nofree nosync nounwind readnone uwtable "frame-pointer"="non-leaf" "min-legal-vector-width"="0" "no-trapping-math"="true" "stack-protector-buffer-size"="8" "target-cpu"="generic" "target-features"="+neon,+outline-atomics,+v8a" }

!llvm.module.flags = !{!0, !1, !2, !3, !4, !5, !6, !7, !8}
!llvm.ident = !{!9}

!0 = !{i32 1, !"wchar_size", i32 4}
!1 = !{i32 1, !"branch-target-enforcement", i32 0}
!2 = !{i32 1, !"sign-return-address", i32 0}
!3 = !{i32 1, !"sign-return-address-all", i32 0}
!4 = !{i32 1, !"sign-return-address-with-bkey", i32 0}
!5 = !{i32 7, !"PIC Level", i32 2}
!6 = !{i32 7, !"PIE Level", i32 2}
!7 = !{i32 7, !"uwtable", i32 1}
!8 = !{i32 7, !"frame-pointer", i32 1}
!9 = !{!"Ubuntu clang version 14.0.0-1ubuntu1.1"}
*** IR Dump Before Float2IntPass on combine ***
; Function Attrs: nofree nosync nounwind readnone uwtable
define dso_local i32 @combine(i32 noundef %0, i32 noundef %1) local_unnamed_addr #0 {
  %3 = icmp slt i32 %0, 1
  br i1 %3, label %9, label %4

4:                                                ; preds = %2
  %5 = add nsw i32 %0, -1
  %6 = mul nsw i32 %1, 31
  %7 = add nsw i32 %6, %0
  %8 = call i32 @combine(i32 noundef %5, i32 noundef %7)
  br label %9

9:                                                ; preds = %2, %4
  %.0 = phi i32 [ %8, %4 ], [ %1, %2 ]
  ret i32 %.0
}
*** IR Dump After Float2IntPass on combine ***
; Function Attrs: nofree nosync nounwind readnone uwtable
define dso_local i32 @combine(i32 noundef %0, i32 noundef %1) local_unnamed_addr #0 {
  %3 = icmp slt i32 %0, 1
  br i1 %3, label %9, label %4

4:                                                ; preds = %2
  %5 = add nsw i32 %0, -1
  %6 = mul nsw i32 %1, 31
  %7 = add nsw i32 %6, %0
  %8 = call i32 @combine(i32 noundef %5, i32 noundef %7)
  br label %9

9:                                                ; preds = %2, %4
  %.0 = phi i32 [ %8, %4 ], [ %1, %2 ]
  ret i32 %.0
}
*** IR Dump Before LowerConstantIntrinsicsPass on combine ***
; Function Attrs: nofree nosync nounwind readnone uwtable
define dso_local i32 @combine(i32 noundef %0, i32 noundef %1) local_unnamed_addr #0 {
  %3 = icmp slt i32 %0, 1
  br i1 %3, label %9, label %4

4:                                                ; preds = %2
  %5 = add nsw i32 %0, -1
  %6 = mul nsw i32 %1, 31
  %7 = add nsw i32 %6, %0
  %8 = call i32 @combine(i32 noundef %5, i32 noundef %7)
  br label %9

9:                                                ; preds = %2, %4
  %.0 = phi i32 [ %8, %4 ], [ %1, %2 ]
  ret i32 %.0
}
*** IR Dump After LowerConstantIntrinsicsPass on combine ***
; Function Attrs: nofree nosync nounwind readnone uwtable
define dso_local i32 @combine(i32 noundef %0, i32 noundef %1) local_unnamed_addr #0 {
  %3 = icmp slt i32 %0, 1
  br i1 %3, label %9, label %4

4:                                                ; preds = %2
  %5 = add nsw i32 %0, -1
  %6 = mul nsw i32 %1, 31
  %7 = add nsw i32 %6, %0
  %8 = call i32 @combine(i32 noundef %5, i32 noundef %7)
  br label %9

9:                                                ; preds = %2, %4
  %.0 = phi i32 [ %8, %4 ], [ %1, %2 ]
  ret i32 %.0
}
*** IR Dump Before LoopSimplifyPass on combine ***
; Function Attrs: nofree nosync nounwind readnone uwtable
define dso_local i32 @combine(i32 noundef %0, i32 noundef %1) local_unnamed_addr #0 {
  %3 = icmp slt i32 %0, 1
  br i1 %3, label %9, label %4

4:                                                ; preds = %2
  %5 = add nsw i32 %0, -1
  %6 = mul nsw i32 %1, 31
  %7 = add nsw i32 %6, %0
  %8 = call i32 @combine(i32 noundef %5, i32 noundef %7)
  br label %9

9:                                                ; preds = %2, %4
  %.0 = phi i32 [ %8, %4 ], [ %1, %2 ]
  ret i32 %.0
}
*** IR Dump After LoopSimplifyPass on combine ***
; Function Attrs: nofree nosync nounwind readnone uwtable
define dso_local i32 @combine(i32 noundef %0, i32 noundef %1) local_unnamed_addr #0 {
  %3 = icmp slt i32 %0, 1
  br i1 %3, label %9, label %4

4:                                                ; preds = %2
  %5 = add nsw i32 %0, -1
  %6 = mul nsw i32 %1, 31
  %7 = add nsw i32 %6, %0
  %8 = call i32 @combine(i32 noundef %5, i32 noundef %7)
  br label %9

9:                                                ; preds = %2, %4
  %.0 = phi i32 [ %8, %4 ], [ %1, %2 ]
  ret i32 %.0
}
*** IR Dump Before LCSSAPass on combine ***
; Function Attrs: nofree nosync nounwind readnone uwtable
define dso_local i32 @combine(i32 noundef %0, i32 noundef %1) local_unnamed_addr #0 {
  %3 = icmp slt i32 %0, 1
  br i1 %3, label %9, label %4

4:                                                ; preds = %2
  %5 = add nsw i32 %0, -1
  %6 = mul nsw i32 %1, 31
  %7 = add nsw i32 %6, %0
  %8 = call i32 @combine(i32 noundef %5, i32 noundef %7)
  br label %9

9:                                                ; preds = %2, %4
  %.0 = phi i32 [ %8, %4 ], [ %1, %2 ]
  ret i32 %.0
}
*** IR Dump After LCSSAPass on combine ***
; Function Attrs: nofree nosync nounwind readnone uwtable
define dso_local i32 @combine(i32 noundef %0, i32 noundef %1) local_unnamed_addr #0 {
  %3 = icmp slt i32 %0, 1
  br i1 %3, label %9, label %4

4:                                                ; preds = %2
  %5 = add nsw i32 %0, -1
  %6 = mul nsw i32 %1, 31
  %7 = add nsw i32 %6, %0
  %8 = call i32 @combine(i32 noundef %5, i32 noundef %7)
  br label %9

9:                                                ; preds = %2, %4
  %.0 = phi i32 [ %8, %4 ], [ %1, %2 ]
  ret i32 %.0
}
*** IR Dump Before LoopDistributePass on combine ***
; Function Attrs: nofree nosync nounwind readnone uwtable
define dso_local i32 @combine(i32 noundef %0, i32 noundef %1) local_unnamed_addr #0 {
  %3 = icmp slt i32 %0, 1
  br i1 %3, label %9, label %4

4:                                                ; preds = %2
  %5 = add nsw i32 %0, -1
  %6 = mul nsw i32 %1, 31
  %7 = add nsw i32 %6, %0
  %8 = call i32 @combine(i32 noundef %5, i32 noundef %7)
  br label %9

9:                                                ; preds = %2, %4
  %.0 = phi i32 [ %8, %4 ], [ %1, %2 ]
  ret i32 %.0
}
*** IR Dump After LoopDistributePass on combine ***
; Function Attrs: nofree nosync nounwind readnone uwtable
define dso_local i32 @combine(i32 noundef %0, i32 noundef %1) local_unnamed_addr #0 {
  %3 = icmp slt i32 %0, 1
  br i1 %3, label %9, label %4

4:                                                ; preds = %2
  %5 = add nsw i32 %0, -1
  %6 = mul nsw i32 %1, 31
  %7 = add nsw i32 %6, %0
  %8 = call i32 @combine(i32 noundef %5, i32 noundef %7)
  br label %9

9:                                                ; preds = %2, %4
  %.0 = phi i32 [ %8, %4 ], [ %1, %2 ]
  ret i32 %.0
}
*** IR Dump Before InjectTLIMappings on combine ***
; Function Attrs: nofree nosync nounwind readnone uwtable
define dso_local i32 @combine(i32 noundef %0, i32 noundef %1) local_unnamed_addr #0 {
  %3 = icmp slt i32 %0, 1
  br i1 %3, label %9, label %4

4:                                                ; preds = %2
  %5 = add nsw i32 %0, -1
  %6 = mul nsw i32 %1, 31
  %7 = add nsw i32 %6, %0
  %8 = call i32 @combine(i32 noundef %5, i32 noundef %7)
  br label %9

9:                                                ; preds = %2, %4
  %.0 = phi i32 [ %8, %4 ], [ %1, %2 ]
  ret i32 %.0
}
*** IR Dump After InjectTLIMappings on combine ***
; Function Attrs: nofree nosync nounwind readnone uwtable
define dso_local i32 @combine(i32 noundef %0, i32 noundef %1) local_unnamed_addr #0 {
  %3 = icmp slt i32 %0, 1
  br i1 %3, label %9, label %4

4:                                                ; preds = %2
  %5 = add nsw i32 %0, -1
  %6 = mul nsw i32 %1, 31
  %7 = add nsw i32 %6, %0
  %8 = call i32 @combine(i32 noundef %5, i32 noundef %7)
  br label %9

9:                                                ; preds = %2, %4
  %.0 = phi i32 [ %8, %4 ], [ %1, %2 ]
  ret i32 %.0
}
*** IR Dump Before LoopVectorizePass on combine ***
; Function Attrs: nofree nosync nounwind readnone uwtable
define dso_local i32 @combine(i32 noundef %0, i32 noundef %1) local_unnamed_addr #0 {
  %3 = icmp slt i32 %0, 1
  br i1 %3, label %9, label %4

4:                                                ; preds = %2
  %5 = add nsw i32 %0, -1
  %6 = mul nsw i32 %1, 31
  %7 = add nsw i32 %6, %0
  %8 = call i32 @combine(i32 noundef %5, i32 noundef %7)
  br label %9

9:                                                ; preds = %2, %4
  %.0 = phi i32 [ %8, %4 ], [ %1, %2 ]
  ret i32 %.0
}
*** IR Dump After LoopVectorizePass on combine ***
; Function Attrs: nofree nosync nounwind readnone uwtable
define dso_local i32 @combine(i32 noundef %0, i32 noundef %1) local_unnamed_addr #0 {
  %3 = icmp slt i32 %0, 1
  br i1 %3, label %9, label %4

4:                                                ; preds = %2
  %5 = add nsw i32 %0, -1
  %6 = mul nsw i32 %1, 31
  %7 = add nsw i32 %6, %0
  %8 = call i32 @combine(i32 noundef %5, i32 noundef %7)
  br label %9

9:                                                ; preds = %2, %4
  %.0 = phi i32 [ %8, %4 ], [ %1, %2 ]
  ret i32 %.0
}
*** IR Dump Before LoopLoadEliminationPass on combine ***
; Function Attrs: nofree nosync nounwind readnone uwtable
define dso_local i32 @combine(i32 noundef %0, i32 noundef %1) local_unnamed_addr #0 {
  %3 = icmp slt i32 %0, 1
  br i1 %3, label %9, label %4

4:                                                ; preds = %2
  %5 = add nsw i32 %0, -1
  %6 = mul nsw i32 %1, 31
  %7 = add nsw i32 %6, %0
  %8 = call i32 @combine(i32 noundef %5, i32 noundef %7)
  br label %9

9:                                                ; preds = %2, %4
  %.0 = phi i32 [ %8, %4 ], [ %1, %2 ]
  ret i32 %.0
}
*** IR Dump After LoopLoadEliminationPass on combine ***
; Function Attrs: nofree nosync nounwind readnone uwtable
define dso_local i32 @combine(i32 noundef %0, i32 noundef %1) local_unnamed_addr #0 {
  %3 = icmp slt i32 %0, 1
  br i1 %3, label %9, label %4

4:                                                ; preds = %2
  %5 = add nsw i32 %0, -1
  %6 = mul nsw i32 %1, 31
  %7 = add nsw i32 %6, %0
  %8 = call i32 @combine(i32 noundef %5, i32 noundef %7)
  br label %9

9:                                                ; preds = %2, %4
  %.0 = phi i32 [ %8, %4 ], [ %1, %2 ]
  ret i32 %.0
}
*** IR Dump Before InstCombinePass on combine ***
; Function Attrs: nofree nosync nounwind readnone uwtable
define dso_local i32 @combine(i32 noundef %0, i32 noundef %1) local_unnamed_addr #0 {
  %3 = icmp slt i32 %0, 1
  br i1 %3, label %9, label %4

4:                                                ; preds = %2
  %5 = add nsw i32 %0, -1
  %6 = mul nsw i32 %1, 31
  %7 = add nsw i32 %6, %0
  %8 = call i32 @combine(i32 noundef %5, i32 noundef %7)
  br label %9

9:                                                ; preds = %2, %4
  %.0 = phi i32 [ %8, %4 ], [ %1, %2 ]
  ret i32 %.0
}
*** IR Dump After InstCombinePass on combine ***
; Function Attrs: nofree nosync nounwind readnone uwtable
define dso_local i32 @combine(i32 noundef %0, i32 noundef %1) local_unnamed_addr #0 {
  %3 = icmp slt i32 %0, 1
  br i1 %3, label %9, label %4

4:                                                ; preds = %2
  %5 = add nsw i32 %0, -1
  %6 = mul nsw i32 %1, 31
  %7 = add nsw i32 %6, %0
  %8 = call i32 @combine(i32 noundef %5, i32 noundef %7)
  br label %9

9:                                                ; preds = %2, %4
  %.0 = phi i32 [ %8, %4 ], [ %1, %2 ]
  ret i32 %.0
}
*** IR Dump Before SimplifyCFGPass on combine ***
; Function Attrs: nofree nosync nounwind readnone uwtable
define dso_local i32 @combine(i32 noundef %0, i32 noundef %1) local_unnamed_addr #0 {
  %3 = icmp slt i32 %0, 1
  br i1 %3, label %9, label %4

4:                                                ; preds = %2
  %5 = add nsw i32 %0, -1
  %6 = mul nsw i32 %1, 31
  %7 = add nsw i32 %6, %0
  %8 = call i32 @combine(i32 noundef %5, i32 noundef %7)
  br label %9

9:                                                ; preds = %2, %4
  %.0 = phi i32 [ %8, %4 ], [ %1, %2 ]
  ret i32 %.0
}
*** IR Dump After SimplifyCFGPass on combine ***
; Function Attrs: nofree nosync nounwind readnone uwtable
define dso_local i32 @combine(i32 noundef %0, i32 noundef %1) local_unnamed_addr #0 {
  %3 = icmp slt i32 %0, 1
  br i1 %3, label %9, label %4

4:                                                ; preds = %2
  %5 = add nsw i32 %0, -1
  %6 = mul nsw i32 %1, 31
  %7 = add nsw i32 %6, %0
  %8 = call i32 @combine(i32 noundef %5, i32 noundef %7)
  br label %9

9:                                                ; preds = %2, %4
  %.0 = phi i32 [ %8, %4 ], [ %1, %2 ]
  ret i32 %.0
}
*** IR Dump Before VectorCombinePass on combine ***
; Function Attrs: nofree nosync nounwind readnone uwtable
define dso_local i32 @combine(i32 noundef %0, i32 noundef %1) local_unnamed_addr #0 {
  %3 = icmp slt i32 %0, 1
  br i1 %3, label %9, label %4

4:                                                ; preds = %2
  %5 = add nsw i32 %0, -1
  %6 = mul nsw i32 %1, 31
  %7 = add nsw i32 %6, %0
  %8 = call i32 @combine(i32 noundef %5, i32 noundef %7)
  br label %9

9:                                                ; preds = %2, %4
  %.0 = phi i32 [ %8, %4 ], [ %1, %2 ]
  ret i32 %.0
}
*** IR Dump After VectorCombinePass on combine ***
; Function Attrs: nofree nosync nounwind readnone uwtable
define dso_local i32 @combine(i32 noundef %0, i32 noundef %1) local_unnamed_addr #0 {
  %3 = icmp slt i32 %0, 1
  br i1 %3, label %9, label %4

4:                                                ; preds = %2
  %5 = add nsw i32 %0, -1
  %6 = mul nsw i32 %1, 31
  %7 = add nsw i32 %6, %0
  %8 = call i32 @combine(i32 noundef %5, i32 noundef %7)
  br label %9

9:                                                ; preds = %2, %4
  %.0 = phi i32 [ %8, %4 ], [ %1, %2 ]
  ret i32 %.0
}
*** IR Dump Before InstCombinePass on combine ***
; Function Attrs: nofree nosync nounwind readnone uwtable
define dso_local i32 @combine(i32 noundef %0, i32 noundef %1) local_unnamed_addr #0 {
  %3 = icmp slt i32 %0, 1
  br i1 %3, label %9, label %4

4:                                                ; preds = %2
  %5 = add nsw i32 %0, -1
  %6 = mul nsw i32 %1, 31
  %7 = add nsw i32 %6, %0
  %8 = call i32 @combine(i32 noundef %5, i32 noundef %7)
  br label %9

9:                                                ; preds = %2, %4
  %.0 = phi i32 [ %8, %4 ], [ %1, %2 ]
  ret i32 %.0
}
*** IR Dump After InstCombinePass on combine ***
; Function Attrs: nofree nosync nounwind readnone uwtable
define dso_local i32 @combine(i32 noundef %0, i32 noundef %1) local_unnamed_addr #0 {
  %3 = icmp slt i32 %0, 1
  br i1 %3, label %9, label %4

4:                                                ; preds = %2
  %5 = add nsw i32 %0, -1
  %6 = mul nsw i32 %1, 31
  %7 = add nsw i32 %6, %0
  %8 = call i32 @combine(i32 noundef %5, i32 noundef %7)
  br label %9

9:                                                ; preds = %2, %4
  %.0 = phi i32 [ %8, %4 ], [ %1, %2 ]
  ret i32 %.0
}
*** IR Dump Before LoopUnrollPass on combine ***
; Function Attrs: nofree nosync nounwind readnone uwtable
define dso_local i32 @combine(i32 noundef %0, i32 noundef %1) local_unnamed_addr #0 {
  %3 = icmp slt i32 %0, 1
  br i1 %3, label %9, label %4

4:                                                ; preds = %2
  %5 = add nsw i32 %0, -1
  %6 = mul nsw i32 %1, 31
  %7 = add nsw i32 %6, %0
  %8 = call i32 @combine(i32 noundef %5, i32 noundef %7)
  br label %9

9:                                                ; preds = %2, %4
  %.0 = phi i32 [ %8, %4 ], [ %1, %2 ]
  ret i32 %.0
}
*** IR Dump After LoopUnrollPass on combine ***
; Function Attrs: nofree nosync nounwind readnone uwtable
define dso_local i32 @combine(i32 noundef %0, i32 noundef %1) local_unnamed_addr #0 {
  %3 = icmp slt i32 %0, 1
  br i1 %3, label %9, label %4

4:                                                ; preds = %2
  %5 = add nsw i32 %0, -1
  %6 = mul nsw i32 %1, 31
  %7 = add nsw i32 %6, %0
  %8 = call i32 @combine(i32 noundef %5, i32 noundef %7)
  br label %9

9:                                                ; preds = %2, %4
  %.0 = phi i32 [ %8, %4 ], [ %1, %2 ]
  ret i32 %.0
}
*** IR Dump Before WarnMissedTransformationsPass on combine ***
; Function Attrs: nofree nosync nounwind readnone uwtable
define dso_local i32 @combine(i32 noundef %0, i32 noundef %1) local_unnamed_addr #0 {
  %3 = icmp slt i32 %0, 1
  br i1 %3, label %9, label %4

4:                                                ; preds = %2
  %5 = add nsw i32 %0, -1
  %6 = mul nsw i32 %1, 31
  %7 = add nsw i32 %6, %0
  %8 = call i32 @combine(i32 noundef %5, i32 noundef %7)
  br label %9

9:                                                ; preds = %2, %4
  %.0 = phi i32 [ %8, %4 ], [ %1, %2 ]
  ret i32 %.0
}
*** IR Dump After WarnMissedTransformationsPass on combine ***
; Function Attrs: nofree nosync nounwind readnone uwtable
define dso_local i32 @combine(i32 noundef %0, i32 noundef %1) local_unnamed_addr #0 {
  %3 = icmp slt i32 %0, 1
  br i1 %3, label %9, label %4

4:                                                ; preds = %2
  %5 = add nsw i32 %0, -1
  %6 = mul nsw i32 %1, 31
  %7 = add nsw i32 %6, %0
  %8 = call i32 @combine(i32 noundef %5, i32 noundef %7)
  br label %9

9:                                                ; preds = %2, %4
  %.0 = phi i32 [ %8, %4 ], [ %1, %2 ]
  ret i32 %.0
}
*** IR Dump Before InstCombinePass on combine ***
; Function Attrs: nofree nosync nounwind readnone uwtable
define dso_local i32 @combine(i32 noundef %0, i32 noundef %1) local_unnamed_addr #0 {
  %3 = icmp slt i32 %0, 1
  br i1 %3, label %9, label %4

4:                                                ; preds = %2
  %5 = add nsw i32 %0, -1
  %6 = mul nsw i32 %1, 31
  %7 = add nsw i32 %6, %0
  %8 = call i32 @combine(i32 noundef %5, i32 noundef %7)
  br label %9

9:                                                ; preds = %2, %4
  %.0 = phi i32 [ %8, %4 ], [ %1, %2 ]
  ret i32 %.0
}
*** IR Dump After InstCombinePass on combine ***
; Function Attrs: nofree nosync nounwind readnone uwtable
define dso_local i32 @combine(i32 noundef %0, i32 noundef %1) local_unnamed_addr #0 {
  %3 = icmp slt i32 %0, 1
  br i1 %3, label %9, label %4

4:                                                ; preds = %2
  %5 = add nsw i32 %0, -1
  %6 = mul nsw i32 %1, 31
  %7 = add nsw i32 %6, %0
  %8 = call i32 @combine(i32 noundef %5, i32 noundef %7)
  br label %9

9:                                                ; preds = %2, %4
  %.0 = phi i32 [ %8, %4 ], [ %1, %2 ]
  ret i32 %.0
}
*** IR Dump Before RequireAnalysisPass<llvm::OptimizationRemarkEmitterAnalysis, llvm::Function> on combine ***
; Function Attrs: nofree nosync nounwind readnone uwtable
define dso_local i32 @combine(i32 noundef %0, i32 noundef %1) local_unnamed_addr #0 {
  %3 = icmp slt i32 %0, 1
  br i1 %3, label %9, label %4

4:                                                ; preds = %2
  %5 = add nsw i32 %0, -1
  %6 = mul nsw i32 %1, 31
  %7 = add nsw i32 %6, %0
  %8 = call i32 @combine(i32 noundef %5, i32 noundef %7)
  br label %9

9:                                                ; preds = %2, %4
  %.0 = phi i32 [ %8, %4 ], [ %1, %2 ]
  ret i32 %.0
}
*** IR Dump After RequireAnalysisPass<llvm::OptimizationRemarkEmitterAnalysis, llvm::Function> on combine ***
; Function Attrs: nofree nosync nounwind readnone uwtable
define dso_local i32 @combine(i32 noundef %0, i32 noundef %1) local_unnamed_addr #0 {
  %3 = icmp slt i32 %0, 1
  br i1 %3, label %9, label %4

4:                                                ; preds = %2
  %5 = add nsw i32 %0, -1
  %6 = mul nsw i32 %1, 31
  %7 = add nsw i32 %6, %0
  %8 = call i32 @combine(i32 noundef %5, i32 noundef %7)
  br label %9

9:                                                ; preds = %2, %4
  %.0 = phi i32 [ %8, %4 ], [ %1, %2 ]
  ret i32 %.0
}
*** IR Dump Before LoopSimplifyPass on combine ***
; Function Attrs: nofree nosync nounwind readnone uwtable
define dso_local i32 @combine(i32 noundef %0, i32 noundef %1) local_unnamed_addr #0 {
  %3 = icmp slt i32 %0, 1
  br i1 %3, label %9, label %4

4:                                                ; preds = %2
  %5 = add nsw i32 %0, -1
  %6 = mul nsw i32 %1, 31
  %7 = add nsw i32 %6, %0
  %8 = call i32 @combine(i32 noundef %5, i32 noundef %7)
  br label %9

9:                                                ; preds = %2, %4
  %.0 = phi i32 [ %8, %4 ], [ %1, %2 ]
  ret i32 %.0
}
*** IR Dump After LoopSimplifyPass on combine ***
; Function Attrs: nofree nosync nounwind readnone uwtable
define dso_local i32 @combine(i32 noundef %0, i32 noundef %1) local_unnamed_addr #0 {
  %3 = icmp slt i32 %0, 1
  br i1 %3, label %9, label %4

4:                                                ; preds = %2
  %5 = add nsw i32 %0, -1
  %6 = mul nsw i32 %1, 31
  %7 = add nsw i32 %6, %0
  %8 = call i32 @combine(i32 noundef %5, i32 noundef %7)
  br label %9

9:                                                ; preds = %2, %4
  %.0 = phi i32 [ %8, %4 ], [ %1, %2 ]
  ret i32 %.0
}
*** IR Dump Before LCSSAPass on combine ***
; Function Attrs: nofree nosync nounwind readnone uwtable
define dso_local i32 @combine(i32 noundef %0, i32 noundef %1) local_unnamed_addr #0 {
  %3 = icmp slt i32 %0, 1
  br i1 %3, label %9, label %4

4:                                                ; preds = %2
  %5 = add nsw i32 %0, -1
  %6 = mul nsw i32 %1, 31
  %7 = add nsw i32 %6, %0
  %8 = call i32 @combine(i32 noundef %5, i32 noundef %7)
  br label %9

9:                                                ; preds = %2, %4
  %.0 = phi i32 [ %8, %4 ], [ %1, %2 ]
  ret i32 %.0
}
*** IR Dump After LCSSAPass on combine ***
; Function Attrs: nofree nosync nounwind readnone uwtable
define dso_local i32 @combine(i32 noundef %0, i32 noundef %1) local_unnamed_addr #0 {
  %3 = icmp slt i32 %0, 1
  br i1 %3, label %9, label %4

4:                                                ; preds = %2
  %5 = add nsw i32 %0, -1
  %6 = mul nsw i32 %1, 31
  %7 = add nsw i32 %6, %0
  %8 = call i32 @combine(i32 noundef %5, i32 noundef %7)
  br label %9

9:                                                ; preds = %2, %4
  %.0 = phi i32 [ %8, %4 ], [ %1, %2 ]
  ret i32 %.0
}
*** IR Dump Before AlignmentFromAssumptionsPass on combine ***
; Function Attrs: nofree nosync nounwind readnone uwtable
define dso_local i32 @combine(i32 noundef %0, i32 noundef %1) local_unnamed_addr #0 {
  %3 = icmp slt i32 %0, 1
  br i1 %3, label %9, label %4

4:                                                ; preds = %2
  %5 = add nsw i32 %0, -1
  %6 = mul nsw i32 %1, 31
  %7 = add nsw i32 %6, %0
  %8 = call i32 @combine(i32 noundef %5, i32 noundef %7)
  br label %9

9:                                                ; preds = %2, %4
  %.0 = phi i32 [ %8, %4 ], [ %1, %2 ]
  ret i32 %.0
}
*** IR Dump After AlignmentFromAssumptionsPass on combine ***
; Function Attrs: nofree nosync nounwind readnone uwtable
define dso_local i32 @combine(i32 noundef %0, i32 noundef %1) local_unnamed_addr #0 {
  %3 = icmp slt i32 %0, 1
  br i1 %3, label %9, label %4

4:                                                ; preds = %2
  %5 = add nsw i32 %0, -1
  %6 = mul nsw i32 %1, 31
  %7 = add nsw i32 %6, %0
  %8 = call i32 @combine(i32 noundef %5, i32 noundef %7)
  br label %9

9:                                                ; preds = %2, %4
  %.0 = phi i32 [ %8, %4 ], [ %1, %2 ]
  ret i32 %.0
}
*** IR Dump Before LoopSinkPass on combine ***
; Function Attrs: nofree nosync nounwind readnone uwtable
define dso_local i32 @combine(i32 noundef %0, i32 noundef %1) local_unnamed_addr #0 {
  %3 = icmp slt i32 %0, 1
  br i1 %3, label %9, label %4

4:                                                ; preds = %2
  %5 = add nsw i32 %0, -1
  %6 = mul nsw i32 %1, 31
  %7 = add nsw i32 %6, %0
  %8 = call i32 @combine(i32 noundef %5, i32 noundef %7)
  br label %9

9:                                                ; preds = %2, %4
  %.0 = phi i32 [ %8, %4 ], [ %1, %2 ]
  ret i32 %.0
}
*** IR Dump After LoopSinkPass on combine ***
; Function Attrs: nofree nosync nounwind readnone uwtable
define dso_local i32 @combine(i32 noundef %0, i32 noundef %1) local_unnamed_addr #0 {
  %3 = icmp slt i32 %0, 1
  br i1 %3, label %9, label %4

4:                                                ; preds = %2
  %5 = add nsw i32 %0, -1
  %6 = mul nsw i32 %1, 31
  %7 = add nsw i32 %6, %0
  %8 = call i32 @combine(i32 noundef %5, i32 noundef %7)
  br label %9

9:                                                ; preds = %2, %4
  %.0 = phi i32 [ %8, %4 ], [ %1, %2 ]
  ret i32 %.0
}
*** IR Dump Before InstSimplifyPass on combine ***
; Function Attrs: nofree nosync nounwind readnone uwtable
define dso_local i32 @combine(i32 noundef %0, i32 noundef %1) local_unnamed_addr #0 {
  %3 = icmp slt i32 %0, 1
  br i1 %3, label %9, label %4

4:                                                ; preds = %2
  %5 = add nsw i32 %0, -1
  %6 = mul nsw i32 %1, 31
  %7 = add nsw i32 %6, %0
  %8 = call i32 @combine(i32 noundef %5, i32 noundef %7)
  br label %9

9:                                                ; preds = %2, %4
  %.0 = phi i32 [ %8, %4 ], [ %1, %2 ]
  ret i32 %.0
}
*** IR Dump After InstSimplifyPass on combine ***
; Function Attrs: nofree nosync nounwind readnone uwtable
define dso_local i32 @combine(i32 noundef %0, i32 noundef %1) local_unnamed_addr #0 {
  %3 = icmp slt i32 %0, 1
  br i1 %3, label %9, label %4

4:                                                ; preds = %2
  %5 = add nsw i32 %0, -1
  %6 = mul nsw i32 %1, 31
  %7 = add nsw i32 %6, %0
  %8 = call i32 @combine(i32 noundef %5, i32 noundef %7)
  br label %9

9:                                                ; preds = %2, %4
  %.0 = phi i32 [ %8, %4 ], [ %1, %2 ]
  ret i32 %.0
}
*** IR Dump Before DivRemPairsPass on combine ***
; Function Attrs: nofree nosync nounwind readnone uwtable
define dso_local i32 @combine(i32 noundef %0, i32 noundef %1) local_unnamed_addr #0 {
  %3 = icmp slt i32 %0, 1
  br i1 %3, label %9, label %4

4:                                                ; preds = %2
  %5 = add nsw i32 %0, -1
  %6 = mul nsw i32 %1, 31
  %7 = add nsw i32 %6, %0
  %8 = call i32 @combine(i32 noundef %5, i32 noundef %7)
  br label %9

9:                                                ; preds = %2, %4
  %.0 = phi i32 [ %8, %4 ], [ %1, %2 ]
  ret i32 %.0
}
*** IR Dump After DivRemPairsPass on combine ***
; Function Attrs: nofree nosync nounwind readnone uwtable
define dso_local i32 @combine(i32 noundef %0, i32 noundef %1) local_unnamed_addr #0 {
  %3 = icmp slt i32 %0, 1
  br i1 %3, label %9, label %4

4:                                                ; preds = %2
  %5 = add nsw i32 %0, -1
  %6 = mul nsw i32 %1, 31
  %7 = add nsw i32 %6, %0
  %8 = call i32 @combine(i32 noundef %5, i32 noundef %7)
  br label %9

9:                                                ; preds = %2, %4
  %.0 = phi i32 [ %8, %4 ], [ %1, %2 ]
  ret i32 %.0
}
*** IR Dump Before SimplifyCFGPass on combine ***
; Function Attrs: nofree nosync nounwind readnone uwtable
define dso_local i32 @combine(i32 noundef %0, i32 noundef %1) local_unnamed_addr #0 {
  %3 = icmp slt i32 %0, 1
  br i1 %3, label %9, label %4

4:                                                ; preds = %2
  %5 = add nsw i32 %0, -1
  %6 = mul nsw i32 %1, 31
  %7 = add nsw i32 %6, %0
  %8 = call i32 @combine(i32 noundef %5, i32 noundef %7)
  br label %9

9:                                                ; preds = %2, %4
  %.0 = phi i32 [ %8, %4 ], [ %1, %2 ]
  ret i32 %.0
}
*** IR Dump After SimplifyCFGPass on combine ***
; Function Attrs: nofree nosync nounwind readnone uwtable
define dso_local i32 @combine(i32 noundef %0, i32 noundef %1) local_unnamed_addr #0 {
  %3 = icmp slt i32 %0, 1
  br i1 %3, label %9, label %4

4:                                                ; preds = %2
  %5 = add nsw i32 %0, -1
  %6 = mul nsw i32 %1, 31
  %7 = add nsw i32 %6, %0
  %8 = call i32 @combine(i32 noundef %5, i32 noundef %7)
  br label %9

9:                                                ; preds = %2, %4
  %.0 = phi i32 [ %8, %4 ], [ %1, %2 ]
  ret i32 %.0
}
*** IR Dump Before CoroCleanupPass on combine ***
; Function Attrs: nofree nosync nounwind readnone uwtable
define dso_local i32 @combine(i32 noundef %0, i32 noundef %1) local_unnamed_addr #0 {
  %3 = icmp slt i32 %0, 1
  br i1 %3, label %9, label %4

4:                                                ; preds = %2
  %5 = add nsw i32 %0, -1
  %6 = mul nsw i32 %1, 31
  %7 = add nsw i32 %6, %0
  %8 = call i32 @combine(i32 noundef %5, i32 noundef %7)
  br label %9

9:                                                ; preds = %2, %4
  %.0 = phi i32 [ %8, %4 ], [ %1, %2 ]
  ret i32 %.0
}
*** IR Dump After CoroCleanupPass on combine ***
; Function Attrs: nofree nosync nounwind readnone uwtable
define dso_local i32 @combine(i32 noundef %0, i32 noundef %1) local_unnamed_addr #0 {
  %3 = icmp slt i32 %0, 1
  br i1 %3, label %9, label %4

4:                                                ; preds = %2
  %5 = add nsw i32 %0, -1
  %6 = mul nsw i32 %1, 31
  %7 = add nsw i32 %6, %0
  %8 = call i32 @combine(i32 noundef %5, i32 noundef %7)
  br label %9

9:                                                ; preds = %2, %4
  %.0 = phi i32 [ %8, %4 ], [ %1, %2 ]
  ret i32 %.0
}
*** IR Dump Before CGProfilePass on [module] ***
; ModuleID = 'combine.in.ll'
source_filename = "combine.c"
target datalayout = "e-m:e-i8:8:32-i16:16:32-i64:64-i128:128-n32:64-S128"
target triple = "aarch64-unknown-linux-gnu"

; Function Attrs: nofree nosync nounwind readnone uwtable
define dso_local i32 @combine(i32 noundef %0, i32 noundef %1) local_unnamed_addr #0 {
  %3 = icmp slt i32 %0, 1
  br i1 %3, label %9, label %4

4:                                                ; preds = %2
  %5 = add nsw i32 %0, -1
  %6 = mul nsw i32 %1, 31
  %7 = add nsw i32 %6, %0
  %8 = call i32 @combine(i32 noundef %5, i32 noundef %7)
  br label %9

9:                                                ; preds = %2, %4
  %.0 = phi i32 [ %8, %4 ], [ %1, %2 ]
  ret i32 %.0
}

attributes #0 = { nofree nosync nounwind readnone uwtable "frame-pointer"="non-leaf" "min-legal-vector-width"="0" "no-trapping-math"="true" "stack-protector-buffer-size"="8" "target-cpu"="generic" "target-features"="+neon,+outline-atomics,+v8a" }

!llvm.module.flags = !{!0, !1, !2, !3, !4, !5, !6, !7, !8}
!llvm.ident = !{!9}

!0 = !{i32 1, !"wchar_size", i32 4}
!1 = !{i32 1, !"branch-target-enforcement", i32 0}
!2 = !{i32 1, !"sign-return-address", i32 0}
!3 = !{i32 1, !"sign-return-address-all", i32 0}
!4 = !{i32 1, !"sign-return-address-with-bkey", i32 0}
!5 = !{i32 7, !"PIC Level", i32 2}
!6 = !{i32 7, !"PIE Level", i32 2}
!7 = !{i32 7, !"uwtable", i32 1}
!8 = !{i32 7, !"frame-pointer", i32 1}
!9 = !{!"Ubuntu clang version 14.0.0-1ubuntu1.1"}
*** IR Dump After CGProfilePass on [module] ***
; ModuleID = 'combine.in.ll'
source_filename = "combine.c"
target datalayout = "e-m:e-i8:8:32-i16:16:32-i64:64-i128:128-n32:64-S128"
target triple = "aarch64-unknown-linux-gnu"

; Function Attrs: nofree nosync nounwind readnone uwtable
define dso_local i32 @combine(i32 noundef %0, i32 noundef %1) local_unnamed_addr #0 {
  %3 = icmp slt i32 %0, 1
  br i1 %3, label %9, label %4

4:                                                ; preds = %2
  %5 = add nsw i32 %0, -1
  %6 = mul nsw i32 %1, 31
  %7 = add nsw i32 %6, %0
  %8 = call i32 @combine(i32 noundef %5, i32 noundef %7)
  br label %9

9:                                                ; preds = %2, %4
  %.0 = phi i32 [ %8, %4 ], [ %1, %2 ]
  ret i32 %.0
}

attributes #0 = { nofree nosync nounwind readnone uwtable "frame-pointer"="non-leaf" "min-legal-vector-width"="0" "no-trapping-math"="true" "stack-protector-buffer-size"="8" "target-cpu"="generic" "target-features"="+neon,+outline-atomics,+v8a" }

!llvm.module.flags = !{!0, !1, !2, !3, !4, !5, !6, !7, !8}
!llvm.ident = !{!9}

!0 = !{i32 1, !"wchar_size", i32 4}
!1 = !{i32 1, !"branch-target-enforcement", i32 0}
!2 = !{i32 1, !"sign-return-address", i32 0}
!3 = !{i32 1, !"sign-return-address-all", i32 0}
!4 = !{i32 1, !"sign-return-address-with-bkey", i32 0}
!5 = !{i32 7, !"PIC Level", i32 2}
!6 = !{i32 7, !"PIE Level", i32 2}
!7 = !{i32 7, !"uwtable", i32 1}
!8 = !{i32 7, !"frame-pointer", i32 1}
!9 = !{!"Ubuntu clang version 14.0.0-1ubuntu1.1"}
*** IR Dump Before GlobalDCEPass on [module] ***
; ModuleID = 'combine.in.ll'
source_filename = "combine.c"
target datalayout = "e-m:e-i8:8:32-i16:16:32-i64:64-i128:128-n32:64-S128"
target triple = "aarch64-unknown-linux-gnu"

; Function Attrs: nofree nosync nounwind readnone uwtable
define dso_local i32 @combine(i32 noundef %0, i32 noundef %1) local_unnamed_addr #0 {
  %3 = icmp slt i32 %0, 1
  br i1 %3, label %9, label %4

4:                                                ; preds = %2
  %5 = add nsw i32 %0, -1
  %6 = mul nsw i32 %1, 31
  %7 = add nsw i32 %6, %0
  %8 = call i32 @combine(i32 noundef %5, i32 noundef %7)
  br label %9

9:                                                ; preds = %2, %4
  %.0 = phi i32 [ %8, %4 ], [ %1, %2 ]
  ret i32 %.0
}

attributes #0 = { nofree nosync nounwind readnone uwtable "frame-pointer"="non-leaf" "min-legal-vector-width"="0" "no-trapping-math"="true" "stack-protector-buffer-size"="8" "target-cpu"="generic" "target-features"="+neon,+outline-atomics,+v8a" }

!llvm.module.flags = !{!0, !1, !2, !3, !4, !5, !6, !7, !8}
!llvm.ident = !{!9}

!0 = !{i32 1, !"wchar_size", i32 4}
!1 = !{i32 1, !"branch-target-enforcement", i32 0}
!2 = !{i32 1, !"sign-return-address", i32 0}
!3 = !{i32 1, !"sign-return-address-all", i32 0}
!4 = !{i32 1, !"sign-return-address-with-bkey", i32 0}
!5 = !{i32 7, !"PIC Level", i32 2}
!6 = !{i32 7, !"PIE Level", i32 2}
!7 = !{i32 7, !"uwtable", i32 1}
!8 = !{i32 7, !"frame-pointer", i32 1}
!9 = !{!"Ubuntu clang version 14.0.0-1ubuntu1.1"}
*** IR Dump After GlobalDCEPass on [module] ***
; ModuleID = 'combine.in.ll'
source_filename = "combine.c"
target datalayout = "e-m:e-i8:8:32-i16:16:32-i64:64-i128:128-n32:64-S128"
target triple = "aarch64-unknown-linux-gnu"

; Function Attrs: nofree nosync nounwind readnone uwtable
define dso_local i32 @combine(i32 noundef %0, i32 noundef %1) local_unnamed_addr #0 {
  %3 = icmp slt i32 %0, 1
  br i1 %3, label %9, label %4

4:                                                ; preds = %2
  %5 = add nsw i32 %0, -1
  %6 = mul nsw i32 %1, 31
  %7 = add nsw i32 %6, %0
  %8 = call i32 @combine(i32 noundef %5, i32 noundef %7)
  br label %9

9:                                                ; preds = %2, %4
  %.0 = phi i32 [ %8, %4 ], [ %1, %2 ]
  ret i32 %.0
}

attributes #0 = { nofree nosync nounwind readnone uwtable "frame-pointer"="non-leaf" "min-legal-vector-width"="0" "no-trapping-math"="true" "stack-protector-buffer-size"="8" "target-cpu"="generic" "target-features"="+neon,+outline-atomics,+v8a" }

!llvm.module.flags = !{!0, !1, !2, !3, !4, !5, !6, !7, !8}
!llvm.ident = !{!9}

!0 = !{i32 1, !"wchar_size", i32 4}
!1 = !{i32 1, !"branch-target-enforcement", i32 0}
!2 = !{i32 1, !"sign-return-address", i32 0}
!3 = !{i32 1, !"sign-return-address-all", i32 0}
!4 = !{i32 1, !"sign-return-address-with-bkey", i32 0}
!5 = !{i32 7, !"PIC Level", i32 2}
!6 = !{i32 7, !"PIE Level", i32 2}
!7 = !{i32 7, !"uwtable", i32 1}
!8 = !{i32 7, !"frame-pointer", i32 1}
!9 = !{!"Ubuntu clang version 14.0.0-1ubuntu1.1"}
*** IR Dump Before ConstantMergePass on [module] ***
; ModuleID = 'combine.in.ll'
source_filename = "combine.c"
target datalayout = "e-m:e-i8:8:32-i16:16:32-i64:64-i128:128-n32:64-S128"
target triple = "aarch64-unknown-linux-gnu"

; Function Attrs: nofree nosync nounwind readnone uwtable
define dso_local i32 @combine(i32 noundef %0, i32 noundef %1) local_unnamed_addr #0 {
  %3 = icmp slt i32 %0, 1
  br i1 %3, label %9, label %4

4:                                                ; preds = %2
  %5 = add nsw i32 %0, -1
  %6 = mul nsw i32 %1, 31
  %7 = add nsw i32 %6, %0
  %8 = call i32 @combine(i32 noundef %5, i32 noundef %7)
  br label %9

9:                                                ; preds = %2, %4
  %.0 = phi i32 [ %8, %4 ], [ %1, %2 ]
  ret i32 %.0
}

attributes #0 = { nofree nosync nounwind readnone uwtable "frame-pointer"="non-leaf" "min-legal-vector-width"="0" "no-trapping-math"="true" "stack-protector-buffer-size"="8" "target-cpu"="generic" "target-features"="+neon,+outline-atomics,+v8a" }

!llvm.module.flags = !{!0, !1, !2, !3, !4, !5, !6, !7, !8}
!llvm.ident = !{!9}

!0 = !{i32 1, !"wchar_size", i32 4}
!1 = !{i32 1, !"branch-target-enforcement", i32 0}
!2 = !{i32 1, !"sign-return-address", i32 0}
!3 = !{i32 1, !"sign-return-address-all", i32 0}
!4 = !{i32 1, !"sign-return-address-with-bkey", i32 0}
!5 = !{i32 7, !"PIC Level", i32 2}
!6 = !{i32 7, !"PIE Level", i32 2}
!7 = !{i32 7, !"uwtable", i32 1}
!8 = !{i32 7, !"frame-pointer", i32 1}
!9 = !{!"Ubuntu clang version 14.0.0-1ubuntu1.1"}
*** IR Dump After ConstantMergePass on [module] ***
; ModuleID = 'combine.in.ll'
source_filename = "combine.c"
target datalayout = "e-m:e-i8:8:32-i16:16:32-i64:64-i128:128-n32:64-S128"
target triple = "aarch64-unknown-linux-gnu"

; Function Attrs: nofree nosync nounwind readnone uwtable
define dso_local i32 @combine(i32 noundef %0, i32 noundef %1) local_unnamed_addr #0 {
  %3 = icmp slt i32 %0, 1
  br i1 %3, label %9, label %4

4:                                                ; preds = %2
  %5 = add nsw i32 %0, -1
  %6 = mul nsw i32 %1, 31
  %7 = add nsw i32 %6, %0
  %8 = call i32 @combine(i32 noundef %5, i32 noundef %7)
  br label %9

9:                                                ; preds = %2, %4
  %.0 = phi i32 [ %8, %4 ], [ %1, %2 ]
  ret i32 %.0
}

attributes #0 = { nofree nosync nounwind readnone uwtable "frame-pointer"="non-leaf" "min-legal-vector-width"="0" "no-trapping-math"="true" "stack-protector-buffer-size"="8" "target-cpu"="generic" "target-features"="+neon,+outline-atomics,+v8a" }

!llvm.module.flags = !{!0, !1, !2, !3, !4, !5, !6, !7, !8}
!llvm.ident = !{!9}

!0 = !{i32 1, !"wchar_size", i32 4}
!1 = !{i32 1, !"branch-target-enforcement", i32 0}
!2 = !{i32 1, !"sign-return-address", i32 0}
!3 = !{i32 1, !"sign-return-address-all", i32 0}
!4 = !{i32 1, !"sign-return-address-with-bkey", i32 0}
!5 = !{i32 7, !"PIC Level", i32 2}
!6 = !{i32 7, !"PIE Level", i32 2}
!7 = !{i32 7, !"uwtable", i32 1}
!8 = !{i32 7, !"frame-pointer", i32 1}
!9 = !{!"Ubuntu clang version 14.0.0-1ubuntu1.1"}
*** IR Dump Before RelLookupTableConverterPass on [module] ***
; ModuleID = 'combine.in.ll'
source_filename = "combine.c"
target datalayout = "e-m:e-i8:8:32-i16:16:32-i64:64-i128:128-n32:64-S128"
target triple = "aarch64-unknown-linux-gnu"

; Function Attrs: nofree nosync nounwind readnone uwtable
define dso_local i32 @combine(i32 noundef %0, i32 noundef %1) local_unnamed_addr #0 {
  %3 = icmp slt i32 %0, 1
  br i1 %3, label %9, label %4

4:                                                ; preds = %2
  %5 = add nsw i32 %0, -1
  %6 = mul nsw i32 %1, 31
  %7 = add nsw i32 %6, %0
  %8 = call i32 @combine(i32 noundef %5, i32 noundef %7)
  br label %9

9:                                                ; preds = %2, %4
  %.0 = phi i32 [ %8, %4 ], [ %1, %2 ]
  ret i32 %.0
}

attributes #0 = { nofree nosync nounwind readnone uwtable "frame-pointer"="non-leaf" "min-legal-vector-width"="0" "no-trapping-math"="true" "stack-protector-buffer-size"="8" "target-cpu"="generic" "target-features"="+neon,+outline-atomics,+v8a" }

!llvm.module.flags = !{!0, !1, !2, !3, !4, !5, !6, !7, !8}
!llvm.ident = !{!9}

!0 = !{i32 1, !"wchar_size", i32 4}
!1 = !{i32 1, !"branch-target-enforcement", i32 0}
!2 = !{i32 1, !"sign-return-address", i32 0}
!3 = !{i32 1, !"sign-return-address-all", i32 0}
!4 = !{i32 1, !"sign-return-address-with-bkey", i32 0}
!5 = !{i32 7, !"PIC Level", i32 2}
!6 = !{i32 7, !"PIE Level", i32 2}
!7 = !{i32 7, !"uwtable", i32 1}
!8 = !{i32 7, !"frame-pointer", i32 1}
!9 = !{!"Ubuntu clang version 14.0.0-1ubuntu1.1"}
*** IR Dump After RelLookupTableConverterPass on [module] ***
; ModuleID = 'combine.in.ll'
source_filename = "combine.c"
target datalayout = "e-m:e-i8:8:32-i16:16:32-i64:64-i128:128-n32:64-S128"
target triple = "aarch64-unknown-linux-gnu"

; Function Attrs: nofree nosync nounwind readnone uwtable
define dso_local i32 @combine(i32 noundef %0, i32 noundef %1) local_unnamed_addr #0 {
  %3 = icmp slt i32 %0, 1
  br i1 %3, label %9, label %4

4:                                                ; preds = %2
  %5 = add nsw i32 %0, -1
  %6 = mul nsw i32 %1, 31
  %7 = add nsw i32 %6, %0
  %8 = call i32 @combine(i32 noundef %5, i32 noundef %7)
  br label %9

9:                                                ; preds = %2, %4
  %.0 = phi i32 [ %8, %4 ], [ %1, %2 ]
  ret i32 %.0
}

attributes #0 = { nofree nosync nounwind readnone uwtable "frame-pointer"="non-leaf" "min-legal-vector-width"="0" "no-trapping-math"="true" "stack-protector-buffer-size"="8" "target-cpu"="generic" "target-features"="+neon,+outline-atomics,+v8a" }

!llvm.module.flags = !{!0, !1, !2, !3, !4, !5, !6, !7, !8}
!llvm.ident = !{!9}

!0 = !{i32 1, !"wchar_size", i32 4}
!1 = !{i32 1, !"branch-target-enforcement", i32 0}
!2 = !{i32 1, !"sign-return-address", i32 0}
!3 = !{i32 1, !"sign-return-address-all", i32 0}
!4 = !{i32 1, !"sign-return-address-with-bkey", i32 0}
!5 = !{i32 7, !"PIC Level", i32 2}
!6 = !{i32 7, !"PIE Level", i32 2}
!7 = !{i32 7, !"uwtable", i32 1}
!8 = !{i32 7, !"frame-pointer", i32 1}
!9 = !{!"Ubuntu clang version 14.0.0-1ubuntu1.1"}
*** IR Dump Before AnnotationRemarksPass on combine ***
; Function Attrs: nofree nosync nounwind readnone uwtable
define dso_local i32 @combine(i32 noundef %0, i32 noundef %1) local_unnamed_addr #0 {
  %3 = icmp slt i32 %0, 1
  br i1 %3, label %9, label %4

4:                                                ; preds = %2
  %5 = add nsw i32 %0, -1
  %6 = mul nsw i32 %1, 31
  %7 = add nsw i32 %6, %0
  %8 = call i32 @combine(i32 noundef %5, i32 noundef %7)
  br label %9

9:                                                ; preds = %2, %4
  %.0 = phi i32 [ %8, %4 ], [ %1, %2 ]
  ret i32 %.0
}
*** IR Dump After AnnotationRemarksPass on combine ***
; Function Attrs: nofree nosync nounwind readnone uwtable
define dso_local i32 @combine(i32 noundef %0, i32 noundef %1) local_unnamed_addr #0 {
  %3 = icmp slt i32 %0, 1
  br i1 %3, label %9, label %4

4:                                                ; preds = %2
  %5 = add nsw i32 %0, -1
  %6 = mul nsw i32 %1, 31
  %7 = add nsw i32 %6, %0
  %8 = call i32 @combine(i32 noundef %5, i32 noundef %7)
  br label %9

9:                                                ; preds = %2, %4
  %.0 = phi i32 [ %8, %4 ], [ %1, %2 ]
  ret i32 %.0
}
*** IR Dump Before VerifierPass on [module] ***
; ModuleID = 'combine.in.ll'
source_filename = "combine.c"
target datalayout = "e-m:e-i8:8:32-i16:16:32-i64:64-i128:128-n32:64-S128"
target triple = "aarch64-unknown-linux-gnu"

; Function Attrs: nofree nosync nounwind readnone uwtable
define dso_local i32 @combine(i32 noundef %0, i32 noundef %1) local_unnamed_addr #0 {
  %3 = icmp slt i32 %0, 1
  br i1 %3, label %9, label %4

4:                                                ; preds = %2
  %5 = add nsw i32 %0, -1
  %6 = mul nsw i32 %1, 31
  %7 = add nsw i32 %6, %0
  %8 = call i32 @combine(i32 noundef %5, i32 noundef %7)
  br label %9

9:                                                ; preds = %2, %4
  %.0 = phi i32 [ %8, %4 ], [ %1, %2 ]
  ret i32 %.0
}

attributes #0 = { nofree nosync nounwind readnone uwtable "frame-pointer"="non-leaf" "min-legal-vector-width"="0" "no-trapping-math"="true" "stack-protector-buffer-size"="8" "target-cpu"="generic" "target-features"="+neon,+outline-atomics,+v8a" }

!llvm.module.flags = !{!0, !1, !2, !3, !4, !5, !6, !7, !8}
!llvm.ident = !{!9}

!0 = !{i32 1, !"wchar_size", i32 4}
!1 = !{i32 1, !"branch-target-enforcement", i32 0}
!2 = !{i32 1, !"sign-return-address", i32 0}
!3 = !{i32 1, !"sign-return-address-all", i32 0}
!4 = !{i32 1, !"sign-return-address-with-bkey", i32 0}
!5 = !{i32 7, !"PIC Level", i32 2}
!6 = !{i32 7, !"PIE Level", i32 2}
!7 = !{i32 7, !"uwtable", i32 1}
!8 = !{i32 7, !"frame-pointer", i32 1}
!9 = !{!"Ubuntu clang version 14.0.0-1ubuntu1.1"}
*** IR Dump After VerifierPass on [module] ***
; ModuleID = 'combine.in.ll'
source_filename = "combine.c"
target datalayout = "e-m:e-i8:8:32-i16:16:32-i64:64-i128:128-n32:64-S128"
target triple = "aarch64-unknown-linux-gnu"

; Function Attrs: nofree nosync nounwind readnone uwtable
define dso_local i32 @combine(i32 noundef %0, i32 noundef %1) local_unnamed_addr #0 {
  %3 = icmp slt i32 %0, 1
  br i1 %3, label %9, label %4

4:                                                ; preds = %2
  %5 = add nsw i32 %0, -1
  %6 = mul nsw i32 %1, 31
  %7 = add nsw i32 %6, %0
  %8 = call i32 @combine(i32 noundef %5, i32 noundef %7)
  br label %9

9:                                                ; preds = %2, %4
  %.0 = phi i32 [ %8, %4 ], [ %1, %2 ]
  ret i32 %.0
}

attributes #0 = { nofree nosync nounwind readnone uwtable "frame-pointer"="non-leaf" "min-legal-vector-width"="0" "no-trapping-math"="true" "stack-protector-buffer-size"="8" "target-cpu"="generic" "target-features"="+neon,+outline-atomics,+v8a" }

!llvm.module.flags = !{!0, !1, !2, !3, !4, !5, !6, !7, !8}
!llvm.ident = !{!9}

!0 = !{i32 1, !"wchar_size", i32 4}
!1 = !{i32 1, !"branch-target-enforcement", i32 0}
!2 = !{i32 1, !"sign-return-address", i32 0}
!3 = !{i32 1, !"sign-return-address-all", i32 0}
!4 = !{i32 1, !"sign-return-address-with-bkey", i32 0}
!5 = !{i32 7, !"PIC Level", i32 2}
!6 = !{i32 7, !"PIE Level", i32 2}
!7 = !{i32 7, !"uwtable", i32 1}
!8 = !{i32 7, !"frame-pointer", i32 1}
!9 = !{!"Ubuntu clang version 14.0.0-1ubuntu1.1"}
*** IR Dump Before PrintModulePass on [module] ***
; ModuleID = 'combine.in.ll'
source_filename = "combine.c"
target datalayout = "e-m:e-i8:8:32-i16:16:32-i64:64-i128:128-n32:64-S128"
target triple = "aarch64-unknown-linux-gnu"

; Function Attrs: nofree nosync nounwind readnone uwtable
define dso_local i32 @combine(i32 noundef %0, i32 noundef %1) local_unnamed_addr #0 {
  %3 = icmp slt i32 %0, 1
  br i1 %3, label %9, label %4

4:                                                ; preds = %2
  %5 = add nsw i32 %0, -1
  %6 = mul nsw i32 %1, 31
  %7 = add nsw i32 %6, %0
  %8 = call i32 @combine(i32 noundef %5, i32 noundef %7)
  br label %9

9:                                                ; preds = %2, %4
  %.0 = phi i32 [ %8, %4 ], [ %1, %2 ]
  ret i32 %.0
}

attributes #0 = { nofree nosync nounwind readnone uwtable "frame-pointer"="non-leaf" "min-legal-vector-width"="0" "no-trapping-math"="true" "stack-protector-buffer-size"="8" "target-cpu"="generic" "target-features"="+neon,+outline-atomics,+v8a" }

!llvm.module.flags = !{!0, !1, !2, !3, !4, !5, !6, !7, !8}
!llvm.ident = !{!9}

!0 = !{i32 1, !"wchar_size", i32 4}
!1 = !{i32 1, !"branch-target-enforcement", i32 0}
!2 = !{i32 1, !"sign-return-address", i32 0}
!3 = !{i32 1, !"sign-return-address-all", i32 0}
!4 = !{i32 1, !"sign-return-address-with-bkey", i32 0}
!5 = !{i32 7, !"PIC Level", i32 2}
!6 = !{i32 7, !"PIE Level", i32 2}
!7 = !{i32 7, !"uwtable", i32 1}
!8 = !{i32 7, !"frame-pointer", i32 1}
!9 = !{!"Ubuntu clang version 14.0.0-1ubuntu1.1"}
*** IR Dump After PrintModulePass on [module] ***
; ModuleID = 'combine.in.ll'
source_filename = "combine.c"
target datalayout = "e-m:e-i8:8:32-i16:16:32-i64:64-i128:128-n32:64-S128"
target triple = "aarch64-unknown-linux-gnu"

; Function Attrs: nofree nosync nounwind readnone uwtable
define dso_local i32 @combine(i32 noundef %0, i32 noundef %1) local_unnamed_addr #0 {
  %3 = icmp slt i32 %0, 1
  br i1 %3, label %9, label %4

4:                                                ; preds = %2
  %5 = add nsw i32 %0, -1
  %6 = mul nsw i32 %1, 31
  %7 = add nsw i32 %6, %0
  %8 = call i32 @combine(i32 noundef %5, i32 noundef %7)
  br label %9

9:                                                ; preds = %2, %4
  %.0 = phi i32 [ %8, %4 ], [ %1, %2 ]
  ret i32 %.0
}

attributes #0 = { nofree nosync nounwind readnone uwtable "frame-pointer"="non-leaf" "min-legal-vector-width"="0" "no-trapping-math"="true" "stack-protector-buffer-size"="8" "target-cpu"="generic" "target-features"="+neon,+outline-atomics,+v8a" }

!llvm.module.flags = !{!0, !1, !2, !3, !4, !5, !6, !7, !8}
!llvm.ident = !{!9}

!0 = !{i32 1, !"wchar_size", i32 4}
!1 = !{i32 1, !"branch-target-enforcement", i32 0}
!2 = !{i32 1, !"sign-return-address", i32 0}
!3 = !{i32 1, !"sign-return-address-all", i32 0}
!4 = !{i32 1, !"sign-return-address-with-bkey", i32 0}
!5 = !{i32 7, !"PIC Level", i32 2}
!6 = !{i32 7, !"PIE Level", i32 2}
!7 = !{i32 7, !"uwtable", i32 1}
!8 = !{i32 7, !"frame-pointer", i32 1}
!9 = !{!"Ubuntu clang version 14.0.0-1ubuntu1.1"}
