*** IR Dump Before VerifierPass on [module] ***
; ModuleID = 'combine.in.ll'
source_filename = "combine.c"
target datalayout = "e-m:e-i8:8:32-i16:16:32-i64:64-i128:128-n32:64-S128"
target triple = "aarch64-unknown-linux-gnu"

; Function Attrs: nounwind uwtable
define dso_local i32 @combine(i32 noundef %0, i32 noundef %1) #0 {
  %3 = alloca i32, align 4
  %4 = alloca i32, align 4
  %5 = alloca i32, align 4
  store i32 %0, i32* %4, align 4
  store i32 %1, i32* %5, align 4
  %6 = load i32, i32* %4, align 4
  %7 = icmp sle i32 %6, 0
  br i1 %7, label %8, label %10

8:                                                ; preds = %2
  %9 = load i32, i32* %5, align 4
  store i32 %9, i32* %3, align 4
  br label %18

10:                                               ; preds = %2
  %11 = load i32, i32* %4, align 4
  %12 = sub nsw i32 %11, 1
  %13 = load i32, i32* %5, align 4
  %14 = mul nsw i32 %13, 31
  %15 = load i32, i32* %4, align 4
  %16 = add nsw i32 %14, %15
  %17 = call i32 @combine(i32 noundef %12, i32 noundef %16)
  store i32 %17, i32* %3, align 4
  br label %18

18:                                               ; preds = %10, %8
  %19 = load i32, i32* %3, align 4
  ret i32 %19
}

attributes #0 = { nounwind uwtable "frame-pointer"="non-leaf" "min-legal-vector-width"="0" "no-trapping-math"="true" "stack-protector-buffer-size"="8" "target-cpu"="generic" "target-features"="+neon,+outline-atomics,+v8a" }

!llvm.module.flags = !{!0, !1, !2, !3, !4, !5, !6, !7, !8}
!llvm.ident = !{!9}

!0 = !{i32 1, !"wchar_size", i32 4}
!1 = !{i32 1, !"branch-target-enforcement", i32 0}
!2 = !{i32 1, !"sign-return-address", i32 0}
!3 = !{i32 1, !"sign-return-address-all", i32 0}
!4 = !{i32 1, !"sign-return-address-with-bkey", i32 0}
!5 = !{i32 7, !"PIC Level", i32 2}
!6 = !{i32 7, !"PIE Level", i32 2}
!7 = !{i32 7, !"uwtable", i32 1}
!8 = !{i32 7, !"frame-pointer", i32 1}
!9 = !{!"Ubuntu clang version 14.0.0-1ubuntu1.1"}
*** IR Dump After VerifierPass on [module] ***
; ModuleID = 'combine.in.ll'
source_filename = "combine.c"
target datalayout = "e-m:e-i8:8:32-i16:16:32-i64:64-i128:128-n32:64-S128"
target triple = "aarch64-unknown-linux-gnu"

; Function Attrs: nounwind uwtable
define dso_local i32 @combine(i32 noundef %0, i32 noundef %1) #0 {
  %3 = alloca i32, align 4
  %4 = alloca i32, align 4
  %5 = alloca i32, align 4
  store i32 %0, i32* %4, align 4
  store i32 %1, i32* %5, align 4
  %6 = load i32, i32* %4, align 4
  %7 = icmp sle i32 %6, 0
  br i1 %7, label %8, label %10

8:                                                ; preds = %2
  %9 = load i32, i32* %5, align 4
  store i32 %9, i32* %3, align 4
  br label %18

10:                                               ; preds = %2
  %11 = load i32, i32* %4, align 4
  %12 = sub nsw i32 %11, 1
  %13 = load i32, i32* %5, align 4
  %14 = mul nsw i32 %13, 31
  %15 = load i32, i32* %4, align 4
  %16 = add nsw i32 %14, %15
  %17 = call i32 @combine(i32 noundef %12, i32 noundef %16)
  store i32 %17, i32* %3, align 4
  br label %18

18:                                               ; preds = %10, %8
  %19 = load i32, i32* %3, align 4
  ret i32 %19
}

attributes #0 = { nounwind uwtable "frame-pointer"="non-leaf" "min-legal-vector-width"="0" "no-trapping-math"="true" "stack-protector-buffer-size"="8" "target-cpu"="generic" "target-features"="+neon,+outline-atomics,+v8a" }

!llvm.module.flags = !{!0, !1, !2, !3, !4, !5, !6, !7, !8}
!llvm.ident = !{!9}

!0 = !{i32 1, !"wchar_size", i32 4}
!1 = !{i32 1, !"branch-target-enforcement", i32 0}
!2 = !{i32 1, !"sign-return-address", i32 0}
!3 = !{i32 1, !"sign-return-address-all", i32 0}
!4 = !{i32 1, !"sign-return-address-with-bkey", i32 0}
!5 = !{i32 7, !"PIC Level", i32 2}
!6 = !{i32 7, !"PIE Level", i32 2}
!7 = !{i32 7, !"uwtable", i32 1}
!8 = !{i32 7, !"frame-pointer", i32 1}
!9 = !{!"Ubuntu clang version 14.0.0-1ubuntu1.1"}
*** IR Dump Before Annotation2MetadataPass on [module] ***
; ModuleID = 'combine.in.ll'
source_filename = "combine.c"
target datalayout = "e-m:e-i8:8:32-i16:16:32-i64:64-i128:128-n32:64-S128"
target triple = "aarch64-unknown-linux-gnu"

; Function Attrs: nounwind uwtable
define dso_local i32 @combine(i32 noundef %0, i32 noundef %1) #0 {
  %3 = alloca i32, align 4
  %4 = alloca i32, align 4
  %5 = alloca i32, align 4
  store i32 %0, i32* %4, align 4
  store i32 %1, i32* %5, align 4
  %6 = load i32, i32* %4, align 4
  %7 = icmp sle i32 %6, 0
  br i1 %7, label %8, label %10

8:                                                ; preds = %2
  %9 = load i32, i32* %5, align 4
  store i32 %9, i32* %3, align 4
  br label %18

10:                                               ; preds = %2
  %11 = load i32, i32* %4, align 4
  %12 = sub nsw i32 %11, 1
  %13 = load i32, i32* %5, align 4
  %14 = mul nsw i32 %13, 31
  %15 = load i32, i32* %4, align 4
  %16 = add nsw i32 %14, %15
  %17 = call i32 @combine(i32 noundef %12, i32 noundef %16)
  store i32 %17, i32* %3, align 4
  br label %18

18:                                               ; preds = %10, %8
  %19 = load i32, i32* %3, align 4
  ret i32 %19
}

attributes #0 = { nounwind uwtable "frame-pointer"="non-leaf" "min-legal-vector-width"="0" "no-trapping-math"="true" "stack-protector-buffer-size"="8" "target-cpu"="generic" "target-features"="+neon,+outline-atomics,+v8a" }

!llvm.module.flags = !{!0, !1, !2, !3, !4, !5, !6, !7, !8}
!llvm.ident = !{!9}

!0 = !{i32 1, !"wchar_size", i32 4}
!1 = !{i32 1, !"branch-target-enforcement", i32 0}
!2 = !{i32 1, !"sign-return-address", i32 0}
!3 = !{i32 1, !"sign-return-address-all", i32 0}
!4 = !{i32 1, !"sign-return-address-with-bkey", i32 0}
!5 = !{i32 7, !"PIC Level", i32 2}
!6 = !{i32 7, !"PIE Level", i32 2}
!7 = !{i32 7, !"uwtable", i32 1}
!8 = !{i32 7, !"frame-pointer", i32 1}
!9 = !{!"Ubuntu clang version 14.0.0-1ubuntu1.1"}
*** IR Dump After Annotation2MetadataPass on [module] ***
; ModuleID = 'combine.in.ll'
source_filename = "combine.c"
target datalayout = "e-m:e-i8:8:32-i16:16:32-i64:64-i128:128-n32:64-S128"
target triple = "aarch64-unknown-linux-gnu"

; Function Attrs: nounwind uwtable
define dso_local i32 @combine(i32 noundef %0, i32 noundef %1) #0 {
  %3 = alloca i32, align 4
  %4 = alloca i32, align 4
  %5 = alloca i32, align 4
  store i32 %0, i32* %4, align 4
  store i32 %1, i32* %5, align 4
  %6 = load i32, i32* %4, align 4
  %7 = icmp sle i32 %6, 0
  br i1 %7, label %8, label %10

8:                                                ; preds = %2
  %9 = load i32, i32* %5, align 4
  store i32 %9, i32* %3, align 4
  br label %18

10:                                               ; preds = %2
  %11 = load i32, i32* %4, align 4
  %12 = sub nsw i32 %11, 1
  %13 = load i32, i32* %5, align 4
  %14 = mul nsw i32 %13, 31
  %15 = load i32, i32* %4, align 4
  %16 = add nsw i32 %14, %15
  %17 = call i32 @combine(i32 noundef %12, i32 noundef %16)
  store i32 %17, i32* %3, align 4
  br label %18

18:                                               ; preds = %10, %8
  %19 = load i32, i32* %3, align 4
  ret i32 %19
}

attributes #0 = { nounwind uwtable "frame-pointer"="non-leaf" "min-legal-vector-width"="0" "no-trapping-math"="true" "stack-protector-buffer-size"="8" "target-cpu"="generic" "target-features"="+neon,+outline-atomics,+v8a" }

!llvm.module.flags = !{!0, !1, !2, !3, !4, !5, !6, !7, !8}
!llvm.ident = !{!9}

!0 = !{i32 1, !"wchar_size", i32 4}
!1 = !{i32 1, !"branch-target-enforcement", i32 0}
!2 = !{i32 1, !"sign-return-address", i32 0}
!3 = !{i32 1, !"sign-return-address-all", i32 0}
!4 = !{i32 1, !"sign-return-address-with-bkey", i32 0}
!5 = !{i32 7, !"PIC Level", i32 2}
!6 = !{i32 7, !"PIE Level", i32 2}
!7 = !{i32 7, !"uwtable", i32 1}
!8 = !{i32 7, !"frame-pointer", i32 1}
!9 = !{!"Ubuntu clang version 14.0.0-1ubuntu1.1"}
*** IR Dump Before ForceFunctionAttrsPass on [module] ***
; ModuleID = 'combine.in.ll'
source_filename = "combine.c"
target datalayout = "e-m:e-i8:8:32-i16:16:32-i64:64-i128:128-n32:64-S128"
target triple = "aarch64-unknown-linux-gnu"

; Function Attrs: nounwind uwtable
define dso_local i32 @combine(i32 noundef %0, i32 noundef %1) #0 {
  %3 = alloca i32, align 4
  %4 = alloca i32, align 4
  %5 = alloca i32, align 4
  store i32 %0, i32* %4, align 4
  store i32 %1, i32* %5, align 4
  %6 = load i32, i32* %4, align 4
  %7 = icmp sle i32 %6, 0
  br i1 %7, label %8, label %10

8:                                                ; preds = %2
  %9 = load i32, i32* %5, align 4
  store i32 %9, i32* %3, align 4
  br label %18

10:                                               ; preds = %2
  %11 = load i32, i32* %4, align 4
  %12 = sub nsw i32 %11, 1
  %13 = load i32, i32* %5, align 4
  %14 = mul nsw i32 %13, 31
  %15 = load i32, i32* %4, align 4
  %16 = add nsw i32 %14, %15
  %17 = call i32 @combine(i32 noundef %12, i32 noundef %16)
  store i32 %17, i32* %3, align 4
  br label %18

18:                                               ; preds = %10, %8
  %19 = load i32, i32* %3, align 4
  ret i32 %19
}

attributes #0 = { nounwind uwtable "frame-pointer"="non-leaf" "min-legal-vector-width"="0" "no-trapping-math"="true" "stack-protector-buffer-size"="8" "target-cpu"="generic" "target-features"="+neon,+outline-atomics,+v8a" }

!llvm.module.flags = !{!0, !1, !2, !3, !4, !5, !6, !7, !8}
!llvm.ident = !{!9}

!0 = !{i32 1, !"wchar_size", i32 4}
!1 = !{i32 1, !"branch-target-enforcement", i32 0}
!2 = !{i32 1, !"sign-return-address", i32 0}
!3 = !{i32 1, !"sign-return-address-all", i32 0}
!4 = !{i32 1, !"sign-return-address-with-bkey", i32 0}
!5 = !{i32 7, !"PIC Level", i32 2}
!6 = !{i32 7, !"PIE Level", i32 2}
!7 = !{i32 7, !"uwtable", i32 1}
!8 = !{i32 7, !"frame-pointer", i32 1}
!9 = !{!"Ubuntu clang version 14.0.0-1ubuntu1.1"}
*** IR Dump After ForceFunctionAttrsPass on [module] ***
; ModuleID = 'combine.in.ll'
source_filename = "combine.c"
target datalayout = "e-m:e-i8:8:32-i16:16:32-i64:64-i128:128-n32:64-S128"
target triple = "aarch64-unknown-linux-gnu"

; Function Attrs: nounwind uwtable
define dso_local i32 @combine(i32 noundef %0, i32 noundef %1) #0 {
  %3 = alloca i32, align 4
  %4 = alloca i32, align 4
  %5 = alloca i32, align 4
  store i32 %0, i32* %4, align 4
  store i32 %1, i32* %5, align 4
  %6 = load i32, i32* %4, align 4
  %7 = icmp sle i32 %6, 0
  br i1 %7, label %8, label %10

8:                                                ; preds = %2
  %9 = load i32, i32* %5, align 4
  store i32 %9, i32* %3, align 4
  br label %18

10:                                               ; preds = %2
  %11 = load i32, i32* %4, align 4
  %12 = sub nsw i32 %11, 1
  %13 = load i32, i32* %5, align 4
  %14 = mul nsw i32 %13, 31
  %15 = load i32, i32* %4, align 4
  %16 = add nsw i32 %14, %15
  %17 = call i32 @combine(i32 noundef %12, i32 noundef %16)
  store i32 %17, i32* %3, align 4
  br label %18

18:                                               ; preds = %10, %8
  %19 = load i32, i32* %3, align 4
  ret i32 %19
}

attributes #0 = { nounwind uwtable "frame-pointer"="non-leaf" "min-legal-vector-width"="0" "no-trapping-math"="true" "stack-protector-buffer-size"="8" "target-cpu"="generic" "target-features"="+neon,+outline-atomics,+v8a" }

!llvm.module.flags = !{!0, !1, !2, !3, !4, !5, !6, !7, !8}
!llvm.ident = !{!9}

!0 = !{i32 1, !"wchar_size", i32 4}
!1 = !{i32 1, !"branch-target-enforcement", i32 0}
!2 = !{i32 1, !"sign-return-address", i32 0}
!3 = !{i32 1, !"sign-return-address-all", i32 0}
!4 = !{i32 1, !"sign-return-address-with-bkey", i32 0}
!5 = !{i32 7, !"PIC Level", i32 2}
!6 = !{i32 7, !"PIE Level", i32 2}
!7 = !{i32 7, !"uwtable", i32 1}
!8 = !{i32 7, !"frame-pointer", i32 1}
!9 = !{!"Ubuntu clang version 14.0.0-1ubuntu1.1"}
*** IR Dump Before InferFunctionAttrsPass on [module] ***
; ModuleID = 'combine.in.ll'
source_filename = "combine.c"
target datalayout = "e-m:e-i8:8:32-i16:16:32-i64:64-i128:128-n32:64-S128"
target triple = "aarch64-unknown-linux-gnu"

; Function Attrs: nounwind uwtable
define dso_local i32 @combine(i32 noundef %0, i32 noundef %1) #0 {
  %3 = alloca i32, align 4
  %4 = alloca i32, align 4
  %5 = alloca i32, align 4
  store i32 %0, i32* %4, align 4
  store i32 %1, i32* %5, align 4
  %6 = load i32, i32* %4, align 4
  %7 = icmp sle i32 %6, 0
  br i1 %7, label %8, label %10

8:                                                ; preds = %2
  %9 = load i32, i32* %5, align 4
  store i32 %9, i32* %3, align 4
  br label %18

10:                                               ; preds = %2
  %11 = load i32, i32* %4, align 4
  %12 = sub nsw i32 %11, 1
  %13 = load i32, i32* %5, align 4
  %14 = mul nsw i32 %13, 31
  %15 = load i32, i32* %4, align 4
  %16 = add nsw i32 %14, %15
  %17 = call i32 @combine(i32 noundef %12, i32 noundef %16)
  store i32 %17, i32* %3, align 4
  br label %18

18:                                               ; preds = %10, %8
  %19 = load i32, i32* %3, align 4
  ret i32 %19
}

attributes #0 = { nounwind uwtable "frame-pointer"="non-leaf" "min-legal-vector-width"="0" "no-trapping-math"="true" "stack-protector-buffer-size"="8" "target-cpu"="generic" "target-features"="+neon,+outline-atomics,+v8a" }

!llvm.module.flags = !{!0, !1, !2, !3, !4, !5, !6, !7, !8}
!llvm.ident = !{!9}

!0 = !{i32 1, !"wchar_size", i32 4}
!1 = !{i32 1, !"branch-target-enforcement", i32 0}
!2 = !{i32 1, !"sign-return-address", i32 0}
!3 = !{i32 1, !"sign-return-address-all", i32 0}
!4 = !{i32 1, !"sign-return-address-with-bkey", i32 0}
!5 = !{i32 7, !"PIC Level", i32 2}
!6 = !{i32 7, !"PIE Level", i32 2}
!7 = !{i32 7, !"uwtable", i32 1}
!8 = !{i32 7, !"frame-pointer", i32 1}
!9 = !{!"Ubuntu clang version 14.0.0-1ubuntu1.1"}
*** IR Dump After InferFunctionAttrsPass on [module] ***
; ModuleID = 'combine.in.ll'
source_filename = "combine.c"
target datalayout = "e-m:e-i8:8:32-i16:16:32-i64:64-i128:128-n32:64-S128"
target triple = "aarch64-unknown-linux-gnu"

; Function Attrs: nounwind uwtable
define dso_local i32 @combine(i32 noundef %0, i32 noundef %1) #0 {
  %3 = alloca i32, align 4
  %4 = alloca i32, align 4
  %5 = alloca i32, align 4
  store i32 %0, i32* %4, align 4
  store i32 %1, i32* %5, align 4
  %6 = load i32, i32* %4, align 4
  %7 = icmp sle i32 %6, 0
  br i1 %7, label %8, label %10

8:                                                ; preds = %2
  %9 = load i32, i32* %5, align 4
  store i32 %9, i32* %3, align 4
  br label %18

10:                                               ; preds = %2
  %11 = load i32, i32* %4, align 4
  %12 = sub nsw i32 %11, 1
  %13 = load i32, i32* %5, align 4
  %14 = mul nsw i32 %13, 31
  %15 = load i32, i32* %4, align 4
  %16 = add nsw i32 %14, %15
  %17 = call i32 @combine(i32 noundef %12, i32 noundef %16)
  store i32 %17, i32* %3, align 4
  br label %18

18:                                               ; preds = %10, %8
  %19 = load i32, i32* %3, align 4
  ret i32 %19
}

attributes #0 = { nounwind uwtable "frame-pointer"="non-leaf" "min-legal-vector-width"="0" "no-trapping-math"="true" "stack-protector-buffer-size"="8" "target-cpu"="generic" "target-features"="+neon,+outline-atomics,+v8a" }

!llvm.module.flags = !{!0, !1, !2, !3, !4, !5, !6, !7, !8}
!llvm.ident = !{!9}

!0 = !{i32 1, !"wchar_size", i32 4}
!1 = !{i32 1, !"branch-target-enforcement", i32 0}
!2 = !{i32 1, !"sign-return-address", i32 0}
!3 = !{i32 1, !"sign-return-address-all", i32 0}
!4 = !{i32 1, !"sign-return-address-with-bkey", i32 0}
!5 = !{i32 7, !"PIC Level", i32 2}
!6 = !{i32 7, !"PIE Level", i32 2}
!7 = !{i32 7, !"uwtable", i32 1}
!8 = !{i32 7, !"frame-pointer", i32 1}
!9 = !{!"Ubuntu clang version 14.0.0-1ubuntu1.1"}
*** IR Dump Before LowerExpectIntrinsicPass on combine ***
; Function Attrs: nounwind uwtable
define dso_local i32 @combine(i32 noundef %0, i32 noundef %1) #0 {
  %3 = alloca i32, align 4
  %4 = alloca i32, align 4
  %5 = alloca i32, align 4
  store i32 %0, i32* %4, align 4
  store i32 %1, i32* %5, align 4
  %6 = load i32, i32* %4, align 4
  %7 = icmp sle i32 %6, 0
  br i1 %7, label %8, label %10

8:                                                ; preds = %2
  %9 = load i32, i32* %5, align 4
  store i32 %9, i32* %3, align 4
  br label %18

10:                                               ; preds = %2
  %11 = load i32, i32* %4, align 4
  %12 = sub nsw i32 %11, 1
  %13 = load i32, i32* %5, align 4
  %14 = mul nsw i32 %13, 31
  %15 = load i32, i32* %4, align 4
  %16 = add nsw i32 %14, %15
  %17 = call i32 @combine(i32 noundef %12, i32 noundef %16)
  store i32 %17, i32* %3, align 4
  br label %18

18:                                               ; preds = %10, %8
  %19 = load i32, i32* %3, align 4
  ret i32 %19
}
*** IR Dump After LowerExpectIntrinsicPass on combine ***
; Function Attrs: nounwind uwtable
define dso_local i32 @combine(i32 noundef %0, i32 noundef %1) #0 {
  %3 = alloca i32, align 4
  %4 = alloca i32, align 4
  %5 = alloca i32, align 4
  store i32 %0, i32* %4, align 4
  store i32 %1, i32* %5, align 4
  %6 = load i32, i32* %4, align 4
  %7 = icmp sle i32 %6, 0
  br i1 %7, label %8, label %10

8:                                                ; preds = %2
  %9 = load i32, i32* %5, align 4
  store i32 %9, i32* %3, align 4
  br label %18

10:                                               ; preds = %2
  %11 = load i32, i32* %4, align 4
  %12 = sub nsw i32 %11, 1
  %13 = load i32, i32* %5, align 4
  %14 = mul nsw i32 %13, 31
  %15 = load i32, i32* %4, align 4
  %16 = add nsw i32 %14, %15
  %17 = call i32 @combine(i32 noundef %12, i32 noundef %16)
  store i32 %17, i32* %3, align 4
  br label %18

18:                                               ; preds = %10, %8
  %19 = load i32, i32* %3, align 4
  ret i32 %19
}
*** IR Dump Before SimplifyCFGPass on combine ***
; Function Attrs: nounwind uwtable
define dso_local i32 @combine(i32 noundef %0, i32 noundef %1) #0 {
  %3 = alloca i32, align 4
  %4 = alloca i32, align 4
  %5 = alloca i32, align 4
  store i32 %0, i32* %4, align 4
  store i32 %1, i32* %5, align 4
  %6 = load i32, i32* %4, align 4
  %7 = icmp sle i32 %6, 0
  br i1 %7, label %8, label %10

8:                                                ; preds = %2
  %9 = load i32, i32* %5, align 4
  store i32 %9, i32* %3, align 4
  br label %18

10:                                               ; preds = %2
  %11 = load i32, i32* %4, align 4
  %12 = sub nsw i32 %11, 1
  %13 = load i32, i32* %5, align 4
  %14 = mul nsw i32 %13, 31
  %15 = load i32, i32* %4, align 4
  %16 = add nsw i32 %14, %15
  %17 = call i32 @combine(i32 noundef %12, i32 noundef %16)
  store i32 %17, i32* %3, align 4
  br label %18

18:                                               ; preds = %10, %8
  %19 = load i32, i32* %3, align 4
  ret i32 %19
}
*** IR Dump After SimplifyCFGPass on combine ***
; Function Attrs: nounwind uwtable
define dso_local i32 @combine(i32 noundef %0, i32 noundef %1) #0 {
  %3 = alloca i32, align 4
  %4 = alloca i32, align 4
  %5 = alloca i32, align 4
  store i32 %0, i32* %4, align 4
  store i32 %1, i32* %5, align 4
  %6 = load i32, i32* %4, align 4
  %7 = icmp sle i32 %6, 0
  br i1 %7, label %8, label %10

8:                                                ; preds = %2
  %9 = load i32, i32* %5, align 4
  store i32 %9, i32* %3, align 4
  br label %18

10:                                               ; preds = %2
  %11 = load i32, i32* %4, align 4
  %12 = sub nsw i32 %11, 1
  %13 = load i32, i32* %5, align 4
  %14 = mul nsw i32 %13, 31
  %15 = load i32, i32* %4, align 4
  %16 = add nsw i32 %14, %15
  %17 = call i32 @combine(i32 noundef %12, i32 noundef %16)
  store i32 %17, i32* %3, align 4
  br label %18

18:                                               ; preds = %10, %8
  %19 = load i32, i32* %3, align 4
  ret i32 %19
}
*** IR Dump Before SROAPass on combine ***
; Function Attrs: nounwind uwtable
define dso_local i32 @combine(i32 noundef %0, i32 noundef %1) #0 {
  %3 = alloca i32, align 4
  %4 = alloca i32, align 4
  %5 = alloca i32, align 4
  store i32 %0, i32* %4, align 4
  store i32 %1, i32* %5, align 4
  %6 = load i32, i32* %4, align 4
  %7 = icmp sle i32 %6, 0
  br i1 %7, label %8, label %10

8:                                                ; preds = %2
  %9 = load i32, i32* %5, align 4
  store i32 %9, i32* %3, align 4
  br label %18

10:                                               ; preds = %2
  %11 = load i32, i32* %4, align 4
  %12 = sub nsw i32 %11, 1
  %13 = load i32, i32* %5, align 4
  %14 = mul nsw i32 %13, 31
  %15 = load i32, i32* %4, align 4
  %16 = add nsw i32 %14, %15
  %17 = call i32 @combine(i32 noundef %12, i32 noundef %16)
  store i32 %17, i32* %3, align 4
  br label %18

18:                                               ; preds = %10, %8
  %19 = load i32, i32* %3, align 4
  ret i32 %19
}
*** IR Dump After SROAPass on combine ***
; Function Attrs: nounwind uwtable
define dso_local i32 @combine(i32 noundef %0, i32 noundef %1) #0 {
  %3 = icmp sle i32 %0, 0
  br i1 %3, label %4, label %5

4:                                                ; preds = %2
  br label %10

5:                                                ; preds = %2
  %6 = sub nsw i32 %0, 1
  %7 = mul nsw i32 %1, 31
  %8 = add nsw i32 %7, %0
  %9 = call i32 @combine(i32 noundef %6, i32 noundef %8)
  br label %10

10:                                               ; preds = %5, %4
  %.0 = phi i32 [ %1, %4 ], [ %9, %5 ]
  ret i32 %.0
}
*** IR Dump Before EarlyCSEPass on combine ***
; Function Attrs: nounwind uwtable
define dso_local i32 @combine(i32 noundef %0, i32 noundef %1) #0 {
  %3 = icmp sle i32 %0, 0
  br i1 %3, label %4, label %5

4:                                                ; preds = %2
  br label %10

5:                                                ; preds = %2
  %6 = sub nsw i32 %0, 1
  %7 = mul nsw i32 %1, 31
  %8 = add nsw i32 %7, %0
  %9 = call i32 @combine(i32 noundef %6, i32 noundef %8)
  br label %10

10:                                               ; preds = %5, %4
  %.0 = phi i32 [ %1, %4 ], [ %9, %5 ]
  ret i32 %.0
}
*** IR Dump After EarlyCSEPass on combine ***
; Function Attrs: nounwind uwtable
define dso_local i32 @combine(i32 noundef %0, i32 noundef %1) #0 {
  %3 = icmp sle i32 %0, 0
  br i1 %3, label %4, label %5

4:                                                ; preds = %2
  br label %10

5:                                                ; preds = %2
  %6 = sub nsw i32 %0, 1
  %7 = mul nsw i32 %1, 31
  %8 = add nsw i32 %7, %0
  %9 = call i32 @combine(i32 noundef %6, i32 noundef %8)
  br label %10

10:                                               ; preds = %5, %4
  %.0 = phi i32 [ %1, %4 ], [ %9, %5 ]
  ret i32 %.0
}
*** IR Dump Before CoroEarlyPass on combine ***
; Function Attrs: nounwind uwtable
define dso_local i32 @combine(i32 noundef %0, i32 noundef %1) #0 {
  %3 = icmp sle i32 %0, 0
  br i1 %3, label %4, label %5

4:                                                ; preds = %2
  br label %10

5:                                                ; preds = %2
  %6 = sub nsw i32 %0, 1
  %7 = mul nsw i32 %1, 31
  %8 = add nsw i32 %7, %0
  %9 = call i32 @combine(i32 noundef %6, i32 noundef %8)
  br label %10

10:                                               ; preds = %5, %4
  %.0 = phi i32 [ %1, %4 ], [ %9, %5 ]
  ret i32 %.0
}
*** IR Dump After CoroEarlyPass on combine ***
; Function Attrs: nounwind uwtable
define dso_local i32 @combine(i32 noundef %0, i32 noundef %1) #0 {
  %3 = icmp sle i32 %0, 0
  br i1 %3, label %4, label %5

4:                                                ; preds = %2
  br label %10

5:                                                ; preds = %2
  %6 = sub nsw i32 %0, 1
  %7 = mul nsw i32 %1, 31
  %8 = add nsw i32 %7, %0
  %9 = call i32 @combine(i32 noundef %6, i32 noundef %8)
  br label %10

10:                                               ; preds = %5, %4
  %.0 = phi i32 [ %1, %4 ], [ %9, %5 ]
  ret i32 %.0
}
*** IR Dump Before OpenMPOptPass on [module] ***
; ModuleID = 'combine.in.ll'
source_filename = "combine.c"
target datalayout = "e-m:e-i8:8:32-i16:16:32-i64:64-i128:128-n32:64-S128"
target triple = "aarch64-unknown-linux-gnu"

; Function Attrs: nounwind uwtable
define dso_local i32 @combine(i32 noundef %0, i32 noundef %1) #0 {
  %3 = icmp sle i32 %0, 0
  br i1 %3, label %4, label %5

4:                                                ; preds = %2
  br label %10

5:                                                ; preds = %2
  %6 = sub nsw i32 %0, 1
  %7 = mul nsw i32 %1, 31
  %8 = add nsw i32 %7, %0
  %9 = call i32 @combine(i32 noundef %6, i32 noundef %8)
  br label %10

10:                                               ; preds = %5, %4
  %.0 = phi i32 [ %1, %4 ], [ %9, %5 ]
  ret i32 %.0
}

attributes #0 = { nounwind uwtable "frame-pointer"="non-leaf" "min-legal-vector-width"="0" "no-trapping-math"="true" "stack-protector-buffer-size"="8" "target-cpu"="generic" "target-features"="+neon,+outline-atomics,+v8a" }

!llvm.module.flags = !{!0, !1, !2, !3, !4, !5, !6, !7, !8}
!llvm.ident = !{!9}

!0 = !{i32 1, !"wchar_size", i32 4}
!1 = !{i32 1, !"branch-target-enforcement", i32 0}
!2 = !{i32 1, !"sign-return-address", i32 0}
!3 = !{i32 1, !"sign-return-address-all", i32 0}
!4 = !{i32 1, !"sign-return-address-with-bkey", i32 0}
!5 = !{i32 7, !"PIC Level", i32 2}
!6 = !{i32 7, !"PIE Level", i32 2}
!7 = !{i32 7, !"uwtable", i32 1}
!8 = !{i32 7, !"frame-pointer", i32 1}
!9 = !{!"Ubuntu clang version 14.0.0-1ubuntu1.1"}
*** IR Dump After OpenMPOptPass on [module] ***
; ModuleID = 'combine.in.ll'
source_filename = "combine.c"
target datalayout = "e-m:e-i8:8:32-i16:16:32-i64:64-i128:128-n32:64-S128"
target triple = "aarch64-unknown-linux-gnu"

; Function Attrs: nounwind uwtable
define dso_local i32 @combine(i32 noundef %0, i32 noundef %1) #0 {
  %3 = icmp sle i32 %0, 0
  br i1 %3, label %4, label %5

4:                                                ; preds = %2
  br label %10

5:                                                ; preds = %2
  %6 = sub nsw i32 %0, 1
  %7 = mul nsw i32 %1, 31
  %8 = add nsw i32 %7, %0
  %9 = call i32 @combine(i32 noundef %6, i32 noundef %8)
  br label %10

10:                                               ; preds = %5, %4
  %.0 = phi i32 [ %1, %4 ], [ %9, %5 ]
  ret i32 %.0
}

attributes #0 = { nounwind uwtable "frame-pointer"="non-leaf" "min-legal-vector-width"="0" "no-trapping-math"="true" "stack-protector-buffer-size"="8" "target-cpu"="generic" "target-features"="+neon,+outline-atomics,+v8a" }

!llvm.module.flags = !{!0, !1, !2, !3, !4, !5, !6, !7, !8}
!llvm.ident = !{!9}

!0 = !{i32 1, !"wchar_size", i32 4}
!1 = !{i32 1, !"branch-target-enforcement", i32 0}
!2 = !{i32 1, !"sign-return-address", i32 0}
!3 = !{i32 1, !"sign-return-address-all", i32 0}
!4 = !{i32 1, !"sign-return-address-with-bkey", i32 0}
!5 = !{i32 7, !"PIC Level", i32 2}
!6 = !{i32 7, !"PIE Level", i32 2}
!7 = !{i32 7, !"uwtable", i32 1}
!8 = !{i32 7, !"frame-pointer", i32 1}
!9 = !{!"Ubuntu clang version 14.0.0-1ubuntu1.1"}
*** IR Dump Before IPSCCPPass on [module] ***
; ModuleID = 'combine.in.ll'
source_filename = "combine.c"
target datalayout = "e-m:e-i8:8:32-i16:16:32-i64:64-i128:128-n32:64-S128"
target triple = "aarch64-unknown-linux-gnu"

; Function Attrs: nounwind uwtable
define dso_local i32 @combine(i32 noundef %0, i32 noundef %1) #0 {
  %3 = icmp sle i32 %0, 0
  br i1 %3, label %4, label %5

4:                                                ; preds = %2
  br label %10

5:                                                ; preds = %2
  %6 = sub nsw i32 %0, 1
  %7 = mul nsw i32 %1, 31
  %8 = add nsw i32 %7, %0
  %9 = call i32 @combine(i32 noundef %6, i32 noundef %8)
  br label %10

10:                                               ; preds = %5, %4
  %.0 = phi i32 [ %1, %4 ], [ %9, %5 ]
  ret i32 %.0
}

attributes #0 = { nounwind uwtable "frame-pointer"="non-leaf" "min-legal-vector-width"="0" "no-trapping-math"="true" "stack-protector-buffer-size"="8" "target-cpu"="generic" "target-features"="+neon,+outline-atomics,+v8a" }

!llvm.module.flags = !{!0, !1, !2, !3, !4, !5, !6, !7, !8}
!llvm.ident = !{!9}

!0 = !{i32 1, !"wchar_size", i32 4}
!1 = !{i32 1, !"branch-target-enforcement", i32 0}
!2 = !{i32 1, !"sign-return-address", i32 0}
!3 = !{i32 1, !"sign-return-address-all", i32 0}
!4 = !{i32 1, !"sign-return-address-with-bkey", i32 0}
!5 = !{i32 7, !"PIC Level", i32 2}
!6 = !{i32 7, !"PIE Level", i32 2}
!7 = !{i32 7, !"uwtable", i32 1}
!8 = !{i32 7, !"frame-pointer", i32 1}
!9 = !{!"Ubuntu clang version 14.0.0-1ubuntu1.1"}
*** IR Dump After IPSCCPPass on [module] ***
; ModuleID = 'combine.in.ll'
source_filename = "combine.c"
target datalayout = "e-m:e-i8:8:32-i16:16:32-i64:64-i128:128-n32:64-S128"
target triple = "aarch64-unknown-linux-gnu"

; Function Attrs: nounwind uwtable
define dso_local i32 @combine(i32 noundef %0, i32 noundef %1) #0 {
  %3 = icmp sle i32 %0, 0
  br i1 %3, label %4, label %5

4:                                                ; preds = %2
  br label %10

5:                                                ; preds = %2
  %6 = sub nsw i32 %0, 1
  %7 = mul nsw i32 %1, 31
  %8 = add nsw i32 %7, %0
  %9 = call i32 @combine(i32 noundef %6, i32 noundef %8)
  br label %10

10:                                               ; preds = %5, %4
  %.0 = phi i32 [ %1, %4 ], [ %9, %5 ]
  ret i32 %.0
}

attributes #0 = { nounwind uwtable "frame-pointer"="non-leaf" "min-legal-vector-width"="0" "no-trapping-math"="true" "stack-protector-buffer-size"="8" "target-cpu"="generic" "target-features"="+neon,+outline-atomics,+v8a" }

!llvm.module.flags = !{!0, !1, !2, !3, !4, !5, !6, !7, !8}
!llvm.ident = !{!9}

!0 = !{i32 1, !"wchar_size", i32 4}
!1 = !{i32 1, !"branch-target-enforcement", i32 0}
!2 = !{i32 1, !"sign-return-address", i32 0}
!3 = !{i32 1, !"sign-return-address-all", i32 0}
!4 = !{i32 1, !"sign-return-address-with-bkey", i32 0}
!5 = !{i32 7, !"PIC Level", i32 2}
!6 = !{i32 7, !"PIE Level", i32 2}
!7 = !{i32 7, !"uwtable", i32 1}
!8 = !{i32 7, !"frame-pointer", i32 1}
!9 = !{!"Ubuntu clang version 14.0.0-1ubuntu1.1"}
*** IR Dump Before CalledValuePropagationPass on [module] ***
; ModuleID = 'combine.in.ll'
source_filename = "combine.c"
target datalayout = "e-m:e-i8:8:32-i16:16:32-i64:64-i128:128-n32:64-S128"
target triple = "aarch64-unknown-linux-gnu"

; Function Attrs: nounwind uwtable
define dso_local i32 @combine(i32 noundef %0, i32 noundef %1) #0 {
  %3 = icmp sle i32 %0, 0
  br i1 %3, label %4, label %5

4:                                                ; preds = %2
  br label %10

5:                                                ; preds = %2
  %6 = sub nsw i32 %0, 1
  %7 = mul nsw i32 %1, 31
  %8 = add nsw i32 %7, %0
  %9 = call i32 @combine(i32 noundef %6, i32 noundef %8)
  br label %10

10:                                               ; preds = %5, %4
  %.0 = phi i32 [ %1, %4 ], [ %9, %5 ]
  ret i32 %.0
}

attributes #0 = { nounwind uwtable "frame-pointer"="non-leaf" "min-legal-vector-width"="0" "no-trapping-math"="true" "stack-protector-buffer-size"="8" "target-cpu"="generic" "target-features"="+neon,+outline-atomics,+v8a" }

!llvm.module.flags = !{!0, !1, !2, !3, !4, !5, !6, !7, !8}
!llvm.ident = !{!9}

!0 = !{i32 1, !"wchar_size", i32 4}
!1 = !{i32 1, !"branch-target-enforcement", i32 0}
!2 = !{i32 1, !"sign-return-address", i32 0}
!3 = !{i32 1, !"sign-return-address-all", i32 0}
!4 = !{i32 1, !"sign-return-address-with-bkey", i32 0}
!5 = !{i32 7, !"PIC Level", i32 2}
!6 = !{i32 7, !"PIE Level", i32 2}
!7 = !{i32 7, !"uwtable", i32 1}
!8 = !{i32 7, !"frame-pointer", i32 1}
!9 = !{!"Ubuntu clang version 14.0.0-1ubuntu1.1"}
*** IR Dump After CalledValuePropagationPass on [module] ***
; ModuleID = 'combine.in.ll'
source_filename = "combine.c"
target datalayout = "e-m:e-i8:8:32-i16:16:32-i64:64-i128:128-n32:64-S128"
target triple = "aarch64-unknown-linux-gnu"

; Function Attrs: nounwind uwtable
define dso_local i32 @combine(i32 noundef %0, i32 noundef %1) #0 {
  %3 = icmp sle i32 %0, 0
  br i1 %3, label %4, label %5

4:                                                ; preds = %2
  br label %10

5:                                                ; preds = %2
  %6 = sub nsw i32 %0, 1
  %7 = mul nsw i32 %1, 31
  %8 = add nsw i32 %7, %0
  %9 = call i32 @combine(i32 noundef %6, i32 noundef %8)
  br label %10

10:                                               ; preds = %5, %4
  %.0 = phi i32 [ %1, %4 ], [ %9, %5 ]
  ret i32 %.0
}

attributes #0 = { nounwind uwtable "frame-pointer"="non-leaf" "min-legal-vector-width"="0" "no-trapping-math"="true" "stack-protector-buffer-size"="8" "target-cpu"="generic" "target-features"="+neon,+outline-atomics,+v8a" }

!llvm.module.flags = !{!0, !1, !2, !3, !4, !5, !6, !7, !8}
!llvm.ident = !{!9}

!0 = !{i32 1, !"wchar_size", i32 4}
!1 = !{i32 1, !"branch-target-enforcement", i32 0}
!2 = !{i32 1, !"sign-return-address", i32 0}
!3 = !{i32 1, !"sign-return-address-all", i32 0}
!4 = !{i32 1, !"sign-return-address-with-bkey", i32 0}
!5 = !{i32 7, !"PIC Level", i32 2}
!6 = !{i32 7, !"PIE Level", i32 2}
!7 = !{i32 7, !"uwtable", i32 1}
!8 = !{i32 7, !"frame-pointer", i32 1}
!9 = !{!"Ubuntu clang version 14.0.0-1ubuntu1.1"}
*** IR Dump Before GlobalOptPass on [module] ***
; ModuleID = 'combine.in.ll'
source_filename = "combine.c"
target datalayout = "e-m:e-i8:8:32-i16:16:32-i64:64-i128:128-n32:64-S128"
target triple = "aarch64-unknown-linux-gnu"

; Function Attrs: nounwind uwtable
define dso_local i32 @combine(i32 noundef %0, i32 noundef %1) #0 {
  %3 = icmp sle i32 %0, 0
  br i1 %3, label %4, label %5

4:                                                ; preds = %2
  br label %10

5:                                                ; preds = %2
  %6 = sub nsw i32 %0, 1
  %7 = mul nsw i32 %1, 31
  %8 = add nsw i32 %7, %0
  %9 = call i32 @combine(i32 noundef %6, i32 noundef %8)
  br label %10

10:                                               ; preds = %5, %4
  %.0 = phi i32 [ %1, %4 ], [ %9, %5 ]
  ret i32 %.0
}

attributes #0 = { nounwind uwtable "frame-pointer"="non-leaf" "min-legal-vector-width"="0" "no-trapping-math"="true" "stack-protector-buffer-size"="8" "target-cpu"="generic" "target-features"="+neon,+outline-atomics,+v8a" }

!llvm.module.flags = !{!0, !1, !2, !3, !4, !5, !6, !7, !8}
!llvm.ident = !{!9}

!0 = !{i32 1, !"wchar_size", i32 4}
!1 = !{i32 1, !"branch-target-enforcement", i32 0}
!2 = !{i32 1, !"sign-return-address", i32 0}
!3 = !{i32 1, !"sign-return-address-all", i32 0}
!4 = !{i32 1, !"sign-return-address-with-bkey", i32 0}
!5 = !{i32 7, !"PIC Level", i32 2}
!6 = !{i32 7, !"PIE Level", i32 2}
!7 = !{i32 7, !"uwtable", i32 1}
!8 = !{i32 7, !"frame-pointer", i32 1}
!9 = !{!"Ubuntu clang version 14.0.0-1ubuntu1.1"}
*** IR Dump After GlobalOptPass on [module] ***
; ModuleID = 'combine.in.ll'
source_filename = "combine.c"
target datalayout = "e-m:e-i8:8:32-i16:16:32-i64:64-i128:128-n32:64-S128"
target triple = "aarch64-unknown-linux-gnu"

; Function Attrs: nounwind uwtable
define dso_local i32 @combine(i32 noundef %0, i32 noundef %1) local_unnamed_addr #0 {
  %3 = icmp sle i32 %0, 0
  br i1 %3, label %4, label %5

4:                                                ; preds = %2
  br label %10

5:                                                ; preds = %2
  %6 = sub nsw i32 %0, 1
  %7 = mul nsw i32 %1, 31
  %8 = add nsw i32 %7, %0
  %9 = call i32 @combine(i32 noundef %6, i32 noundef %8)
  br label %10

10:                                               ; preds = %5, %4
  %.0 = phi i32 [ %1, %4 ], [ %9, %5 ]
  ret i32 %.0
}

attributes #0 = { nounwind uwtable "frame-pointer"="non-leaf" "min-legal-vector-width"="0" "no-trapping-math"="true" "stack-protector-buffer-size"="8" "target-cpu"="generic" "target-features"="+neon,+outline-atomics,+v8a" }

!llvm.module.flags = !{!0, !1, !2, !3, !4, !5, !6, !7, !8}
!llvm.ident = !{!9}

!0 = !{i32 1, !"wchar_size", i32 4}
!1 = !{i32 1, !"branch-target-enforcement", i32 0}
!2 = !{i32 1, !"sign-return-address", i32 0}
!3 = !{i32 1, !"sign-return-address-all", i32 0}
!4 = !{i32 1, !"sign-return-address-with-bkey", i32 0}
!5 = !{i32 7, !"PIC Level", i32 2}
!6 = !{i32 7, !"PIE Level", i32 2}
!7 = !{i32 7, !"uwtable", i32 1}
!8 = !{i32 7, !"frame-pointer", i32 1}
!9 = !{!"Ubuntu clang version 14.0.0-1ubuntu1.1"}
*** IR Dump Before PromotePass on combine ***
; Function Attrs: nounwind uwtable
define dso_local i32 @combine(i32 noundef %0, i32 noundef %1) local_unnamed_addr #0 {
  %3 = icmp sle i32 %0, 0
  br i1 %3, label %4, label %5

4:                                                ; preds = %2
  br label %10

5:                                                ; preds = %2
  %6 = sub nsw i32 %0, 1
  %7 = mul nsw i32 %1, 31
  %8 = add nsw i32 %7, %0
  %9 = call i32 @combine(i32 noundef %6, i32 noundef %8)
  br label %10

10:                                               ; preds = %5, %4
  %.0 = phi i32 [ %1, %4 ], [ %9, %5 ]
  ret i32 %.0
}
*** IR Dump After PromotePass on combine ***
; Function Attrs: nounwind uwtable
define dso_local i32 @combine(i32 noundef %0, i32 noundef %1) local_unnamed_addr #0 {
  %3 = icmp sle i32 %0, 0
  br i1 %3, label %4, label %5

4:                                                ; preds = %2
  br label %10

5:                                                ; preds = %2
  %6 = sub nsw i32 %0, 1
  %7 = mul nsw i32 %1, 31
  %8 = add nsw i32 %7, %0
  %9 = call i32 @combine(i32 noundef %6, i32 noundef %8)
  br label %10

10:                                               ; preds = %5, %4
  %.0 = phi i32 [ %1, %4 ], [ %9, %5 ]
  ret i32 %.0
}
*** IR Dump Before DeadArgumentEliminationPass on [module] ***
; ModuleID = 'combine.in.ll'
source_filename = "combine.c"
target datalayout = "e-m:e-i8:8:32-i16:16:32-i64:64-i128:128-n32:64-S128"
target triple = "aarch64-unknown-linux-gnu"

; Function Attrs: nounwind uwtable
define dso_local i32 @combine(i32 noundef %0, i32 noundef %1) local_unnamed_addr #0 {
  %3 = icmp sle i32 %0, 0
  br i1 %3, label %4, label %5

4:                                                ; preds = %2
  br label %10

5:                                                ; preds = %2
  %6 = sub nsw i32 %0, 1
  %7 = mul nsw i32 %1, 31
  %8 = add nsw i32 %7, %0
  %9 = call i32 @combine(i32 noundef %6, i32 noundef %8)
  br label %10

10:                                               ; preds = %5, %4
  %.0 = phi i32 [ %1, %4 ], [ %9, %5 ]
  ret i32 %.0
}

attributes #0 = { nounwind uwtable "frame-pointer"="non-leaf" "min-legal-vector-width"="0" "no-trapping-math"="true" "stack-protector-buffer-size"="8" "target-cpu"="generic" "target-features"="+neon,+outline-atomics,+v8a" }

!llvm.module.flags = !{!0, !1, !2, !3, !4, !5, !6, !7, !8}
!llvm.ident = !{!9}

!0 = !{i32 1, !"wchar_size", i32 4}
!1 = !{i32 1, !"branch-target-enforcement", i32 0}
!2 = !{i32 1, !"sign-return-address", i32 0}
!3 = !{i32 1, !"sign-return-address-all", i32 0}
!4 = !{i32 1, !"sign-return-address-with-bkey", i32 0}
!5 = !{i32 7, !"PIC Level", i32 2}
!6 = !{i32 7, !"PIE Level", i32 2}
!7 = !{i32 7, !"uwtable", i32 1}
!8 = !{i32 7, !"frame-pointer", i32 1}
!9 = !{!"Ubuntu clang version 14.0.0-1ubuntu1.1"}
*** IR Dump After DeadArgumentEliminationPass on [module] ***
; ModuleID = 'combine.in.ll'
source_filename = "combine.c"
target datalayout = "e-m:e-i8:8:32-i16:16:32-i64:64-i128:128-n32:64-S128"
target triple = "aarch64-unknown-linux-gnu"

; Function Attrs: nounwind uwtable
define dso_local i32 @combine(i32 noundef %0, i32 noundef %1) local_unnamed_addr #0 {
  %3 = icmp sle i32 %0, 0
  br i1 %3, label %4, label %5

4:                                                ; preds = %2
  br label %10

5:                                                ; preds = %2
  %6 = sub nsw i32 %0, 1
  %7 = mul nsw i32 %1, 31
  %8 = add nsw i32 %7, %0
  %9 = call i32 @combine(i32 noundef %6, i32 noundef %8)
  br label %10

10:                                               ; preds = %5, %4
  %.0 = phi i32 [ %1, %4 ], [ %9, %5 ]
  ret i32 %.0
}

attributes #0 = { nounwind uwtable "frame-pointer"="non-leaf" "min-legal-vector-width"="0" "no-trapping-math"="true" "stack-protector-buffer-size"="8" "target-cpu"="generic" "target-features"="+neon,+outline-atomics,+v8a" }

!llvm.module.flags = !{!0, !1, !2, !3, !4, !5, !6, !7, !8}
!llvm.ident = !{!9}

!0 = !{i32 1, !"wchar_size", i32 4}
!1 = !{i32 1, !"branch-target-enforcement", i32 0}
!2 = !{i32 1, !"sign-return-address", i32 0}
!3 = !{i32 1, !"sign-return-address-all", i32 0}
!4 = !{i32 1, !"sign-return-address-with-bkey", i32 0}
!5 = !{i32 7, !"PIC Level", i32 2}
!6 = !{i32 7, !"PIE Level", i32 2}
!7 = !{i32 7, !"uwtable", i32 1}
!8 = !{i32 7, !"frame-pointer", i32 1}
!9 = !{!"Ubuntu clang version 14.0.0-1ubuntu1.1"}
*** IR Dump Before InstCombinePass on combine ***
; Function Attrs: nounwind uwtable
define dso_local i32 @combine(i32 noundef %0, i32 noundef %1) local_unnamed_addr #0 {
  %3 = icmp sle i32 %0, 0
  br i1 %3, label %4, label %5

4:                                                ; preds = %2
  br label %10

5:                                                ; preds = %2
  %6 = sub nsw i32 %0, 1
  %7 = mul nsw i32 %1, 31
  %8 = add nsw i32 %7, %0
  %9 = call i32 @combine(i32 noundef %6, i32 noundef %8)
  br label %10

10:                                               ; preds = %5, %4
  %.0 = phi i32 [ %1, %4 ], [ %9, %5 ]
  ret i32 %.0
}
*** IR Dump After InstCombinePass on combine ***
; Function Attrs: nounwind uwtable
define dso_local i32 @combine(i32 noundef %0, i32 noundef %1) local_unnamed_addr #0 {
  %3 = icmp slt i32 %0, 1
  br i1 %3, label %4, label %5

4:                                                ; preds = %2
  br label %10

5:                                                ; preds = %2
  %6 = add nsw i32 %0, -1
  %7 = mul nsw i32 %1, 31
  %8 = add nsw i32 %7, %0
  %9 = call i32 @combine(i32 noundef %6, i32 noundef %8)
  br label %10

10:                                               ; preds = %5, %4
  %.0 = phi i32 [ %1, %4 ], [ %9, %5 ]
  ret i32 %.0
}
*** IR Dump Before SimplifyCFGPass on combine ***
; Function Attrs: nounwind uwtable
define dso_local i32 @combine(i32 noundef %0, i32 noundef %1) local_unnamed_addr #0 {
  %3 = icmp slt i32 %0, 1
  br i1 %3, label %4, label %5

4:                                                ; preds = %2
  br label %10

5:                                                ; preds = %2
  %6 = add nsw i32 %0, -1
  %7 = mul nsw i32 %1, 31
  %8 = add nsw i32 %7, %0
  %9 = call i32 @combine(i32 noundef %6, i32 noundef %8)
  br label %10

10:                                               ; preds = %5, %4
  %.0 = phi i32 [ %1, %4 ], [ %9, %5 ]
  ret i32 %.0
}
*** IR Dump After SimplifyCFGPass on combine ***
; Function Attrs: nounwind uwtable
define dso_local i32 @combine(i32 noundef %0, i32 noundef %1) local_unnamed_addr #0 {
  %3 = icmp slt i32 %0, 1
  br i1 %3, label %9, label %4

4:                                                ; preds = %2
  %5 = add nsw i32 %0, -1
  %6 = mul nsw i32 %1, 31
  %7 = add nsw i32 %6, %0
  %8 = call i32 @combine(i32 noundef %5, i32 noundef %7)
  br label %9

9:                                                ; preds = %2, %4
  %.0 = phi i32 [ %8, %4 ], [ %1, %2 ]
  ret i32 %.0
}
*** IR Dump Before RequireAnalysisPass<llvm::GlobalsAA, llvm::Module> on [module] ***
; ModuleID = 'combine.in.ll'
source_filename = "combine.c"
target datalayout = "e-m:e-i8:8:32-i16:16:32-i64:64-i128:128-n32:64-S128"
target triple = "aarch64-unknown-linux-gnu"

; Function Attrs: nounwind uwtable
define dso_local i32 @combine(i32 noundef %0, i32 noundef %1) local_unnamed_addr #0 {
  %3 = icmp slt i32 %0, 1
  br i1 %3, label %9, label %4

4:                                                ; preds = %2
  %5 = add nsw i32 %0, -1
  %6 = mul nsw i32 %1, 31
  %7 = add nsw i32 %6, %0
  %8 = call i32 @combine(i32 noundef %5, i32 noundef %7)
  br label %9

9:                                                ; preds = %2, %4
  %.0 = phi i32 [ %8, %4 ], [ %1, %2 ]
  ret i32 %.0
}

attributes #0 = { nounwind uwtable "frame-pointer"="non-leaf" "min-legal-vector-width"="0" "no-trapping-math"="true" "stack-protector-buffer-size"="8" "target-cpu"="generic" "target-features"="+neon,+outline-atomics,+v8a" }

!llvm.module.flags = !{!0, !1, !2, !3, !4, !5, !6, !7, !8}
!llvm.ident = !{!9}

!0 = !{i32 1, !"wchar_size", i32 4}
!1 = !{i32 1, !"branch-target-enforcement", i32 0}
!2 = !{i32 1, !"sign-return-address", i32 0}
!3 = !{i32 1, !"sign-return-address-all", i32 0}
!4 = !{i32 1, !"sign-return-address-with-bkey", i32 0}
!5 = !{i32 7, !"PIC Level", i32 2}
!6 = !{i32 7, !"PIE Level", i32 2}
!7 = !{i32 7, !"uwtable", i32 1}
!8 = !{i32 7, !"frame-pointer", i32 1}
!9 = !{!"Ubuntu clang version 14.0.0-1ubuntu1.1"}
*** IR Dump After RequireAnalysisPass<llvm::GlobalsAA, llvm::Module> on [module] ***
; ModuleID = 'combine.in.ll'
source_filename = "combine.c"
target datalayout = "e-m:e-i8:8:32-i16:16:32-i64:64-i128:128-n32:64-S128"
target triple = "aarch64-unknown-linux-gnu"

; Function Attrs: nounwind uwtable
define dso_local i32 @combine(i32 noundef %0, i32 noundef %1) local_unnamed_addr #0 {
  %3 = icmp slt i32 %0, 1
  br i1 %3, label %9, label %4

4:                                                ; preds = %2
  %5 = add nsw i32 %0, -1
  %6 = mul nsw i32 %1, 31
  %7 = add nsw i32 %6, %0
  %8 = call i32 @combine(i32 noundef %5, i32 noundef %7)
  br label %9

9:                                                ; preds = %2, %4
  %.0 = phi i32 [ %8, %4 ], [ %1, %2 ]
  ret i32 %.0
}

attributes #0 = { nounwind uwtable "frame-pointer"="non-leaf" "min-legal-vector-width"="0" "no-trapping-math"="true" "stack-protector-buffer-size"="8" "target-cpu"="generic" "target-features"="+neon,+outline-atomics,+v8a" }

!llvm.module.flags = !{!0, !1, !2, !3, !4, !5, !6, !7, !8}
!llvm.ident = !{!9}

!0 = !{i32 1, !"wchar_size", i32 4}
!1 = !{i32 1, !"branch-target-enforcement", i32 0}
!2 = !{i32 1, !"sign-return-address", i32 0}
!3 = !{i32 1, !"sign-return-address-all", i32 0}
!4 = !{i32 1, !"sign-return-address-with-bkey", i32 0}
!5 = !{i32 7, !"PIC Level", i32 2}
!6 = !{i32 7, !"PIE Level", i32 2}
!7 = !{i32 7, !"uwtable", i32 1}
!8 = !{i32 7, !"frame-pointer", i32 1}
!9 = !{!"Ubuntu clang version 14.0.0-1ubuntu1.1"}
*** IR Dump Before InvalidateAnalysisPass<llvm::AAManager> on combine ***
; Function Attrs: nounwind uwtable
define dso_local i32 @combine(i32 noundef %0, i32 noundef %1) local_unnamed_addr #0 {
  %3 = icmp slt i32 %0, 1
  br i1 %3, label %9, label %4

4:                                                ; preds = %2
  %5 = add nsw i32 %0, -1
  %6 = mul nsw i32 %1, 31
  %7 = add nsw i32 %6, %0
  %8 = call i32 @combine(i32 noundef %5, i32 noundef %7)
  br label %9

9:                                                ; preds = %2, %4
  %.0 = phi i32 [ %8, %4 ], [ %1, %2 ]
  ret i32 %.0
}
*** IR Dump After InvalidateAnalysisPass<llvm::AAManager> on combine ***
; Function Attrs: nounwind uwtable
define dso_local i32 @combine(i32 noundef %0, i32 noundef %1) local_unnamed_addr #0 {
  %3 = icmp slt i32 %0, 1
  br i1 %3, label %9, label %4

4:                                                ; preds = %2
  %5 = add nsw i32 %0, -1
  %6 = mul nsw i32 %1, 31
  %7 = add nsw i32 %6, %0
  %8 = call i32 @combine(i32 noundef %5, i32 noundef %7)
  br label %9

9:                                                ; preds = %2, %4
  %.0 = phi i32 [ %8, %4 ], [ %1, %2 ]
  ret i32 %.0
}
*** IR Dump Before RequireAnalysisPass<llvm::ProfileSummaryAnalysis, llvm::Module> on [module] ***
; ModuleID = 'combine.in.ll'
source_filename = "combine.c"
target datalayout = "e-m:e-i8:8:32-i16:16:32-i64:64-i128:128-n32:64-S128"
target triple = "aarch64-unknown-linux-gnu"

; Function Attrs: nounwind uwtable
define dso_local i32 @combine(i32 noundef %0, i32 noundef %1) local_unnamed_addr #0 {
  %3 = icmp slt i32 %0, 1
  br i1 %3, label %9, label %4

4:                                                ; preds = %2
  %5 = add nsw i32 %0, -1
  %6 = mul nsw i32 %1, 31
  %7 = add nsw i32 %6, %0
  %8 = call i32 @combine(i32 noundef %5, i32 noundef %7)
  br label %9

9:                                                ; preds = %2, %4
  %.0 = phi i32 [ %8, %4 ], [ %1, %2 ]
  ret i32 %.0
}

attributes #0 = { nounwind uwtable "frame-pointer"="non-leaf" "min-legal-vector-width"="0" "no-trapping-math"="true" "stack-protector-buffer-size"="8" "target-cpu"="generic" "target-features"="+neon,+outline-atomics,+v8a" }

!llvm.module.flags = !{!0, !1, !2, !3, !4, !5, !6, !7, !8}
!llvm.ident = !{!9}

!0 = !{i32 1, !"wchar_size", i32 4}
!1 = !{i32 1, !"branch-target-enforcement", i32 0}
!2 = !{i32 1, !"sign-return-address", i32 0}
!3 = !{i32 1, !"sign-return-address-all", i32 0}
!4 = !{i32 1, !"sign-return-address-with-bkey", i32 0}
!5 = !{i32 7, !"PIC Level", i32 2}
!6 = !{i32 7, !"PIE Level", i32 2}
!7 = !{i32 7, !"uwtable", i32 1}
!8 = !{i32 7, !"frame-pointer", i32 1}
!9 = !{!"Ubuntu clang version 14.0.0-1ubuntu1.1"}
*** IR Dump After RequireAnalysisPass<llvm::ProfileSummaryAnalysis, llvm::Module> on [module] ***
; ModuleID = 'combine.in.ll'
source_filename = "combine.c"
target datalayout = "e-m:e-i8:8:32-i16:16:32-i64:64-i128:128-n32:64-S128"
target triple = "aarch64-unknown-linux-gnu"

; Function Attrs: nounwind uwtable
define dso_local i32 @combine(i32 noundef %0, i32 noundef %1) local_unnamed_addr #0 {
  %3 = icmp slt i32 %0, 1
  br i1 %3, label %9, label %4

4:                                                ; preds = %2
  %5 = add nsw i32 %0, -1
  %6 = mul nsw i32 %1, 31
  %7 = add nsw i32 %6, %0
  %8 = call i32 @combine(i32 noundef %5, i32 noundef %7)
  br label %9

9:                                                ; preds = %2, %4
  %.0 = phi i32 [ %8, %4 ], [ %1, %2 ]
  ret i32 %.0
}

attributes #0 = { nounwind uwtable "frame-pointer"="non-leaf" "min-legal-vector-width"="0" "no-trapping-math"="true" "stack-protector-buffer-size"="8" "target-cpu"="generic" "target-features"="+neon,+outline-atomics,+v8a" }

!llvm.module.flags = !{!0, !1, !2, !3, !4, !5, !6, !7, !8}
!llvm.ident = !{!9}

!0 = !{i32 1, !"wchar_size", i32 4}
!1 = !{i32 1, !"branch-target-enforcement", i32 0}
!2 = !{i32 1, !"sign-return-address", i32 0}
!3 = !{i32 1, !"sign-return-address-all", i32 0}
!4 = !{i32 1, !"sign-return-address-with-bkey", i32 0}
!5 = !{i32 7, !"PIC Level", i32 2}
!6 = !{i32 7, !"PIE Level", i32 2}
!7 = !{i32 7, !"uwtable", i32 1}
!8 = !{i32 7, !"frame-pointer", i32 1}
!9 = !{!"Ubuntu clang version 14.0.0-1ubuntu1.1"}
*** IR Dump Before InlinerPass on (combine) ***
; Function Attrs: nounwind uwtable
define dso_local i32 @combine(i32 noundef %0, i32 noundef %1) local_unnamed_addr #0 {
  %3 = icmp slt i32 %0, 1
  br i1 %3, label %9, label %4

4:                                                ; preds = %2
  %5 = add nsw i32 %0, -1
  %6 = mul nsw i32 %1, 31
  %7 = add nsw i32 %6, %0
  %8 = call i32 @combine(i32 noundef %5, i32 noundef %7)
  br label %9

9:                                                ; preds = %2, %4
  %.0 = phi i32 [ %8, %4 ], [ %1, %2 ]
  ret i32 %.0
}
*** IR Dump After InlinerPass on (combine) ***
; Function Attrs: nounwind uwtable
define dso_local i32 @combine(i32 noundef %0, i32 noundef %1) local_unnamed_addr #0 {
  %3 = icmp slt i32 %0, 1
  br i1 %3, label %9, label %4

4:                                                ; preds = %2
  %5 = add nsw i32 %0, -1
  %6 = mul nsw i32 %1, 31
  %7 = add nsw i32 %6, %0
  %8 = call i32 @combine(i32 noundef %5, i32 noundef %7)
  br label %9

9:                                                ; preds = %2, %4
  %.0 = phi i32 [ %8, %4 ], [ %1, %2 ]
  ret i32 %.0
}
*** IR Dump Before InlinerPass on (combine) ***
; Function Attrs: nounwind uwtable
define dso_local i32 @combine(i32 noundef %0, i32 noundef %1) local_unnamed_addr #0 {
  %3 = icmp slt i32 %0, 1
  br i1 %3, label %9, label %4

4:                                                ; preds = %2
  %5 = add nsw i32 %0, -1
  %6 = mul nsw i32 %1, 31
  %7 = add nsw i32 %6, %0
  %8 = call i32 @combine(i32 noundef %5, i32 noundef %7)
  br label %9

9:                                                ; preds = %2, %4
  %.0 = phi i32 [ %8, %4 ], [ %1, %2 ]
  ret i32 %.0
}
*** IR Dump After InlinerPass on (combine) ***
; Function Attrs: nounwind uwtable
define dso_local i32 @combine(i32 noundef %0, i32 noundef %1) local_unnamed_addr #0 {
  %3 = icmp slt i32 %0, 1
  br i1 %3, label %9, label %4

4:                                                ; preds = %2
  %5 = add nsw i32 %0, -1
  %6 = mul nsw i32 %1, 31
  %7 = add nsw i32 %6, %0
  %8 = call i32 @combine(i32 noundef %5, i32 noundef %7)
  br label %9

9:                                                ; preds = %2, %4
  %.0 = phi i32 [ %8, %4 ], [ %1, %2 ]
  ret i32 %.0
}
*** IR Dump Before PostOrderFunctionAttrsPass on (combine) ***
; Function Attrs: nounwind uwtable
define dso_local i32 @combine(i32 noundef %0, i32 noundef %1) local_unnamed_addr #0 {
  %3 = icmp slt i32 %0, 1
  br i1 %3, label %9, label %4

4:                                                ; preds = %2
  %5 = add nsw i32 %0, -1
  %6 = mul nsw i32 %1, 31
  %7 = add nsw i32 %6, %0
  %8 = call i32 @combine(i32 noundef %5, i32 noundef %7)
  br label %9

9:                                                ; preds = %2, %4
  %.0 = phi i32 [ %8, %4 ], [ %1, %2 ]
  ret i32 %.0
}
*** IR Dump After PostOrderFunctionAttrsPass on (combine) ***
; Function Attrs: nofree nosync nounwind readnone uwtable
define dso_local i32 @combine(i32 noundef %0, i32 noundef %1) local_unnamed_addr #0 {
  %3 = icmp slt i32 %0, 1
  br i1 %3, label %9, label %4

4:                                                ; preds = %2
  %5 = add nsw i32 %0, -1
  %6 = mul nsw i32 %1, 31
  %7 = add nsw i32 %6, %0
  %8 = call i32 @combine(i32 noundef %5, i32 noundef %7)
  br label %9

9:                                                ; preds = %2, %4
  %.0 = phi i32 [ %8, %4 ], [ %1, %2 ]
  ret i32 %.0
}
*** IR Dump Before OpenMPOptCGSCCPass on (combine) ***
; Function Attrs: nofree nosync nounwind readnone uwtable
define dso_local i32 @combine(i32 noundef %0, i32 noundef %1) local_unnamed_addr #0 {
  %3 = icmp slt i32 %0, 1
  br i1 %3, label %9, label %4

4:                                                ; preds = %2
  %5 = add nsw i32 %0, -1
  %6 = mul nsw i32 %1, 31
  %7 = add nsw i32 %6, %0
  %8 = call i32 @combine(i32 noundef %5, i32 noundef %7)
  br label %9

9:                                                ; preds = %2, %4
  %.0 = phi i32 [ %8, %4 ], [ %1, %2 ]
  ret i32 %.0
}
*** IR Dump After OpenMPOptCGSCCPass on (combine) ***
; Function Attrs: nofree nosync nounwind readnone uwtable
define dso_local i32 @combine(i32 noundef %0, i32 noundef %1) local_unnamed_addr #0 {
  %3 = icmp slt i32 %0, 1
  br i1 %3, label %9, label %4

4:                                                ; preds = %2
  %5 = add nsw i32 %0, -1
  %6 = mul nsw i32 %1, 31
  %7 = add nsw i32 %6, %0
  %8 = call i32 @combine(i32 noundef %5, i32 noundef %7)
  br label %9

9:                                                ; preds = %2, %4
  %.0 = phi i32 [ %8, %4 ], [ %1, %2 ]
  ret i32 %.0
}
*** IR Dump Before SROAPass on combine ***
; Function Attrs: nofree nosync nounwind readnone uwtable
define dso_local i32 @combine(i32 noundef %0, i32 noundef %1) local_unnamed_addr #0 {
  %3 = icmp slt i32 %0, 1
  br i1 %3, label %9, label %4

4:                                                ; preds = %2
  %5 = add nsw i32 %0, -1
  %6 = mul nsw i32 %1, 31
  %7 = add nsw i32 %6, %0
  %8 = call i32 @combine(i32 noundef %5, i32 noundef %7)
  br label %9

9:                                                ; preds = %2, %4
  %.0 = phi i32 [ %8, %4 ], [ %1, %2 ]
  ret i32 %.0
}
*** IR Dump After SROAPass on combine ***
; Function Attrs: nofree nosync nounwind readnone uwtable
define dso_local i32 @combine(i32 noundef %0, i32 noundef %1) local_unnamed_addr #0 {
  %3 = icmp slt i32 %0, 1
  br i1 %3, label %9, label %4

4:                                                ; preds = %2
  %5 = add nsw i32 %0, -1
  %6 = mul nsw i32 %1, 31
  %7 = add nsw i32 %6, %0
  %8 = call i32 @combine(i32 noundef %5, i32 noundef %7)
  br label %9

9:                                                ; preds = %2, %4
  %.0 = phi i32 [ %8, %4 ], [ %1, %2 ]
  ret i32 %.0
}
*** IR Dump Before EarlyCSEPass on combine ***
; Function Attrs: nofree nosync nounwind readnone uwtable
define dso_local i32 @combine(i32 noundef %0, i32 noundef %1) local_unnamed_addr #0 {
  %3 = icmp slt i32 %0, 1
  br i1 %3, label %9, label %4

4:                                                ; preds = %2
  %5 = add nsw i32 %0, -1
  %6 = mul nsw i32 %1, 31
  %7 = add nsw i32 %6, %0
  %8 = call i32 @combine(i32 noundef %5, i32 noundef %7)
  br label %9

9:                                                ; preds = %2, %4
  %.0 = phi i32 [ %8, %4 ], [ %1, %2 ]
  ret i32 %.0
}
*** IR Dump After EarlyCSEPass on combine ***
; Function Attrs: nofree nosync nounwind readnone uwtable
define dso_local i32 @combine(i32 noundef %0, i32 noundef %1) local_unnamed_addr #0 {
  %3 = icmp slt i32 %0, 1
  br i1 %3, label %9, label %4

4:                                                ; preds = %2
  %5 = add nsw i32 %0, -1
  %6 = mul nsw i32 %1, 31
  %7 = add nsw i32 %6, %0
  %8 = call i32 @combine(i32 noundef %5, i32 noundef %7)
  br label %9

9:                                                ; preds = %2, %4
  %.0 = phi i32 [ %8, %4 ], [ %1, %2 ]
  ret i32 %.0
}
*** IR Dump Before SpeculativeExecutionPass on combine ***
; Function Attrs: nofree nosync nounwind readnone uwtable
define dso_local i32 @combine(i32 noundef %0, i32 noundef %1) local_unnamed_addr #0 {
  %3 = icmp slt i32 %0, 1
  br i1 %3, label %9, label %4

4:                                                ; preds = %2
  %5 = add nsw i32 %0, -1
  %6 = mul nsw i32 %1, 31
  %7 = add nsw i32 %6, %0
  %8 = call i32 @combine(i32 noundef %5, i32 noundef %7)
  br label %9

9:                                                ; preds = %2, %4
  %.0 = phi i32 [ %8, %4 ], [ %1, %2 ]
  ret i32 %.0
}
*** IR Dump After SpeculativeExecutionPass on combine ***
; Function Attrs: nofree nosync nounwind readnone uwtable
define dso_local i32 @combine(i32 noundef %0, i32 noundef %1) local_unnamed_addr #0 {
  %3 = icmp slt i32 %0, 1
  br i1 %3, label %9, label %4

4:                                                ; preds = %2
  %5 = add nsw i32 %0, -1
  %6 = mul nsw i32 %1, 31
  %7 = add nsw i32 %6, %0
  %8 = call i32 @combine(i32 noundef %5, i32 noundef %7)
  br label %9

9:                                                ; preds = %2, %4
  %.0 = phi i32 [ %8, %4 ], [ %1, %2 ]
  ret i32 %.0
}
*** IR Dump Before JumpThreadingPass on combine ***
; Function Attrs: nofree nosync nounwind readnone uwtable
define dso_local i32 @combine(i32 noundef %0, i32 noundef %1) local_unnamed_addr #0 {
  %3 = icmp slt i32 %0, 1
  br i1 %3, label %9, label %4

4:                                                ; preds = %2
  %5 = add nsw i32 %0, -1
  %6 = mul nsw i32 %1, 31
  %7 = add nsw i32 %6, %0
  %8 = call i32 @combine(i32 noundef %5, i32 noundef %7)
  br label %9

9:                                                ; preds = %2, %4
  %.0 = phi i32 [ %8, %4 ], [ %1, %2 ]
  ret i32 %.0
}
*** IR Dump After JumpThreadingPass on combine ***
; Function Attrs: nofree nosync nounwind readnone uwtable
define dso_local i32 @combine(i32 noundef %0, i32 noundef %1) local_unnamed_addr #0 {
  %3 = icmp slt i32 %0, 1
  br i1 %3, label %9, label %4

4:                                                ; preds = %2
  %5 = add nsw i32 %0, -1
  %6 = mul nsw i32 %1, 31
  %7 = add nsw i32 %6, %0
  %8 = call i32 @combine(i32 noundef %5, i32 noundef %7)
  br label %9

9:                                                ; preds = %2, %4
  %.0 = phi i32 [ %8, %4 ], [ %1, %2 ]
  ret i32 %.0
}
*** IR Dump Before CorrelatedValuePropagationPass on combine ***
; Function Attrs: nofree nosync nounwind readnone uwtable
define dso_local i32 @combine(i32 noundef %0, i32 noundef %1) local_unnamed_addr #0 {
  %3 = icmp slt i32 %0, 1
  br i1 %3, label %9, label %4

4:                                                ; preds = %2
  %5 = add nsw i32 %0, -1
  %6 = mul nsw i32 %1, 31
  %7 = add nsw i32 %6, %0
  %8 = call i32 @combine(i32 noundef %5, i32 noundef %7)
  br label %9

9:                                                ; preds = %2, %4
  %.0 = phi i32 [ %8, %4 ], [ %1, %2 ]
  ret i32 %.0
}
*** IR Dump After CorrelatedValuePropagationPass on combine ***
; Function Attrs: nofree nosync nounwind readnone uwtable
define dso_local i32 @combine(i32 noundef %0, i32 noundef %1) local_unnamed_addr #0 {
  %3 = icmp slt i32 %0, 1
  br i1 %3, label %9, label %4

4:                                                ; preds = %2
  %5 = add nsw i32 %0, -1
  %6 = mul nsw i32 %1, 31
  %7 = add nsw i32 %6, %0
  %8 = call i32 @combine(i32 noundef %5, i32 noundef %7)
  br label %9

9:                                                ; preds = %2, %4
  %.0 = phi i32 [ %8, %4 ], [ %1, %2 ]
  ret i32 %.0
}
*** IR Dump Before SimplifyCFGPass on combine ***
; Function Attrs: nofree nosync nounwind readnone uwtable
define dso_local i32 @combine(i32 noundef %0, i32 noundef %1) local_unnamed_addr #0 {
  %3 = icmp slt i32 %0, 1
  br i1 %3, label %9, label %4

4:                                                ; preds = %2
  %5 = add nsw i32 %0, -1
  %6 = mul nsw i32 %1, 31
  %7 = add nsw i32 %6, %0
  %8 = call i32 @combine(i32 noundef %5, i32 noundef %7)
  br label %9

9:                                                ; preds = %2, %4
  %.0 = phi i32 [ %8, %4 ], [ %1, %2 ]
  ret i32 %.0
}
*** IR Dump After SimplifyCFGPass on combine ***
; Function Attrs: nofree nosync nounwind readnone uwtable
define dso_local i32 @combine(i32 noundef %0, i32 noundef %1) local_unnamed_addr #0 {
  %3 = icmp slt i32 %0, 1
  br i1 %3, label %9, label %4

4:                                                ; preds = %2
  %5 = add nsw i32 %0, -1
  %6 = mul nsw i32 %1, 31
  %7 = add nsw i32 %6, %0
  %8 = call i32 @combine(i32 noundef %5, i32 noundef %7)
  br label %9

9:                                                ; preds = %2, %4
  %.0 = phi i32 [ %8, %4 ], [ %1, %2 ]
  ret i32 %.0
}
*** IR Dump Before InstCombinePass on combine ***
; Function Attrs: nofree nosync nounwind readnone uwtable
define dso_local i32 @combine(i32 noundef %0, i32 noundef %1) local_unnamed_addr #0 {
  %3 = icmp slt i32 %0, 1
  br i1 %3, label %9, label %4

4:                                                ; preds = %2
  %5 = add nsw i32 %0, -1
  %6 = mul nsw i32 %1, 31
  %7 = add nsw i32 %6, %0
  %8 = call i32 @combine(i32 noundef %5, i32 noundef %7)
  br label %9

9:                                                ; preds = %2, %4
  %.0 = phi i32 [ %8, %4 ], [ %1, %2 ]
  ret i32 %.0
}
*** IR Dump After InstCombinePass on combine ***
; Function Attrs: nofree nosync nounwind readnone uwtable
define dso_local i32 @combine(i32 noundef %0, i32 noundef %1) local_unnamed_addr #0 {
  %3 = icmp slt i32 %0, 1
  br i1 %3, label %9, label %4

4:                                                ; preds = %2
  %5 = add nsw i32 %0, -1
  %6 = mul nsw i32 %1, 31
  %7 = add nsw i32 %6, %0
  %8 = call i32 @combine(i32 noundef %5, i32 noundef %7)
  br label %9

9:                                                ; preds = %2, %4
  %.0 = phi i32 [ %8, %4 ], [ %1, %2 ]
  ret i32 %.0
}
*** IR Dump Before LibCallsShrinkWrapPass on combine ***
; Function Attrs: nofree nosync nounwind readnone uwtable
define dso_local i32 @combine(i32 noundef %0, i32 noundef %1) local_unnamed_addr #0 {
  %3 = icmp slt i32 %0, 1
  br i1 %3, label %9, label %4

4:                                                ; preds = %2
  %5 = add nsw i32 %0, -1
  %6 = mul nsw i32 %1, 31
  %7 = add nsw i32 %6, %0
  %8 = call i32 @combine(i32 noundef %5, i32 noundef %7)
  br label %9

9:                                                ; preds = %2, %4
  %.0 = phi i32 [ %8, %4 ], [ %1, %2 ]
  ret i32 %.0
}
*** IR Dump After LibCallsShrinkWrapPass on combine ***
; Function Attrs: nofree nosync nounwind readnone uwtable
define dso_local i32 @combine(i32 noundef %0, i32 noundef %1) local_unnamed_addr #0 {
  %3 = icmp slt i32 %0, 1
  br i1 %3, label %9, label %4

4:                                                ; preds = %2
  %5 = add nsw i32 %0, -1
  %6 = mul nsw i32 %1, 31
  %7 = add nsw i32 %6, %0
  %8 = call i32 @combine(i32 noundef %5, i32 noundef %7)
  br label %9

9:                                                ; preds = %2, %4
  %.0 = phi i32 [ %8, %4 ], [ %1, %2 ]
  ret i32 %.0
}
*** IR Dump Before TailCallElimPass on combine ***
; Function Attrs: nofree nosync nounwind readnone uwtable
define dso_local i32 @combine(i32 noundef %0, i32 noundef %1) local_unnamed_addr #0 {
  %3 = icmp slt i32 %0, 1
  br i1 %3, label %9, label %4

4:                                                ; preds = %2
  %5 = add nsw i32 %0, -1
  %6 = mul nsw i32 %1, 31
  %7 = add nsw i32 %6, %0
  %8 = call i32 @combine(i32 noundef %5, i32 noundef %7)
  br label %9

9:                                                ; preds = %2, %4
  %.0 = phi i32 [ %8, %4 ], [ %1, %2 ]
  ret i32 %.0
}
*** IR Dump After TailCallElimPass on combine ***
; Function Attrs: nofree nosync nounwind readnone uwtable
define dso_local i32 @combine(i32 noundef %0, i32 noundef %1) local_unnamed_addr #0 {
  br label %tailrecurse

tailrecurse:                                      ; preds = %4, %2
  %.tr = phi i32 [ %0, %2 ], [ %5, %4 ]
  %.tr7 = phi i32 [ %1, %2 ], [ %7, %4 ]
  %3 = icmp slt i32 %.tr, 1
  br i1 %3, label %8, label %4

4:                                                ; preds = %tailrecurse
  %5 = add nsw i32 %.tr, -1
  %6 = mul nsw i32 %.tr7, 31
  %7 = add nsw i32 %6, %.tr
  br label %tailrecurse

8:                                                ; preds = %tailrecurse
  ret i32 %.tr7
}
*** IR Dump Before SimplifyCFGPass on combine ***
; Function Attrs: nofree nosync nounwind readnone uwtable
define dso_local i32 @combine(i32 noundef %0, i32 noundef %1) local_unnamed_addr #0 {
  br label %tailrecurse

tailrecurse:                                      ; preds = %4, %2
  %.tr = phi i32 [ %0, %2 ], [ %5, %4 ]
  %.tr7 = phi i32 [ %1, %2 ], [ %7, %4 ]
  %3 = icmp slt i32 %.tr, 1
  br i1 %3, label %8, label %4

4:                                                ; preds = %tailrecurse
  %5 = add nsw i32 %.tr, -1
  %6 = mul nsw i32 %.tr7, 31
  %7 = add nsw i32 %6, %.tr
  br label %tailrecurse

8:                                                ; preds = %tailrecurse
  ret i32 %.tr7
}
*** IR Dump After SimplifyCFGPass on combine ***
; Function Attrs: nofree nosync nounwind readnone uwtable
define dso_local i32 @combine(i32 noundef %0, i32 noundef %1) local_unnamed_addr #0 {
  br label %tailrecurse

tailrecurse:                                      ; preds = %4, %2
  %.tr = phi i32 [ %0, %2 ], [ %5, %4 ]
  %.tr7 = phi i32 [ %1, %2 ], [ %7, %4 ]
  %3 = icmp slt i32 %.tr, 1
  br i1 %3, label %8, label %4

4:                                                ; preds = %tailrecurse
  %5 = add nsw i32 %.tr, -1
  %6 = mul nsw i32 %.tr7, 31
  %7 = add nsw i32 %6, %.tr
  br label %tailrecurse

8:                                                ; preds = %tailrecurse
  ret i32 %.tr7
}
*** IR Dump Before ReassociatePass on combine ***
; Function Attrs: nofree nosync nounwind readnone uwtable
define dso_local i32 @combine(i32 noundef %0, i32 noundef %1) local_unnamed_addr #0 {
  br label %tailrecurse

tailrecurse:                                      ; preds = %4, %2
  %.tr = phi i32 [ %0, %2 ], [ %5, %4 ]
  %.tr7 = phi i32 [ %1, %2 ], [ %7, %4 ]
  %3 = icmp slt i32 %.tr, 1
  br i1 %3, label %8, label %4

4:                                                ; preds = %tailrecurse
  %5 = add nsw i32 %.tr, -1
  %6 = mul nsw i32 %.tr7, 31
  %7 = add nsw i32 %6, %.tr
  br label %tailrecurse

8:                                                ; preds = %tailrecurse
  ret i32 %.tr7
}
*** IR Dump After ReassociatePass on combine ***
; Function Attrs: nofree nosync nounwind readnone uwtable
define dso_local i32 @combine(i32 noundef %0, i32 noundef %1) local_unnamed_addr #0 {
  br label %tailrecurse

tailrecurse:                                      ; preds = %4, %2
  %.tr = phi i32 [ %0, %2 ], [ %5, %4 ]
  %.tr7 = phi i32 [ %1, %2 ], [ %7, %4 ]
  %3 = icmp slt i32 %.tr, 1
  br i1 %3, label %8, label %4

4:                                                ; preds = %tailrecurse
  %5 = add nsw i32 %.tr, -1
  %6 = mul nsw i32 %.tr7, 31
  %7 = add nsw i32 %6, %.tr
  br label %tailrecurse

8:                                                ; preds = %tailrecurse
  ret i32 %.tr7
}
*** IR Dump Before RequireAnalysisPass<llvm::OptimizationRemarkEmitterAnalysis, llvm::Function> on combine ***
; Function Attrs: nofree nosync nounwind readnone uwtable
define dso_local i32 @combine(i32 noundef %0, i32 noundef %1) local_unnamed_addr #0 {
  br label %tailrecurse

tailrecurse:                                      ; preds = %4, %2
  %.tr = phi i32 [ %0, %2 ], [ %5, %4 ]
  %.tr7 = phi i32 [ %1, %2 ], [ %7, %4 ]
  %3 = icmp slt i32 %.tr, 1
  br i1 %3, label %8, label %4

4:                                                ; preds = %tailrecurse
  %5 = add nsw i32 %.tr, -1
  %6 = mul nsw i32 %.tr7, 31
  %7 = add nsw i32 %6, %.tr
  br label %tailrecurse

8:                                                ; preds = %tailrecurse
  ret i32 %.tr7
}
*** IR Dump After RequireAnalysisPass<llvm::OptimizationRemarkEmitterAnalysis, llvm::Function> on combine ***
; Function Attrs: nofree nosync nounwind readnone uwtable
define dso_local i32 @combine(i32 noundef %0, i32 noundef %1) local_unnamed_addr #0 {
  br label %tailrecurse

tailrecurse:                                      ; preds = %4, %2
  %.tr = phi i32 [ %0, %2 ], [ %5, %4 ]
  %.tr7 = phi i32 [ %1, %2 ], [ %7, %4 ]
  %3 = icmp slt i32 %.tr, 1
  br i1 %3, label %8, label %4

4:                                                ; preds = %tailrecurse
  %5 = add nsw i32 %.tr, -1
  %6 = mul nsw i32 %.tr7, 31
  %7 = add nsw i32 %6, %.tr
  br label %tailrecurse

8:                                                ; preds = %tailrecurse
  ret i32 %.tr7
}
*** IR Dump Before LoopSimplifyPass on combine ***
; Function Attrs: nofree nosync nounwind readnone uwtable
define dso_local i32 @combine(i32 noundef %0, i32 noundef %1) local_unnamed_addr #0 {
  br label %tailrecurse

tailrecurse:                                      ; preds = %4, %2
  %.tr = phi i32 [ %0, %2 ], [ %5, %4 ]
  %.tr7 = phi i32 [ %1, %2 ], [ %7, %4 ]
  %3 = icmp slt i32 %.tr, 1
  br i1 %3, label %8, label %4

4:                                                ; preds = %tailrecurse
  %5 = add nsw i32 %.tr, -1
  %6 = mul nsw i32 %.tr7, 31
  %7 = add nsw i32 %6, %.tr
  br label %tailrecurse

8:                                                ; preds = %tailrecurse
  ret i32 %.tr7
}
*** IR Dump After LoopSimplifyPass on combine ***
; Function Attrs: nofree nosync nounwind readnone uwtable
define dso_local i32 @combine(i32 noundef %0, i32 noundef %1) local_unnamed_addr #0 {
  br label %tailrecurse

tailrecurse:                                      ; preds = %4, %2
  %.tr = phi i32 [ %0, %2 ], [ %5, %4 ]
  %.tr7 = phi i32 [ %1, %2 ], [ %7, %4 ]
  %3 = icmp slt i32 %.tr, 1
  br i1 %3, label %8, label %4

4:                                                ; preds = %tailrecurse
  %5 = add nsw i32 %.tr, -1
  %6 = mul nsw i32 %.tr7, 31
  %7 = add nsw i32 %6, %.tr
  br label %tailrecurse

8:                                                ; preds = %tailrecurse
  ret i32 %.tr7
}
*** IR Dump Before LCSSAPass on combine ***
; Function Attrs: nofree nosync nounwind readnone uwtable
define dso_local i32 @combine(i32 noundef %0, i32 noundef %1) local_unnamed_addr #0 {
  br label %tailrecurse

tailrecurse:                                      ; preds = %4, %2
  %.tr = phi i32 [ %0, %2 ], [ %5, %4 ]
  %.tr7 = phi i32 [ %1, %2 ], [ %7, %4 ]
  %3 = icmp slt i32 %.tr, 1
  br i1 %3, label %8, label %4

4:                                                ; preds = %tailrecurse
  %5 = add nsw i32 %.tr, -1
  %6 = mul nsw i32 %.tr7, 31
  %7 = add nsw i32 %6, %.tr
  br label %tailrecurse

8:                                                ; preds = %tailrecurse
  ret i32 %.tr7
}
*** IR Dump After LCSSAPass on combine ***
; Function Attrs: nofree nosync nounwind readnone uwtable
define dso_local i32 @combine(i32 noundef %0, i32 noundef %1) local_unnamed_addr #0 {
  br label %tailrecurse

tailrecurse:                                      ; preds = %4, %2
  %.tr = phi i32 [ %0, %2 ], [ %5, %4 ]
  %.tr7 = phi i32 [ %1, %2 ], [ %7, %4 ]
  %3 = icmp slt i32 %.tr, 1
  br i1 %3, label %8, label %4

4:                                                ; preds = %tailrecurse
  %5 = add nsw i32 %.tr, -1
  %6 = mul nsw i32 %.tr7, 31
  %7 = add nsw i32 %6, %.tr
  br label %tailrecurse

8:                                                ; preds = %tailrecurse
  %.tr7.lcssa = phi i32 [ %.tr7, %tailrecurse ]
  ret i32 %.tr7.lcssa
}
*** IR Dump Before LoopInstSimplifyPass on Loop at depth 1 containing: %tailrecurse<header><exiting>,%4<latch> ***

; Preheader:
  br label %tailrecurse

; Loop:
tailrecurse:                                      ; preds = %4, %2
  %.tr = phi i32 [ %0, %2 ], [ %5, %4 ]
  %.tr7 = phi i32 [ %1, %2 ], [ %7, %4 ]
  %3 = icmp slt i32 %.tr, 1
  br i1 %3, label %8, label %4

4:                                                ; preds = %tailrecurse
  %5 = add nsw i32 %.tr, -1
  %6 = mul nsw i32 %.tr7, 31
  %7 = add nsw i32 %6, %.tr
  br label %tailrecurse

; Exit blocks
8:                                                ; preds = %tailrecurse
  %.tr7.lcssa = phi i32 [ %.tr7, %tailrecurse ]
  ret i32 %.tr7.lcssa
*** IR Dump After LoopInstSimplifyPass on Loop at depth 1 containing: %tailrecurse<header><exiting>,%4<latch> ***

; Preheader:
  br label %tailrecurse

; Loop:
tailrecurse:                                      ; preds = %4, %2
  %.tr = phi i32 [ %0, %2 ], [ %5, %4 ]
  %.tr7 = phi i32 [ %1, %2 ], [ %7, %4 ]
  %3 = icmp slt i32 %.tr, 1
  br i1 %3, label %8, label %4

4:                                                ; preds = %tailrecurse
  %5 = add nsw i32 %.tr, -1
  %6 = mul nsw i32 %.tr7, 31
  %7 = add nsw i32 %6, %.tr
  br label %tailrecurse

; Exit blocks
8:                                                ; preds = %tailrecurse
  %.tr7.lcssa = phi i32 [ %.tr7, %tailrecurse ]
  ret i32 %.tr7.lcssa
*** IR Dump Before LoopSimplifyCFGPass on Loop at depth 1 containing: %tailrecurse<header><exiting>,%4<latch> ***

; Preheader:
  br label %tailrecurse

; Loop:
tailrecurse:                                      ; preds = %4, %2
  %.tr = phi i32 [ %0, %2 ], [ %5, %4 ]
  %.tr7 = phi i32 [ %1, %2 ], [ %7, %4 ]
  %3 = icmp slt i32 %.tr, 1
  br i1 %3, label %8, label %4

4:                                                ; preds = %tailrecurse
  %5 = add nsw i32 %.tr, -1
  %6 = mul nsw i32 %.tr7, 31
  %7 = add nsw i32 %6, %.tr
  br label %tailrecurse

; Exit blocks
8:                                                ; preds = %tailrecurse
  %.tr7.lcssa = phi i32 [ %.tr7, %tailrecurse ]
  ret i32 %.tr7.lcssa
*** IR Dump After LoopSimplifyCFGPass on Loop at depth 1 containing: %tailrecurse<header><exiting>,%4<latch> ***

; Preheader:
  br label %tailrecurse

; Loop:
tailrecurse:                                      ; preds = %4, %2
  %.tr = phi i32 [ %0, %2 ], [ %5, %4 ]
  %.tr7 = phi i32 [ %1, %2 ], [ %7, %4 ]
  %3 = icmp slt i32 %.tr, 1
  br i1 %3, label %8, label %4

4:                                                ; preds = %tailrecurse
  %5 = add nsw i32 %.tr, -1
  %6 = mul nsw i32 %.tr7, 31
  %7 = add nsw i32 %6, %.tr
  br label %tailrecurse

; Exit blocks
8:                                                ; preds = %tailrecurse
  %.tr7.lcssa = phi i32 [ %.tr7, %tailrecurse ]
  ret i32 %.tr7.lcssa
*** IR Dump Before LICMPass on Loop at depth 1 containing: %tailrecurse<header><exiting>,%4<latch> ***

; Preheader:
  br label %tailrecurse

; Loop:
tailrecurse:                                      ; preds = %4, %2
  %.tr = phi i32 [ %0, %2 ], [ %5, %4 ]
  %.tr7 = phi i32 [ %1, %2 ], [ %7, %4 ]
  %3 = icmp slt i32 %.tr, 1
  br i1 %3, label %8, label %4

4:                                                ; preds = %tailrecurse
  %5 = add nsw i32 %.tr, -1
  %6 = mul nsw i32 %.tr7, 31
  %7 = add nsw i32 %6, %.tr
  br label %tailrecurse

; Exit blocks
8:                                                ; preds = %tailrecurse
  %.tr7.lcssa = phi i32 [ %.tr7, %tailrecurse ]
  ret i32 %.tr7.lcssa
*** IR Dump After LICMPass on Loop at depth 1 containing: %tailrecurse<header><exiting>,%4<latch> ***

; Preheader:
  br label %tailrecurse

; Loop:
tailrecurse:                                      ; preds = %4, %2
  %.tr = phi i32 [ %0, %2 ], [ %5, %4 ]
  %.tr7 = phi i32 [ %1, %2 ], [ %7, %4 ]
  %3 = icmp slt i32 %.tr, 1
  br i1 %3, label %8, label %4

4:                                                ; preds = %tailrecurse
  %5 = add nsw i32 %.tr, -1
  %6 = mul nsw i32 %.tr7, 31
  %7 = add nsw i32 %6, %.tr
  br label %tailrecurse

; Exit blocks
8:                                                ; preds = %tailrecurse
  %.tr7.lcssa = phi i32 [ %.tr7, %tailrecurse ]
  ret i32 %.tr7.lcssa
*** IR Dump Before LoopRotatePass on Loop at depth 1 containing: %tailrecurse<header><exiting>,%4<latch> ***

; Preheader:
  br label %tailrecurse

; Loop:
tailrecurse:                                      ; preds = %4, %2
  %.tr = phi i32 [ %0, %2 ], [ %5, %4 ]
  %.tr7 = phi i32 [ %1, %2 ], [ %7, %4 ]
  %3 = icmp slt i32 %.tr, 1
  br i1 %3, label %8, label %4

4:                                                ; preds = %tailrecurse
  %5 = add nsw i32 %.tr, -1
  %6 = mul nsw i32 %.tr7, 31
  %7 = add nsw i32 %6, %.tr
  br label %tailrecurse

; Exit blocks
8:                                                ; preds = %tailrecurse
  %.tr7.lcssa = phi i32 [ %.tr7, %tailrecurse ]
  ret i32 %.tr7.lcssa
*** IR Dump After LoopRotatePass on Loop at depth 1 containing: %tailrecurse<header><exiting>,%4<latch> ***

; Preheader:
.lr.ph:                                           ; preds = %2
  br label %tailrecurse

; Loop:
tailrecurse:                                      ; preds = %.lr.ph, %tailrecurse
  %.tr79 = phi i32 [ %1, %.lr.ph ], [ %6, %tailrecurse ]
  %.tr8 = phi i32 [ %0, %.lr.ph ], [ %4, %tailrecurse ]
  %4 = add nsw i32 %.tr8, -1
  %5 = mul nsw i32 %.tr79, 31
  %6 = add nsw i32 %5, %.tr8
  %7 = icmp slt i32 %4, 1
  br i1 %7, label %tailrecurse._crit_edge, label %tailrecurse

; Exit blocks
tailrecurse._crit_edge:                           ; preds = %tailrecurse
  %split = phi i32 [ %6, %tailrecurse ]
  br label %8
*** IR Dump Before LICMPass on Loop at depth 1 containing: %tailrecurse<header><latch><exiting> ***

; Preheader:
.lr.ph:                                           ; preds = %2
  br label %tailrecurse

; Loop:
tailrecurse:                                      ; preds = %.lr.ph, %tailrecurse
  %.tr79 = phi i32 [ %1, %.lr.ph ], [ %6, %tailrecurse ]
  %.tr8 = phi i32 [ %0, %.lr.ph ], [ %4, %tailrecurse ]
  %4 = add nsw i32 %.tr8, -1
  %5 = mul nsw i32 %.tr79, 31
  %6 = add nsw i32 %5, %.tr8
  %7 = icmp slt i32 %4, 1
  br i1 %7, label %tailrecurse._crit_edge, label %tailrecurse

; Exit blocks
tailrecurse._crit_edge:                           ; preds = %tailrecurse
  %split = phi i32 [ %6, %tailrecurse ]
  br label %8
*** IR Dump After LICMPass on Loop at depth 1 containing: %tailrecurse<header><latch><exiting> ***

; Preheader:
.lr.ph:                                           ; preds = %2
  br label %tailrecurse

; Loop:
tailrecurse:                                      ; preds = %.lr.ph, %tailrecurse
  %.tr79 = phi i32 [ %1, %.lr.ph ], [ %6, %tailrecurse ]
  %.tr8 = phi i32 [ %0, %.lr.ph ], [ %4, %tailrecurse ]
  %4 = add nsw i32 %.tr8, -1
  %5 = mul nsw i32 %.tr79, 31
  %6 = add nsw i32 %5, %.tr8
  %7 = icmp slt i32 %4, 1
  br i1 %7, label %tailrecurse._crit_edge, label %tailrecurse

; Exit blocks
tailrecurse._crit_edge:                           ; preds = %tailrecurse
  %split = phi i32 [ %6, %tailrecurse ]
  br label %8
*** IR Dump Before SimpleLoopUnswitchPass on Loop at depth 1 containing: %tailrecurse<header><latch><exiting> ***

; Preheader:
.lr.ph:                                           ; preds = %2
  br label %tailrecurse

; Loop:
tailrecurse:                                      ; preds = %.lr.ph, %tailrecurse
  %.tr79 = phi i32 [ %1, %.lr.ph ], [ %6, %tailrecurse ]
  %.tr8 = phi i32 [ %0, %.lr.ph ], [ %4, %tailrecurse ]
  %4 = add nsw i32 %.tr8, -1
  %5 = mul nsw i32 %.tr79, 31
  %6 = add nsw i32 %5, %.tr8
  %7 = icmp slt i32 %4, 1
  br i1 %7, label %tailrecurse._crit_edge, label %tailrecurse

; Exit blocks
tailrecurse._crit_edge:                           ; preds = %tailrecurse
  %split = phi i32 [ %6, %tailrecurse ]
  br label %8
*** IR Dump After SimpleLoopUnswitchPass on Loop at depth 1 containing: %tailrecurse<header><latch><exiting> ***

; Preheader:
.lr.ph:                                           ; preds = %2
  br label %tailrecurse

; Loop:
tailrecurse:                                      ; preds = %.lr.ph, %tailrecurse
  %.tr79 = phi i32 [ %1, %.lr.ph ], [ %6, %tailrecurse ]
  %.tr8 = phi i32 [ %0, %.lr.ph ], [ %4, %tailrecurse ]
  %4 = add nsw i32 %.tr8, -1
  %5 = mul nsw i32 %.tr79, 31
  %6 = add nsw i32 %5, %.tr8
  %7 = icmp slt i32 %4, 1
  br i1 %7, label %tailrecurse._crit_edge, label %tailrecurse

; Exit blocks
tailrecurse._crit_edge:                           ; preds = %tailrecurse
  %split = phi i32 [ %6, %tailrecurse ]
  br label %8
*** IR Dump Before SimplifyCFGPass on combine ***
; Function Attrs: nofree nosync nounwind readnone uwtable
define dso_local i32 @combine(i32 noundef %0, i32 noundef %1) local_unnamed_addr #0 {
  %3 = icmp slt i32 %0, 1
  br i1 %3, label %8, label %.lr.ph

.lr.ph:                                           ; preds = %2
  br label %tailrecurse

tailrecurse:                                      ; preds = %.lr.ph, %tailrecurse
  %.tr79 = phi i32 [ %1, %.lr.ph ], [ %6, %tailrecurse ]
  %.tr8 = phi i32 [ %0, %.lr.ph ], [ %4, %tailrecurse ]
  %4 = add nsw i32 %.tr8, -1
  %5 = mul nsw i32 %.tr79, 31
  %6 = add nsw i32 %5, %.tr8
  %7 = icmp slt i32 %4, 1
  br i1 %7, label %tailrecurse._crit_edge, label %tailrecurse

tailrecurse._crit_edge:                           ; preds = %tailrecurse
  %split = phi i32 [ %6, %tailrecurse ]
  br label %8

8:                                                ; preds = %tailrecurse._crit_edge, %2
  %.tr7.lcssa = phi i32 [ %split, %tailrecurse._crit_edge ], [ %1, %2 ]
  ret i32 %.tr7.lcssa
}
*** IR Dump After SimplifyCFGPass on combine ***
; Function Attrs: nofree nosync nounwind readnone uwtable
define dso_local i32 @combine(i32 noundef %0, i32 noundef %1) local_unnamed_addr #0 {
  %3 = icmp slt i32 %0, 1
  br i1 %3, label %tailrecurse._crit_edge, label %tailrecurse

tailrecurse:                                      ; preds = %2, %tailrecurse
  %.tr79 = phi i32 [ %6, %tailrecurse ], [ %1, %2 ]
  %.tr8 = phi i32 [ %4, %tailrecurse ], [ %0, %2 ]
  %4 = add nsw i32 %.tr8, -1
  %5 = mul nsw i32 %.tr79, 31
  %6 = add nsw i32 %5, %.tr8
  %7 = icmp slt i32 %4, 1
  br i1 %7, label %tailrecurse._crit_edge, label %tailrecurse

tailrecurse._crit_edge:                           ; preds = %tailrecurse, %2
  %.tr7.lcssa = phi i32 [ %1, %2 ], [ %6, %tailrecurse ]
  ret i32 %.tr7.lcssa
}
*** IR Dump Before InstCombinePass on combine ***
; Function Attrs: nofree nosync nounwind readnone uwtable
define dso_local i32 @combine(i32 noundef %0, i32 noundef %1) local_unnamed_addr #0 {
  %3 = icmp slt i32 %0, 1
  br i1 %3, label %tailrecurse._crit_edge, label %tailrecurse

tailrecurse:                                      ; preds = %2, %tailrecurse
  %.tr79 = phi i32 [ %6, %tailrecurse ], [ %1, %2 ]
  %.tr8 = phi i32 [ %4, %tailrecurse ], [ %0, %2 ]
  %4 = add nsw i32 %.tr8, -1
  %5 = mul nsw i32 %.tr79, 31
  %6 = add nsw i32 %5, %.tr8
  %7 = icmp slt i32 %4, 1
  br i1 %7, label %tailrecurse._crit_edge, label %tailrecurse

tailrecurse._crit_edge:                           ; preds = %tailrecurse, %2
  %.tr7.lcssa = phi i32 [ %1, %2 ], [ %6, %tailrecurse ]
  ret i32 %.tr7.lcssa
}
*** IR Dump After InstCombinePass on combine ***
; Function Attrs: nofree nosync nounwind readnone uwtable
define dso_local i32 @combine(i32 noundef %0, i32 noundef %1) local_unnamed_addr #0 {
  %3 = icmp slt i32 %0, 1
  br i1 %3, label %tailrecurse._crit_edge, label %tailrecurse

tailrecurse:                                      ; preds = %2, %tailrecurse
  %.tr79 = phi i32 [ %6, %tailrecurse ], [ %1, %2 ]
  %.tr8 = phi i32 [ %4, %tailrecurse ], [ %0, %2 ]
  %4 = add nsw i32 %.tr8, -1
  %5 = mul nsw i32 %.tr79, 31
  %6 = add nsw i32 %5, %.tr8
  %7 = icmp slt i32 %.tr8, 2
  br i1 %7, label %tailrecurse._crit_edge, label %tailrecurse

tailrecurse._crit_edge:                           ; preds = %tailrecurse, %2
  %.tr7.lcssa = phi i32 [ %1, %2 ], [ %6, %tailrecurse ]
  ret i32 %.tr7.lcssa
}
*** IR Dump Before LoopSimplifyPass on combine ***
; Function Attrs: nofree nosync nounwind readnone uwtable
define dso_local i32 @combine(i32 noundef %0, i32 noundef %1) local_unnamed_addr #0 {
  %3 = icmp slt i32 %0, 1
  br i1 %3, label %tailrecurse._crit_edge, label %tailrecurse

tailrecurse:                                      ; preds = %2, %tailrecurse
  %.tr79 = phi i32 [ %6, %tailrecurse ], [ %1, %2 ]
  %.tr8 = phi i32 [ %4, %tailrecurse ], [ %0, %2 ]
  %4 = add nsw i32 %.tr8, -1
  %5 = mul nsw i32 %.tr79, 31
  %6 = add nsw i32 %5, %.tr8
  %7 = icmp slt i32 %.tr8, 2
  br i1 %7, label %tailrecurse._crit_edge, label %tailrecurse

tailrecurse._crit_edge:                           ; preds = %tailrecurse, %2
  %.tr7.lcssa = phi i32 [ %1, %2 ], [ %6, %tailrecurse ]
  ret i32 %.tr7.lcssa
}
*** IR Dump After LoopSimplifyPass on combine ***
; Function Attrs: nofree nosync nounwind readnone uwtable
define dso_local i32 @combine(i32 noundef %0, i32 noundef %1) local_unnamed_addr #0 {
  %3 = icmp slt i32 %0, 1
  br i1 %3, label %tailrecurse._crit_edge, label %tailrecurse.preheader

tailrecurse.preheader:                            ; preds = %2
  br label %tailrecurse

tailrecurse:                                      ; preds = %tailrecurse.preheader, %tailrecurse
  %.tr79 = phi i32 [ %6, %tailrecurse ], [ %1, %tailrecurse.preheader ]
  %.tr8 = phi i32 [ %4, %tailrecurse ], [ %0, %tailrecurse.preheader ]
  %4 = add nsw i32 %.tr8, -1
  %5 = mul nsw i32 %.tr79, 31
  %6 = add nsw i32 %5, %.tr8
  %7 = icmp slt i32 %.tr8, 2
  br i1 %7, label %tailrecurse._crit_edge.loopexit, label %tailrecurse

tailrecurse._crit_edge.loopexit:                  ; preds = %tailrecurse
  br label %tailrecurse._crit_edge

tailrecurse._crit_edge:                           ; preds = %tailrecurse._crit_edge.loopexit, %2
  %.tr7.lcssa = phi i32 [ %1, %2 ], [ %6, %tailrecurse._crit_edge.loopexit ]
  ret i32 %.tr7.lcssa
}
*** IR Dump Before LCSSAPass on combine ***
; Function Attrs: nofree nosync nounwind readnone uwtable
define dso_local i32 @combine(i32 noundef %0, i32 noundef %1) local_unnamed_addr #0 {
  %3 = icmp slt i32 %0, 1
  br i1 %3, label %tailrecurse._crit_edge, label %tailrecurse.preheader

tailrecurse.preheader:                            ; preds = %2
  br label %tailrecurse

tailrecurse:                                      ; preds = %tailrecurse.preheader, %tailrecurse
  %.tr79 = phi i32 [ %6, %tailrecurse ], [ %1, %tailrecurse.preheader ]
  %.tr8 = phi i32 [ %4, %tailrecurse ], [ %0, %tailrecurse.preheader ]
  %4 = add nsw i32 %.tr8, -1
  %5 = mul nsw i32 %.tr79, 31
  %6 = add nsw i32 %5, %.tr8
  %7 = icmp slt i32 %.tr8, 2
  br i1 %7, label %tailrecurse._crit_edge.loopexit, label %tailrecurse

tailrecurse._crit_edge.loopexit:                  ; preds = %tailrecurse
  br label %tailrecurse._crit_edge

tailrecurse._crit_edge:                           ; preds = %tailrecurse._crit_edge.loopexit, %2
  %.tr7.lcssa = phi i32 [ %1, %2 ], [ %6, %tailrecurse._crit_edge.loopexit ]
  ret i32 %.tr7.lcssa
}
*** IR Dump After LCSSAPass on combine ***
; Function Attrs: nofree nosync nounwind readnone uwtable
define dso_local i32 @combine(i32 noundef %0, i32 noundef %1) local_unnamed_addr #0 {
  %3 = icmp slt i32 %0, 1
  br i1 %3, label %tailrecurse._crit_edge, label %tailrecurse.preheader

tailrecurse.preheader:                            ; preds = %2
  br label %tailrecurse

tailrecurse:                                      ; preds = %tailrecurse.preheader, %tailrecurse
  %.tr79 = phi i32 [ %6, %tailrecurse ], [ %1, %tailrecurse.preheader ]
  %.tr8 = phi i32 [ %4, %tailrecurse ], [ %0, %tailrecurse.preheader ]
  %4 = add nsw i32 %.tr8, -1
  %5 = mul nsw i32 %.tr79, 31
  %6 = add nsw i32 %5, %.tr8
  %7 = icmp slt i32 %.tr8, 2
  br i1 %7, label %tailrecurse._crit_edge.loopexit, label %tailrecurse

tailrecurse._crit_edge.loopexit:                  ; preds = %tailrecurse
  %.lcssa = phi i32 [ %6, %tailrecurse ]
  br label %tailrecurse._crit_edge

tailrecurse._crit_edge:                           ; preds = %tailrecurse._crit_edge.loopexit, %2
  %.tr7.lcssa = phi i32 [ %1, %2 ], [ %.lcssa, %tailrecurse._crit_edge.loopexit ]
  ret i32 %.tr7.lcssa
}
*** IR Dump Before LoopIdiomRecognizePass on Loop at depth 1 containing: %tailrecurse<header><latch><exiting> ***

; Preheader:
tailrecurse.preheader:                            ; preds = %2
  br label %tailrecurse

; Loop:
tailrecurse:                                      ; preds = %tailrecurse.preheader, %tailrecurse
  %.tr79 = phi i32 [ %6, %tailrecurse ], [ %1, %tailrecurse.preheader ]
  %.tr8 = phi i32 [ %4, %tailrecurse ], [ %0, %tailrecurse.preheader ]
  %4 = add nsw i32 %.tr8, -1
  %5 = mul nsw i32 %.tr79, 31
  %6 = add nsw i32 %5, %.tr8
  %7 = icmp slt i32 %.tr8, 2
  br i1 %7, label %tailrecurse._crit_edge.loopexit, label %tailrecurse

; Exit blocks
tailrecurse._crit_edge.loopexit:                  ; preds = %tailrecurse
  %.lcssa = phi i32 [ %6, %tailrecurse ]
  br label %tailrecurse._crit_edge
*** IR Dump After LoopIdiomRecognizePass on Loop at depth 1 containing: %tailrecurse<header><latch><exiting> ***

; Preheader:
tailrecurse.preheader:                            ; preds = %2
  br label %tailrecurse

; Loop:
tailrecurse:                                      ; preds = %tailrecurse.preheader, %tailrecurse
  %.tr79 = phi i32 [ %6, %tailrecurse ], [ %1, %tailrecurse.preheader ]
  %.tr8 = phi i32 [ %4, %tailrecurse ], [ %0, %tailrecurse.preheader ]
  %4 = add nsw i32 %.tr8, -1
  %5 = mul nsw i32 %.tr79, 31
  %6 = add nsw i32 %5, %.tr8
  %7 = icmp slt i32 %.tr8, 2
  br i1 %7, label %tailrecurse._crit_edge.loopexit, label %tailrecurse

; Exit blocks
tailrecurse._crit_edge.loopexit:                  ; preds = %tailrecurse
  %.lcssa = phi i32 [ %6, %tailrecurse ]
  br label %tailrecurse._crit_edge
*** IR Dump Before IndVarSimplifyPass on Loop at depth 1 containing: %tailrecurse<header><latch><exiting> ***

; Preheader:
tailrecurse.preheader:                            ; preds = %2
  br label %tailrecurse

; Loop:
tailrecurse:                                      ; preds = %tailrecurse.preheader, %tailrecurse
  %.tr79 = phi i32 [ %6, %tailrecurse ], [ %1, %tailrecurse.preheader ]
  %.tr8 = phi i32 [ %4, %tailrecurse ], [ %0, %tailrecurse.preheader ]
  %4 = add nsw i32 %.tr8, -1
  %5 = mul nsw i32 %.tr79, 31
  %6 = add nsw i32 %5, %.tr8
  %7 = icmp slt i32 %.tr8, 2
  br i1 %7, label %tailrecurse._crit_edge.loopexit, label %tailrecurse

; Exit blocks
tailrecurse._crit_edge.loopexit:                  ; preds = %tailrecurse
  %.lcssa = phi i32 [ %6, %tailrecurse ]
  br label %tailrecurse._crit_edge
*** IR Dump After IndVarSimplifyPass on Loop at depth 1 containing: %tailrecurse<header><latch><exiting> ***

; Preheader:
tailrecurse.preheader:                            ; preds = %2
  br label %tailrecurse

; Loop:
tailrecurse:                                      ; preds = %tailrecurse.preheader, %tailrecurse
  %.tr79 = phi i32 [ %6, %tailrecurse ], [ %1, %tailrecurse.preheader ]
  %.tr8 = phi i32 [ %4, %tailrecurse ], [ %0, %tailrecurse.preheader ]
  %4 = add nsw i32 %.tr8, -1
  %5 = mul nsw i32 %.tr79, 31
  %6 = add nsw i32 %5, %.tr8
  %7 = icmp slt i32 %.tr8, 2
  br i1 %7, label %tailrecurse._crit_edge.loopexit, label %tailrecurse

; Exit blocks
tailrecurse._crit_edge.loopexit:                  ; preds = %tailrecurse
  %.lcssa = phi i32 [ %6, %tailrecurse ]
  br label %tailrecurse._crit_edge
*** IR Dump Before LoopDeletionPass on Loop at depth 1 containing: %tailrecurse<header><latch><exiting> ***

; Preheader:
tailrecurse.preheader:                            ; preds = %2
  br label %tailrecurse

; Loop:
tailrecurse:                                      ; preds = %tailrecurse.preheader, %tailrecurse
  %.tr79 = phi i32 [ %6, %tailrecurse ], [ %1, %tailrecurse.preheader ]
  %.tr8 = phi i32 [ %4, %tailrecurse ], [ %0, %tailrecurse.preheader ]
  %4 = add nsw i32 %.tr8, -1
  %5 = mul nsw i32 %.tr79, 31
  %6 = add nsw i32 %5, %.tr8
  %7 = icmp slt i32 %.tr8, 2
  br i1 %7, label %tailrecurse._crit_edge.loopexit, label %tailrecurse

; Exit blocks
tailrecurse._crit_edge.loopexit:                  ; preds = %tailrecurse
  %.lcssa = phi i32 [ %6, %tailrecurse ]
  br label %tailrecurse._crit_edge
*** IR Dump After LoopDeletionPass on Loop at depth 1 containing: %tailrecurse<header><latch><exiting> ***

; Preheader:
tailrecurse.preheader:                            ; preds = %2
  br label %tailrecurse

; Loop:
tailrecurse:                                      ; preds = %tailrecurse.preheader, %tailrecurse
  %.tr79 = phi i32 [ %6, %tailrecurse ], [ %1, %tailrecurse.preheader ]
  %.tr8 = phi i32 [ %4, %tailrecurse ], [ %0, %tailrecurse.preheader ]
  %4 = add nsw i32 %.tr8, -1
  %5 = mul nsw i32 %.tr79, 31
  %6 = add nsw i32 %5, %.tr8
  %7 = icmp slt i32 %.tr8, 2
  br i1 %7, label %tailrecurse._crit_edge.loopexit, label %tailrecurse

; Exit blocks
tailrecurse._crit_edge.loopexit:                  ; preds = %tailrecurse
  %.lcssa = phi i32 [ %6, %tailrecurse ]
  br label %tailrecurse._crit_edge
*** IR Dump Before LoopFullUnrollPass on Loop at depth 1 containing: %tailrecurse<header><latch><exiting> ***

; Preheader:
tailrecurse.preheader:                            ; preds = %2
  br label %tailrecurse

; Loop:
tailrecurse:                                      ; preds = %tailrecurse.preheader, %tailrecurse
  %.tr79 = phi i32 [ %6, %tailrecurse ], [ %1, %tailrecurse.preheader ]
  %.tr8 = phi i32 [ %4, %tailrecurse ], [ %0, %tailrecurse.preheader ]
  %4 = add nsw i32 %.tr8, -1
  %5 = mul nsw i32 %.tr79, 31
  %6 = add nsw i32 %5, %.tr8
  %7 = icmp slt i32 %.tr8, 2
  br i1 %7, label %tailrecurse._crit_edge.loopexit, label %tailrecurse

; Exit blocks
tailrecurse._crit_edge.loopexit:                  ; preds = %tailrecurse
  %.lcssa = phi i32 [ %6, %tailrecurse ]
  br label %tailrecurse._crit_edge
*** IR Dump After LoopFullUnrollPass on Loop at depth 1 containing: %tailrecurse<header><latch><exiting> ***

; Preheader:
tailrecurse.preheader:                            ; preds = %2
  br label %tailrecurse

; Loop:
tailrecurse:                                      ; preds = %tailrecurse.preheader, %tailrecurse
  %.tr79 = phi i32 [ %6, %tailrecurse ], [ %1, %tailrecurse.preheader ]
  %.tr8 = phi i32 [ %4, %tailrecurse ], [ %0, %tailrecurse.preheader ]
  %4 = add nsw i32 %.tr8, -1
  %5 = mul nsw i32 %.tr79, 31
  %6 = add nsw i32 %5, %.tr8
  %7 = icmp slt i32 %.tr8, 2
  br i1 %7, label %tailrecurse._crit_edge.loopexit, label %tailrecurse

; Exit blocks
tailrecurse._crit_edge.loopexit:                  ; preds = %tailrecurse
  %.lcssa = phi i32 [ %6, %tailrecurse ]
  br label %tailrecurse._crit_edge
*** IR Dump Before SROAPass on combine ***
; Function Attrs: nofree nosync nounwind readnone uwtable
define dso_local i32 @combine(i32 noundef %0, i32 noundef %1) local_unnamed_addr #0 {
  %3 = icmp slt i32 %0, 1
  br i1 %3, label %tailrecurse._crit_edge, label %tailrecurse.preheader

tailrecurse.preheader:                            ; preds = %2
  br label %tailrecurse

tailrecurse:                                      ; preds = %tailrecurse.preheader, %tailrecurse
  %.tr79 = phi i32 [ %6, %tailrecurse ], [ %1, %tailrecurse.preheader ]
  %.tr8 = phi i32 [ %4, %tailrecurse ], [ %0, %tailrecurse.preheader ]
  %4 = add nsw i32 %.tr8, -1
  %5 = mul nsw i32 %.tr79, 31
  %6 = add nsw i32 %5, %.tr8
  %7 = icmp slt i32 %.tr8, 2
  br i1 %7, label %tailrecurse._crit_edge.loopexit, label %tailrecurse

tailrecurse._crit_edge.loopexit:                  ; preds = %tailrecurse
  %.lcssa = phi i32 [ %6, %tailrecurse ]
  br label %tailrecurse._crit_edge

tailrecurse._crit_edge:                           ; preds = %tailrecurse._crit_edge.loopexit, %2
  %.tr7.lcssa = phi i32 [ %1, %2 ], [ %.lcssa, %tailrecurse._crit_edge.loopexit ]
  ret i32 %.tr7.lcssa
}
*** IR Dump After SROAPass on combine ***
; Function Attrs: nofree nosync nounwind readnone uwtable
define dso_local i32 @combine(i32 noundef %0, i32 noundef %1) local_unnamed_addr #0 {
  %3 = icmp slt i32 %0, 1
  br i1 %3, label %tailrecurse._crit_edge, label %tailrecurse.preheader

tailrecurse.preheader:                            ; preds = %2
  br label %tailrecurse

tailrecurse:                                      ; preds = %tailrecurse.preheader, %tailrecurse
  %.tr79 = phi i32 [ %6, %tailrecurse ], [ %1, %tailrecurse.preheader ]
  %.tr8 = phi i32 [ %4, %tailrecurse ], [ %0, %tailrecurse.preheader ]
  %4 = add nsw i32 %.tr8, -1
  %5 = mul nsw i32 %.tr79, 31
  %6 = add nsw i32 %5, %.tr8
  %7 = icmp slt i32 %.tr8, 2
  br i1 %7, label %tailrecurse._crit_edge.loopexit, label %tailrecurse

tailrecurse._crit_edge.loopexit:                  ; preds = %tailrecurse
  %.lcssa = phi i32 [ %6, %tailrecurse ]
  br label %tailrecurse._crit_edge

tailrecurse._crit_edge:                           ; preds = %tailrecurse._crit_edge.loopexit, %2
  %.tr7.lcssa = phi i32 [ %1, %2 ], [ %.lcssa, %tailrecurse._crit_edge.loopexit ]
  ret i32 %.tr7.lcssa
}
*** IR Dump Before MergedLoadStoreMotionPass on combine ***
; Function Attrs: nofree nosync nounwind readnone uwtable
define dso_local i32 @combine(i32 noundef %0, i32 noundef %1) local_unnamed_addr #0 {
  %3 = icmp slt i32 %0, 1
  br i1 %3, label %tailrecurse._crit_edge, label %tailrecurse.preheader

tailrecurse.preheader:                            ; preds = %2
  br label %tailrecurse

tailrecurse:                                      ; preds = %tailrecurse.preheader, %tailrecurse
  %.tr79 = phi i32 [ %6, %tailrecurse ], [ %1, %tailrecurse.preheader ]
  %.tr8 = phi i32 [ %4, %tailrecurse ], [ %0, %tailrecurse.preheader ]
  %4 = add nsw i32 %.tr8, -1
  %5 = mul nsw i32 %.tr79, 31
  %6 = add nsw i32 %5, %.tr8
  %7 = icmp slt i32 %.tr8, 2
  br i1 %7, label %tailrecurse._crit_edge.loopexit, label %tailrecurse

tailrecurse._crit_edge.loopexit:                  ; preds = %tailrecurse
  %.lcssa = phi i32 [ %6, %tailrecurse ]
  br label %tailrecurse._crit_edge

tailrecurse._crit_edge:                           ; preds = %tailrecurse._crit_edge.loopexit, %2
  %.tr7.lcssa = phi i32 [ %1, %2 ], [ %.lcssa, %tailrecurse._crit_edge.loopexit ]
  ret i32 %.tr7.lcssa
}
*** IR Dump After MergedLoadStoreMotionPass on combine ***
; Function Attrs: nofree nosync nounwind readnone uwtable
define dso_local i32 @combine(i32 noundef %0, i32 noundef %1) local_unnamed_addr #0 {
  %3 = icmp slt i32 %0, 1
  br i1 %3, label %tailrecurse._crit_edge, label %tailrecurse.preheader

tailrecurse.preheader:                            ; preds = %2
  br label %tailrecurse

tailrecurse:                                      ; preds = %tailrecurse.preheader, %tailrecurse
  %.tr79 = phi i32 [ %6, %tailrecurse ], [ %1, %tailrecurse.preheader ]
  %.tr8 = phi i32 [ %4, %tailrecurse ], [ %0, %tailrecurse.preheader ]
  %4 = add nsw i32 %.tr8, -1
  %5 = mul nsw i32 %.tr79, 31
  %6 = add nsw i32 %5, %.tr8
  %7 = icmp slt i32 %.tr8, 2
  br i1 %7, label %tailrecurse._crit_edge.loopexit, label %tailrecurse

tailrecurse._crit_edge.loopexit:                  ; preds = %tailrecurse
  %.lcssa = phi i32 [ %6, %tailrecurse ]
  br label %tailrecurse._crit_edge

tailrecurse._crit_edge:                           ; preds = %tailrecurse._crit_edge.loopexit, %2
  %.tr7.lcssa = phi i32 [ %1, %2 ], [ %.lcssa, %tailrecurse._crit_edge.loopexit ]
  ret i32 %.tr7.lcssa
}
*** IR Dump Before GVNPass on combine ***
; Function Attrs: nofree nosync nounwind readnone uwtable
define dso_local i32 @combine(i32 noundef %0, i32 noundef %1) local_unnamed_addr #0 {
  %3 = icmp slt i32 %0, 1
  br i1 %3, label %tailrecurse._crit_edge, label %tailrecurse.preheader

tailrecurse.preheader:                            ; preds = %2
  br label %tailrecurse

tailrecurse:                                      ; preds = %tailrecurse.preheader, %tailrecurse
  %.tr79 = phi i32 [ %6, %tailrecurse ], [ %1, %tailrecurse.preheader ]
  %.tr8 = phi i32 [ %4, %tailrecurse ], [ %0, %tailrecurse.preheader ]
  %4 = add nsw i32 %.tr8, -1
  %5 = mul nsw i32 %.tr79, 31
  %6 = add nsw i32 %5, %.tr8
  %7 = icmp slt i32 %.tr8, 2
  br i1 %7, label %tailrecurse._crit_edge.loopexit, label %tailrecurse

tailrecurse._crit_edge.loopexit:                  ; preds = %tailrecurse
  %.lcssa = phi i32 [ %6, %tailrecurse ]
  br label %tailrecurse._crit_edge

tailrecurse._crit_edge:                           ; preds = %tailrecurse._crit_edge.loopexit, %2
  %.tr7.lcssa = phi i32 [ %1, %2 ], [ %.lcssa, %tailrecurse._crit_edge.loopexit ]
  ret i32 %.tr7.lcssa
}
*** IR Dump After GVNPass on combine ***
; Function Attrs: nofree nosync nounwind readnone uwtable
define dso_local i32 @combine(i32 noundef %0, i32 noundef %1) local_unnamed_addr #0 {
  %3 = icmp slt i32 %0, 1
  br i1 %3, label %tailrecurse._crit_edge, label %tailrecurse.preheader

tailrecurse.preheader:                            ; preds = %2
  br label %tailrecurse

tailrecurse:                                      ; preds = %tailrecurse.preheader, %tailrecurse
  %.tr79 = phi i32 [ %6, %tailrecurse ], [ %1, %tailrecurse.preheader ]
  %.tr8 = phi i32 [ %4, %tailrecurse ], [ %0, %tailrecurse.preheader ]
  %4 = add nsw i32 %.tr8, -1
  %5 = mul nsw i32 %.tr79, 31
  %6 = add nsw i32 %5, %.tr8
  %7 = icmp slt i32 %.tr8, 2
  br i1 %7, label %tailrecurse._crit_edge.loopexit, label %tailrecurse

tailrecurse._crit_edge.loopexit:                  ; preds = %tailrecurse
  br label %tailrecurse._crit_edge

tailrecurse._crit_edge:                           ; preds = %tailrecurse._crit_edge.loopexit, %2
  %.tr7.lcssa = phi i32 [ %1, %2 ], [ %6, %tailrecurse._crit_edge.loopexit ]
  ret i32 %.tr7.lcssa
}
*** IR Dump Before SCCPPass on combine ***
; Function Attrs: nofree nosync nounwind readnone uwtable
define dso_local i32 @combine(i32 noundef %0, i32 noundef %1) local_unnamed_addr #0 {
  %3 = icmp slt i32 %0, 1
  br i1 %3, label %tailrecurse._crit_edge, label %tailrecurse.preheader

tailrecurse.preheader:                            ; preds = %2
  br label %tailrecurse

tailrecurse:                                      ; preds = %tailrecurse.preheader, %tailrecurse
  %.tr79 = phi i32 [ %6, %tailrecurse ], [ %1, %tailrecurse.preheader ]
  %.tr8 = phi i32 [ %4, %tailrecurse ], [ %0, %tailrecurse.preheader ]
  %4 = add nsw i32 %.tr8, -1
  %5 = mul nsw i32 %.tr79, 31
  %6 = add nsw i32 %5, %.tr8
  %7 = icmp slt i32 %.tr8, 2
  br i1 %7, label %tailrecurse._crit_edge.loopexit, label %tailrecurse

tailrecurse._crit_edge.loopexit:                  ; preds = %tailrecurse
  br label %tailrecurse._crit_edge

tailrecurse._crit_edge:                           ; preds = %tailrecurse._crit_edge.loopexit, %2
  %.tr7.lcssa = phi i32 [ %1, %2 ], [ %6, %tailrecurse._crit_edge.loopexit ]
  ret i32 %.tr7.lcssa
}
*** IR Dump After SCCPPass on combine ***
; Function Attrs: nofree nosync nounwind readnone uwtable
define dso_local i32 @combine(i32 noundef %0, i32 noundef %1) local_unnamed_addr #0 {
  %3 = icmp slt i32 %0, 1
  br i1 %3, label %tailrecurse._crit_edge, label %tailrecurse.preheader

tailrecurse.preheader:                            ; preds = %2
  br label %tailrecurse

tailrecurse:                                      ; preds = %tailrecurse.preheader, %tailrecurse
  %.tr79 = phi i32 [ %6, %tailrecurse ], [ %1, %tailrecurse.preheader ]
  %.tr8 = phi i32 [ %4, %tailrecurse ], [ %0, %tailrecurse.preheader ]
  %4 = add nsw i32 %.tr8, -1
  %5 = mul nsw i32 %.tr79, 31
  %6 = add nsw i32 %5, %.tr8
  %7 = icmp slt i32 %.tr8, 2
  br i1 %7, label %tailrecurse._crit_edge.loopexit, label %tailrecurse

tailrecurse._crit_edge.loopexit:                  ; preds = %tailrecurse
  br label %tailrecurse._crit_edge

tailrecurse._crit_edge:                           ; preds = %tailrecurse._crit_edge.loopexit, %2
  %.tr7.lcssa = phi i32 [ %1, %2 ], [ %6, %tailrecurse._crit_edge.loopexit ]
  ret i32 %.tr7.lcssa
}
*** IR Dump Before BDCEPass on combine ***
; Function Attrs: nofree nosync nounwind readnone uwtable
define dso_local i32 @combine(i32 noundef %0, i32 noundef %1) local_unnamed_addr #0 {
  %3 = icmp slt i32 %0, 1
  br i1 %3, label %tailrecurse._crit_edge, label %tailrecurse.preheader

tailrecurse.preheader:                            ; preds = %2
  br label %tailrecurse

tailrecurse:                                      ; preds = %tailrecurse.preheader, %tailrecurse
  %.tr79 = phi i32 [ %6, %tailrecurse ], [ %1, %tailrecurse.preheader ]
  %.tr8 = phi i32 [ %4, %tailrecurse ], [ %0, %tailrecurse.preheader ]
  %4 = add nsw i32 %.tr8, -1
  %5 = mul nsw i32 %.tr79, 31
  %6 = add nsw i32 %5, %.tr8
  %7 = icmp slt i32 %.tr8, 2
  br i1 %7, label %tailrecurse._crit_edge.loopexit, label %tailrecurse

tailrecurse._crit_edge.loopexit:                  ; preds = %tailrecurse
  br label %tailrecurse._crit_edge

tailrecurse._crit_edge:                           ; preds = %tailrecurse._crit_edge.loopexit, %2
  %.tr7.lcssa = phi i32 [ %1, %2 ], [ %6, %tailrecurse._crit_edge.loopexit ]
  ret i32 %.tr7.lcssa
}
*** IR Dump After BDCEPass on combine ***
; Function Attrs: nofree nosync nounwind readnone uwtable
define dso_local i32 @combine(i32 noundef %0, i32 noundef %1) local_unnamed_addr #0 {
  %3 = icmp slt i32 %0, 1
  br i1 %3, label %tailrecurse._crit_edge, label %tailrecurse.preheader

tailrecurse.preheader:                            ; preds = %2
  br label %tailrecurse

tailrecurse:                                      ; preds = %tailrecurse.preheader, %tailrecurse
  %.tr79 = phi i32 [ %6, %tailrecurse ], [ %1, %tailrecurse.preheader ]
  %.tr8 = phi i32 [ %4, %tailrecurse ], [ %0, %tailrecurse.preheader ]
  %4 = add nsw i32 %.tr8, -1
  %5 = mul nsw i32 %.tr79, 31
  %6 = add nsw i32 %5, %.tr8
  %7 = icmp slt i32 %.tr8, 2
  br i1 %7, label %tailrecurse._crit_edge.loopexit, label %tailrecurse

tailrecurse._crit_edge.loopexit:                  ; preds = %tailrecurse
  br label %tailrecurse._crit_edge

tailrecurse._crit_edge:                           ; preds = %tailrecurse._crit_edge.loopexit, %2
  %.tr7.lcssa = phi i32 [ %1, %2 ], [ %6, %tailrecurse._crit_edge.loopexit ]
  ret i32 %.tr7.lcssa
}
*** IR Dump Before InstCombinePass on combine ***
; Function Attrs: nofree nosync nounwind readnone uwtable
define dso_local i32 @combine(i32 noundef %0, i32 noundef %1) local_unnamed_addr #0 {
  %3 = icmp slt i32 %0, 1
  br i1 %3, label %tailrecurse._crit_edge, label %tailrecurse.preheader

tailrecurse.preheader:                            ; preds = %2
  br label %tailrecurse

tailrecurse:                                      ; preds = %tailrecurse.preheader, %tailrecurse
  %.tr79 = phi i32 [ %6, %tailrecurse ], [ %1, %tailrecurse.preheader ]
  %.tr8 = phi i32 [ %4, %tailrecurse ], [ %0, %tailrecurse.preheader ]
  %4 = add nsw i32 %.tr8, -1
  %5 = mul nsw i32 %.tr79, 31
  %6 = add nsw i32 %5, %.tr8
  %7 = icmp slt i32 %.tr8, 2
  br i1 %7, label %tailrecurse._crit_edge.loopexit, label %tailrecurse

tailrecurse._crit_edge.loopexit:                  ; preds = %tailrecurse
  br label %tailrecurse._crit_edge

tailrecurse._crit_edge:                           ; preds = %tailrecurse._crit_edge.loopexit, %2
  %.tr7.lcssa = phi i32 [ %1, %2 ], [ %6, %tailrecurse._crit_edge.loopexit ]
  ret i32 %.tr7.lcssa
}
*** IR Dump After InstCombinePass on combine ***
; Function Attrs: nofree nosync nounwind readnone uwtable
define dso_local i32 @combine(i32 noundef %0, i32 noundef %1) local_unnamed_addr #0 {
  %3 = icmp slt i32 %0, 1
  br i1 %3, label %tailrecurse._crit_edge, label %tailrecurse.preheader

tailrecurse.preheader:                            ; preds = %2
  br label %tailrecurse

tailrecurse:                                      ; preds = %tailrecurse.preheader, %tailrecurse
  %.tr79 = phi i32 [ %6, %tailrecurse ], [ %1, %tailrecurse.preheader ]
  %.tr8 = phi i32 [ %4, %tailrecurse ], [ %0, %tailrecurse.preheader ]
  %4 = add nsw i32 %.tr8, -1
  %5 = mul nsw i32 %.tr79, 31
  %6 = add nsw i32 %5, %.tr8
  %7 = icmp slt i32 %.tr8, 2
  br i1 %7, label %tailrecurse._crit_edge.loopexit, label %tailrecurse

tailrecurse._crit_edge.loopexit:                  ; preds = %tailrecurse
  br label %tailrecurse._crit_edge

tailrecurse._crit_edge:                           ; preds = %tailrecurse._crit_edge.loopexit, %2
  %.tr7.lcssa = phi i32 [ %1, %2 ], [ %6, %tailrecurse._crit_edge.loopexit ]
  ret i32 %.tr7.lcssa
}
*** IR Dump Before JumpThreadingPass on combine ***
; Function Attrs: nofree nosync nounwind readnone uwtable
define dso_local i32 @combine(i32 noundef %0, i32 noundef %1) local_unnamed_addr #0 {
  %3 = icmp slt i32 %0, 1
  br i1 %3, label %tailrecurse._crit_edge, label %tailrecurse.preheader

tailrecurse.preheader:                            ; preds = %2
  br label %tailrecurse

tailrecurse:                                      ; preds = %tailrecurse.preheader, %tailrecurse
  %.tr79 = phi i32 [ %6, %tailrecurse ], [ %1, %tailrecurse.preheader ]
  %.tr8 = phi i32 [ %4, %tailrecurse ], [ %0, %tailrecurse.preheader ]
  %4 = add nsw i32 %.tr8, -1
  %5 = mul nsw i32 %.tr79, 31
  %6 = add nsw i32 %5, %.tr8
  %7 = icmp slt i32 %.tr8, 2
  br i1 %7, label %tailrecurse._crit_edge.loopexit, label %tailrecurse

tailrecurse._crit_edge.loopexit:                  ; preds = %tailrecurse
  br label %tailrecurse._crit_edge

tailrecurse._crit_edge:                           ; preds = %tailrecurse._crit_edge.loopexit, %2
  %.tr7.lcssa = phi i32 [ %1, %2 ], [ %6, %tailrecurse._crit_edge.loopexit ]
  ret i32 %.tr7.lcssa
}
*** IR Dump After JumpThreadingPass on combine ***
; Function Attrs: nofree nosync nounwind readnone uwtable
define dso_local i32 @combine(i32 noundef %0, i32 noundef %1) local_unnamed_addr #0 {
  %3 = icmp slt i32 %0, 1
  br i1 %3, label %tailrecurse._crit_edge, label %tailrecurse.preheader

tailrecurse.preheader:                            ; preds = %2
  br label %tailrecurse

tailrecurse:                                      ; preds = %tailrecurse.preheader, %tailrecurse
  %.tr79 = phi i32 [ %6, %tailrecurse ], [ %1, %tailrecurse.preheader ]
  %.tr8 = phi i32 [ %4, %tailrecurse ], [ %0, %tailrecurse.preheader ]
  %4 = add nsw i32 %.tr8, -1
  %5 = mul nsw i32 %.tr79, 31
  %6 = add nsw i32 %5, %.tr8
  %7 = icmp slt i32 %.tr8, 2
  br i1 %7, label %tailrecurse._crit_edge, label %tailrecurse

tailrecurse._crit_edge:                           ; preds = %tailrecurse, %2
  %.tr7.lcssa = phi i32 [ %1, %2 ], [ %6, %tailrecurse ]
  ret i32 %.tr7.lcssa
}
*** IR Dump Before CorrelatedValuePropagationPass on combine ***
; Function Attrs: nofree nosync nounwind readnone uwtable
define dso_local i32 @combine(i32 noundef %0, i32 noundef %1) local_unnamed_addr #0 {
  %3 = icmp slt i32 %0, 1
  br i1 %3, label %tailrecurse._crit_edge, label %tailrecurse.preheader

tailrecurse.preheader:                            ; preds = %2
  br label %tailrecurse

tailrecurse:                                      ; preds = %tailrecurse.preheader, %tailrecurse
  %.tr79 = phi i32 [ %6, %tailrecurse ], [ %1, %tailrecurse.preheader ]
  %.tr8 = phi i32 [ %4, %tailrecurse ], [ %0, %tailrecurse.preheader ]
  %4 = add nsw i32 %.tr8, -1
  %5 = mul nsw i32 %.tr79, 31
  %6 = add nsw i32 %5, %.tr8
  %7 = icmp slt i32 %.tr8, 2
  br i1 %7, label %tailrecurse._crit_edge, label %tailrecurse

tailrecurse._crit_edge:                           ; preds = %tailrecurse, %2
  %.tr7.lcssa = phi i32 [ %1, %2 ], [ %6, %tailrecurse ]
  ret i32 %.tr7.lcssa
}
*** IR Dump After CorrelatedValuePropagationPass on combine ***
; Function Attrs: nofree nosync nounwind readnone uwtable
define dso_local i32 @combine(i32 noundef %0, i32 noundef %1) local_unnamed_addr #0 {
  %3 = icmp slt i32 %0, 1
  br i1 %3, label %tailrecurse._crit_edge, label %tailrecurse.preheader

tailrecurse.preheader:                            ; preds = %2
  br label %tailrecurse

tailrecurse:                                      ; preds = %tailrecurse.preheader, %tailrecurse
  %.tr79 = phi i32 [ %6, %tailrecurse ], [ %1, %tailrecurse.preheader ]
  %.tr8 = phi i32 [ %4, %tailrecurse ], [ %0, %tailrecurse.preheader ]
  %4 = add nsw i32 %.tr8, -1
  %5 = mul nsw i32 %.tr79, 31
  %6 = add nsw i32 %5, %.tr8
  %7 = icmp ult i32 %.tr8, 2
  br i1 %7, label %tailrecurse._crit_edge, label %tailrecurse

tailrecurse._crit_edge:                           ; preds = %tailrecurse, %2
  %.tr7.lcssa = phi i32 [ %1, %2 ], [ %6, %tailrecurse ]
  ret i32 %.tr7.lcssa
}
*** IR Dump Before ADCEPass on combine ***
; Function Attrs: nofree nosync nounwind readnone uwtable
define dso_local i32 @combine(i32 noundef %0, i32 noundef %1) local_unnamed_addr #0 {
  %3 = icmp slt i32 %0, 1
  br i1 %3, label %tailrecurse._crit_edge, label %tailrecurse.preheader

tailrecurse.preheader:                            ; preds = %2
  br label %tailrecurse

tailrecurse:                                      ; preds = %tailrecurse.preheader, %tailrecurse
  %.tr79 = phi i32 [ %6, %tailrecurse ], [ %1, %tailrecurse.preheader ]
  %.tr8 = phi i32 [ %4, %tailrecurse ], [ %0, %tailrecurse.preheader ]
  %4 = add nsw i32 %.tr8, -1
  %5 = mul nsw i32 %.tr79, 31
  %6 = add nsw i32 %5, %.tr8
  %7 = icmp ult i32 %.tr8, 2
  br i1 %7, label %tailrecurse._crit_edge, label %tailrecurse

tailrecurse._crit_edge:                           ; preds = %tailrecurse, %2
  %.tr7.lcssa = phi i32 [ %1, %2 ], [ %6, %tailrecurse ]
  ret i32 %.tr7.lcssa
}
*** IR Dump After ADCEPass on combine ***
; Function Attrs: nofree nosync nounwind readnone uwtable
define dso_local i32 @combine(i32 noundef %0, i32 noundef %1) local_unnamed_addr #0 {
  %3 = icmp slt i32 %0, 1
  br i1 %3, label %tailrecurse._crit_edge, label %tailrecurse.preheader

tailrecurse.preheader:                            ; preds = %2
  br label %tailrecurse

tailrecurse:                                      ; preds = %tailrecurse.preheader, %tailrecurse
  %.tr79 = phi i32 [ %6, %tailrecurse ], [ %1, %tailrecurse.preheader ]
  %.tr8 = phi i32 [ %4, %tailrecurse ], [ %0, %tailrecurse.preheader ]
  %4 = add nsw i32 %.tr8, -1
  %5 = mul nsw i32 %.tr79, 31
  %6 = add nsw i32 %5, %.tr8
  %7 = icmp ult i32 %.tr8, 2
  br i1 %7, label %tailrecurse._crit_edge, label %tailrecurse

tailrecurse._crit_edge:                           ; preds = %tailrecurse, %2
  %.tr7.lcssa = phi i32 [ %1, %2 ], [ %6, %tailrecurse ]
  ret i32 %.tr7.lcssa
}
*** IR Dump Before MemCpyOptPass on combine ***
; Function Attrs: nofree nosync nounwind readnone uwtable
define dso_local i32 @combine(i32 noundef %0, i32 noundef %1) local_unnamed_addr #0 {
  %3 = icmp slt i32 %0, 1
  br i1 %3, label %tailrecurse._crit_edge, label %tailrecurse.preheader

tailrecurse.preheader:                            ; preds = %2
  br label %tailrecurse

tailrecurse:                                      ; preds = %tailrecurse.preheader, %tailrecurse
  %.tr79 = phi i32 [ %6, %tailrecurse ], [ %1, %tailrecurse.preheader ]
  %.tr8 = phi i32 [ %4, %tailrecurse ], [ %0, %tailrecurse.preheader ]
  %4 = add nsw i32 %.tr8, -1
  %5 = mul nsw i32 %.tr79, 31
  %6 = add nsw i32 %5, %.tr8
  %7 = icmp ult i32 %.tr8, 2
  br i1 %7, label %tailrecurse._crit_edge, label %tailrecurse

tailrecurse._crit_edge:                           ; preds = %tailrecurse, %2
  %.tr7.lcssa = phi i32 [ %1, %2 ], [ %6, %tailrecurse ]
  ret i32 %.tr7.lcssa
}
*** IR Dump After MemCpyOptPass on combine ***
; Function Attrs: nofree nosync nounwind readnone uwtable
define dso_local i32 @combine(i32 noundef %0, i32 noundef %1) local_unnamed_addr #0 {
  %3 = icmp slt i32 %0, 1
  br i1 %3, label %tailrecurse._crit_edge, label %tailrecurse.preheader

tailrecurse.preheader:                            ; preds = %2
  br label %tailrecurse

tailrecurse:                                      ; preds = %tailrecurse.preheader, %tailrecurse
  %.tr79 = phi i32 [ %6, %tailrecurse ], [ %1, %tailrecurse.preheader ]
  %.tr8 = phi i32 [ %4, %tailrecurse ], [ %0, %tailrecurse.preheader ]
  %4 = add nsw i32 %.tr8, -1
  %5 = mul nsw i32 %.tr79, 31
  %6 = add nsw i32 %5, %.tr8
  %7 = icmp ult i32 %.tr8, 2
  br i1 %7, label %tailrecurse._crit_edge, label %tailrecurse

tailrecurse._crit_edge:                           ; preds = %tailrecurse, %2
  %.tr7.lcssa = phi i32 [ %1, %2 ], [ %6, %tailrecurse ]
  ret i32 %.tr7.lcssa
}
*** IR Dump Before DSEPass on combine ***
; Function Attrs: nofree nosync nounwind readnone uwtable
define dso_local i32 @combine(i32 noundef %0, i32 noundef %1) local_unnamed_addr #0 {
  %3 = icmp slt i32 %0, 1
  br i1 %3, label %tailrecurse._crit_edge, label %tailrecurse.preheader

tailrecurse.preheader:                            ; preds = %2
  br label %tailrecurse

tailrecurse:                                      ; preds = %tailrecurse.preheader, %tailrecurse
  %.tr79 = phi i32 [ %6, %tailrecurse ], [ %1, %tailrecurse.preheader ]
  %.tr8 = phi i32 [ %4, %tailrecurse ], [ %0, %tailrecurse.preheader ]
  %4 = add nsw i32 %.tr8, -1
  %5 = mul nsw i32 %.tr79, 31
  %6 = add nsw i32 %5, %.tr8
  %7 = icmp ult i32 %.tr8, 2
  br i1 %7, label %tailrecurse._crit_edge, label %tailrecurse

tailrecurse._crit_edge:                           ; preds = %tailrecurse, %2
  %.tr7.lcssa = phi i32 [ %1, %2 ], [ %6, %tailrecurse ]
  ret i32 %.tr7.lcssa
}
*** IR Dump After DSEPass on combine ***
; Function Attrs: nofree nosync nounwind readnone uwtable
define dso_local i32 @combine(i32 noundef %0, i32 noundef %1) local_unnamed_addr #0 {
  %3 = icmp slt i32 %0, 1
  br i1 %3, label %tailrecurse._crit_edge, label %tailrecurse.preheader

tailrecurse.preheader:                            ; preds = %2
  br label %tailrecurse

tailrecurse:                                      ; preds = %tailrecurse.preheader, %tailrecurse
  %.tr79 = phi i32 [ %6, %tailrecurse ], [ %1, %tailrecurse.preheader ]
  %.tr8 = phi i32 [ %4, %tailrecurse ], [ %0, %tailrecurse.preheader ]
  %4 = add nsw i32 %.tr8, -1
  %5 = mul nsw i32 %.tr79, 31
  %6 = add nsw i32 %5, %.tr8
  %7 = icmp ult i32 %.tr8, 2
  br i1 %7, label %tailrecurse._crit_edge, label %tailrecurse

tailrecurse._crit_edge:                           ; preds = %tailrecurse, %2
  %.tr7.lcssa = phi i32 [ %1, %2 ], [ %6, %tailrecurse ]
  ret i32 %.tr7.lcssa
}
*** IR Dump Before LoopSimplifyPass on combine ***
; Function Attrs: nofree nosync nounwind readnone uwtable
define dso_local i32 @combine(i32 noundef %0, i32 noundef %1) local_unnamed_addr #0 {
  %3 = icmp slt i32 %0, 1
  br i1 %3, label %tailrecurse._crit_edge, label %tailrecurse.preheader

tailrecurse.preheader:                            ; preds = %2
  br label %tailrecurse

tailrecurse:                                      ; preds = %tailrecurse.preheader, %tailrecurse
  %.tr79 = phi i32 [ %6, %tailrecurse ], [ %1, %tailrecurse.preheader ]
  %.tr8 = phi i32 [ %4, %tailrecurse ], [ %0, %tailrecurse.preheader ]
  %4 = add nsw i32 %.tr8, -1
  %5 = mul nsw i32 %.tr79, 31
  %6 = add nsw i32 %5, %.tr8
  %7 = icmp ult i32 %.tr8, 2
  br i1 %7, label %tailrecurse._crit_edge, label %tailrecurse

tailrecurse._crit_edge:                           ; preds = %tailrecurse, %2
  %.tr7.lcssa = phi i32 [ %1, %2 ], [ %6, %tailrecurse ]
  ret i32 %.tr7.lcssa
}
*** IR Dump After LoopSimplifyPass on combine ***
; Function Attrs: nofree nosync nounwind readnone uwtable
define dso_local i32 @combine(i32 noundef %0, i32 noundef %1) local_unnamed_addr #0 {
  %3 = icmp slt i32 %0, 1
  br i1 %3, label %tailrecurse._crit_edge, label %tailrecurse.preheader

tailrecurse.preheader:                            ; preds = %2
  br label %tailrecurse

tailrecurse:                                      ; preds = %tailrecurse.preheader, %tailrecurse
  %.tr79 = phi i32 [ %6, %tailrecurse ], [ %1, %tailrecurse.preheader ]
  %.tr8 = phi i32 [ %4, %tailrecurse ], [ %0, %tailrecurse.preheader ]
  %4 = add nsw i32 %.tr8, -1
  %5 = mul nsw i32 %.tr79, 31
  %6 = add nsw i32 %5, %.tr8
  %7 = icmp ult i32 %.tr8, 2
  br i1 %7, label %tailrecurse._crit_edge.loopexit, label %tailrecurse

tailrecurse._crit_edge.loopexit:                  ; preds = %tailrecurse
  br label %tailrecurse._crit_edge

tailrecurse._crit_edge:                           ; preds = %tailrecurse._crit_edge.loopexit, %2
  %.tr7.lcssa = phi i32 [ %1, %2 ], [ %6, %tailrecurse._crit_edge.loopexit ]
  ret i32 %.tr7.lcssa
}
*** IR Dump Before LCSSAPass on combine ***
; Function Attrs: nofree nosync nounwind readnone uwtable
define dso_local i32 @combine(i32 noundef %0, i32 noundef %1) local_unnamed_addr #0 {
  %3 = icmp slt i32 %0, 1
  br i1 %3, label %tailrecurse._crit_edge, label %tailrecurse.preheader

tailrecurse.preheader:                            ; preds = %2
  br label %tailrecurse

tailrecurse:                                      ; preds = %tailrecurse.preheader, %tailrecurse
  %.tr79 = phi i32 [ %6, %tailrecurse ], [ %1, %tailrecurse.preheader ]
  %.tr8 = phi i32 [ %4, %tailrecurse ], [ %0, %tailrecurse.preheader ]
  %4 = add nsw i32 %.tr8, -1
  %5 = mul nsw i32 %.tr79, 31
  %6 = add nsw i32 %5, %.tr8
  %7 = icmp ult i32 %.tr8, 2
  br i1 %7, label %tailrecurse._crit_edge.loopexit, label %tailrecurse

tailrecurse._crit_edge.loopexit:                  ; preds = %tailrecurse
  br label %tailrecurse._crit_edge

tailrecurse._crit_edge:                           ; preds = %tailrecurse._crit_edge.loopexit, %2
  %.tr7.lcssa = phi i32 [ %1, %2 ], [ %6, %tailrecurse._crit_edge.loopexit ]
  ret i32 %.tr7.lcssa
}
*** IR Dump After LCSSAPass on combine ***
; Function Attrs: nofree nosync nounwind readnone uwtable
define dso_local i32 @combine(i32 noundef %0, i32 noundef %1) local_unnamed_addr #0 {
  %3 = icmp slt i32 %0, 1
  br i1 %3, label %tailrecurse._crit_edge, label %tailrecurse.preheader

tailrecurse.preheader:                            ; preds = %2
  br label %tailrecurse

tailrecurse:                                      ; preds = %tailrecurse.preheader, %tailrecurse
  %.tr79 = phi i32 [ %6, %tailrecurse ], [ %1, %tailrecurse.preheader ]
  %.tr8 = phi i32 [ %4, %tailrecurse ], [ %0, %tailrecurse.preheader ]
  %4 = add nsw i32 %.tr8, -1
  %5 = mul nsw i32 %.tr79, 31
  %6 = add nsw i32 %5, %.tr8
  %7 = icmp ult i32 %.tr8, 2
  br i1 %7, label %tailrecurse._crit_edge.loopexit, label %tailrecurse

tailrecurse._crit_edge.loopexit:                  ; preds = %tailrecurse
  %.lcssa = phi i32 [ %6, %tailrecurse ]
  br label %tailrecurse._crit_edge

tailrecurse._crit_edge:                           ; preds = %tailrecurse._crit_edge.loopexit, %2
  %.tr7.lcssa = phi i32 [ %1, %2 ], [ %.lcssa, %tailrecurse._crit_edge.loopexit ]
  ret i32 %.tr7.lcssa
}
*** IR Dump Before LICMPass on Loop at depth 1 containing: %tailrecurse<header><latch><exiting> ***

; Preheader:
tailrecurse.preheader:                            ; preds = %2
  br label %tailrecurse

; Loop:
tailrecurse:                                      ; preds = %tailrecurse.preheader, %tailrecurse
  %.tr79 = phi i32 [ %6, %tailrecurse ], [ %1, %tailrecurse.preheader ]
  %.tr8 = phi i32 [ %4, %tailrecurse ], [ %0, %tailrecurse.preheader ]
  %4 = add nsw i32 %.tr8, -1
  %5 = mul nsw i32 %.tr79, 31
  %6 = add nsw i32 %5, %.tr8
  %7 = icmp ult i32 %.tr8, 2
  br i1 %7, label %tailrecurse._crit_edge.loopexit, label %tailrecurse

; Exit blocks
tailrecurse._crit_edge.loopexit:                  ; preds = %tailrecurse
  %.lcssa = phi i32 [ %6, %tailrecurse ]
  br label %tailrecurse._crit_edge
*** IR Dump After LICMPass on Loop at depth 1 containing: %tailrecurse<header><latch><exiting> ***

; Preheader:
tailrecurse.preheader:                            ; preds = %2
  br label %tailrecurse

; Loop:
tailrecurse:                                      ; preds = %tailrecurse.preheader, %tailrecurse
  %.tr79 = phi i32 [ %6, %tailrecurse ], [ %1, %tailrecurse.preheader ]
  %.tr8 = phi i32 [ %4, %tailrecurse ], [ %0, %tailrecurse.preheader ]
  %4 = add nsw i32 %.tr8, -1
  %5 = mul nsw i32 %.tr79, 31
  %6 = add nsw i32 %5, %.tr8
  %7 = icmp ult i32 %.tr8, 2
  br i1 %7, label %tailrecurse._crit_edge.loopexit, label %tailrecurse

; Exit blocks
tailrecurse._crit_edge.loopexit:                  ; preds = %tailrecurse
  %.lcssa = phi i32 [ %6, %tailrecurse ]
  br label %tailrecurse._crit_edge
*** IR Dump Before CoroElidePass on combine ***
; Function Attrs: nofree nosync nounwind readnone uwtable
define dso_local i32 @combine(i32 noundef %0, i32 noundef %1) local_unnamed_addr #0 {
  %3 = icmp slt i32 %0, 1
  br i1 %3, label %tailrecurse._crit_edge, label %tailrecurse.preheader

tailrecurse.preheader:                            ; preds = %2
  br label %tailrecurse

tailrecurse:                                      ; preds = %tailrecurse.preheader, %tailrecurse
  %.tr79 = phi i32 [ %6, %tailrecurse ], [ %1, %tailrecurse.preheader ]
  %.tr8 = phi i32 [ %4, %tailrecurse ], [ %0, %tailrecurse.preheader ]
  %4 = add nsw i32 %.tr8, -1
  %5 = mul nsw i32 %.tr79, 31
  %6 = add nsw i32 %5, %.tr8
  %7 = icmp ult i32 %.tr8, 2
  br i1 %7, label %tailrecurse._crit_edge.loopexit, label %tailrecurse

tailrecurse._crit_edge.loopexit:                  ; preds = %tailrecurse
  %.lcssa = phi i32 [ %6, %tailrecurse ]
  br label %tailrecurse._crit_edge

tailrecurse._crit_edge:                           ; preds = %tailrecurse._crit_edge.loopexit, %2
  %.tr7.lcssa = phi i32 [ %1, %2 ], [ %.lcssa, %tailrecurse._crit_edge.loopexit ]
  ret i32 %.tr7.lcssa
}
*** IR Dump After CoroElidePass on combine ***
; Function Attrs: nofree nosync nounwind readnone uwtable
define dso_local i32 @combine(i32 noundef %0, i32 noundef %1) local_unnamed_addr #0 {
  %3 = icmp slt i32 %0, 1
  br i1 %3, label %tailrecurse._crit_edge, label %tailrecurse.preheader

tailrecurse.preheader:                            ; preds = %2
  br label %tailrecurse

tailrecurse:                                      ; preds = %tailrecurse.preheader, %tailrecurse
  %.tr79 = phi i32 [ %6, %tailrecurse ], [ %1, %tailrecurse.preheader ]
  %.tr8 = phi i32 [ %4, %tailrecurse ], [ %0, %tailrecurse.preheader ]
  %4 = add nsw i32 %.tr8, -1
  %5 = mul nsw i32 %.tr79, 31
  %6 = add nsw i32 %5, %.tr8
  %7 = icmp ult i32 %.tr8, 2
  br i1 %7, label %tailrecurse._crit_edge.loopexit, label %tailrecurse

tailrecurse._crit_edge.loopexit:                  ; preds = %tailrecurse
  %.lcssa = phi i32 [ %6, %tailrecurse ]
  br label %tailrecurse._crit_edge

tailrecurse._crit_edge:                           ; preds = %tailrecurse._crit_edge.loopexit, %2
  %.tr7.lcssa = phi i32 [ %1, %2 ], [ %.lcssa, %tailrecurse._crit_edge.loopexit ]
  ret i32 %.tr7.lcssa
}
*** IR Dump Before SimplifyCFGPass on combine ***
; Function Attrs: nofree nosync nounwind readnone uwtable
define dso_local i32 @combine(i32 noundef %0, i32 noundef %1) local_unnamed_addr #0 {
  %3 = icmp slt i32 %0, 1
  br i1 %3, label %tailrecurse._crit_edge, label %tailrecurse.preheader

tailrecurse.preheader:                            ; preds = %2
  br label %tailrecurse

tailrecurse:                                      ; preds = %tailrecurse.preheader, %tailrecurse
  %.tr79 = phi i32 [ %6, %tailrecurse ], [ %1, %tailrecurse.preheader ]
  %.tr8 = phi i32 [ %4, %tailrecurse ], [ %0, %tailrecurse.preheader ]
  %4 = add nsw i32 %.tr8, -1
  %5 = mul nsw i32 %.tr79, 31
  %6 = add nsw i32 %5, %.tr8
  %7 = icmp ult i32 %.tr8, 2
  br i1 %7, label %tailrecurse._crit_edge.loopexit, label %tailrecurse

tailrecurse._crit_edge.loopexit:                  ; preds = %tailrecurse
  %.lcssa = phi i32 [ %6, %tailrecurse ]
  br label %tailrecurse._crit_edge

tailrecurse._crit_edge:                           ; preds = %tailrecurse._crit_edge.loopexit, %2
  %.tr7.lcssa = phi i32 [ %1, %2 ], [ %.lcssa, %tailrecurse._crit_edge.loopexit ]
  ret i32 %.tr7.lcssa
}
*** IR Dump After SimplifyCFGPass on combine ***
; Function Attrs: nofree nosync nounwind readnone uwtable
define dso_local i32 @combine(i32 noundef %0, i32 noundef %1) local_unnamed_addr #0 {
  %3 = icmp slt i32 %0, 1
  br i1 %3, label %tailrecurse._crit_edge, label %tailrecurse

tailrecurse:                                      ; preds = %2, %tailrecurse
  %.tr79 = phi i32 [ %6, %tailrecurse ], [ %1, %2 ]
  %.tr8 = phi i32 [ %4, %tailrecurse ], [ %0, %2 ]
  %4 = add nsw i32 %.tr8, -1
  %5 = mul nsw i32 %.tr79, 31
  %6 = add nsw i32 %5, %.tr8
  %7 = icmp ult i32 %.tr8, 2
  br i1 %7, label %tailrecurse._crit_edge, label %tailrecurse

tailrecurse._crit_edge:                           ; preds = %tailrecurse, %2
  %.tr7.lcssa = phi i32 [ %1, %2 ], [ %6, %tailrecurse ]
  ret i32 %.tr7.lcssa
}
*** IR Dump Before InstCombinePass on combine ***
; Function Attrs: nofree nosync nounwind readnone uwtable
define dso_local i32 @combine(i32 noundef %0, i32 noundef %1) local_unnamed_addr #0 {
  %3 = icmp slt i32 %0, 1
  br i1 %3, label %tailrecurse._crit_edge, label %tailrecurse

tailrecurse:                                      ; preds = %2, %tailrecurse
  %.tr79 = phi i32 [ %6, %tailrecurse ], [ %1, %2 ]
  %.tr8 = phi i32 [ %4, %tailrecurse ], [ %0, %2 ]
  %4 = add nsw i32 %.tr8, -1
  %5 = mul nsw i32 %.tr79, 31
  %6 = add nsw i32 %5, %.tr8
  %7 = icmp ult i32 %.tr8, 2
  br i1 %7, label %tailrecurse._crit_edge, label %tailrecurse

tailrecurse._crit_edge:                           ; preds = %tailrecurse, %2
  %.tr7.lcssa = phi i32 [ %1, %2 ], [ %6, %tailrecurse ]
  ret i32 %.tr7.lcssa
}
*** IR Dump After InstCombinePass on combine ***
; Function Attrs: nofree nosync nounwind readnone uwtable
define dso_local i32 @combine(i32 noundef %0, i32 noundef %1) local_unnamed_addr #0 {
  %3 = icmp slt i32 %0, 1
  br i1 %3, label %tailrecurse._crit_edge, label %tailrecurse

tailrecurse:                                      ; preds = %2, %tailrecurse
  %.tr79 = phi i32 [ %6, %tailrecurse ], [ %1, %2 ]
  %.tr8 = phi i32 [ %4, %tailrecurse ], [ %0, %2 ]
  %4 = add nsw i32 %.tr8, -1
  %5 = mul nsw i32 %.tr79, 31
  %6 = add nsw i32 %5, %.tr8
  %7 = icmp ult i32 %.tr8, 2
  br i1 %7, label %tailrecurse._crit_edge, label %tailrecurse

tailrecurse._crit_edge:                           ; preds = %tailrecurse, %2
  %.tr7.lcssa = phi i32 [ %1, %2 ], [ %6, %tailrecurse ]
  ret i32 %.tr7.lcssa
}
*** IR Dump Before CoroSplitPass on (combine) ***
; Function Attrs: nofree nosync nounwind readnone uwtable
define dso_local i32 @combine(i32 noundef %0, i32 noundef %1) local_unnamed_addr #0 {
  %3 = icmp slt i32 %0, 1
  br i1 %3, label %tailrecurse._crit_edge, label %tailrecurse

tailrecurse:                                      ; preds = %2, %tailrecurse
  %.tr79 = phi i32 [ %6, %tailrecurse ], [ %1, %2 ]
  %.tr8 = phi i32 [ %4, %tailrecurse ], [ %0, %2 ]
  %4 = add nsw i32 %.tr8, -1
  %5 = mul nsw i32 %.tr79, 31
  %6 = add nsw i32 %5, %.tr8
  %7 = icmp ult i32 %.tr8, 2
  br i1 %7, label %tailrecurse._crit_edge, label %tailrecurse

tailrecurse._crit_edge:                           ; preds = %tailrecurse, %2
  %.tr7.lcssa = phi i32 [ %1, %2 ], [ %6, %tailrecurse ]
  ret i32 %.tr7.lcssa
}
*** IR Dump After CoroSplitPass on (combine) ***
; Function Attrs: nofree nosync nounwind readnone uwtable
define dso_local i32 @combine(i32 noundef %0, i32 noundef %1) local_unnamed_addr #0 {
  %3 = icmp slt i32 %0, 1
  br i1 %3, label %tailrecurse._crit_edge, label %tailrecurse

tailrecurse:                                      ; preds = %2, %tailrecurse
  %.tr79 = phi i32 [ %6, %tailrecurse ], [ %1, %2 ]
  %.tr8 = phi i32 [ %4, %tailrecurse ], [ %0, %2 ]
  %4 = add nsw i32 %.tr8, -1
  %5 = mul nsw i32 %.tr79, 31
  %6 = add nsw i32 %5, %.tr8
  %7 = icmp ult i32 %.tr8, 2
  br i1 %7, label %tailrecurse._crit_edge, label %tailrecurse

tailrecurse._crit_edge:                           ; preds = %tailrecurse, %2
  %.tr7.lcssa = phi i32 [ %1, %2 ], [ %6, %tailrecurse ]
  ret i32 %.tr7.lcssa
}
*** IR Dump Before GlobalOptPass on [module] ***
; ModuleID = 'combine.in.ll'
source_filename = "combine.c"
target datalayout = "e-m:e-i8:8:32-i16:16:32-i64:64-i128:128-n32:64-S128"
target triple = "aarch64-unknown-linux-gnu"

; Function Attrs: nofree nosync nounwind readnone uwtable
define dso_local i32 @combine(i32 noundef %0, i32 noundef %1) local_unnamed_addr #0 {
  %3 = icmp slt i32 %0, 1
  br i1 %3, label %tailrecurse._crit_edge, label %tailrecurse

tailrecurse:                                      ; preds = %2, %tailrecurse
  %.tr79 = phi i32 [ %6, %tailrecurse ], [ %1, %2 ]
  %.tr8 = phi i32 [ %4, %tailrecurse ], [ %0, %2 ]
  %4 = add nsw i32 %.tr8, -1
  %5 = mul nsw i32 %.tr79, 31
  %6 = add nsw i32 %5, %.tr8
  %7 = icmp ult i32 %.tr8, 2
  br i1 %7, label %tailrecurse._crit_edge, label %tailrecurse

tailrecurse._crit_edge:                           ; preds = %tailrecurse, %2
  %.tr7.lcssa = phi i32 [ %1, %2 ], [ %6, %tailrecurse ]
  ret i32 %.tr7.lcssa
}

attributes #0 = { nofree nosync nounwind readnone uwtable "frame-pointer"="non-leaf" "min-legal-vector-width"="0" "no-trapping-math"="true" "stack-protector-buffer-size"="8" "target-cpu"="generic" "target-features"="+neon,+outline-atomics,+v8a" }

!llvm.module.flags = !{!0, !1, !2, !3, !4, !5, !6, !7, !8}
!llvm.ident = !{!9}

!0 = !{i32 1, !"wchar_size", i32 4}
!1 = !{i32 1, !"branch-target-enforcement", i32 0}
!2 = !{i32 1, !"sign-return-address", i32 0}
!3 = !{i32 1, !"sign-return-address-all", i32 0}
!4 = !{i32 1, !"sign-return-address-with-bkey", i32 0}
!5 = !{i32 7, !"PIC Level", i32 2}
!6 = !{i32 7, !"PIE Level", i32 2}
!7 = !{i32 7, !"uwtable", i32 1}
!8 = !{i32 7, !"frame-pointer", i32 1}
!9 = !{!"Ubuntu clang version 14.0.0-1ubuntu1.1"}
*** IR Dump After GlobalOptPass on [module] ***
; ModuleID = 'combine.in.ll'
source_filename = "combine.c"
target datalayout = "e-m:e-i8:8:32-i16:16:32-i64:64-i128:128-n32:64-S128"
target triple = "aarch64-unknown-linux-gnu"

; Function Attrs: nofree nosync nounwind readnone uwtable
define dso_local i32 @combine(i32 noundef %0, i32 noundef %1) local_unnamed_addr #0 {
  %3 = icmp slt i32 %0, 1
  br i1 %3, label %tailrecurse._crit_edge, label %tailrecurse

tailrecurse:                                      ; preds = %2, %tailrecurse
  %.tr79 = phi i32 [ %6, %tailrecurse ], [ %1, %2 ]
  %.tr8 = phi i32 [ %4, %tailrecurse ], [ %0, %2 ]
  %4 = add nsw i32 %.tr8, -1
  %5 = mul nsw i32 %.tr79, 31
  %6 = add nsw i32 %5, %.tr8
  %7 = icmp ult i32 %.tr8, 2
  br i1 %7, label %tailrecurse._crit_edge, label %tailrecurse

tailrecurse._crit_edge:                           ; preds = %tailrecurse, %2
  %.tr7.lcssa = phi i32 [ %1, %2 ], [ %6, %tailrecurse ]
  ret i32 %.tr7.lcssa
}

attributes #0 = { nofree nosync nounwind readnone uwtable "frame-pointer"="non-leaf" "min-legal-vector-width"="0" "no-trapping-math"="true" "stack-protector-buffer-size"="8" "target-cpu"="generic" "target-features"="+neon,+outline-atomics,+v8a" }

!llvm.module.flags = !{!0, !1, !2, !3, !4, !5, !6, !7, !8}
!llvm.ident = !{!9}

!0 = !{i32 1, !"wchar_size", i32 4}
!1 = !{i32 1, !"branch-target-enforcement", i32 0}
!2 = !{i32 1, !"sign-return-address", i32 0}
!3 = !{i32 1, !"sign-return-address-all", i32 0}
!4 = !{i32 1, !"sign-return-address-with-bkey", i32 0}
!5 = !{i32 7, !"PIC Level", i32 2}
!6 = !{i32 7, !"PIE Level", i32 2}
!7 = !{i32 7, !"uwtable", i32 1}
!8 = !{i32 7, !"frame-pointer", i32 1}
!9 = !{!"Ubuntu clang version 14.0.0-1ubuntu1.1"}
*** IR Dump Before GlobalDCEPass on [module] ***
; ModuleID = 'combine.in.ll'
source_filename = "combine.c"
target datalayout = "e-m:e-i8:8:32-i16:16:32-i64:64-i128:128-n32:64-S128"
target triple = "aarch64-unknown-linux-gnu"

; Function Attrs: nofree nosync nounwind readnone uwtable
define dso_local i32 @combine(i32 noundef %0, i32 noundef %1) local_unnamed_addr #0 {
  %3 = icmp slt i32 %0, 1
  br i1 %3, label %tailrecurse._crit_edge, label %tailrecurse

tailrecurse:                                      ; preds = %2, %tailrecurse
  %.tr79 = phi i32 [ %6, %tailrecurse ], [ %1, %2 ]
  %.tr8 = phi i32 [ %4, %tailrecurse ], [ %0, %2 ]
  %4 = add nsw i32 %.tr8, -1
  %5 = mul nsw i32 %.tr79, 31
  %6 = add nsw i32 %5, %.tr8
  %7 = icmp ult i32 %.tr8, 2
  br i1 %7, label %tailrecurse._crit_edge, label %tailrecurse

tailrecurse._crit_edge:                           ; preds = %tailrecurse, %2
  %.tr7.lcssa = phi i32 [ %1, %2 ], [ %6, %tailrecurse ]
  ret i32 %.tr7.lcssa
}

attributes #0 = { nofree nosync nounwind readnone uwtable "frame-pointer"="non-leaf" "min-legal-vector-width"="0" "no-trapping-math"="true" "stack-protector-buffer-size"="8" "target-cpu"="generic" "target-features"="+neon,+outline-atomics,+v8a" }

!llvm.module.flags = !{!0, !1, !2, !3, !4, !5, !6, !7, !8}
!llvm.ident = !{!9}

!0 = !{i32 1, !"wchar_size", i32 4}
!1 = !{i32 1, !"branch-target-enforcement", i32 0}
!2 = !{i32 1, !"sign-return-address", i32 0}
!3 = !{i32 1, !"sign-return-address-all", i32 0}
!4 = !{i32 1, !"sign-return-address-with-bkey", i32 0}
!5 = !{i32 7, !"PIC Level", i32 2}
!6 = !{i32 7, !"PIE Level", i32 2}
!7 = !{i32 7, !"uwtable", i32 1}
!8 = !{i32 7, !"frame-pointer", i32 1}
!9 = !{!"Ubuntu clang version 14.0.0-1ubuntu1.1"}
*** IR Dump After GlobalDCEPass on [module] ***
; ModuleID = 'combine.in.ll'
source_filename = "combine.c"
target datalayout = "e-m:e-i8:8:32-i16:16:32-i64:64-i128:128-n32:64-S128"
target triple = "aarch64-unknown-linux-gnu"

; Function Attrs: nofree nosync nounwind readnone uwtable
define dso_local i32 @combine(i32 noundef %0, i32 noundef %1) local_unnamed_addr #0 {
  %3 = icmp slt i32 %0, 1
  br i1 %3, label %tailrecurse._crit_edge, label %tailrecurse

tailrecurse:                                      ; preds = %2, %tailrecurse
  %.tr79 = phi i32 [ %6, %tailrecurse ], [ %1, %2 ]
  %.tr8 = phi i32 [ %4, %tailrecurse ], [ %0, %2 ]
  %4 = add nsw i32 %.tr8, -1
  %5 = mul nsw i32 %.tr79, 31
  %6 = add nsw i32 %5, %.tr8
  %7 = icmp ult i32 %.tr8, 2
  br i1 %7, label %tailrecurse._crit_edge, label %tailrecurse

tailrecurse._crit_edge:                           ; preds = %tailrecurse, %2
  %.tr7.lcssa = phi i32 [ %1, %2 ], [ %6, %tailrecurse ]
  ret i32 %.tr7.lcssa
}

attributes #0 = { nofree nosync nounwind readnone uwtable "frame-pointer"="non-leaf" "min-legal-vector-width"="0" "no-trapping-math"="true" "stack-protector-buffer-size"="8" "target-cpu"="generic" "target-features"="+neon,+outline-atomics,+v8a" }

!llvm.module.flags = !{!0, !1, !2, !3, !4, !5, !6, !7, !8}
!llvm.ident = !{!9}

!0 = !{i32 1, !"wchar_size", i32 4}
!1 = !{i32 1, !"branch-target-enforcement", i32 0}
!2 = !{i32 1, !"sign-return-address", i32 0}
!3 = !{i32 1, !"sign-return-address-all", i32 0}
!4 = !{i32 1, !"sign-return-address-with-bkey", i32 0}
!5 = !{i32 7, !"PIC Level", i32 2}
!6 = !{i32 7, !"PIE Level", i32 2}
!7 = !{i32 7, !"uwtable", i32 1}
!8 = !{i32 7, !"frame-pointer", i32 1}
!9 = !{!"Ubuntu clang version 14.0.0-1ubuntu1.1"}
*** IR Dump Before EliminateAvailableExternallyPass on [module] ***
; ModuleID = 'combine.in.ll'
source_filename = "combine.c"
target datalayout = "e-m:e-i8:8:32-i16:16:32-i64:64-i128:128-n32:64-S128"
target triple = "aarch64-unknown-linux-gnu"

; Function Attrs: nofree nosync nounwind readnone uwtable
define dso_local i32 @combine(i32 noundef %0, i32 noundef %1) local_unnamed_addr #0 {
  %3 = icmp slt i32 %0, 1
  br i1 %3, label %tailrecurse._crit_edge, label %tailrecurse

tailrecurse:                                      ; preds = %2, %tailrecurse
  %.tr79 = phi i32 [ %6, %tailrecurse ], [ %1, %2 ]
  %.tr8 = phi i32 [ %4, %tailrecurse ], [ %0, %2 ]
  %4 = add nsw i32 %.tr8, -1
  %5 = mul nsw i32 %.tr79, 31
  %6 = add nsw i32 %5, %.tr8
  %7 = icmp ult i32 %.tr8, 2
  br i1 %7, label %tailrecurse._crit_edge, label %tailrecurse

tailrecurse._crit_edge:                           ; preds = %tailrecurse, %2
  %.tr7.lcssa = phi i32 [ %1, %2 ], [ %6, %tailrecurse ]
  ret i32 %.tr7.lcssa
}

attributes #0 = { nofree nosync nounwind readnone uwtable "frame-pointer"="non-leaf" "min-legal-vector-width"="0" "no-trapping-math"="true" "stack-protector-buffer-size"="8" "target-cpu"="generic" "target-features"="+neon,+outline-atomics,+v8a" }

!llvm.module.flags = !{!0, !1, !2, !3, !4, !5, !6, !7, !8}
!llvm.ident = !{!9}

!0 = !{i32 1, !"wchar_size", i32 4}
!1 = !{i32 1, !"branch-target-enforcement", i32 0}
!2 = !{i32 1, !"sign-return-address", i32 0}
!3 = !{i32 1, !"sign-return-address-all", i32 0}
!4 = !{i32 1, !"sign-return-address-with-bkey", i32 0}
!5 = !{i32 7, !"PIC Level", i32 2}
!6 = !{i32 7, !"PIE Level", i32 2}
!7 = !{i32 7, !"uwtable", i32 1}
!8 = !{i32 7, !"frame-pointer", i32 1}
!9 = !{!"Ubuntu clang version 14.0.0-1ubuntu1.1"}
*** IR Dump After EliminateAvailableExternallyPass on [module] ***
; ModuleID = 'combine.in.ll'
source_filename = "combine.c"
target datalayout = "e-m:e-i8:8:32-i16:16:32-i64:64-i128:128-n32:64-S128"
target triple = "aarch64-unknown-linux-gnu"

; Function Attrs: nofree nosync nounwind readnone uwtable
define dso_local i32 @combine(i32 noundef %0, i32 noundef %1) local_unnamed_addr #0 {
  %3 = icmp slt i32 %0, 1
  br i1 %3, label %tailrecurse._crit_edge, label %tailrecurse

tailrecurse:                                      ; preds = %2, %tailrecurse
  %.tr79 = phi i32 [ %6, %tailrecurse ], [ %1, %2 ]
  %.tr8 = phi i32 [ %4, %tailrecurse ], [ %0, %2 ]
  %4 = add nsw i32 %.tr8, -1
  %5 = mul nsw i32 %.tr79, 31
  %6 = add nsw i32 %5, %.tr8
  %7 = icmp ult i32 %.tr8, 2
  br i1 %7, label %tailrecurse._crit_edge, label %tailrecurse

tailrecurse._crit_edge:                           ; preds = %tailrecurse, %2
  %.tr7.lcssa = phi i32 [ %1, %2 ], [ %6, %tailrecurse ]
  ret i32 %.tr7.lcssa
}

attributes #0 = { nofree nosync nounwind readnone uwtable "frame-pointer"="non-leaf" "min-legal-vector-width"="0" "no-trapping-math"="true" "stack-protector-buffer-size"="8" "target-cpu"="generic" "target-features"="+neon,+outline-atomics,+v8a" }

!llvm.module.flags = !{!0, !1, !2, !3, !4, !5, !6, !7, !8}
!llvm.ident = !{!9}

!0 = !{i32 1, !"wchar_size", i32 4}
!1 = !{i32 1, !"branch-target-enforcement", i32 0}
!2 = !{i32 1, !"sign-return-address", i32 0}
!3 = !{i32 1, !"sign-return-address-all", i32 0}
!4 = !{i32 1, !"sign-return-address-with-bkey", i32 0}
!5 = !{i32 7, !"PIC Level", i32 2}
!6 = !{i32 7, !"PIE Level", i32 2}
!7 = !{i32 7, !"uwtable", i32 1}
!8 = !{i32 7, !"frame-pointer", i32 1}
!9 = !{!"Ubuntu clang version 14.0.0-1ubuntu1.1"}
*** IR Dump Before ReversePostOrderFunctionAttrsPass on [module] ***
; ModuleID = 'combine.in.ll'
source_filename = "combine.c"
target datalayout = "e-m:e-i8:8:32-i16:16:32-i64:64-i128:128-n32:64-S128"
target triple = "aarch64-unknown-linux-gnu"

; Function Attrs: nofree nosync nounwind readnone uwtable
define dso_local i32 @combine(i32 noundef %0, i32 noundef %1) local_unnamed_addr #0 {
  %3 = icmp slt i32 %0, 1
  br i1 %3, label %tailrecurse._crit_edge, label %tailrecurse

tailrecurse:                                      ; preds = %2, %tailrecurse
  %.tr79 = phi i32 [ %6, %tailrecurse ], [ %1, %2 ]
  %.tr8 = phi i32 [ %4, %tailrecurse ], [ %0, %2 ]
  %4 = add nsw i32 %.tr8, -1
  %5 = mul nsw i32 %.tr79, 31
  %6 = add nsw i32 %5, %.tr8
  %7 = icmp ult i32 %.tr8, 2
  br i1 %7, label %tailrecurse._crit_edge, label %tailrecurse

tailrecurse._crit_edge:                           ; preds = %tailrecurse, %2
  %.tr7.lcssa = phi i32 [ %1, %2 ], [ %6, %tailrecurse ]
  ret i32 %.tr7.lcssa
}

attributes #0 = { nofree nosync nounwind readnone uwtable "frame-pointer"="non-leaf" "min-legal-vector-width"="0" "no-trapping-math"="true" "stack-protector-buffer-size"="8" "target-cpu"="generic" "target-features"="+neon,+outline-atomics,+v8a" }

!llvm.module.flags = !{!0, !1, !2, !3, !4, !5, !6, !7, !8}
!llvm.ident = !{!9}

!0 = !{i32 1, !"wchar_size", i32 4}
!1 = !{i32 1, !"branch-target-enforcement", i32 0}
!2 = !{i32 1, !"sign-return-address", i32 0}
!3 = !{i32 1, !"sign-return-address-all", i32 0}
!4 = !{i32 1, !"sign-return-address-with-bkey", i32 0}
!5 = !{i32 7, !"PIC Level", i32 2}
!6 = !{i32 7, !"PIE Level", i32 2}
!7 = !{i32 7, !"uwtable", i32 1}
!8 = !{i32 7, !"frame-pointer", i32 1}
!9 = !{!"Ubuntu clang version 14.0.0-1ubuntu1.1"}
*** IR Dump After ReversePostOrderFunctionAttrsPass on [module] ***
; ModuleID = 'combine.in.ll'
source_filename = "combine.c"
target datalayout = "e-m:e-i8:8:32-i16:16:32-i64:64-i128:128-n32:64-S128"
target triple = "aarch64-unknown-linux-gnu"

; Function Attrs: nofree nosync nounwind readnone uwtable
define dso_local i32 @combine(i32 noundef %0, i32 noundef %1) local_unnamed_addr #0 {
  %3 = icmp slt i32 %0, 1
  br i1 %3, label %tailrecurse._crit_edge, label %tailrecurse

tailrecurse:                                      ; preds = %2, %tailrecurse
  %.tr79 = phi i32 [ %6, %tailrecurse ], [ %1, %2 ]
  %.tr8 = phi i32 [ %4, %tailrecurse ], [ %0, %2 ]
  %4 = add nsw i32 %.tr8, -1
  %5 = mul nsw i32 %.tr79, 31
  %6 = add nsw i32 %5, %.tr8
  %7 = icmp ult i32 %.tr8, 2
  br i1 %7, label %tailrecurse._crit_edge, label %tailrecurse

tailrecurse._crit_edge:                           ; preds = %tailrecurse, %2
  %.tr7.lcssa = phi i32 [ %1, %2 ], [ %6, %tailrecurse ]
  ret i32 %.tr7.lcssa
}

attributes #0 = { nofree nosync nounwind readnone uwtable "frame-pointer"="non-leaf" "min-legal-vector-width"="0" "no-trapping-math"="true" "stack-protector-buffer-size"="8" "target-cpu"="generic" "target-features"="+neon,+outline-atomics,+v8a" }

!llvm.module.flags = !{!0, !1, !2, !3, !4, !5, !6, !7, !8}
!llvm.ident = !{!9}

!0 = !{i32 1, !"wchar_size", i32 4}
!1 = !{i32 1, !"branch-target-enforcement", i32 0}
!2 = !{i32 1, !"sign-return-address", i32 0}
!3 = !{i32 1, !"sign-return-address-all", i32 0}
!4 = !{i32 1, !"sign-return-address-with-bkey", i32 0}
!5 = !{i32 7, !"PIC Level", i32 2}
!6 = !{i32 7, !"PIE Level", i32 2}
!7 = !{i32 7, !"uwtable", i32 1}
!8 = !{i32 7, !"frame-pointer", i32 1}
!9 = !{!"Ubuntu clang version 14.0.0-1ubuntu1.1"}
*** IR Dump Before RequireAnalysisPass<llvm::GlobalsAA, llvm::Module> on [module] ***
; ModuleID = 'combine.in.ll'
source_filename = "combine.c"
target datalayout = "e-m:e-i8:8:32-i16:16:32-i64:64-i128:128-n32:64-S128"
target triple = "aarch64-unknown-linux-gnu"

; Function Attrs: nofree nosync nounwind readnone uwtable
define dso_local i32 @combine(i32 noundef %0, i32 noundef %1) local_unnamed_addr #0 {
  %3 = icmp slt i32 %0, 1
  br i1 %3, label %tailrecurse._crit_edge, label %tailrecurse

tailrecurse:                                      ; preds = %2, %tailrecurse
  %.tr79 = phi i32 [ %6, %tailrecurse ], [ %1, %2 ]
  %.tr8 = phi i32 [ %4, %tailrecurse ], [ %0, %2 ]
  %4 = add nsw i32 %.tr8, -1
  %5 = mul nsw i32 %.tr79, 31
  %6 = add nsw i32 %5, %.tr8
  %7 = icmp ult i32 %.tr8, 2
  br i1 %7, label %tailrecurse._crit_edge, label %tailrecurse

tailrecurse._crit_edge:                           ; preds = %tailrecurse, %2
  %.tr7.lcssa = phi i32 [ %1, %2 ], [ %6, %tailrecurse ]
  ret i32 %.tr7.lcssa
}

attributes #0 = { nofree nosync nounwind readnone uwtable "frame-pointer"="non-leaf" "min-legal-vector-width"="0" "no-trapping-math"="true" "stack-protector-buffer-size"="8" "target-cpu"="generic" "target-features"="+neon,+outline-atomics,+v8a" }

!llvm.module.flags = !{!0, !1, !2, !3, !4, !5, !6, !7, !8}
!llvm.ident = !{!9}

!0 = !{i32 1, !"wchar_size", i32 4}
!1 = !{i32 1, !"branch-target-enforcement", i32 0}
!2 = !{i32 1, !"sign-return-address", i32 0}
!3 = !{i32 1, !"sign-return-address-all", i32 0}
!4 = !{i32 1, !"sign-return-address-with-bkey", i32 0}
!5 = !{i32 7, !"PIC Level", i32 2}
!6 = !{i32 7, !"PIE Level", i32 2}
!7 = !{i32 7, !"uwtable", i32 1}
!8 = !{i32 7, !"frame-pointer", i32 1}
!9 = !{!"Ubuntu clang version 14.0.0-1ubuntu1.1"}
*** IR Dump After RequireAnalysisPass<llvm::GlobalsAA, llvm::Module> on [module] ***
; ModuleID = 'combine.in.ll'
source_filename = "combine.c"
target datalayout = "e-m:e-i8:8:32-i16:16:32-i64:64-i128:128-n32:64-S128"
target triple = "aarch64-unknown-linux-gnu"

; Function Attrs: nofree nosync nounwind readnone uwtable
define dso_local i32 @combine(i32 noundef %0, i32 noundef %1) local_unnamed_addr #0 {
  %3 = icmp slt i32 %0, 1
  br i1 %3, label %tailrecurse._crit_edge, label %tailrecurse

tailrecurse:                                      ; preds = %2, %tailrecurse
  %.tr79 = phi i32 [ %6, %tailrecurse ], [ %1, %2 ]
  %.tr8 = phi i32 [ %4, %tailrecurse ], [ %0, %2 ]
  %4 = add nsw i32 %.tr8, -1
  %5 = mul nsw i32 %.tr79, 31
  %6 = add nsw i32 %5, %.tr8
  %7 = icmp ult i32 %.tr8, 2
  br i1 %7, label %tailrecurse._crit_edge, label %tailrecurse

tailrecurse._crit_edge:                           ; preds = %tailrecurse, %2
  %.tr7.lcssa = phi i32 [ %1, %2 ], [ %6, %tailrecurse ]
  ret i32 %.tr7.lcssa
}

attributes #0 = { nofree nosync nounwind readnone uwtable "frame-pointer"="non-leaf" "min-legal-vector-width"="0" "no-trapping-math"="true" "stack-protector-buffer-size"="8" "target-cpu"="generic" "target-features"="+neon,+outline-atomics,+v8a" }

!llvm.module.flags = !{!0, !1, !2, !3, !4, !5, !6, !7, !8}
!llvm.ident = !{!9}

!0 = !{i32 1, !"wchar_size", i32 4}
!1 = !{i32 1, !"branch-target-enforcement", i32 0}
!2 = !{i32 1, !"sign-return-address", i32 0}
!3 = !{i32 1, !"sign-return-address-all", i32 0}
!4 = !{i32 1, !"sign-return-address-with-bkey", i32 0}
!5 = !{i32 7, !"PIC Level", i32 2}
!6 = !{i32 7, !"PIE Level", i32 2}
!7 = !{i32 7, !"uwtable", i32 1}
!8 = !{i32 7, !"frame-pointer", i32 1}
!9 = !{!"Ubuntu clang version 14.0.0-1ubuntu1.1"}
*** IR Dump Before Float2IntPass on combine ***
; Function Attrs: nofree nosync nounwind readnone uwtable
define dso_local i32 @combine(i32 noundef %0, i32 noundef %1) local_unnamed_addr #0 {
  %3 = icmp slt i32 %0, 1
  br i1 %3, label %tailrecurse._crit_edge, label %tailrecurse

tailrecurse:                                      ; preds = %2, %tailrecurse
  %.tr79 = phi i32 [ %6, %tailrecurse ], [ %1, %2 ]
  %.tr8 = phi i32 [ %4, %tailrecurse ], [ %0, %2 ]
  %4 = add nsw i32 %.tr8, -1
  %5 = mul nsw i32 %.tr79, 31
  %6 = add nsw i32 %5, %.tr8
  %7 = icmp ult i32 %.tr8, 2
  br i1 %7, label %tailrecurse._crit_edge, label %tailrecurse

tailrecurse._crit_edge:                           ; preds = %tailrecurse, %2
  %.tr7.lcssa = phi i32 [ %1, %2 ], [ %6, %tailrecurse ]
  ret i32 %.tr7.lcssa
}
*** IR Dump After Float2IntPass on combine ***
; Function Attrs: nofree nosync nounwind readnone uwtable
define dso_local i32 @combine(i32 noundef %0, i32 noundef %1) local_unnamed_addr #0 {
  %3 = icmp slt i32 %0, 1
  br i1 %3, label %tailrecurse._crit_edge, label %tailrecurse

tailrecurse:                                      ; preds = %2, %tailrecurse
  %.tr79 = phi i32 [ %6, %tailrecurse ], [ %1, %2 ]
  %.tr8 = phi i32 [ %4, %tailrecurse ], [ %0, %2 ]
  %4 = add nsw i32 %.tr8, -1
  %5 = mul nsw i32 %.tr79, 31
  %6 = add nsw i32 %5, %.tr8
  %7 = icmp ult i32 %.tr8, 2
  br i1 %7, label %tailrecurse._crit_edge, label %tailrecurse

tailrecurse._crit_edge:                           ; preds = %tailrecurse, %2
  %.tr7.lcssa = phi i32 [ %1, %2 ], [ %6, %tailrecurse ]
  ret i32 %.tr7.lcssa
}
*** IR Dump Before LowerConstantIntrinsicsPass on combine ***
; Function Attrs: nofree nosync nounwind readnone uwtable
define dso_local i32 @combine(i32 noundef %0, i32 noundef %1) local_unnamed_addr #0 {
  %3 = icmp slt i32 %0, 1
  br i1 %3, label %tailrecurse._crit_edge, label %tailrecurse

tailrecurse:                                      ; preds = %2, %tailrecurse
  %.tr79 = phi i32 [ %6, %tailrecurse ], [ %1, %2 ]
  %.tr8 = phi i32 [ %4, %tailrecurse ], [ %0, %2 ]
  %4 = add nsw i32 %.tr8, -1
  %5 = mul nsw i32 %.tr79, 31
  %6 = add nsw i32 %5, %.tr8
  %7 = icmp ult i32 %.tr8, 2
  br i1 %7, label %tailrecurse._crit_edge, label %tailrecurse

tailrecurse._crit_edge:                           ; preds = %tailrecurse, %2
  %.tr7.lcssa = phi i32 [ %1, %2 ], [ %6, %tailrecurse ]
  ret i32 %.tr7.lcssa
}
*** IR Dump After LowerConstantIntrinsicsPass on combine ***
; Function Attrs: nofree nosync nounwind readnone uwtable
define dso_local i32 @combine(i32 noundef %0, i32 noundef %1) local_unnamed_addr #0 {
  %3 = icmp slt i32 %0, 1
  br i1 %3, label %tailrecurse._crit_edge, label %tailrecurse

tailrecurse:                                      ; preds = %2, %tailrecurse
  %.tr79 = phi i32 [ %6, %tailrecurse ], [ %1, %2 ]
  %.tr8 = phi i32 [ %4, %tailrecurse ], [ %0, %2 ]
  %4 = add nsw i32 %.tr8, -1
  %5 = mul nsw i32 %.tr79, 31
  %6 = add nsw i32 %5, %.tr8
  %7 = icmp ult i32 %.tr8, 2
  br i1 %7, label %tailrecurse._crit_edge, label %tailrecurse

tailrecurse._crit_edge:                           ; preds = %tailrecurse, %2
  %.tr7.lcssa = phi i32 [ %1, %2 ], [ %6, %tailrecurse ]
  ret i32 %.tr7.lcssa
}
*** IR Dump Before LoopSimplifyPass on combine ***
; Function Attrs: nofree nosync nounwind readnone uwtable
define dso_local i32 @combine(i32 noundef %0, i32 noundef %1) local_unnamed_addr #0 {
  %3 = icmp slt i32 %0, 1
  br i1 %3, label %tailrecurse._crit_edge, label %tailrecurse

tailrecurse:                                      ; preds = %2, %tailrecurse
  %.tr79 = phi i32 [ %6, %tailrecurse ], [ %1, %2 ]
  %.tr8 = phi i32 [ %4, %tailrecurse ], [ %0, %2 ]
  %4 = add nsw i32 %.tr8, -1
  %5 = mul nsw i32 %.tr79, 31
  %6 = add nsw i32 %5, %.tr8
  %7 = icmp ult i32 %.tr8, 2
  br i1 %7, label %tailrecurse._crit_edge, label %tailrecurse

tailrecurse._crit_edge:                           ; preds = %tailrecurse, %2
  %.tr7.lcssa = phi i32 [ %1, %2 ], [ %6, %tailrecurse ]
  ret i32 %.tr7.lcssa
}
*** IR Dump After LoopSimplifyPass on combine ***
; Function Attrs: nofree nosync nounwind readnone uwtable
define dso_local i32 @combine(i32 noundef %0, i32 noundef %1) local_unnamed_addr #0 {
  %3 = icmp slt i32 %0, 1
  br i1 %3, label %tailrecurse._crit_edge, label %tailrecurse.preheader

tailrecurse.preheader:                            ; preds = %2
  br label %tailrecurse

tailrecurse:                                      ; preds = %tailrecurse.preheader, %tailrecurse
  %.tr79 = phi i32 [ %6, %tailrecurse ], [ %1, %tailrecurse.preheader ]
  %.tr8 = phi i32 [ %4, %tailrecurse ], [ %0, %tailrecurse.preheader ]
  %4 = add nsw i32 %.tr8, -1
  %5 = mul nsw i32 %.tr79, 31
  %6 = add nsw i32 %5, %.tr8
  %7 = icmp ult i32 %.tr8, 2
  br i1 %7, label %tailrecurse._crit_edge.loopexit, label %tailrecurse

tailrecurse._crit_edge.loopexit:                  ; preds = %tailrecurse
  br label %tailrecurse._crit_edge

tailrecurse._crit_edge:                           ; preds = %tailrecurse._crit_edge.loopexit, %2
  %.tr7.lcssa = phi i32 [ %1, %2 ], [ %6, %tailrecurse._crit_edge.loopexit ]
  ret i32 %.tr7.lcssa
}
*** IR Dump Before LCSSAPass on combine ***
; Function Attrs: nofree nosync nounwind readnone uwtable
define dso_local i32 @combine(i32 noundef %0, i32 noundef %1) local_unnamed_addr #0 {
  %3 = icmp slt i32 %0, 1
  br i1 %3, label %tailrecurse._crit_edge, label %tailrecurse.preheader

tailrecurse.preheader:                            ; preds = %2
  br label %tailrecurse

tailrecurse:                                      ; preds = %tailrecurse.preheader, %tailrecurse
  %.tr79 = phi i32 [ %6, %tailrecurse ], [ %1, %tailrecurse.preheader ]
  %.tr8 = phi i32 [ %4, %tailrecurse ], [ %0, %tailrecurse.preheader ]
  %4 = add nsw i32 %.tr8, -1
  %5 = mul nsw i32 %.tr79, 31
  %6 = add nsw i32 %5, %.tr8
  %7 = icmp ult i32 %.tr8, 2
  br i1 %7, label %tailrecurse._crit_edge.loopexit, label %tailrecurse

tailrecurse._crit_edge.loopexit:                  ; preds = %tailrecurse
  br label %tailrecurse._crit_edge

tailrecurse._crit_edge:                           ; preds = %tailrecurse._crit_edge.loopexit, %2
  %.tr7.lcssa = phi i32 [ %1, %2 ], [ %6, %tailrecurse._crit_edge.loopexit ]
  ret i32 %.tr7.lcssa
}
*** IR Dump After LCSSAPass on combine ***
; Function Attrs: nofree nosync nounwind readnone uwtable
define dso_local i32 @combine(i32 noundef %0, i32 noundef %1) local_unnamed_addr #0 {
  %3 = icmp slt i32 %0, 1
  br i1 %3, label %tailrecurse._crit_edge, label %tailrecurse.preheader

tailrecurse.preheader:                            ; preds = %2
  br label %tailrecurse

tailrecurse:                                      ; preds = %tailrecurse.preheader, %tailrecurse
  %.tr79 = phi i32 [ %6, %tailrecurse ], [ %1, %tailrecurse.preheader ]
  %.tr8 = phi i32 [ %4, %tailrecurse ], [ %0, %tailrecurse.preheader ]
  %4 = add nsw i32 %.tr8, -1
  %5 = mul nsw i32 %.tr79, 31
  %6 = add nsw i32 %5, %.tr8
  %7 = icmp ult i32 %.tr8, 2
  br i1 %7, label %tailrecurse._crit_edge.loopexit, label %tailrecurse

tailrecurse._crit_edge.loopexit:                  ; preds = %tailrecurse
  %.lcssa = phi i32 [ %6, %tailrecurse ]
  br label %tailrecurse._crit_edge

tailrecurse._crit_edge:                           ; preds = %tailrecurse._crit_edge.loopexit, %2
  %.tr7.lcssa = phi i32 [ %1, %2 ], [ %.lcssa, %tailrecurse._crit_edge.loopexit ]
  ret i32 %.tr7.lcssa
}
*** IR Dump Before LoopRotatePass on Loop at depth 1 containing: %tailrecurse<header><latch><exiting> ***

; Preheader:
tailrecurse.preheader:                            ; preds = %2
  br label %tailrecurse

; Loop:
tailrecurse:                                      ; preds = %tailrecurse.preheader, %tailrecurse
  %.tr79 = phi i32 [ %6, %tailrecurse ], [ %1, %tailrecurse.preheader ]
  %.tr8 = phi i32 [ %4, %tailrecurse ], [ %0, %tailrecurse.preheader ]
  %4 = add nsw i32 %.tr8, -1
  %5 = mul nsw i32 %.tr79, 31
  %6 = add nsw i32 %5, %.tr8
  %7 = icmp ult i32 %.tr8, 2
  br i1 %7, label %tailrecurse._crit_edge.loopexit, label %tailrecurse

; Exit blocks
tailrecurse._crit_edge.loopexit:                  ; preds = %tailrecurse
  %.lcssa = phi i32 [ %6, %tailrecurse ]
  br label %tailrecurse._crit_edge
*** IR Dump After LoopRotatePass on Loop at depth 1 containing: %tailrecurse<header><latch><exiting> ***

; Preheader:
tailrecurse.preheader:                            ; preds = %2
  br label %tailrecurse

; Loop:
tailrecurse:                                      ; preds = %tailrecurse.preheader, %tailrecurse
  %.tr79 = phi i32 [ %6, %tailrecurse ], [ %1, %tailrecurse.preheader ]
  %.tr8 = phi i32 [ %4, %tailrecurse ], [ %0, %tailrecurse.preheader ]
  %4 = add nsw i32 %.tr8, -1
  %5 = mul nsw i32 %.tr79, 31
  %6 = add nsw i32 %5, %.tr8
  %7 = icmp ult i32 %.tr8, 2
  br i1 %7, label %tailrecurse._crit_edge.loopexit, label %tailrecurse

; Exit blocks
tailrecurse._crit_edge.loopexit:                  ; preds = %tailrecurse
  %.lcssa = phi i32 [ %6, %tailrecurse ]
  br label %tailrecurse._crit_edge
*** IR Dump Before LoopDeletionPass on Loop at depth 1 containing: %tailrecurse<header><latch><exiting> ***

; Preheader:
tailrecurse.preheader:                            ; preds = %2
  br label %tailrecurse

; Loop:
tailrecurse:                                      ; preds = %tailrecurse.preheader, %tailrecurse
  %.tr79 = phi i32 [ %6, %tailrecurse ], [ %1, %tailrecurse.preheader ]
  %.tr8 = phi i32 [ %4, %tailrecurse ], [ %0, %tailrecurse.preheader ]
  %4 = add nsw i32 %.tr8, -1
  %5 = mul nsw i32 %.tr79, 31
  %6 = add nsw i32 %5, %.tr8
  %7 = icmp ult i32 %.tr8, 2
  br i1 %7, label %tailrecurse._crit_edge.loopexit, label %tailrecurse

; Exit blocks
tailrecurse._crit_edge.loopexit:                  ; preds = %tailrecurse
  %.lcssa = phi i32 [ %6, %tailrecurse ]
  br label %tailrecurse._crit_edge
*** IR Dump After LoopDeletionPass on Loop at depth 1 containing: %tailrecurse<header><latch><exiting> ***

; Preheader:
tailrecurse.preheader:                            ; preds = %2
  br label %tailrecurse

; Loop:
tailrecurse:                                      ; preds = %tailrecurse.preheader, %tailrecurse
  %.tr79 = phi i32 [ %6, %tailrecurse ], [ %1, %tailrecurse.preheader ]
  %.tr8 = phi i32 [ %4, %tailrecurse ], [ %0, %tailrecurse.preheader ]
  %4 = add nsw i32 %.tr8, -1
  %5 = mul nsw i32 %.tr79, 31
  %6 = add nsw i32 %5, %.tr8
  %7 = icmp ult i32 %.tr8, 2
  br i1 %7, label %tailrecurse._crit_edge.loopexit, label %tailrecurse

; Exit blocks
tailrecurse._crit_edge.loopexit:                  ; preds = %tailrecurse
  %.lcssa = phi i32 [ %6, %tailrecurse ]
  br label %tailrecurse._crit_edge
*** IR Dump Before LoopDistributePass on combine ***
; Function Attrs: nofree nosync nounwind readnone uwtable
define dso_local i32 @combine(i32 noundef %0, i32 noundef %1) local_unnamed_addr #0 {
  %3 = icmp slt i32 %0, 1
  br i1 %3, label %tailrecurse._crit_edge, label %tailrecurse.preheader

tailrecurse.preheader:                            ; preds = %2
  br label %tailrecurse

tailrecurse:                                      ; preds = %tailrecurse.preheader, %tailrecurse
  %.tr79 = phi i32 [ %6, %tailrecurse ], [ %1, %tailrecurse.preheader ]
  %.tr8 = phi i32 [ %4, %tailrecurse ], [ %0, %tailrecurse.preheader ]
  %4 = add nsw i32 %.tr8, -1
  %5 = mul nsw i32 %.tr79, 31
  %6 = add nsw i32 %5, %.tr8
  %7 = icmp ult i32 %.tr8, 2
  br i1 %7, label %tailrecurse._crit_edge.loopexit, label %tailrecurse

tailrecurse._crit_edge.loopexit:                  ; preds = %tailrecurse
  %.lcssa = phi i32 [ %6, %tailrecurse ]
  br label %tailrecurse._crit_edge

tailrecurse._crit_edge:                           ; preds = %tailrecurse._crit_edge.loopexit, %2
  %.tr7.lcssa = phi i32 [ %1, %2 ], [ %.lcssa, %tailrecurse._crit_edge.loopexit ]
  ret i32 %.tr7.lcssa
}
*** IR Dump After LoopDistributePass on combine ***
; Function Attrs: nofree nosync nounwind readnone uwtable
define dso_local i32 @combine(i32 noundef %0, i32 noundef %1) local_unnamed_addr #0 {
  %3 = icmp slt i32 %0, 1
  br i1 %3, label %tailrecurse._crit_edge, label %tailrecurse.preheader

tailrecurse.preheader:                            ; preds = %2
  br label %tailrecurse

tailrecurse:                                      ; preds = %tailrecurse.preheader, %tailrecurse
  %.tr79 = phi i32 [ %6, %tailrecurse ], [ %1, %tailrecurse.preheader ]
  %.tr8 = phi i32 [ %4, %tailrecurse ], [ %0, %tailrecurse.preheader ]
  %4 = add nsw i32 %.tr8, -1
  %5 = mul nsw i32 %.tr79, 31
  %6 = add nsw i32 %5, %.tr8
  %7 = icmp ult i32 %.tr8, 2
  br i1 %7, label %tailrecurse._crit_edge.loopexit, label %tailrecurse

tailrecurse._crit_edge.loopexit:                  ; preds = %tailrecurse
  %.lcssa = phi i32 [ %6, %tailrecurse ]
  br label %tailrecurse._crit_edge

tailrecurse._crit_edge:                           ; preds = %tailrecurse._crit_edge.loopexit, %2
  %.tr7.lcssa = phi i32 [ %1, %2 ], [ %.lcssa, %tailrecurse._crit_edge.loopexit ]
  ret i32 %.tr7.lcssa
}
*** IR Dump Before InjectTLIMappings on combine ***
; Function Attrs: nofree nosync nounwind readnone uwtable
define dso_local i32 @combine(i32 noundef %0, i32 noundef %1) local_unnamed_addr #0 {
  %3 = icmp slt i32 %0, 1
  br i1 %3, label %tailrecurse._crit_edge, label %tailrecurse.preheader

tailrecurse.preheader:                            ; preds = %2
  br label %tailrecurse

tailrecurse:                                      ; preds = %tailrecurse.preheader, %tailrecurse
  %.tr79 = phi i32 [ %6, %tailrecurse ], [ %1, %tailrecurse.preheader ]
  %.tr8 = phi i32 [ %4, %tailrecurse ], [ %0, %tailrecurse.preheader ]
  %4 = add nsw i32 %.tr8, -1
  %5 = mul nsw i32 %.tr79, 31
  %6 = add nsw i32 %5, %.tr8
  %7 = icmp ult i32 %.tr8, 2
  br i1 %7, label %tailrecurse._crit_edge.loopexit, label %tailrecurse

tailrecurse._crit_edge.loopexit:                  ; preds = %tailrecurse
  %.lcssa = phi i32 [ %6, %tailrecurse ]
  br label %tailrecurse._crit_edge

tailrecurse._crit_edge:                           ; preds = %tailrecurse._crit_edge.loopexit, %2
  %.tr7.lcssa = phi i32 [ %1, %2 ], [ %.lcssa, %tailrecurse._crit_edge.loopexit ]
  ret i32 %.tr7.lcssa
}
*** IR Dump After InjectTLIMappings on combine ***
; Function Attrs: nofree nosync nounwind readnone uwtable
define dso_local i32 @combine(i32 noundef %0, i32 noundef %1) local_unnamed_addr #0 {
  %3 = icmp slt i32 %0, 1
  br i1 %3, label %tailrecurse._crit_edge, label %tailrecurse.preheader

tailrecurse.preheader:                            ; preds = %2
  br label %tailrecurse

tailrecurse:                                      ; preds = %tailrecurse.preheader, %tailrecurse
  %.tr79 = phi i32 [ %6, %tailrecurse ], [ %1, %tailrecurse.preheader ]
  %.tr8 = phi i32 [ %4, %tailrecurse ], [ %0, %tailrecurse.preheader ]
  %4 = add nsw i32 %.tr8, -1
  %5 = mul nsw i32 %.tr79, 31
  %6 = add nsw i32 %5, %.tr8
  %7 = icmp ult i32 %.tr8, 2
  br i1 %7, label %tailrecurse._crit_edge.loopexit, label %tailrecurse

tailrecurse._crit_edge.loopexit:                  ; preds = %tailrecurse
  %.lcssa = phi i32 [ %6, %tailrecurse ]
  br label %tailrecurse._crit_edge

tailrecurse._crit_edge:                           ; preds = %tailrecurse._crit_edge.loopexit, %2
  %.tr7.lcssa = phi i32 [ %1, %2 ], [ %.lcssa, %tailrecurse._crit_edge.loopexit ]
  ret i32 %.tr7.lcssa
}
*** IR Dump Before LoopVectorizePass on combine ***
; Function Attrs: nofree nosync nounwind readnone uwtable
define dso_local i32 @combine(i32 noundef %0, i32 noundef %1) local_unnamed_addr #0 {
  %3 = icmp slt i32 %0, 1
  br i1 %3, label %tailrecurse._crit_edge, label %tailrecurse.preheader

tailrecurse.preheader:                            ; preds = %2
  br label %tailrecurse

tailrecurse:                                      ; preds = %tailrecurse.preheader, %tailrecurse
  %.tr79 = phi i32 [ %6, %tailrecurse ], [ %1, %tailrecurse.preheader ]
  %.tr8 = phi i32 [ %4, %tailrecurse ], [ %0, %tailrecurse.preheader ]
  %4 = add nsw i32 %.tr8, -1
  %5 = mul nsw i32 %.tr79, 31
  %6 = add nsw i32 %5, %.tr8
  %7 = icmp ult i32 %.tr8, 2
  br i1 %7, label %tailrecurse._crit_edge.loopexit, label %tailrecurse

tailrecurse._crit_edge.loopexit:                  ; preds = %tailrecurse
  %.lcssa = phi i32 [ %6, %tailrecurse ]
  br label %tailrecurse._crit_edge

tailrecurse._crit_edge:                           ; preds = %tailrecurse._crit_edge.loopexit, %2
  %.tr7.lcssa = phi i32 [ %1, %2 ], [ %.lcssa, %tailrecurse._crit_edge.loopexit ]
  ret i32 %.tr7.lcssa
}
*** IR Dump After LoopVectorizePass on combine ***
; Function Attrs: nofree nosync nounwind readnone uwtable
define dso_local i32 @combine(i32 noundef %0, i32 noundef %1) local_unnamed_addr #0 {
  %3 = icmp slt i32 %0, 1
  br i1 %3, label %tailrecurse._crit_edge, label %tailrecurse.preheader

tailrecurse.preheader:                            ; preds = %2
  br label %tailrecurse

tailrecurse:                                      ; preds = %tailrecurse.preheader, %tailrecurse
  %.tr79 = phi i32 [ %6, %tailrecurse ], [ %1, %tailrecurse.preheader ]
  %.tr8 = phi i32 [ %4, %tailrecurse ], [ %0, %tailrecurse.preheader ]
  %4 = add nsw i32 %.tr8, -1
  %5 = mul nsw i32 %.tr79, 31
  %6 = add nsw i32 %5, %.tr8
  %7 = icmp ult i32 %.tr8, 2
  br i1 %7, label %tailrecurse._crit_edge.loopexit, label %tailrecurse

tailrecurse._crit_edge.loopexit:                  ; preds = %tailrecurse
  %.lcssa = phi i32 [ %6, %tailrecurse ]
  br label %tailrecurse._crit_edge

tailrecurse._crit_edge:                           ; preds = %tailrecurse._crit_edge.loopexit, %2
  %.tr7.lcssa = phi i32 [ %1, %2 ], [ %.lcssa, %tailrecurse._crit_edge.loopexit ]
  ret i32 %.tr7.lcssa
}
*** IR Dump Before LoopLoadEliminationPass on combine ***
; Function Attrs: nofree nosync nounwind readnone uwtable
define dso_local i32 @combine(i32 noundef %0, i32 noundef %1) local_unnamed_addr #0 {
  %3 = icmp slt i32 %0, 1
  br i1 %3, label %tailrecurse._crit_edge, label %tailrecurse.preheader

tailrecurse.preheader:                            ; preds = %2
  br label %tailrecurse

tailrecurse:                                      ; preds = %tailrecurse.preheader, %tailrecurse
  %.tr79 = phi i32 [ %6, %tailrecurse ], [ %1, %tailrecurse.preheader ]
  %.tr8 = phi i32 [ %4, %tailrecurse ], [ %0, %tailrecurse.preheader ]
  %4 = add nsw i32 %.tr8, -1
  %5 = mul nsw i32 %.tr79, 31
  %6 = add nsw i32 %5, %.tr8
  %7 = icmp ult i32 %.tr8, 2
  br i1 %7, label %tailrecurse._crit_edge.loopexit, label %tailrecurse

tailrecurse._crit_edge.loopexit:                  ; preds = %tailrecurse
  %.lcssa = phi i32 [ %6, %tailrecurse ]
  br label %tailrecurse._crit_edge

tailrecurse._crit_edge:                           ; preds = %tailrecurse._crit_edge.loopexit, %2
  %.tr7.lcssa = phi i32 [ %1, %2 ], [ %.lcssa, %tailrecurse._crit_edge.loopexit ]
  ret i32 %.tr7.lcssa
}
*** IR Dump After LoopLoadEliminationPass on combine ***
; Function Attrs: nofree nosync nounwind readnone uwtable
define dso_local i32 @combine(i32 noundef %0, i32 noundef %1) local_unnamed_addr #0 {
  %3 = icmp slt i32 %0, 1
  br i1 %3, label %tailrecurse._crit_edge, label %tailrecurse.preheader

tailrecurse.preheader:                            ; preds = %2
  br label %tailrecurse

tailrecurse:                                      ; preds = %tailrecurse.preheader, %tailrecurse
  %.tr79 = phi i32 [ %6, %tailrecurse ], [ %1, %tailrecurse.preheader ]
  %.tr8 = phi i32 [ %4, %tailrecurse ], [ %0, %tailrecurse.preheader ]
  %4 = add nsw i32 %.tr8, -1
  %5 = mul nsw i32 %.tr79, 31
  %6 = add nsw i32 %5, %.tr8
  %7 = icmp ult i32 %.tr8, 2
  br i1 %7, label %tailrecurse._crit_edge.loopexit, label %tailrecurse

tailrecurse._crit_edge.loopexit:                  ; preds = %tailrecurse
  %.lcssa = phi i32 [ %6, %tailrecurse ]
  br label %tailrecurse._crit_edge

tailrecurse._crit_edge:                           ; preds = %tailrecurse._crit_edge.loopexit, %2
  %.tr7.lcssa = phi i32 [ %1, %2 ], [ %.lcssa, %tailrecurse._crit_edge.loopexit ]
  ret i32 %.tr7.lcssa
}
*** IR Dump Before InstCombinePass on combine ***
; Function Attrs: nofree nosync nounwind readnone uwtable
define dso_local i32 @combine(i32 noundef %0, i32 noundef %1) local_unnamed_addr #0 {
  %3 = icmp slt i32 %0, 1
  br i1 %3, label %tailrecurse._crit_edge, label %tailrecurse.preheader

tailrecurse.preheader:                            ; preds = %2
  br label %tailrecurse

tailrecurse:                                      ; preds = %tailrecurse.preheader, %tailrecurse
  %.tr79 = phi i32 [ %6, %tailrecurse ], [ %1, %tailrecurse.preheader ]
  %.tr8 = phi i32 [ %4, %tailrecurse ], [ %0, %tailrecurse.preheader ]
  %4 = add nsw i32 %.tr8, -1
  %5 = mul nsw i32 %.tr79, 31
  %6 = add nsw i32 %5, %.tr8
  %7 = icmp ult i32 %.tr8, 2
  br i1 %7, label %tailrecurse._crit_edge.loopexit, label %tailrecurse

tailrecurse._crit_edge.loopexit:                  ; preds = %tailrecurse
  %.lcssa = phi i32 [ %6, %tailrecurse ]
  br label %tailrecurse._crit_edge

tailrecurse._crit_edge:                           ; preds = %tailrecurse._crit_edge.loopexit, %2
  %.tr7.lcssa = phi i32 [ %1, %2 ], [ %.lcssa, %tailrecurse._crit_edge.loopexit ]
  ret i32 %.tr7.lcssa
}
*** IR Dump After InstCombinePass on combine ***
; Function Attrs: nofree nosync nounwind readnone uwtable
define dso_local i32 @combine(i32 noundef %0, i32 noundef %1) local_unnamed_addr #0 {
  %3 = icmp slt i32 %0, 1
  br i1 %3, label %tailrecurse._crit_edge, label %tailrecurse.preheader

tailrecurse.preheader:                            ; preds = %2
  br label %tailrecurse

tailrecurse:                                      ; preds = %tailrecurse.preheader, %tailrecurse
  %.tr79 = phi i32 [ %6, %tailrecurse ], [ %1, %tailrecurse.preheader ]
  %.tr8 = phi i32 [ %4, %tailrecurse ], [ %0, %tailrecurse.preheader ]
  %4 = add nsw i32 %.tr8, -1
  %5 = mul nsw i32 %.tr79, 31
  %6 = add nsw i32 %5, %.tr8
  %7 = icmp ult i32 %.tr8, 2
  br i1 %7, label %tailrecurse._crit_edge.loopexit, label %tailrecurse

tailrecurse._crit_edge.loopexit:                  ; preds = %tailrecurse
  br label %tailrecurse._crit_edge

tailrecurse._crit_edge:                           ; preds = %tailrecurse._crit_edge.loopexit, %2
  %.tr7.lcssa = phi i32 [ %1, %2 ], [ %6, %tailrecurse._crit_edge.loopexit ]
  ret i32 %.tr7.lcssa
}
*** IR Dump Before SimplifyCFGPass on combine ***
; Function Attrs: nofree nosync nounwind readnone uwtable
define dso_local i32 @combine(i32 noundef %0, i32 noundef %1) local_unnamed_addr #0 {
  %3 = icmp slt i32 %0, 1
  br i1 %3, label %tailrecurse._crit_edge, label %tailrecurse.preheader

tailrecurse.preheader:                            ; preds = %2
  br label %tailrecurse

tailrecurse:                                      ; preds = %tailrecurse.preheader, %tailrecurse
  %.tr79 = phi i32 [ %6, %tailrecurse ], [ %1, %tailrecurse.preheader ]
  %.tr8 = phi i32 [ %4, %tailrecurse ], [ %0, %tailrecurse.preheader ]
  %4 = add nsw i32 %.tr8, -1
  %5 = mul nsw i32 %.tr79, 31
  %6 = add nsw i32 %5, %.tr8
  %7 = icmp ult i32 %.tr8, 2
  br i1 %7, label %tailrecurse._crit_edge.loopexit, label %tailrecurse

tailrecurse._crit_edge.loopexit:                  ; preds = %tailrecurse
  br label %tailrecurse._crit_edge

tailrecurse._crit_edge:                           ; preds = %tailrecurse._crit_edge.loopexit, %2
  %.tr7.lcssa = phi i32 [ %1, %2 ], [ %6, %tailrecurse._crit_edge.loopexit ]
  ret i32 %.tr7.lcssa
}
*** IR Dump After SimplifyCFGPass on combine ***
; Function Attrs: nofree nosync nounwind readnone uwtable
define dso_local i32 @combine(i32 noundef %0, i32 noundef %1) local_unnamed_addr #0 {
  %3 = icmp slt i32 %0, 1
  br i1 %3, label %tailrecurse._crit_edge, label %tailrecurse

tailrecurse:                                      ; preds = %2, %tailrecurse
  %.tr79 = phi i32 [ %6, %tailrecurse ], [ %1, %2 ]
  %.tr8 = phi i32 [ %4, %tailrecurse ], [ %0, %2 ]
  %4 = add nsw i32 %.tr8, -1
  %5 = mul nsw i32 %.tr79, 31
  %6 = add nsw i32 %5, %.tr8
  %7 = icmp ult i32 %.tr8, 2
  br i1 %7, label %tailrecurse._crit_edge, label %tailrecurse

tailrecurse._crit_edge:                           ; preds = %tailrecurse, %2
  %.tr7.lcssa = phi i32 [ %1, %2 ], [ %6, %tailrecurse ]
  ret i32 %.tr7.lcssa
}
*** IR Dump Before SLPVectorizerPass on combine ***
; Function Attrs: nofree nosync nounwind readnone uwtable
define dso_local i32 @combine(i32 noundef %0, i32 noundef %1) local_unnamed_addr #0 {
  %3 = icmp slt i32 %0, 1
  br i1 %3, label %tailrecurse._crit_edge, label %tailrecurse

tailrecurse:                                      ; preds = %2, %tailrecurse
  %.tr79 = phi i32 [ %6, %tailrecurse ], [ %1, %2 ]
  %.tr8 = phi i32 [ %4, %tailrecurse ], [ %0, %2 ]
  %4 = add nsw i32 %.tr8, -1
  %5 = mul nsw i32 %.tr79, 31
  %6 = add nsw i32 %5, %.tr8
  %7 = icmp ult i32 %.tr8, 2
  br i1 %7, label %tailrecurse._crit_edge, label %tailrecurse

tailrecurse._crit_edge:                           ; preds = %tailrecurse, %2
  %.tr7.lcssa = phi i32 [ %1, %2 ], [ %6, %tailrecurse ]
  ret i32 %.tr7.lcssa
}
*** IR Dump After SLPVectorizerPass on combine ***
; Function Attrs: nofree nosync nounwind readnone uwtable
define dso_local i32 @combine(i32 noundef %0, i32 noundef %1) local_unnamed_addr #0 {
  %3 = icmp slt i32 %0, 1
  br i1 %3, label %tailrecurse._crit_edge, label %tailrecurse

tailrecurse:                                      ; preds = %2, %tailrecurse
  %.tr79 = phi i32 [ %6, %tailrecurse ], [ %1, %2 ]
  %.tr8 = phi i32 [ %4, %tailrecurse ], [ %0, %2 ]
  %4 = add nsw i32 %.tr8, -1
  %5 = mul nsw i32 %.tr79, 31
  %6 = add nsw i32 %5, %.tr8
  %7 = icmp ult i32 %.tr8, 2
  br i1 %7, label %tailrecurse._crit_edge, label %tailrecurse

tailrecurse._crit_edge:                           ; preds = %tailrecurse, %2
  %.tr7.lcssa = phi i32 [ %1, %2 ], [ %6, %tailrecurse ]
  ret i32 %.tr7.lcssa
}
*** IR Dump Before VectorCombinePass on combine ***
; Function Attrs: nofree nosync nounwind readnone uwtable
define dso_local i32 @combine(i32 noundef %0, i32 noundef %1) local_unnamed_addr #0 {
  %3 = icmp slt i32 %0, 1
  br i1 %3, label %tailrecurse._crit_edge, label %tailrecurse

tailrecurse:                                      ; preds = %2, %tailrecurse
  %.tr79 = phi i32 [ %6, %tailrecurse ], [ %1, %2 ]
  %.tr8 = phi i32 [ %4, %tailrecurse ], [ %0, %2 ]
  %4 = add nsw i32 %.tr8, -1
  %5 = mul nsw i32 %.tr79, 31
  %6 = add nsw i32 %5, %.tr8
  %7 = icmp ult i32 %.tr8, 2
  br i1 %7, label %tailrecurse._crit_edge, label %tailrecurse

tailrecurse._crit_edge:                           ; preds = %tailrecurse, %2
  %.tr7.lcssa = phi i32 [ %1, %2 ], [ %6, %tailrecurse ]
  ret i32 %.tr7.lcssa
}
*** IR Dump After VectorCombinePass on combine ***
; Function Attrs: nofree nosync nounwind readnone uwtable
define dso_local i32 @combine(i32 noundef %0, i32 noundef %1) local_unnamed_addr #0 {
  %3 = icmp slt i32 %0, 1
  br i1 %3, label %tailrecurse._crit_edge, label %tailrecurse

tailrecurse:                                      ; preds = %2, %tailrecurse
  %.tr79 = phi i32 [ %6, %tailrecurse ], [ %1, %2 ]
  %.tr8 = phi i32 [ %4, %tailrecurse ], [ %0, %2 ]
  %4 = add nsw i32 %.tr8, -1
  %5 = mul nsw i32 %.tr79, 31
  %6 = add nsw i32 %5, %.tr8
  %7 = icmp ult i32 %.tr8, 2
  br i1 %7, label %tailrecurse._crit_edge, label %tailrecurse

tailrecurse._crit_edge:                           ; preds = %tailrecurse, %2
  %.tr7.lcssa = phi i32 [ %1, %2 ], [ %6, %tailrecurse ]
  ret i32 %.tr7.lcssa
}
*** IR Dump Before InstCombinePass on combine ***
; Function Attrs: nofree nosync nounwind readnone uwtable
define dso_local i32 @combine(i32 noundef %0, i32 noundef %1) local_unnamed_addr #0 {
  %3 = icmp slt i32 %0, 1
  br i1 %3, label %tailrecurse._crit_edge, label %tailrecurse

tailrecurse:                                      ; preds = %2, %tailrecurse
  %.tr79 = phi i32 [ %6, %tailrecurse ], [ %1, %2 ]
  %.tr8 = phi i32 [ %4, %tailrecurse ], [ %0, %2 ]
  %4 = add nsw i32 %.tr8, -1
  %5 = mul nsw i32 %.tr79, 31
  %6 = add nsw i32 %5, %.tr8
  %7 = icmp ult i32 %.tr8, 2
  br i1 %7, label %tailrecurse._crit_edge, label %tailrecurse

tailrecurse._crit_edge:                           ; preds = %tailrecurse, %2
  %.tr7.lcssa = phi i32 [ %1, %2 ], [ %6, %tailrecurse ]
  ret i32 %.tr7.lcssa
}
*** IR Dump After InstCombinePass on combine ***
; Function Attrs: nofree nosync nounwind readnone uwtable
define dso_local i32 @combine(i32 noundef %0, i32 noundef %1) local_unnamed_addr #0 {
  %3 = icmp slt i32 %0, 1
  br i1 %3, label %tailrecurse._crit_edge, label %tailrecurse

tailrecurse:                                      ; preds = %2, %tailrecurse
  %.tr79 = phi i32 [ %6, %tailrecurse ], [ %1, %2 ]
  %.tr8 = phi i32 [ %4, %tailrecurse ], [ %0, %2 ]
  %4 = add nsw i32 %.tr8, -1
  %5 = mul nsw i32 %.tr79, 31
  %6 = add nsw i32 %5, %.tr8
  %7 = icmp ult i32 %.tr8, 2
  br i1 %7, label %tailrecurse._crit_edge, label %tailrecurse

tailrecurse._crit_edge:                           ; preds = %tailrecurse, %2
  %.tr7.lcssa = phi i32 [ %1, %2 ], [ %6, %tailrecurse ]
  ret i32 %.tr7.lcssa
}
*** IR Dump Before LoopUnrollPass on combine ***
; Function Attrs: nofree nosync nounwind readnone uwtable
define dso_local i32 @combine(i32 noundef %0, i32 noundef %1) local_unnamed_addr #0 {
  %3 = icmp slt i32 %0, 1
  br i1 %3, label %tailrecurse._crit_edge, label %tailrecurse

tailrecurse:                                      ; preds = %2, %tailrecurse
  %.tr79 = phi i32 [ %6, %tailrecurse ], [ %1, %2 ]
  %.tr8 = phi i32 [ %4, %tailrecurse ], [ %0, %2 ]
  %4 = add nsw i32 %.tr8, -1
  %5 = mul nsw i32 %.tr79, 31
  %6 = add nsw i32 %5, %.tr8
  %7 = icmp ult i32 %.tr8, 2
  br i1 %7, label %tailrecurse._crit_edge, label %tailrecurse

tailrecurse._crit_edge:                           ; preds = %tailrecurse, %2
  %.tr7.lcssa = phi i32 [ %1, %2 ], [ %6, %tailrecurse ]
  ret i32 %.tr7.lcssa
}
*** IR Dump After LoopUnrollPass on combine ***
; Function Attrs: nofree nosync nounwind readnone uwtable
define dso_local i32 @combine(i32 noundef %0, i32 noundef %1) local_unnamed_addr #0 {
  %3 = icmp slt i32 %0, 1
  br i1 %3, label %tailrecurse._crit_edge, label %tailrecurse.preheader

tailrecurse.preheader:                            ; preds = %2
  br label %tailrecurse

tailrecurse:                                      ; preds = %tailrecurse.preheader, %tailrecurse
  %.tr79 = phi i32 [ %6, %tailrecurse ], [ %1, %tailrecurse.preheader ]
  %.tr8 = phi i32 [ %4, %tailrecurse ], [ %0, %tailrecurse.preheader ]
  %4 = add nsw i32 %.tr8, -1
  %5 = mul nsw i32 %.tr79, 31
  %6 = add nsw i32 %5, %.tr8
  %7 = icmp ult i32 %.tr8, 2
  br i1 %7, label %tailrecurse._crit_edge.loopexit, label %tailrecurse

tailrecurse._crit_edge.loopexit:                  ; preds = %tailrecurse
  %.lcssa = phi i32 [ %6, %tailrecurse ]
  br label %tailrecurse._crit_edge

tailrecurse._crit_edge:                           ; preds = %tailrecurse._crit_edge.loopexit, %2
  %.tr7.lcssa = phi i32 [ %1, %2 ], [ %.lcssa, %tailrecurse._crit_edge.loopexit ]
  ret i32 %.tr7.lcssa
}
*** IR Dump Before WarnMissedTransformationsPass on combine ***
; Function Attrs: nofree nosync nounwind readnone uwtable
define dso_local i32 @combine(i32 noundef %0, i32 noundef %1) local_unnamed_addr #0 {
  %3 = icmp slt i32 %0, 1
  br i1 %3, label %tailrecurse._crit_edge, label %tailrecurse.preheader

tailrecurse.preheader:                            ; preds = %2
  br label %tailrecurse

tailrecurse:                                      ; preds = %tailrecurse.preheader, %tailrecurse
  %.tr79 = phi i32 [ %6, %tailrecurse ], [ %1, %tailrecurse.preheader ]
  %.tr8 = phi i32 [ %4, %tailrecurse ], [ %0, %tailrecurse.preheader ]
  %4 = add nsw i32 %.tr8, -1
  %5 = mul nsw i32 %.tr79, 31
  %6 = add nsw i32 %5, %.tr8
  %7 = icmp ult i32 %.tr8, 2
  br i1 %7, label %tailrecurse._crit_edge.loopexit, label %tailrecurse

tailrecurse._crit_edge.loopexit:                  ; preds = %tailrecurse
  %.lcssa = phi i32 [ %6, %tailrecurse ]
  br label %tailrecurse._crit_edge

tailrecurse._crit_edge:                           ; preds = %tailrecurse._crit_edge.loopexit, %2
  %.tr7.lcssa = phi i32 [ %1, %2 ], [ %.lcssa, %tailrecurse._crit_edge.loopexit ]
  ret i32 %.tr7.lcssa
}
*** IR Dump After WarnMissedTransformationsPass on combine ***
; Function Attrs: nofree nosync nounwind readnone uwtable
define dso_local i32 @combine(i32 noundef %0, i32 noundef %1) local_unnamed_addr #0 {
  %3 = icmp slt i32 %0, 1
  br i1 %3, label %tailrecurse._crit_edge, label %tailrecurse.preheader

tailrecurse.preheader:                            ; preds = %2
  br label %tailrecurse

tailrecurse:                                      ; preds = %tailrecurse.preheader, %tailrecurse
  %.tr79 = phi i32 [ %6, %tailrecurse ], [ %1, %tailrecurse.preheader ]
  %.tr8 = phi i32 [ %4, %tailrecurse ], [ %0, %tailrecurse.preheader ]
  %4 = add nsw i32 %.tr8, -1
  %5 = mul nsw i32 %.tr79, 31
  %6 = add nsw i32 %5, %.tr8
  %7 = icmp ult i32 %.tr8, 2
  br i1 %7, label %tailrecurse._crit_edge.loopexit, label %tailrecurse

tailrecurse._crit_edge.loopexit:                  ; preds = %tailrecurse
  %.lcssa = phi i32 [ %6, %tailrecurse ]
  br label %tailrecurse._crit_edge

tailrecurse._crit_edge:                           ; preds = %tailrecurse._crit_edge.loopexit, %2
  %.tr7.lcssa = phi i32 [ %1, %2 ], [ %.lcssa, %tailrecurse._crit_edge.loopexit ]
  ret i32 %.tr7.lcssa
}
*** IR Dump Before InstCombinePass on combine ***
; Function Attrs: nofree nosync nounwind readnone uwtable
define dso_local i32 @combine(i32 noundef %0, i32 noundef %1) local_unnamed_addr #0 {
  %3 = icmp slt i32 %0, 1
  br i1 %3, label %tailrecurse._crit_edge, label %tailrecurse.preheader

tailrecurse.preheader:                            ; preds = %2
  br label %tailrecurse

tailrecurse:                                      ; preds = %tailrecurse.preheader, %tailrecurse
  %.tr79 = phi i32 [ %6, %tailrecurse ], [ %1, %tailrecurse.preheader ]
  %.tr8 = phi i32 [ %4, %tailrecurse ], [ %0, %tailrecurse.preheader ]
  %4 = add nsw i32 %.tr8, -1
  %5 = mul nsw i32 %.tr79, 31
  %6 = add nsw i32 %5, %.tr8
  %7 = icmp ult i32 %.tr8, 2
  br i1 %7, label %tailrecurse._crit_edge.loopexit, label %tailrecurse

tailrecurse._crit_edge.loopexit:                  ; preds = %tailrecurse
  %.lcssa = phi i32 [ %6, %tailrecurse ]
  br label %tailrecurse._crit_edge

tailrecurse._crit_edge:                           ; preds = %tailrecurse._crit_edge.loopexit, %2
  %.tr7.lcssa = phi i32 [ %1, %2 ], [ %.lcssa, %tailrecurse._crit_edge.loopexit ]
  ret i32 %.tr7.lcssa
}
*** IR Dump After InstCombinePass on combine ***
; Function Attrs: nofree nosync nounwind readnone uwtable
define dso_local i32 @combine(i32 noundef %0, i32 noundef %1) local_unnamed_addr #0 {
  %3 = icmp slt i32 %0, 1
  br i1 %3, label %tailrecurse._crit_edge, label %tailrecurse.preheader

tailrecurse.preheader:                            ; preds = %2
  br label %tailrecurse

tailrecurse:                                      ; preds = %tailrecurse.preheader, %tailrecurse
  %.tr79 = phi i32 [ %6, %tailrecurse ], [ %1, %tailrecurse.preheader ]
  %.tr8 = phi i32 [ %4, %tailrecurse ], [ %0, %tailrecurse.preheader ]
  %4 = add nsw i32 %.tr8, -1
  %5 = mul nsw i32 %.tr79, 31
  %6 = add nsw i32 %5, %.tr8
  %7 = icmp ult i32 %.tr8, 2
  br i1 %7, label %tailrecurse._crit_edge.loopexit, label %tailrecurse

tailrecurse._crit_edge.loopexit:                  ; preds = %tailrecurse
  br label %tailrecurse._crit_edge

tailrecurse._crit_edge:                           ; preds = %tailrecurse._crit_edge.loopexit, %2
  %.tr7.lcssa = phi i32 [ %1, %2 ], [ %6, %tailrecurse._crit_edge.loopexit ]
  ret i32 %.tr7.lcssa
}
*** IR Dump Before RequireAnalysisPass<llvm::OptimizationRemarkEmitterAnalysis, llvm::Function> on combine ***
; Function Attrs: nofree nosync nounwind readnone uwtable
define dso_local i32 @combine(i32 noundef %0, i32 noundef %1) local_unnamed_addr #0 {
  %3 = icmp slt i32 %0, 1
  br i1 %3, label %tailrecurse._crit_edge, label %tailrecurse.preheader

tailrecurse.preheader:                            ; preds = %2
  br label %tailrecurse

tailrecurse:                                      ; preds = %tailrecurse.preheader, %tailrecurse
  %.tr79 = phi i32 [ %6, %tailrecurse ], [ %1, %tailrecurse.preheader ]
  %.tr8 = phi i32 [ %4, %tailrecurse ], [ %0, %tailrecurse.preheader ]
  %4 = add nsw i32 %.tr8, -1
  %5 = mul nsw i32 %.tr79, 31
  %6 = add nsw i32 %5, %.tr8
  %7 = icmp ult i32 %.tr8, 2
  br i1 %7, label %tailrecurse._crit_edge.loopexit, label %tailrecurse

tailrecurse._crit_edge.loopexit:                  ; preds = %tailrecurse
  br label %tailrecurse._crit_edge

tailrecurse._crit_edge:                           ; preds = %tailrecurse._crit_edge.loopexit, %2
  %.tr7.lcssa = phi i32 [ %1, %2 ], [ %6, %tailrecurse._crit_edge.loopexit ]
  ret i32 %.tr7.lcssa
}
*** IR Dump After RequireAnalysisPass<llvm::OptimizationRemarkEmitterAnalysis, llvm::Function> on combine ***
; Function Attrs: nofree nosync nounwind readnone uwtable
define dso_local i32 @combine(i32 noundef %0, i32 noundef %1) local_unnamed_addr #0 {
  %3 = icmp slt i32 %0, 1
  br i1 %3, label %tailrecurse._crit_edge, label %tailrecurse.preheader

tailrecurse.preheader:                            ; preds = %2
  br label %tailrecurse

tailrecurse:                                      ; preds = %tailrecurse.preheader, %tailrecurse
  %.tr79 = phi i32 [ %6, %tailrecurse ], [ %1, %tailrecurse.preheader ]
  %.tr8 = phi i32 [ %4, %tailrecurse ], [ %0, %tailrecurse.preheader ]
  %4 = add nsw i32 %.tr8, -1
  %5 = mul nsw i32 %.tr79, 31
  %6 = add nsw i32 %5, %.tr8
  %7 = icmp ult i32 %.tr8, 2
  br i1 %7, label %tailrecurse._crit_edge.loopexit, label %tailrecurse

tailrecurse._crit_edge.loopexit:                  ; preds = %tailrecurse
  br label %tailrecurse._crit_edge

tailrecurse._crit_edge:                           ; preds = %tailrecurse._crit_edge.loopexit, %2
  %.tr7.lcssa = phi i32 [ %1, %2 ], [ %6, %tailrecurse._crit_edge.loopexit ]
  ret i32 %.tr7.lcssa
}
*** IR Dump Before LoopSimplifyPass on combine ***
; Function Attrs: nofree nosync nounwind readnone uwtable
define dso_local i32 @combine(i32 noundef %0, i32 noundef %1) local_unnamed_addr #0 {
  %3 = icmp slt i32 %0, 1
  br i1 %3, label %tailrecurse._crit_edge, label %tailrecurse.preheader

tailrecurse.preheader:                            ; preds = %2
  br label %tailrecurse

tailrecurse:                                      ; preds = %tailrecurse.preheader, %tailrecurse
  %.tr79 = phi i32 [ %6, %tailrecurse ], [ %1, %tailrecurse.preheader ]
  %.tr8 = phi i32 [ %4, %tailrecurse ], [ %0, %tailrecurse.preheader ]
  %4 = add nsw i32 %.tr8, -1
  %5 = mul nsw i32 %.tr79, 31
  %6 = add nsw i32 %5, %.tr8
  %7 = icmp ult i32 %.tr8, 2
  br i1 %7, label %tailrecurse._crit_edge.loopexit, label %tailrecurse

tailrecurse._crit_edge.loopexit:                  ; preds = %tailrecurse
  br label %tailrecurse._crit_edge

tailrecurse._crit_edge:                           ; preds = %tailrecurse._crit_edge.loopexit, %2
  %.tr7.lcssa = phi i32 [ %1, %2 ], [ %6, %tailrecurse._crit_edge.loopexit ]
  ret i32 %.tr7.lcssa
}
*** IR Dump After LoopSimplifyPass on combine ***
; Function Attrs: nofree nosync nounwind readnone uwtable
define dso_local i32 @combine(i32 noundef %0, i32 noundef %1) local_unnamed_addr #0 {
  %3 = icmp slt i32 %0, 1
  br i1 %3, label %tailrecurse._crit_edge, label %tailrecurse.preheader

tailrecurse.preheader:                            ; preds = %2
  br label %tailrecurse

tailrecurse:                                      ; preds = %tailrecurse.preheader, %tailrecurse
  %.tr79 = phi i32 [ %6, %tailrecurse ], [ %1, %tailrecurse.preheader ]
  %.tr8 = phi i32 [ %4, %tailrecurse ], [ %0, %tailrecurse.preheader ]
  %4 = add nsw i32 %.tr8, -1
  %5 = mul nsw i32 %.tr79, 31
  %6 = add nsw i32 %5, %.tr8
  %7 = icmp ult i32 %.tr8, 2
  br i1 %7, label %tailrecurse._crit_edge.loopexit, label %tailrecurse

tailrecurse._crit_edge.loopexit:                  ; preds = %tailrecurse
  br label %tailrecurse._crit_edge

tailrecurse._crit_edge:                           ; preds = %tailrecurse._crit_edge.loopexit, %2
  %.tr7.lcssa = phi i32 [ %1, %2 ], [ %6, %tailrecurse._crit_edge.loopexit ]
  ret i32 %.tr7.lcssa
}
*** IR Dump Before LCSSAPass on combine ***
; Function Attrs: nofree nosync nounwind readnone uwtable
define dso_local i32 @combine(i32 noundef %0, i32 noundef %1) local_unnamed_addr #0 {
  %3 = icmp slt i32 %0, 1
  br i1 %3, label %tailrecurse._crit_edge, label %tailrecurse.preheader

tailrecurse.preheader:                            ; preds = %2
  br label %tailrecurse

tailrecurse:                                      ; preds = %tailrecurse.preheader, %tailrecurse
  %.tr79 = phi i32 [ %6, %tailrecurse ], [ %1, %tailrecurse.preheader ]
  %.tr8 = phi i32 [ %4, %tailrecurse ], [ %0, %tailrecurse.preheader ]
  %4 = add nsw i32 %.tr8, -1
  %5 = mul nsw i32 %.tr79, 31
  %6 = add nsw i32 %5, %.tr8
  %7 = icmp ult i32 %.tr8, 2
  br i1 %7, label %tailrecurse._crit_edge.loopexit, label %tailrecurse

tailrecurse._crit_edge.loopexit:                  ; preds = %tailrecurse
  br label %tailrecurse._crit_edge

tailrecurse._crit_edge:                           ; preds = %tailrecurse._crit_edge.loopexit, %2
  %.tr7.lcssa = phi i32 [ %1, %2 ], [ %6, %tailrecurse._crit_edge.loopexit ]
  ret i32 %.tr7.lcssa
}
*** IR Dump After LCSSAPass on combine ***
; Function Attrs: nofree nosync nounwind readnone uwtable
define dso_local i32 @combine(i32 noundef %0, i32 noundef %1) local_unnamed_addr #0 {
  %3 = icmp slt i32 %0, 1
  br i1 %3, label %tailrecurse._crit_edge, label %tailrecurse.preheader

tailrecurse.preheader:                            ; preds = %2
  br label %tailrecurse

tailrecurse:                                      ; preds = %tailrecurse.preheader, %tailrecurse
  %.tr79 = phi i32 [ %6, %tailrecurse ], [ %1, %tailrecurse.preheader ]
  %.tr8 = phi i32 [ %4, %tailrecurse ], [ %0, %tailrecurse.preheader ]
  %4 = add nsw i32 %.tr8, -1
  %5 = mul nsw i32 %.tr79, 31
  %6 = add nsw i32 %5, %.tr8
  %7 = icmp ult i32 %.tr8, 2
  br i1 %7, label %tailrecurse._crit_edge.loopexit, label %tailrecurse

tailrecurse._crit_edge.loopexit:                  ; preds = %tailrecurse
  %.lcssa = phi i32 [ %6, %tailrecurse ]
  br label %tailrecurse._crit_edge

tailrecurse._crit_edge:                           ; preds = %tailrecurse._crit_edge.loopexit, %2
  %.tr7.lcssa = phi i32 [ %1, %2 ], [ %.lcssa, %tailrecurse._crit_edge.loopexit ]
  ret i32 %.tr7.lcssa
}
*** IR Dump Before LICMPass on Loop at depth 1 containing: %tailrecurse<header><latch><exiting> ***

; Preheader:
tailrecurse.preheader:                            ; preds = %2
  br label %tailrecurse

; Loop:
tailrecurse:                                      ; preds = %tailrecurse.preheader, %tailrecurse
  %.tr79 = phi i32 [ %6, %tailrecurse ], [ %1, %tailrecurse.preheader ]
  %.tr8 = phi i32 [ %4, %tailrecurse ], [ %0, %tailrecurse.preheader ]
  %4 = add nsw i32 %.tr8, -1
  %5 = mul nsw i32 %.tr79, 31
  %6 = add nsw i32 %5, %.tr8
  %7 = icmp ult i32 %.tr8, 2
  br i1 %7, label %tailrecurse._crit_edge.loopexit, label %tailrecurse

; Exit blocks
tailrecurse._crit_edge.loopexit:                  ; preds = %tailrecurse
  %.lcssa = phi i32 [ %6, %tailrecurse ]
  br label %tailrecurse._crit_edge
*** IR Dump After LICMPass on Loop at depth 1 containing: %tailrecurse<header><latch><exiting> ***

; Preheader:
tailrecurse.preheader:                            ; preds = %2
  br label %tailrecurse

; Loop:
tailrecurse:                                      ; preds = %tailrecurse.preheader, %tailrecurse
  %.tr79 = phi i32 [ %6, %tailrecurse ], [ %1, %tailrecurse.preheader ]
  %.tr8 = phi i32 [ %4, %tailrecurse ], [ %0, %tailrecurse.preheader ]
  %4 = add nsw i32 %.tr8, -1
  %5 = mul nsw i32 %.tr79, 31
  %6 = add nsw i32 %5, %.tr8
  %7 = icmp ult i32 %.tr8, 2
  br i1 %7, label %tailrecurse._crit_edge.loopexit, label %tailrecurse

; Exit blocks
tailrecurse._crit_edge.loopexit:                  ; preds = %tailrecurse
  %.lcssa = phi i32 [ %6, %tailrecurse ]
  br label %tailrecurse._crit_edge
*** IR Dump Before AlignmentFromAssumptionsPass on combine ***
; Function Attrs: nofree nosync nounwind readnone uwtable
define dso_local i32 @combine(i32 noundef %0, i32 noundef %1) local_unnamed_addr #0 {
  %3 = icmp slt i32 %0, 1
  br i1 %3, label %tailrecurse._crit_edge, label %tailrecurse.preheader

tailrecurse.preheader:                            ; preds = %2
  br label %tailrecurse

tailrecurse:                                      ; preds = %tailrecurse.preheader, %tailrecurse
  %.tr79 = phi i32 [ %6, %tailrecurse ], [ %1, %tailrecurse.preheader ]
  %.tr8 = phi i32 [ %4, %tailrecurse ], [ %0, %tailrecurse.preheader ]
  %4 = add nsw i32 %.tr8, -1
  %5 = mul nsw i32 %.tr79, 31
  %6 = add nsw i32 %5, %.tr8
  %7 = icmp ult i32 %.tr8, 2
  br i1 %7, label %tailrecurse._crit_edge.loopexit, label %tailrecurse

tailrecurse._crit_edge.loopexit:                  ; preds = %tailrecurse
  %.lcssa = phi i32 [ %6, %tailrecurse ]
  br label %tailrecurse._crit_edge

tailrecurse._crit_edge:                           ; preds = %tailrecurse._crit_edge.loopexit, %2
  %.tr7.lcssa = phi i32 [ %1, %2 ], [ %.lcssa, %tailrecurse._crit_edge.loopexit ]
  ret i32 %.tr7.lcssa
}
*** IR Dump After AlignmentFromAssumptionsPass on combine ***
; Function Attrs: nofree nosync nounwind readnone uwtable
define dso_local i32 @combine(i32 noundef %0, i32 noundef %1) local_unnamed_addr #0 {
  %3 = icmp slt i32 %0, 1
  br i1 %3, label %tailrecurse._crit_edge, label %tailrecurse.preheader

tailrecurse.preheader:                            ; preds = %2
  br label %tailrecurse

tailrecurse:                                      ; preds = %tailrecurse.preheader, %tailrecurse
  %.tr79 = phi i32 [ %6, %tailrecurse ], [ %1, %tailrecurse.preheader ]
  %.tr8 = phi i32 [ %4, %tailrecurse ], [ %0, %tailrecurse.preheader ]
  %4 = add nsw i32 %.tr8, -1
  %5 = mul nsw i32 %.tr79, 31
  %6 = add nsw i32 %5, %.tr8
  %7 = icmp ult i32 %.tr8, 2
  br i1 %7, label %tailrecurse._crit_edge.loopexit, label %tailrecurse

tailrecurse._crit_edge.loopexit:                  ; preds = %tailrecurse
  %.lcssa = phi i32 [ %6, %tailrecurse ]
  br label %tailrecurse._crit_edge

tailrecurse._crit_edge:                           ; preds = %tailrecurse._crit_edge.loopexit, %2
  %.tr7.lcssa = phi i32 [ %1, %2 ], [ %.lcssa, %tailrecurse._crit_edge.loopexit ]
  ret i32 %.tr7.lcssa
}
*** IR Dump Before LoopSinkPass on combine ***
; Function Attrs: nofree nosync nounwind readnone uwtable
define dso_local i32 @combine(i32 noundef %0, i32 noundef %1) local_unnamed_addr #0 {
  %3 = icmp slt i32 %0, 1
  br i1 %3, label %tailrecurse._crit_edge, label %tailrecurse.preheader

tailrecurse.preheader:                            ; preds = %2
  br label %tailrecurse

tailrecurse:                                      ; preds = %tailrecurse.preheader, %tailrecurse
  %.tr79 = phi i32 [ %6, %tailrecurse ], [ %1, %tailrecurse.preheader ]
  %.tr8 = phi i32 [ %4, %tailrecurse ], [ %0, %tailrecurse.preheader ]
  %4 = add nsw i32 %.tr8, -1
  %5 = mul nsw i32 %.tr79, 31
  %6 = add nsw i32 %5, %.tr8
  %7 = icmp ult i32 %.tr8, 2
  br i1 %7, label %tailrecurse._crit_edge.loopexit, label %tailrecurse

tailrecurse._crit_edge.loopexit:                  ; preds = %tailrecurse
  %.lcssa = phi i32 [ %6, %tailrecurse ]
  br label %tailrecurse._crit_edge

tailrecurse._crit_edge:                           ; preds = %tailrecurse._crit_edge.loopexit, %2
  %.tr7.lcssa = phi i32 [ %1, %2 ], [ %.lcssa, %tailrecurse._crit_edge.loopexit ]
  ret i32 %.tr7.lcssa
}
*** IR Dump After LoopSinkPass on combine ***
; Function Attrs: nofree nosync nounwind readnone uwtable
define dso_local i32 @combine(i32 noundef %0, i32 noundef %1) local_unnamed_addr #0 {
  %3 = icmp slt i32 %0, 1
  br i1 %3, label %tailrecurse._crit_edge, label %tailrecurse.preheader

tailrecurse.preheader:                            ; preds = %2
  br label %tailrecurse

tailrecurse:                                      ; preds = %tailrecurse.preheader, %tailrecurse
  %.tr79 = phi i32 [ %6, %tailrecurse ], [ %1, %tailrecurse.preheader ]
  %.tr8 = phi i32 [ %4, %tailrecurse ], [ %0, %tailrecurse.preheader ]
  %4 = add nsw i32 %.tr8, -1
  %5 = mul nsw i32 %.tr79, 31
  %6 = add nsw i32 %5, %.tr8
  %7 = icmp ult i32 %.tr8, 2
  br i1 %7, label %tailrecurse._crit_edge.loopexit, label %tailrecurse

tailrecurse._crit_edge.loopexit:                  ; preds = %tailrecurse
  %.lcssa = phi i32 [ %6, %tailrecurse ]
  br label %tailrecurse._crit_edge

tailrecurse._crit_edge:                           ; preds = %tailrecurse._crit_edge.loopexit, %2
  %.tr7.lcssa = phi i32 [ %1, %2 ], [ %.lcssa, %tailrecurse._crit_edge.loopexit ]
  ret i32 %.tr7.lcssa
}
*** IR Dump Before InstSimplifyPass on combine ***
; Function Attrs: nofree nosync nounwind readnone uwtable
define dso_local i32 @combine(i32 noundef %0, i32 noundef %1) local_unnamed_addr #0 {
  %3 = icmp slt i32 %0, 1
  br i1 %3, label %tailrecurse._crit_edge, label %tailrecurse.preheader

tailrecurse.preheader:                            ; preds = %2
  br label %tailrecurse

tailrecurse:                                      ; preds = %tailrecurse.preheader, %tailrecurse
  %.tr79 = phi i32 [ %6, %tailrecurse ], [ %1, %tailrecurse.preheader ]
  %.tr8 = phi i32 [ %4, %tailrecurse ], [ %0, %tailrecurse.preheader ]
  %4 = add nsw i32 %.tr8, -1
  %5 = mul nsw i32 %.tr79, 31
  %6 = add nsw i32 %5, %.tr8
  %7 = icmp ult i32 %.tr8, 2
  br i1 %7, label %tailrecurse._crit_edge.loopexit, label %tailrecurse

tailrecurse._crit_edge.loopexit:                  ; preds = %tailrecurse
  %.lcssa = phi i32 [ %6, %tailrecurse ]
  br label %tailrecurse._crit_edge

tailrecurse._crit_edge:                           ; preds = %tailrecurse._crit_edge.loopexit, %2
  %.tr7.lcssa = phi i32 [ %1, %2 ], [ %.lcssa, %tailrecurse._crit_edge.loopexit ]
  ret i32 %.tr7.lcssa
}
*** IR Dump After InstSimplifyPass on combine ***
; Function Attrs: nofree nosync nounwind readnone uwtable
define dso_local i32 @combine(i32 noundef %0, i32 noundef %1) local_unnamed_addr #0 {
  %3 = icmp slt i32 %0, 1
  br i1 %3, label %tailrecurse._crit_edge, label %tailrecurse.preheader

tailrecurse.preheader:                            ; preds = %2
  br label %tailrecurse

tailrecurse:                                      ; preds = %tailrecurse.preheader, %tailrecurse
  %.tr79 = phi i32 [ %6, %tailrecurse ], [ %1, %tailrecurse.preheader ]
  %.tr8 = phi i32 [ %4, %tailrecurse ], [ %0, %tailrecurse.preheader ]
  %4 = add nsw i32 %.tr8, -1
  %5 = mul nsw i32 %.tr79, 31
  %6 = add nsw i32 %5, %.tr8
  %7 = icmp ult i32 %.tr8, 2
  br i1 %7, label %tailrecurse._crit_edge.loopexit, label %tailrecurse

tailrecurse._crit_edge.loopexit:                  ; preds = %tailrecurse
  br label %tailrecurse._crit_edge

tailrecurse._crit_edge:                           ; preds = %tailrecurse._crit_edge.loopexit, %2
  %.tr7.lcssa = phi i32 [ %1, %2 ], [ %6, %tailrecurse._crit_edge.loopexit ]
  ret i32 %.tr7.lcssa
}
*** IR Dump Before DivRemPairsPass on combine ***
; Function Attrs: nofree nosync nounwind readnone uwtable
define dso_local i32 @combine(i32 noundef %0, i32 noundef %1) local_unnamed_addr #0 {
  %3 = icmp slt i32 %0, 1
  br i1 %3, label %tailrecurse._crit_edge, label %tailrecurse.preheader

tailrecurse.preheader:                            ; preds = %2
  br label %tailrecurse

tailrecurse:                                      ; preds = %tailrecurse.preheader, %tailrecurse
  %.tr79 = phi i32 [ %6, %tailrecurse ], [ %1, %tailrecurse.preheader ]
  %.tr8 = phi i32 [ %4, %tailrecurse ], [ %0, %tailrecurse.preheader ]
  %4 = add nsw i32 %.tr8, -1
  %5 = mul nsw i32 %.tr79, 31
  %6 = add nsw i32 %5, %.tr8
  %7 = icmp ult i32 %.tr8, 2
  br i1 %7, label %tailrecurse._crit_edge.loopexit, label %tailrecurse

tailrecurse._crit_edge.loopexit:                  ; preds = %tailrecurse
  br label %tailrecurse._crit_edge

tailrecurse._crit_edge:                           ; preds = %tailrecurse._crit_edge.loopexit, %2
  %.tr7.lcssa = phi i32 [ %1, %2 ], [ %6, %tailrecurse._crit_edge.loopexit ]
  ret i32 %.tr7.lcssa
}
*** IR Dump After DivRemPairsPass on combine ***
; Function Attrs: nofree nosync nounwind readnone uwtable
define dso_local i32 @combine(i32 noundef %0, i32 noundef %1) local_unnamed_addr #0 {
  %3 = icmp slt i32 %0, 1
  br i1 %3, label %tailrecurse._crit_edge, label %tailrecurse.preheader

tailrecurse.preheader:                            ; preds = %2
  br label %tailrecurse

tailrecurse:                                      ; preds = %tailrecurse.preheader, %tailrecurse
  %.tr79 = phi i32 [ %6, %tailrecurse ], [ %1, %tailrecurse.preheader ]
  %.tr8 = phi i32 [ %4, %tailrecurse ], [ %0, %tailrecurse.preheader ]
  %4 = add nsw i32 %.tr8, -1
  %5 = mul nsw i32 %.tr79, 31
  %6 = add nsw i32 %5, %.tr8
  %7 = icmp ult i32 %.tr8, 2
  br i1 %7, label %tailrecurse._crit_edge.loopexit, label %tailrecurse

tailrecurse._crit_edge.loopexit:                  ; preds = %tailrecurse
  br label %tailrecurse._crit_edge

tailrecurse._crit_edge:                           ; preds = %tailrecurse._crit_edge.loopexit, %2
  %.tr7.lcssa = phi i32 [ %1, %2 ], [ %6, %tailrecurse._crit_edge.loopexit ]
  ret i32 %.tr7.lcssa
}
*** IR Dump Before SimplifyCFGPass on combine ***
; Function Attrs: nofree nosync nounwind readnone uwtable
define dso_local i32 @combine(i32 noundef %0, i32 noundef %1) local_unnamed_addr #0 {
  %3 = icmp slt i32 %0, 1
  br i1 %3, label %tailrecurse._crit_edge, label %tailrecurse.preheader

tailrecurse.preheader:                            ; preds = %2
  br label %tailrecurse

tailrecurse:                                      ; preds = %tailrecurse.preheader, %tailrecurse
  %.tr79 = phi i32 [ %6, %tailrecurse ], [ %1, %tailrecurse.preheader ]
  %.tr8 = phi i32 [ %4, %tailrecurse ], [ %0, %tailrecurse.preheader ]
  %4 = add nsw i32 %.tr8, -1
  %5 = mul nsw i32 %.tr79, 31
  %6 = add nsw i32 %5, %.tr8
  %7 = icmp ult i32 %.tr8, 2
  br i1 %7, label %tailrecurse._crit_edge.loopexit, label %tailrecurse

tailrecurse._crit_edge.loopexit:                  ; preds = %tailrecurse
  br label %tailrecurse._crit_edge

tailrecurse._crit_edge:                           ; preds = %tailrecurse._crit_edge.loopexit, %2
  %.tr7.lcssa = phi i32 [ %1, %2 ], [ %6, %tailrecurse._crit_edge.loopexit ]
  ret i32 %.tr7.lcssa
}
*** IR Dump After SimplifyCFGPass on combine ***
; Function Attrs: nofree nosync nounwind readnone uwtable
define dso_local i32 @combine(i32 noundef %0, i32 noundef %1) local_unnamed_addr #0 {
  %3 = icmp slt i32 %0, 1
  br i1 %3, label %tailrecurse._crit_edge, label %tailrecurse

tailrecurse:                                      ; preds = %2, %tailrecurse
  %.tr79 = phi i32 [ %6, %tailrecurse ], [ %1, %2 ]
  %.tr8 = phi i32 [ %4, %tailrecurse ], [ %0, %2 ]
  %4 = add nsw i32 %.tr8, -1
  %5 = mul nsw i32 %.tr79, 31
  %6 = add nsw i32 %5, %.tr8
  %7 = icmp ult i32 %.tr8, 2
  br i1 %7, label %tailrecurse._crit_edge, label %tailrecurse

tailrecurse._crit_edge:                           ; preds = %tailrecurse, %2
  %.tr7.lcssa = phi i32 [ %1, %2 ], [ %6, %tailrecurse ]
  ret i32 %.tr7.lcssa
}
*** IR Dump Before CoroCleanupPass on combine ***
; Function Attrs: nofree nosync nounwind readnone uwtable
define dso_local i32 @combine(i32 noundef %0, i32 noundef %1) local_unnamed_addr #0 {
  %3 = icmp slt i32 %0, 1
  br i1 %3, label %tailrecurse._crit_edge, label %tailrecurse

tailrecurse:                                      ; preds = %2, %tailrecurse
  %.tr79 = phi i32 [ %6, %tailrecurse ], [ %1, %2 ]
  %.tr8 = phi i32 [ %4, %tailrecurse ], [ %0, %2 ]
  %4 = add nsw i32 %.tr8, -1
  %5 = mul nsw i32 %.tr79, 31
  %6 = add nsw i32 %5, %.tr8
  %7 = icmp ult i32 %.tr8, 2
  br i1 %7, label %tailrecurse._crit_edge, label %tailrecurse

tailrecurse._crit_edge:                           ; preds = %tailrecurse, %2
  %.tr7.lcssa = phi i32 [ %1, %2 ], [ %6, %tailrecurse ]
  ret i32 %.tr7.lcssa
}
*** IR Dump After CoroCleanupPass on combine ***
; Function Attrs: nofree nosync nounwind readnone uwtable
define dso_local i32 @combine(i32 noundef %0, i32 noundef %1) local_unnamed_addr #0 {
  %3 = icmp slt i32 %0, 1
  br i1 %3, label %tailrecurse._crit_edge, label %tailrecurse

tailrecurse:                                      ; preds = %2, %tailrecurse
  %.tr79 = phi i32 [ %6, %tailrecurse ], [ %1, %2 ]
  %.tr8 = phi i32 [ %4, %tailrecurse ], [ %0, %2 ]
  %4 = add nsw i32 %.tr8, -1
  %5 = mul nsw i32 %.tr79, 31
  %6 = add nsw i32 %5, %.tr8
  %7 = icmp ult i32 %.tr8, 2
  br i1 %7, label %tailrecurse._crit_edge, label %tailrecurse

tailrecurse._crit_edge:                           ; preds = %tailrecurse, %2
  %.tr7.lcssa = phi i32 [ %1, %2 ], [ %6, %tailrecurse ]
  ret i32 %.tr7.lcssa
}
*** IR Dump Before CGProfilePass on [module] ***
; ModuleID = 'combine.in.ll'
source_filename = "combine.c"
target datalayout = "e-m:e-i8:8:32-i16:16:32-i64:64-i128:128-n32:64-S128"
target triple = "aarch64-unknown-linux-gnu"

; Function Attrs: nofree nosync nounwind readnone uwtable
define dso_local i32 @combine(i32 noundef %0, i32 noundef %1) local_unnamed_addr #0 {
  %3 = icmp slt i32 %0, 1
  br i1 %3, label %tailrecurse._crit_edge, label %tailrecurse

tailrecurse:                                      ; preds = %2, %tailrecurse
  %.tr79 = phi i32 [ %6, %tailrecurse ], [ %1, %2 ]
  %.tr8 = phi i32 [ %4, %tailrecurse ], [ %0, %2 ]
  %4 = add nsw i32 %.tr8, -1
  %5 = mul nsw i32 %.tr79, 31
  %6 = add nsw i32 %5, %.tr8
  %7 = icmp ult i32 %.tr8, 2
  br i1 %7, label %tailrecurse._crit_edge, label %tailrecurse

tailrecurse._crit_edge:                           ; preds = %tailrecurse, %2
  %.tr7.lcssa = phi i32 [ %1, %2 ], [ %6, %tailrecurse ]
  ret i32 %.tr7.lcssa
}

attributes #0 = { nofree nosync nounwind readnone uwtable "frame-pointer"="non-leaf" "min-legal-vector-width"="0" "no-trapping-math"="true" "stack-protector-buffer-size"="8" "target-cpu"="generic" "target-features"="+neon,+outline-atomics,+v8a" }

!llvm.module.flags = !{!0, !1, !2, !3, !4, !5, !6, !7, !8}
!llvm.ident = !{!9}

!0 = !{i32 1, !"wchar_size", i32 4}
!1 = !{i32 1, !"branch-target-enforcement", i32 0}
!2 = !{i32 1, !"sign-return-address", i32 0}
!3 = !{i32 1, !"sign-return-address-all", i32 0}
!4 = !{i32 1, !"sign-return-address-with-bkey", i32 0}
!5 = !{i32 7, !"PIC Level", i32 2}
!6 = !{i32 7, !"PIE Level", i32 2}
!7 = !{i32 7, !"uwtable", i32 1}
!8 = !{i32 7, !"frame-pointer", i32 1}
!9 = !{!"Ubuntu clang version 14.0.0-1ubuntu1.1"}
*** IR Dump After CGProfilePass on [module] ***
; ModuleID = 'combine.in.ll'
source_filename = "combine.c"
target datalayout = "e-m:e-i8:8:32-i16:16:32-i64:64-i128:128-n32:64-S128"
target triple = "aarch64-unknown-linux-gnu"

; Function Attrs: nofree nosync nounwind readnone uwtable
define dso_local i32 @combine(i32 noundef %0, i32 noundef %1) local_unnamed_addr #0 {
  %3 = icmp slt i32 %0, 1
  br i1 %3, label %tailrecurse._crit_edge, label %tailrecurse

tailrecurse:                                      ; preds = %2, %tailrecurse
  %.tr79 = phi i32 [ %6, %tailrecurse ], [ %1, %2 ]
  %.tr8 = phi i32 [ %4, %tailrecurse ], [ %0, %2 ]
  %4 = add nsw i32 %.tr8, -1
  %5 = mul nsw i32 %.tr79, 31
  %6 = add nsw i32 %5, %.tr8
  %7 = icmp ult i32 %.tr8, 2
  br i1 %7, label %tailrecurse._crit_edge, label %tailrecurse

tailrecurse._crit_edge:                           ; preds = %tailrecurse, %2
  %.tr7.lcssa = phi i32 [ %1, %2 ], [ %6, %tailrecurse ]
  ret i32 %.tr7.lcssa
}

attributes #0 = { nofree nosync nounwind readnone uwtable "frame-pointer"="non-leaf" "min-legal-vector-width"="0" "no-trapping-math"="true" "stack-protector-buffer-size"="8" "target-cpu"="generic" "target-features"="+neon,+outline-atomics,+v8a" }

!llvm.module.flags = !{!0, !1, !2, !3, !4, !5, !6, !7, !8}
!llvm.ident = !{!9}

!0 = !{i32 1, !"wchar_size", i32 4}
!1 = !{i32 1, !"branch-target-enforcement", i32 0}
!2 = !{i32 1, !"sign-return-address", i32 0}
!3 = !{i32 1, !"sign-return-address-all", i32 0}
!4 = !{i32 1, !"sign-return-address-with-bkey", i32 0}
!5 = !{i32 7, !"PIC Level", i32 2}
!6 = !{i32 7, !"PIE Level", i32 2}
!7 = !{i32 7, !"uwtable", i32 1}
!8 = !{i32 7, !"frame-pointer", i32 1}
!9 = !{!"Ubuntu clang version 14.0.0-1ubuntu1.1"}
*** IR Dump Before GlobalDCEPass on [module] ***
; ModuleID = 'combine.in.ll'
source_filename = "combine.c"
target datalayout = "e-m:e-i8:8:32-i16:16:32-i64:64-i128:128-n32:64-S128"
target triple = "aarch64-unknown-linux-gnu"

; Function Attrs: nofree nosync nounwind readnone uwtable
define dso_local i32 @combine(i32 noundef %0, i32 noundef %1) local_unnamed_addr #0 {
  %3 = icmp slt i32 %0, 1
  br i1 %3, label %tailrecurse._crit_edge, label %tailrecurse

tailrecurse:                                      ; preds = %2, %tailrecurse
  %.tr79 = phi i32 [ %6, %tailrecurse ], [ %1, %2 ]
  %.tr8 = phi i32 [ %4, %tailrecurse ], [ %0, %2 ]
  %4 = add nsw i32 %.tr8, -1
  %5 = mul nsw i32 %.tr79, 31
  %6 = add nsw i32 %5, %.tr8
  %7 = icmp ult i32 %.tr8, 2
  br i1 %7, label %tailrecurse._crit_edge, label %tailrecurse

tailrecurse._crit_edge:                           ; preds = %tailrecurse, %2
  %.tr7.lcssa = phi i32 [ %1, %2 ], [ %6, %tailrecurse ]
  ret i32 %.tr7.lcssa
}

attributes #0 = { nofree nosync nounwind readnone uwtable "frame-pointer"="non-leaf" "min-legal-vector-width"="0" "no-trapping-math"="true" "stack-protector-buffer-size"="8" "target-cpu"="generic" "target-features"="+neon,+outline-atomics,+v8a" }

!llvm.module.flags = !{!0, !1, !2, !3, !4, !5, !6, !7, !8}
!llvm.ident = !{!9}

!0 = !{i32 1, !"wchar_size", i32 4}
!1 = !{i32 1, !"branch-target-enforcement", i32 0}
!2 = !{i32 1, !"sign-return-address", i32 0}
!3 = !{i32 1, !"sign-return-address-all", i32 0}
!4 = !{i32 1, !"sign-return-address-with-bkey", i32 0}
!5 = !{i32 7, !"PIC Level", i32 2}
!6 = !{i32 7, !"PIE Level", i32 2}
!7 = !{i32 7, !"uwtable", i32 1}
!8 = !{i32 7, !"frame-pointer", i32 1}
!9 = !{!"Ubuntu clang version 14.0.0-1ubuntu1.1"}
*** IR Dump After GlobalDCEPass on [module] ***
; ModuleID = 'combine.in.ll'
source_filename = "combine.c"
target datalayout = "e-m:e-i8:8:32-i16:16:32-i64:64-i128:128-n32:64-S128"
target triple = "aarch64-unknown-linux-gnu"

; Function Attrs: nofree nosync nounwind readnone uwtable
define dso_local i32 @combine(i32 noundef %0, i32 noundef %1) local_unnamed_addr #0 {
  %3 = icmp slt i32 %0, 1
  br i1 %3, label %tailrecurse._crit_edge, label %tailrecurse

tailrecurse:                                      ; preds = %2, %tailrecurse
  %.tr79 = phi i32 [ %6, %tailrecurse ], [ %1, %2 ]
  %.tr8 = phi i32 [ %4, %tailrecurse ], [ %0, %2 ]
  %4 = add nsw i32 %.tr8, -1
  %5 = mul nsw i32 %.tr79, 31
  %6 = add nsw i32 %5, %.tr8
  %7 = icmp ult i32 %.tr8, 2
  br i1 %7, label %tailrecurse._crit_edge, label %tailrecurse

tailrecurse._crit_edge:                           ; preds = %tailrecurse, %2
  %.tr7.lcssa = phi i32 [ %1, %2 ], [ %6, %tailrecurse ]
  ret i32 %.tr7.lcssa
}

attributes #0 = { nofree nosync nounwind readnone uwtable "frame-pointer"="non-leaf" "min-legal-vector-width"="0" "no-trapping-math"="true" "stack-protector-buffer-size"="8" "target-cpu"="generic" "target-features"="+neon,+outline-atomics,+v8a" }

!llvm.module.flags = !{!0, !1, !2, !3, !4, !5, !6, !7, !8}
!llvm.ident = !{!9}

!0 = !{i32 1, !"wchar_size", i32 4}
!1 = !{i32 1, !"branch-target-enforcement", i32 0}
!2 = !{i32 1, !"sign-return-address", i32 0}
!3 = !{i32 1, !"sign-return-address-all", i32 0}
!4 = !{i32 1, !"sign-return-address-with-bkey", i32 0}
!5 = !{i32 7, !"PIC Level", i32 2}
!6 = !{i32 7, !"PIE Level", i32 2}
!7 = !{i32 7, !"uwtable", i32 1}
!8 = !{i32 7, !"frame-pointer", i32 1}
!9 = !{!"Ubuntu clang version 14.0.0-1ubuntu1.1"}
*** IR Dump Before ConstantMergePass on [module] ***
; ModuleID = 'combine.in.ll'
source_filename = "combine.c"
target datalayout = "e-m:e-i8:8:32-i16:16:32-i64:64-i128:128-n32:64-S128"
target triple = "aarch64-unknown-linux-gnu"

; Function Attrs: nofree nosync nounwind readnone uwtable
define dso_local i32 @combine(i32 noundef %0, i32 noundef %1) local_unnamed_addr #0 {
  %3 = icmp slt i32 %0, 1
  br i1 %3, label %tailrecurse._crit_edge, label %tailrecurse

tailrecurse:                                      ; preds = %2, %tailrecurse
  %.tr79 = phi i32 [ %6, %tailrecurse ], [ %1, %2 ]
  %.tr8 = phi i32 [ %4, %tailrecurse ], [ %0, %2 ]
  %4 = add nsw i32 %.tr8, -1
  %5 = mul nsw i32 %.tr79, 31
  %6 = add nsw i32 %5, %.tr8
  %7 = icmp ult i32 %.tr8, 2
  br i1 %7, label %tailrecurse._crit_edge, label %tailrecurse

tailrecurse._crit_edge:                           ; preds = %tailrecurse, %2
  %.tr7.lcssa = phi i32 [ %1, %2 ], [ %6, %tailrecurse ]
  ret i32 %.tr7.lcssa
}

attributes #0 = { nofree nosync nounwind readnone uwtable "frame-pointer"="non-leaf" "min-legal-vector-width"="0" "no-trapping-math"="true" "stack-protector-buffer-size"="8" "target-cpu"="generic" "target-features"="+neon,+outline-atomics,+v8a" }

!llvm.module.flags = !{!0, !1, !2, !3, !4, !5, !6, !7, !8}
!llvm.ident = !{!9}

!0 = !{i32 1, !"wchar_size", i32 4}
!1 = !{i32 1, !"branch-target-enforcement", i32 0}
!2 = !{i32 1, !"sign-return-address", i32 0}
!3 = !{i32 1, !"sign-return-address-all", i32 0}
!4 = !{i32 1, !"sign-return-address-with-bkey", i32 0}
!5 = !{i32 7, !"PIC Level", i32 2}
!6 = !{i32 7, !"PIE Level", i32 2}
!7 = !{i32 7, !"uwtable", i32 1}
!8 = !{i32 7, !"frame-pointer", i32 1}
!9 = !{!"Ubuntu clang version 14.0.0-1ubuntu1.1"}
*** IR Dump After ConstantMergePass on [module] ***
; ModuleID = 'combine.in.ll'
source_filename = "combine.c"
target datalayout = "e-m:e-i8:8:32-i16:16:32-i64:64-i128:128-n32:64-S128"
target triple = "aarch64-unknown-linux-gnu"

; Function Attrs: nofree nosync nounwind readnone uwtable
define dso_local i32 @combine(i32 noundef %0, i32 noundef %1) local_unnamed_addr #0 {
  %3 = icmp slt i32 %0, 1
  br i1 %3, label %tailrecurse._crit_edge, label %tailrecurse

tailrecurse:                                      ; preds = %2, %tailrecurse
  %.tr79 = phi i32 [ %6, %tailrecurse ], [ %1, %2 ]
  %.tr8 = phi i32 [ %4, %tailrecurse ], [ %0, %2 ]
  %4 = add nsw i32 %.tr8, -1
  %5 = mul nsw i32 %.tr79, 31
  %6 = add nsw i32 %5, %.tr8
  %7 = icmp ult i32 %.tr8, 2
  br i1 %7, label %tailrecurse._crit_edge, label %tailrecurse

tailrecurse._crit_edge:                           ; preds = %tailrecurse, %2
  %.tr7.lcssa = phi i32 [ %1, %2 ], [ %6, %tailrecurse ]
  ret i32 %.tr7.lcssa
}

attributes #0 = { nofree nosync nounwind readnone uwtable "frame-pointer"="non-leaf" "min-legal-vector-width"="0" "no-trapping-math"="true" "stack-protector-buffer-size"="8" "target-cpu"="generic" "target-features"="+neon,+outline-atomics,+v8a" }

!llvm.module.flags = !{!0, !1, !2, !3, !4, !5, !6, !7, !8}
!llvm.ident = !{!9}

!0 = !{i32 1, !"wchar_size", i32 4}
!1 = !{i32 1, !"branch-target-enforcement", i32 0}
!2 = !{i32 1, !"sign-return-address", i32 0}
!3 = !{i32 1, !"sign-return-address-all", i32 0}
!4 = !{i32 1, !"sign-return-address-with-bkey", i32 0}
!5 = !{i32 7, !"PIC Level", i32 2}
!6 = !{i32 7, !"PIE Level", i32 2}
!7 = !{i32 7, !"uwtable", i32 1}
!8 = !{i32 7, !"frame-pointer", i32 1}
!9 = !{!"Ubuntu clang version 14.0.0-1ubuntu1.1"}
*** IR Dump Before RelLookupTableConverterPass on [module] ***
; ModuleID = 'combine.in.ll'
source_filename = "combine.c"
target datalayout = "e-m:e-i8:8:32-i16:16:32-i64:64-i128:128-n32:64-S128"
target triple = "aarch64-unknown-linux-gnu"

; Function Attrs: nofree nosync nounwind readnone uwtable
define dso_local i32 @combine(i32 noundef %0, i32 noundef %1) local_unnamed_addr #0 {
  %3 = icmp slt i32 %0, 1
  br i1 %3, label %tailrecurse._crit_edge, label %tailrecurse

tailrecurse:                                      ; preds = %2, %tailrecurse
  %.tr79 = phi i32 [ %6, %tailrecurse ], [ %1, %2 ]
  %.tr8 = phi i32 [ %4, %tailrecurse ], [ %0, %2 ]
  %4 = add nsw i32 %.tr8, -1
  %5 = mul nsw i32 %.tr79, 31
  %6 = add nsw i32 %5, %.tr8
  %7 = icmp ult i32 %.tr8, 2
  br i1 %7, label %tailrecurse._crit_edge, label %tailrecurse

tailrecurse._crit_edge:                           ; preds = %tailrecurse, %2
  %.tr7.lcssa = phi i32 [ %1, %2 ], [ %6, %tailrecurse ]
  ret i32 %.tr7.lcssa
}

attributes #0 = { nofree nosync nounwind readnone uwtable "frame-pointer"="non-leaf" "min-legal-vector-width"="0" "no-trapping-math"="true" "stack-protector-buffer-size"="8" "target-cpu"="generic" "target-features"="+neon,+outline-atomics,+v8a" }

!llvm.module.flags = !{!0, !1, !2, !3, !4, !5, !6, !7, !8}
!llvm.ident = !{!9}

!0 = !{i32 1, !"wchar_size", i32 4}
!1 = !{i32 1, !"branch-target-enforcement", i32 0}
!2 = !{i32 1, !"sign-return-address", i32 0}
!3 = !{i32 1, !"sign-return-address-all", i32 0}
!4 = !{i32 1, !"sign-return-address-with-bkey", i32 0}
!5 = !{i32 7, !"PIC Level", i32 2}
!6 = !{i32 7, !"PIE Level", i32 2}
!7 = !{i32 7, !"uwtable", i32 1}
!8 = !{i32 7, !"frame-pointer", i32 1}
!9 = !{!"Ubuntu clang version 14.0.0-1ubuntu1.1"}
*** IR Dump After RelLookupTableConverterPass on [module] ***
; ModuleID = 'combine.in.ll'
source_filename = "combine.c"
target datalayout = "e-m:e-i8:8:32-i16:16:32-i64:64-i128:128-n32:64-S128"
target triple = "aarch64-unknown-linux-gnu"

; Function Attrs: nofree nosync nounwind readnone uwtable
define dso_local i32 @combine(i32 noundef %0, i32 noundef %1) local_unnamed_addr #0 {
  %3 = icmp slt i32 %0, 1
  br i1 %3, label %tailrecurse._crit_edge, label %tailrecurse

tailrecurse:                                      ; preds = %2, %tailrecurse
  %.tr79 = phi i32 [ %6, %tailrecurse ], [ %1, %2 ]
  %.tr8 = phi i32 [ %4, %tailrecurse ], [ %0, %2 ]
  %4 = add nsw i32 %.tr8, -1
  %5 = mul nsw i32 %.tr79, 31
  %6 = add nsw i32 %5, %.tr8
  %7 = icmp ult i32 %.tr8, 2
  br i1 %7, label %tailrecurse._crit_edge, label %tailrecurse

tailrecurse._crit_edge:                           ; preds = %tailrecurse, %2
  %.tr7.lcssa = phi i32 [ %1, %2 ], [ %6, %tailrecurse ]
  ret i32 %.tr7.lcssa
}

attributes #0 = { nofree nosync nounwind readnone uwtable "frame-pointer"="non-leaf" "min-legal-vector-width"="0" "no-trapping-math"="true" "stack-protector-buffer-size"="8" "target-cpu"="generic" "target-features"="+neon,+outline-atomics,+v8a" }

!llvm.module.flags = !{!0, !1, !2, !3, !4, !5, !6, !7, !8}
!llvm.ident = !{!9}

!0 = !{i32 1, !"wchar_size", i32 4}
!1 = !{i32 1, !"branch-target-enforcement", i32 0}
!2 = !{i32 1, !"sign-return-address", i32 0}
!3 = !{i32 1, !"sign-return-address-all", i32 0}
!4 = !{i32 1, !"sign-return-address-with-bkey", i32 0}
!5 = !{i32 7, !"PIC Level", i32 2}
!6 = !{i32 7, !"PIE Level", i32 2}
!7 = !{i32 7, !"uwtable", i32 1}
!8 = !{i32 7, !"frame-pointer", i32 1}
!9 = !{!"Ubuntu clang version 14.0.0-1ubuntu1.1"}
*** IR Dump Before AnnotationRemarksPass on combine ***
; Function Attrs: nofree nosync nounwind readnone uwtable
define dso_local i32 @combine(i32 noundef %0, i32 noundef %1) local_unnamed_addr #0 {
  %3 = icmp slt i32 %0, 1
  br i1 %3, label %tailrecurse._crit_edge, label %tailrecurse

tailrecurse:                                      ; preds = %2, %tailrecurse
  %.tr79 = phi i32 [ %6, %tailrecurse ], [ %1, %2 ]
  %.tr8 = phi i32 [ %4, %tailrecurse ], [ %0, %2 ]
  %4 = add nsw i32 %.tr8, -1
  %5 = mul nsw i32 %.tr79, 31
  %6 = add nsw i32 %5, %.tr8
  %7 = icmp ult i32 %.tr8, 2
  br i1 %7, label %tailrecurse._crit_edge, label %tailrecurse

tailrecurse._crit_edge:                           ; preds = %tailrecurse, %2
  %.tr7.lcssa = phi i32 [ %1, %2 ], [ %6, %tailrecurse ]
  ret i32 %.tr7.lcssa
}
*** IR Dump After AnnotationRemarksPass on combine ***
; Function Attrs: nofree nosync nounwind readnone uwtable
define dso_local i32 @combine(i32 noundef %0, i32 noundef %1) local_unnamed_addr #0 {
  %3 = icmp slt i32 %0, 1
  br i1 %3, label %tailrecurse._crit_edge, label %tailrecurse

tailrecurse:                                      ; preds = %2, %tailrecurse
  %.tr79 = phi i32 [ %6, %tailrecurse ], [ %1, %2 ]
  %.tr8 = phi i32 [ %4, %tailrecurse ], [ %0, %2 ]
  %4 = add nsw i32 %.tr8, -1
  %5 = mul nsw i32 %.tr79, 31
  %6 = add nsw i32 %5, %.tr8
  %7 = icmp ult i32 %.tr8, 2
  br i1 %7, label %tailrecurse._crit_edge, label %tailrecurse

tailrecurse._crit_edge:                           ; preds = %tailrecurse, %2
  %.tr7.lcssa = phi i32 [ %1, %2 ], [ %6, %tailrecurse ]
  ret i32 %.tr7.lcssa
}
*** IR Dump Before VerifierPass on [module] ***
; ModuleID = 'combine.in.ll'
source_filename = "combine.c"
target datalayout = "e-m:e-i8:8:32-i16:16:32-i64:64-i128:128-n32:64-S128"
target triple = "aarch64-unknown-linux-gnu"

; Function Attrs: nofree nosync nounwind readnone uwtable
define dso_local i32 @combine(i32 noundef %0, i32 noundef %1) local_unnamed_addr #0 {
  %3 = icmp slt i32 %0, 1
  br i1 %3, label %tailrecurse._crit_edge, label %tailrecurse

tailrecurse:                                      ; preds = %2, %tailrecurse
  %.tr79 = phi i32 [ %6, %tailrecurse ], [ %1, %2 ]
  %.tr8 = phi i32 [ %4, %tailrecurse ], [ %0, %2 ]
  %4 = add nsw i32 %.tr8, -1
  %5 = mul nsw i32 %.tr79, 31
  %6 = add nsw i32 %5, %.tr8
  %7 = icmp ult i32 %.tr8, 2
  br i1 %7, label %tailrecurse._crit_edge, label %tailrecurse

tailrecurse._crit_edge:                           ; preds = %tailrecurse, %2
  %.tr7.lcssa = phi i32 [ %1, %2 ], [ %6, %tailrecurse ]
  ret i32 %.tr7.lcssa
}

attributes #0 = { nofree nosync nounwind readnone uwtable "frame-pointer"="non-leaf" "min-legal-vector-width"="0" "no-trapping-math"="true" "stack-protector-buffer-size"="8" "target-cpu"="generic" "target-features"="+neon,+outline-atomics,+v8a" }

!llvm.module.flags = !{!0, !1, !2, !3, !4, !5, !6, !7, !8}
!llvm.ident = !{!9}

!0 = !{i32 1, !"wchar_size", i32 4}
!1 = !{i32 1, !"branch-target-enforcement", i32 0}
!2 = !{i32 1, !"sign-return-address", i32 0}
!3 = !{i32 1, !"sign-return-address-all", i32 0}
!4 = !{i32 1, !"sign-return-address-with-bkey", i32 0}
!5 = !{i32 7, !"PIC Level", i32 2}
!6 = !{i32 7, !"PIE Level", i32 2}
!7 = !{i32 7, !"uwtable", i32 1}
!8 = !{i32 7, !"frame-pointer", i32 1}
!9 = !{!"Ubuntu clang version 14.0.0-1ubuntu1.1"}
*** IR Dump After VerifierPass on [module] ***
; ModuleID = 'combine.in.ll'
source_filename = "combine.c"
target datalayout = "e-m:e-i8:8:32-i16:16:32-i64:64-i128:128-n32:64-S128"
target triple = "aarch64-unknown-linux-gnu"

; Function Attrs: nofree nosync nounwind readnone uwtable
define dso_local i32 @combine(i32 noundef %0, i32 noundef %1) local_unnamed_addr #0 {
  %3 = icmp slt i32 %0, 1
  br i1 %3, label %tailrecurse._crit_edge, label %tailrecurse

tailrecurse:                                      ; preds = %2, %tailrecurse
  %.tr79 = phi i32 [ %6, %tailrecurse ], [ %1, %2 ]
  %.tr8 = phi i32 [ %4, %tailrecurse ], [ %0, %2 ]
  %4 = add nsw i32 %.tr8, -1
  %5 = mul nsw i32 %.tr79, 31
  %6 = add nsw i32 %5, %.tr8
  %7 = icmp ult i32 %.tr8, 2
  br i1 %7, label %tailrecurse._crit_edge, label %tailrecurse

tailrecurse._crit_edge:                           ; preds = %tailrecurse, %2
  %.tr7.lcssa = phi i32 [ %1, %2 ], [ %6, %tailrecurse ]
  ret i32 %.tr7.lcssa
}

attributes #0 = { nofree nosync nounwind readnone uwtable "frame-pointer"="non-leaf" "min-legal-vector-width"="0" "no-trapping-math"="true" "stack-protector-buffer-size"="8" "target-cpu"="generic" "target-features"="+neon,+outline-atomics,+v8a" }

!llvm.module.flags = !{!0, !1, !2, !3, !4, !5, !6, !7, !8}
!llvm.ident = !{!9}

!0 = !{i32 1, !"wchar_size", i32 4}
!1 = !{i32 1, !"branch-target-enforcement", i32 0}
!2 = !{i32 1, !"sign-return-address", i32 0}
!3 = !{i32 1, !"sign-return-address-all", i32 0}
!4 = !{i32 1, !"sign-return-address-with-bkey", i32 0}
!5 = !{i32 7, !"PIC Level", i32 2}
!6 = !{i32 7, !"PIE Level", i32 2}
!7 = !{i32 7, !"uwtable", i32 1}
!8 = !{i32 7, !"frame-pointer", i32 1}
!9 = !{!"Ubuntu clang version 14.0.0-1ubuntu1.1"}
*** IR Dump Before PrintModulePass on [module] ***
; ModuleID = 'combine.in.ll'
source_filename = "combine.c"
target datalayout = "e-m:e-i8:8:32-i16:16:32-i64:64-i128:128-n32:64-S128"
target triple = "aarch64-unknown-linux-gnu"

; Function Attrs: nofree nosync nounwind readnone uwtable
define dso_local i32 @combine(i32 noundef %0, i32 noundef %1) local_unnamed_addr #0 {
  %3 = icmp slt i32 %0, 1
  br i1 %3, label %tailrecurse._crit_edge, label %tailrecurse

tailrecurse:                                      ; preds = %2, %tailrecurse
  %.tr79 = phi i32 [ %6, %tailrecurse ], [ %1, %2 ]
  %.tr8 = phi i32 [ %4, %tailrecurse ], [ %0, %2 ]
  %4 = add nsw i32 %.tr8, -1
  %5 = mul nsw i32 %.tr79, 31
  %6 = add nsw i32 %5, %.tr8
  %7 = icmp ult i32 %.tr8, 2
  br i1 %7, label %tailrecurse._crit_edge, label %tailrecurse

tailrecurse._crit_edge:                           ; preds = %tailrecurse, %2
  %.tr7.lcssa = phi i32 [ %1, %2 ], [ %6, %tailrecurse ]
  ret i32 %.tr7.lcssa
}

attributes #0 = { nofree nosync nounwind readnone uwtable "frame-pointer"="non-leaf" "min-legal-vector-width"="0" "no-trapping-math"="true" "stack-protector-buffer-size"="8" "target-cpu"="generic" "target-features"="+neon,+outline-atomics,+v8a" }

!llvm.module.flags = !{!0, !1, !2, !3, !4, !5, !6, !7, !8}
!llvm.ident = !{!9}

!0 = !{i32 1, !"wchar_size", i32 4}
!1 = !{i32 1, !"branch-target-enforcement", i32 0}
!2 = !{i32 1, !"sign-return-address", i32 0}
!3 = !{i32 1, !"sign-return-address-all", i32 0}
!4 = !{i32 1, !"sign-return-address-with-bkey", i32 0}
!5 = !{i32 7, !"PIC Level", i32 2}
!6 = !{i32 7, !"PIE Level", i32 2}
!7 = !{i32 7, !"uwtable", i32 1}
!8 = !{i32 7, !"frame-pointer", i32 1}
!9 = !{!"Ubuntu clang version 14.0.0-1ubuntu1.1"}
*** IR Dump After PrintModulePass on [module] ***
; ModuleID = 'combine.in.ll'
source_filename = "combine.c"
target datalayout = "e-m:e-i8:8:32-i16:16:32-i64:64-i128:128-n32:64-S128"
target triple = "aarch64-unknown-linux-gnu"

; Function Attrs: nofree nosync nounwind readnone uwtable
define dso_local i32 @combine(i32 noundef %0, i32 noundef %1) local_unnamed_addr #0 {
  %3 = icmp slt i32 %0, 1
  br i1 %3, label %tailrecurse._crit_edge, label %tailrecurse

tailrecurse:                                      ; preds = %2, %tailrecurse
  %.tr79 = phi i32 [ %6, %tailrecurse ], [ %1, %2 ]
  %.tr8 = phi i32 [ %4, %tailrecurse ], [ %0, %2 ]
  %4 = add nsw i32 %.tr8, -1
  %5 = mul nsw i32 %.tr79, 31
  %6 = add nsw i32 %5, %.tr8
  %7 = icmp ult i32 %.tr8, 2
  br i1 %7, label %tailrecurse._crit_edge, label %tailrecurse

tailrecurse._crit_edge:                           ; preds = %tailrecurse, %2
  %.tr7.lcssa = phi i32 [ %1, %2 ], [ %6, %tailrecurse ]
  ret i32 %.tr7.lcssa
}

attributes #0 = { nofree nosync nounwind readnone uwtable "frame-pointer"="non-leaf" "min-legal-vector-width"="0" "no-trapping-math"="true" "stack-protector-buffer-size"="8" "target-cpu"="generic" "target-features"="+neon,+outline-atomics,+v8a" }

!llvm.module.flags = !{!0, !1, !2, !3, !4, !5, !6, !7, !8}
!llvm.ident = !{!9}

!0 = !{i32 1, !"wchar_size", i32 4}
!1 = !{i32 1, !"branch-target-enforcement", i32 0}
!2 = !{i32 1, !"sign-return-address", i32 0}
!3 = !{i32 1, !"sign-return-address-all", i32 0}
!4 = !{i32 1, !"sign-return-address-with-bkey", i32 0}
!5 = !{i32 7, !"PIC Level", i32 2}
!6 = !{i32 7, !"PIE Level", i32 2}
!7 = !{i32 7, !"uwtable", i32 1}
!8 = !{i32 7, !"frame-pointer", i32 1}
!9 = !{!"Ubuntu clang version 14.0.0-1ubuntu1.1"}
