*** IR Dump Before VerifierPass on [module] ***
; ModuleID = 'deadLoop.in.ll'
source_filename = "deadLoop.c"
target datalayout = "e-m:e-i8:8:32-i16:16:32-i64:64-i128:128-n32:64-S128"
target triple = "aarch64-unknown-linux-gnu"

; Function Attrs: nounwind uwtable
define dso_local i32 @deadLoop(i32 noundef %0) #0 {
  %2 = alloca i32, align 4
  %3 = alloca i32, align 4
  %4 = alloca i32, align 4
  store i32 %0, i32* %2, align 4
  store i32 0, i32* %3, align 4
  store i32 0, i32* %4, align 4
  br label %5

5:                                                ; preds = %14, %1
  %6 = load i32, i32* %4, align 4
  %7 = load i32, i32* %2, align 4
  %8 = icmp slt i32 %6, %7
  br i1 %8, label %9, label %17

9:                                                ; preds = %5
  %10 = load i32, i32* %4, align 4
  %11 = mul nsw i32 %10, 3
  %12 = load i32, i32* %3, align 4
  %13 = add nsw i32 %12, %11
  store i32 %13, i32* %3, align 4
  br label %14

14:                                               ; preds = %9
  %15 = load i32, i32* %4, align 4
  %16 = add nsw i32 %15, 1
  store i32 %16, i32* %4, align 4
  br label %5, !llvm.loop !10

17:                                               ; preds = %5
  ret i32 7
}

attributes #0 = { nounwind uwtable "frame-pointer"="non-leaf" "min-legal-vector-width"="0" "no-trapping-math"="true" "stack-protector-buffer-size"="8" "target-cpu"="generic" "target-features"="+neon,+outline-atomics,+v8a" }

!llvm.module.flags = !{!0, !1, !2, !3, !4, !5, !6, !7, !8}
!llvm.ident = !{!9}

!0 = !{i32 1, !"wchar_size", i32 4}
!1 = !{i32 1, !"branch-target-enforcement", i32 0}
!2 = !{i32 1, !"sign-return-address", i32 0}
!3 = !{i32 1, !"sign-return-address-all", i32 0}
!4 = !{i32 1, !"sign-return-address-with-bkey", i32 0}
!5 = !{i32 7, !"PIC Level", i32 2}
!6 = !{i32 7, !"PIE Level", i32 2}
!7 = !{i32 7, !"uwtable", i32 1}
!8 = !{i32 7, !"frame-pointer", i32 1}
!9 = !{!"Ubuntu clang version 14.0.0-1ubuntu1.1"}
!10 = distinct !{!10, !11}
!11 = !{!"llvm.loop.mustprogress"}
*** IR Dump After VerifierPass on [module] ***
; ModuleID = 'deadLoop.in.ll'
source_filename = "deadLoop.c"
target datalayout = "e-m:e-i8:8:32-i16:16:32-i64:64-i128:128-n32:64-S128"
target triple = "aarch64-unknown-linux-gnu"

; Function Attrs: nounwind uwtable
define dso_local i32 @deadLoop(i32 noundef %0) #0 {
  %2 = alloca i32, align 4
  %3 = alloca i32, align 4
  %4 = alloca i32, align 4
  store i32 %0, i32* %2, align 4
  store i32 0, i32* %3, align 4
  store i32 0, i32* %4, align 4
  br label %5

5:                                                ; preds = %14, %1
  %6 = load i32, i32* %4, align 4
  %7 = load i32, i32* %2, align 4
  %8 = icmp slt i32 %6, %7
  br i1 %8, label %9, label %17

9:                                                ; preds = %5
  %10 = load i32, i32* %4, align 4
  %11 = mul nsw i32 %10, 3
  %12 = load i32, i32* %3, align 4
  %13 = add nsw i32 %12, %11
  store i32 %13, i32* %3, align 4
  br label %14

14:                                               ; preds = %9
  %15 = load i32, i32* %4, align 4
  %16 = add nsw i32 %15, 1
  store i32 %16, i32* %4, align 4
  br label %5, !llvm.loop !10

17:                                               ; preds = %5
  ret i32 7
}

attributes #0 = { nounwind uwtable "frame-pointer"="non-leaf" "min-legal-vector-width"="0" "no-trapping-math"="true" "stack-protector-buffer-size"="8" "target-cpu"="generic" "target-features"="+neon,+outline-atomics,+v8a" }

!llvm.module.flags = !{!0, !1, !2, !3, !4, !5, !6, !7, !8}
!llvm.ident = !{!9}

!0 = !{i32 1, !"wchar_size", i32 4}
!1 = !{i32 1, !"branch-target-enforcement", i32 0}
!2 = !{i32 1, !"sign-return-address", i32 0}
!3 = !{i32 1, !"sign-return-address-all", i32 0}
!4 = !{i32 1, !"sign-return-address-with-bkey", i32 0}
!5 = !{i32 7, !"PIC Level", i32 2}
!6 = !{i32 7, !"PIE Level", i32 2}
!7 = !{i32 7, !"uwtable", i32 1}
!8 = !{i32 7, !"frame-pointer", i32 1}
!9 = !{!"Ubuntu clang version 14.0.0-1ubuntu1.1"}
!10 = distinct !{!10, !11}
!11 = !{!"llvm.loop.mustprogress"}
*** IR Dump Before Annotation2MetadataPass on [module] ***
; ModuleID = 'deadLoop.in.ll'
source_filename = "deadLoop.c"
target datalayout = "e-m:e-i8:8:32-i16:16:32-i64:64-i128:128-n32:64-S128"
target triple = "aarch64-unknown-linux-gnu"

; Function Attrs: nounwind uwtable
define dso_local i32 @deadLoop(i32 noundef %0) #0 {
  %2 = alloca i32, align 4
  %3 = alloca i32, align 4
  %4 = alloca i32, align 4
  store i32 %0, i32* %2, align 4
  store i32 0, i32* %3, align 4
  store i32 0, i32* %4, align 4
  br label %5

5:                                                ; preds = %14, %1
  %6 = load i32, i32* %4, align 4
  %7 = load i32, i32* %2, align 4
  %8 = icmp slt i32 %6, %7
  br i1 %8, label %9, label %17

9:                                                ; preds = %5
  %10 = load i32, i32* %4, align 4
  %11 = mul nsw i32 %10, 3
  %12 = load i32, i32* %3, align 4
  %13 = add nsw i32 %12, %11
  store i32 %13, i32* %3, align 4
  br label %14

14:                                               ; preds = %9
  %15 = load i32, i32* %4, align 4
  %16 = add nsw i32 %15, 1
  store i32 %16, i32* %4, align 4
  br label %5, !llvm.loop !10

17:                                               ; preds = %5
  ret i32 7
}

attributes #0 = { nounwind uwtable "frame-pointer"="non-leaf" "min-legal-vector-width"="0" "no-trapping-math"="true" "stack-protector-buffer-size"="8" "target-cpu"="generic" "target-features"="+neon,+outline-atomics,+v8a" }

!llvm.module.flags = !{!0, !1, !2, !3, !4, !5, !6, !7, !8}
!llvm.ident = !{!9}

!0 = !{i32 1, !"wchar_size", i32 4}
!1 = !{i32 1, !"branch-target-enforcement", i32 0}
!2 = !{i32 1, !"sign-return-address", i32 0}
!3 = !{i32 1, !"sign-return-address-all", i32 0}
!4 = !{i32 1, !"sign-return-address-with-bkey", i32 0}
!5 = !{i32 7, !"PIC Level", i32 2}
!6 = !{i32 7, !"PIE Level", i32 2}
!7 = !{i32 7, !"uwtable", i32 1}
!8 = !{i32 7, !"frame-pointer", i32 1}
!9 = !{!"Ubuntu clang version 14.0.0-1ubuntu1.1"}
!10 = distinct !{!10, !11}
!11 = !{!"llvm.loop.mustprogress"}
*** IR Dump After Annotation2MetadataPass on [module] ***
; ModuleID = 'deadLoop.in.ll'
source_filename = "deadLoop.c"
target datalayout = "e-m:e-i8:8:32-i16:16:32-i64:64-i128:128-n32:64-S128"
target triple = "aarch64-unknown-linux-gnu"

; Function Attrs: nounwind uwtable
define dso_local i32 @deadLoop(i32 noundef %0) #0 {
  %2 = alloca i32, align 4
  %3 = alloca i32, align 4
  %4 = alloca i32, align 4
  store i32 %0, i32* %2, align 4
  store i32 0, i32* %3, align 4
  store i32 0, i32* %4, align 4
  br label %5

5:                                                ; preds = %14, %1
  %6 = load i32, i32* %4, align 4
  %7 = load i32, i32* %2, align 4
  %8 = icmp slt i32 %6, %7
  br i1 %8, label %9, label %17

9:                                                ; preds = %5
  %10 = load i32, i32* %4, align 4
  %11 = mul nsw i32 %10, 3
  %12 = load i32, i32* %3, align 4
  %13 = add nsw i32 %12, %11
  store i32 %13, i32* %3, align 4
  br label %14

14:                                               ; preds = %9
  %15 = load i32, i32* %4, align 4
  %16 = add nsw i32 %15, 1
  store i32 %16, i32* %4, align 4
  br label %5, !llvm.loop !10

17:                                               ; preds = %5
  ret i32 7
}

attributes #0 = { nounwind uwtable "frame-pointer"="non-leaf" "min-legal-vector-width"="0" "no-trapping-math"="true" "stack-protector-buffer-size"="8" "target-cpu"="generic" "target-features"="+neon,+outline-atomics,+v8a" }

!llvm.module.flags = !{!0, !1, !2, !3, !4, !5, !6, !7, !8}
!llvm.ident = !{!9}

!0 = !{i32 1, !"wchar_size", i32 4}
!1 = !{i32 1, !"branch-target-enforcement", i32 0}
!2 = !{i32 1, !"sign-return-address", i32 0}
!3 = !{i32 1, !"sign-return-address-all", i32 0}
!4 = !{i32 1, !"sign-return-address-with-bkey", i32 0}
!5 = !{i32 7, !"PIC Level", i32 2}
!6 = !{i32 7, !"PIE Level", i32 2}
!7 = !{i32 7, !"uwtable", i32 1}
!8 = !{i32 7, !"frame-pointer", i32 1}
!9 = !{!"Ubuntu clang version 14.0.0-1ubuntu1.1"}
!10 = distinct !{!10, !11}
!11 = !{!"llvm.loop.mustprogress"}
*** IR Dump Before ForceFunctionAttrsPass on [module] ***
; ModuleID = 'deadLoop.in.ll'
source_filename = "deadLoop.c"
target datalayout = "e-m:e-i8:8:32-i16:16:32-i64:64-i128:128-n32:64-S128"
target triple = "aarch64-unknown-linux-gnu"

; Function Attrs: nounwind uwtable
define dso_local i32 @deadLoop(i32 noundef %0) #0 {
  %2 = alloca i32, align 4
  %3 = alloca i32, align 4
  %4 = alloca i32, align 4
  store i32 %0, i32* %2, align 4
  store i32 0, i32* %3, align 4
  store i32 0, i32* %4, align 4
  br label %5

5:                                                ; preds = %14, %1
  %6 = load i32, i32* %4, align 4
  %7 = load i32, i32* %2, align 4
  %8 = icmp slt i32 %6, %7
  br i1 %8, label %9, label %17

9:                                                ; preds = %5
  %10 = load i32, i32* %4, align 4
  %11 = mul nsw i32 %10, 3
  %12 = load i32, i32* %3, align 4
  %13 = add nsw i32 %12, %11
  store i32 %13, i32* %3, align 4
  br label %14

14:                                               ; preds = %9
  %15 = load i32, i32* %4, align 4
  %16 = add nsw i32 %15, 1
  store i32 %16, i32* %4, align 4
  br label %5, !llvm.loop !10

17:                                               ; preds = %5
  ret i32 7
}

attributes #0 = { nounwind uwtable "frame-pointer"="non-leaf" "min-legal-vector-width"="0" "no-trapping-math"="true" "stack-protector-buffer-size"="8" "target-cpu"="generic" "target-features"="+neon,+outline-atomics,+v8a" }

!llvm.module.flags = !{!0, !1, !2, !3, !4, !5, !6, !7, !8}
!llvm.ident = !{!9}

!0 = !{i32 1, !"wchar_size", i32 4}
!1 = !{i32 1, !"branch-target-enforcement", i32 0}
!2 = !{i32 1, !"sign-return-address", i32 0}
!3 = !{i32 1, !"sign-return-address-all", i32 0}
!4 = !{i32 1, !"sign-return-address-with-bkey", i32 0}
!5 = !{i32 7, !"PIC Level", i32 2}
!6 = !{i32 7, !"PIE Level", i32 2}
!7 = !{i32 7, !"uwtable", i32 1}
!8 = !{i32 7, !"frame-pointer", i32 1}
!9 = !{!"Ubuntu clang version 14.0.0-1ubuntu1.1"}
!10 = distinct !{!10, !11}
!11 = !{!"llvm.loop.mustprogress"}
*** IR Dump After ForceFunctionAttrsPass on [module] ***
; ModuleID = 'deadLoop.in.ll'
source_filename = "deadLoop.c"
target datalayout = "e-m:e-i8:8:32-i16:16:32-i64:64-i128:128-n32:64-S128"
target triple = "aarch64-unknown-linux-gnu"

; Function Attrs: nounwind uwtable
define dso_local i32 @deadLoop(i32 noundef %0) #0 {
  %2 = alloca i32, align 4
  %3 = alloca i32, align 4
  %4 = alloca i32, align 4
  store i32 %0, i32* %2, align 4
  store i32 0, i32* %3, align 4
  store i32 0, i32* %4, align 4
  br label %5

5:                                                ; preds = %14, %1
  %6 = load i32, i32* %4, align 4
  %7 = load i32, i32* %2, align 4
  %8 = icmp slt i32 %6, %7
  br i1 %8, label %9, label %17

9:                                                ; preds = %5
  %10 = load i32, i32* %4, align 4
  %11 = mul nsw i32 %10, 3
  %12 = load i32, i32* %3, align 4
  %13 = add nsw i32 %12, %11
  store i32 %13, i32* %3, align 4
  br label %14

14:                                               ; preds = %9
  %15 = load i32, i32* %4, align 4
  %16 = add nsw i32 %15, 1
  store i32 %16, i32* %4, align 4
  br label %5, !llvm.loop !10

17:                                               ; preds = %5
  ret i32 7
}

attributes #0 = { nounwind uwtable "frame-pointer"="non-leaf" "min-legal-vector-width"="0" "no-trapping-math"="true" "stack-protector-buffer-size"="8" "target-cpu"="generic" "target-features"="+neon,+outline-atomics,+v8a" }

!llvm.module.flags = !{!0, !1, !2, !3, !4, !5, !6, !7, !8}
!llvm.ident = !{!9}

!0 = !{i32 1, !"wchar_size", i32 4}
!1 = !{i32 1, !"branch-target-enforcement", i32 0}
!2 = !{i32 1, !"sign-return-address", i32 0}
!3 = !{i32 1, !"sign-return-address-all", i32 0}
!4 = !{i32 1, !"sign-return-address-with-bkey", i32 0}
!5 = !{i32 7, !"PIC Level", i32 2}
!6 = !{i32 7, !"PIE Level", i32 2}
!7 = !{i32 7, !"uwtable", i32 1}
!8 = !{i32 7, !"frame-pointer", i32 1}
!9 = !{!"Ubuntu clang version 14.0.0-1ubuntu1.1"}
!10 = distinct !{!10, !11}
!11 = !{!"llvm.loop.mustprogress"}
*** IR Dump Before InferFunctionAttrsPass on [module] ***
; ModuleID = 'deadLoop.in.ll'
source_filename = "deadLoop.c"
target datalayout = "e-m:e-i8:8:32-i16:16:32-i64:64-i128:128-n32:64-S128"
target triple = "aarch64-unknown-linux-gnu"

; Function Attrs: nounwind uwtable
define dso_local i32 @deadLoop(i32 noundef %0) #0 {
  %2 = alloca i32, align 4
  %3 = alloca i32, align 4
  %4 = alloca i32, align 4
  store i32 %0, i32* %2, align 4
  store i32 0, i32* %3, align 4
  store i32 0, i32* %4, align 4
  br label %5

5:                                                ; preds = %14, %1
  %6 = load i32, i32* %4, align 4
  %7 = load i32, i32* %2, align 4
  %8 = icmp slt i32 %6, %7
  br i1 %8, label %9, label %17

9:                                                ; preds = %5
  %10 = load i32, i32* %4, align 4
  %11 = mul nsw i32 %10, 3
  %12 = load i32, i32* %3, align 4
  %13 = add nsw i32 %12, %11
  store i32 %13, i32* %3, align 4
  br label %14

14:                                               ; preds = %9
  %15 = load i32, i32* %4, align 4
  %16 = add nsw i32 %15, 1
  store i32 %16, i32* %4, align 4
  br label %5, !llvm.loop !10

17:                                               ; preds = %5
  ret i32 7
}

attributes #0 = { nounwind uwtable "frame-pointer"="non-leaf" "min-legal-vector-width"="0" "no-trapping-math"="true" "stack-protector-buffer-size"="8" "target-cpu"="generic" "target-features"="+neon,+outline-atomics,+v8a" }

!llvm.module.flags = !{!0, !1, !2, !3, !4, !5, !6, !7, !8}
!llvm.ident = !{!9}

!0 = !{i32 1, !"wchar_size", i32 4}
!1 = !{i32 1, !"branch-target-enforcement", i32 0}
!2 = !{i32 1, !"sign-return-address", i32 0}
!3 = !{i32 1, !"sign-return-address-all", i32 0}
!4 = !{i32 1, !"sign-return-address-with-bkey", i32 0}
!5 = !{i32 7, !"PIC Level", i32 2}
!6 = !{i32 7, !"PIE Level", i32 2}
!7 = !{i32 7, !"uwtable", i32 1}
!8 = !{i32 7, !"frame-pointer", i32 1}
!9 = !{!"Ubuntu clang version 14.0.0-1ubuntu1.1"}
!10 = distinct !{!10, !11}
!11 = !{!"llvm.loop.mustprogress"}
*** IR Dump After InferFunctionAttrsPass on [module] ***
; ModuleID = 'deadLoop.in.ll'
source_filename = "deadLoop.c"
target datalayout = "e-m:e-i8:8:32-i16:16:32-i64:64-i128:128-n32:64-S128"
target triple = "aarch64-unknown-linux-gnu"

; Function Attrs: nounwind uwtable
define dso_local i32 @deadLoop(i32 noundef %0) #0 {
  %2 = alloca i32, align 4
  %3 = alloca i32, align 4
  %4 = alloca i32, align 4
  store i32 %0, i32* %2, align 4
  store i32 0, i32* %3, align 4
  store i32 0, i32* %4, align 4
  br label %5

5:                                                ; preds = %14, %1
  %6 = load i32, i32* %4, align 4
  %7 = load i32, i32* %2, align 4
  %8 = icmp slt i32 %6, %7
  br i1 %8, label %9, label %17

9:                                                ; preds = %5
  %10 = load i32, i32* %4, align 4
  %11 = mul nsw i32 %10, 3
  %12 = load i32, i32* %3, align 4
  %13 = add nsw i32 %12, %11
  store i32 %13, i32* %3, align 4
  br label %14

14:                                               ; preds = %9
  %15 = load i32, i32* %4, align 4
  %16 = add nsw i32 %15, 1
  store i32 %16, i32* %4, align 4
  br label %5, !llvm.loop !10

17:                                               ; preds = %5
  ret i32 7
}

attributes #0 = { nounwind uwtable "frame-pointer"="non-leaf" "min-legal-vector-width"="0" "no-trapping-math"="true" "stack-protector-buffer-size"="8" "target-cpu"="generic" "target-features"="+neon,+outline-atomics,+v8a" }

!llvm.module.flags = !{!0, !1, !2, !3, !4, !5, !6, !7, !8}
!llvm.ident = !{!9}

!0 = !{i32 1, !"wchar_size", i32 4}
!1 = !{i32 1, !"branch-target-enforcement", i32 0}
!2 = !{i32 1, !"sign-return-address", i32 0}
!3 = !{i32 1, !"sign-return-address-all", i32 0}
!4 = !{i32 1, !"sign-return-address-with-bkey", i32 0}
!5 = !{i32 7, !"PIC Level", i32 2}
!6 = !{i32 7, !"PIE Level", i32 2}
!7 = !{i32 7, !"uwtable", i32 1}
!8 = !{i32 7, !"frame-pointer", i32 1}
!9 = !{!"Ubuntu clang version 14.0.0-1ubuntu1.1"}
!10 = distinct !{!10, !11}
!11 = !{!"llvm.loop.mustprogress"}
*** IR Dump Before LowerExpectIntrinsicPass on deadLoop ***
; Function Attrs: nounwind uwtable
define dso_local i32 @deadLoop(i32 noundef %0) #0 {
  %2 = alloca i32, align 4
  %3 = alloca i32, align 4
  %4 = alloca i32, align 4
  store i32 %0, i32* %2, align 4
  store i32 0, i32* %3, align 4
  store i32 0, i32* %4, align 4
  br label %5

5:                                                ; preds = %14, %1
  %6 = load i32, i32* %4, align 4
  %7 = load i32, i32* %2, align 4
  %8 = icmp slt i32 %6, %7
  br i1 %8, label %9, label %17

9:                                                ; preds = %5
  %10 = load i32, i32* %4, align 4
  %11 = mul nsw i32 %10, 3
  %12 = load i32, i32* %3, align 4
  %13 = add nsw i32 %12, %11
  store i32 %13, i32* %3, align 4
  br label %14

14:                                               ; preds = %9
  %15 = load i32, i32* %4, align 4
  %16 = add nsw i32 %15, 1
  store i32 %16, i32* %4, align 4
  br label %5, !llvm.loop !10

17:                                               ; preds = %5
  ret i32 7
}
*** IR Dump After LowerExpectIntrinsicPass on deadLoop ***
; Function Attrs: nounwind uwtable
define dso_local i32 @deadLoop(i32 noundef %0) #0 {
  %2 = alloca i32, align 4
  %3 = alloca i32, align 4
  %4 = alloca i32, align 4
  store i32 %0, i32* %2, align 4
  store i32 0, i32* %3, align 4
  store i32 0, i32* %4, align 4
  br label %5

5:                                                ; preds = %14, %1
  %6 = load i32, i32* %4, align 4
  %7 = load i32, i32* %2, align 4
  %8 = icmp slt i32 %6, %7
  br i1 %8, label %9, label %17

9:                                                ; preds = %5
  %10 = load i32, i32* %4, align 4
  %11 = mul nsw i32 %10, 3
  %12 = load i32, i32* %3, align 4
  %13 = add nsw i32 %12, %11
  store i32 %13, i32* %3, align 4
  br label %14

14:                                               ; preds = %9
  %15 = load i32, i32* %4, align 4
  %16 = add nsw i32 %15, 1
  store i32 %16, i32* %4, align 4
  br label %5, !llvm.loop !10

17:                                               ; preds = %5
  ret i32 7
}
*** IR Dump Before SimplifyCFGPass on deadLoop ***
; Function Attrs: nounwind uwtable
define dso_local i32 @deadLoop(i32 noundef %0) #0 {
  %2 = alloca i32, align 4
  %3 = alloca i32, align 4
  %4 = alloca i32, align 4
  store i32 %0, i32* %2, align 4
  store i32 0, i32* %3, align 4
  store i32 0, i32* %4, align 4
  br label %5

5:                                                ; preds = %14, %1
  %6 = load i32, i32* %4, align 4
  %7 = load i32, i32* %2, align 4
  %8 = icmp slt i32 %6, %7
  br i1 %8, label %9, label %17

9:                                                ; preds = %5
  %10 = load i32, i32* %4, align 4
  %11 = mul nsw i32 %10, 3
  %12 = load i32, i32* %3, align 4
  %13 = add nsw i32 %12, %11
  store i32 %13, i32* %3, align 4
  br label %14

14:                                               ; preds = %9
  %15 = load i32, i32* %4, align 4
  %16 = add nsw i32 %15, 1
  store i32 %16, i32* %4, align 4
  br label %5, !llvm.loop !10

17:                                               ; preds = %5
  ret i32 7
}
*** IR Dump After SimplifyCFGPass on deadLoop ***
; Function Attrs: nounwind uwtable
define dso_local i32 @deadLoop(i32 noundef %0) #0 {
  %2 = alloca i32, align 4
  %3 = alloca i32, align 4
  %4 = alloca i32, align 4
  store i32 %0, i32* %2, align 4
  store i32 0, i32* %3, align 4
  store i32 0, i32* %4, align 4
  br label %5

5:                                                ; preds = %9, %1
  %6 = load i32, i32* %4, align 4
  %7 = load i32, i32* %2, align 4
  %8 = icmp slt i32 %6, %7
  br i1 %8, label %9, label %16

9:                                                ; preds = %5
  %10 = load i32, i32* %4, align 4
  %11 = mul nsw i32 %10, 3
  %12 = load i32, i32* %3, align 4
  %13 = add nsw i32 %12, %11
  store i32 %13, i32* %3, align 4
  %14 = load i32, i32* %4, align 4
  %15 = add nsw i32 %14, 1
  store i32 %15, i32* %4, align 4
  br label %5, !llvm.loop !10

16:                                               ; preds = %5
  ret i32 7
}
*** IR Dump Before SROAPass on deadLoop ***
; Function Attrs: nounwind uwtable
define dso_local i32 @deadLoop(i32 noundef %0) #0 {
  %2 = alloca i32, align 4
  %3 = alloca i32, align 4
  %4 = alloca i32, align 4
  store i32 %0, i32* %2, align 4
  store i32 0, i32* %3, align 4
  store i32 0, i32* %4, align 4
  br label %5

5:                                                ; preds = %9, %1
  %6 = load i32, i32* %4, align 4
  %7 = load i32, i32* %2, align 4
  %8 = icmp slt i32 %6, %7
  br i1 %8, label %9, label %16

9:                                                ; preds = %5
  %10 = load i32, i32* %4, align 4
  %11 = mul nsw i32 %10, 3
  %12 = load i32, i32* %3, align 4
  %13 = add nsw i32 %12, %11
  store i32 %13, i32* %3, align 4
  %14 = load i32, i32* %4, align 4
  %15 = add nsw i32 %14, 1
  store i32 %15, i32* %4, align 4
  br label %5, !llvm.loop !10

16:                                               ; preds = %5
  ret i32 7
}
*** IR Dump After SROAPass on deadLoop ***
; Function Attrs: nounwind uwtable
define dso_local i32 @deadLoop(i32 noundef %0) #0 {
  br label %2

2:                                                ; preds = %4, %1
  %.05 = phi i32 [ 0, %1 ], [ %6, %4 ]
  %.0 = phi i32 [ 0, %1 ], [ %7, %4 ]
  %3 = icmp slt i32 %.0, %0
  br i1 %3, label %4, label %8

4:                                                ; preds = %2
  %5 = mul nsw i32 %.0, 3
  %6 = add nsw i32 %.05, %5
  %7 = add nsw i32 %.0, 1
  br label %2, !llvm.loop !10

8:                                                ; preds = %2
  ret i32 7
}
*** IR Dump Before EarlyCSEPass on deadLoop ***
; Function Attrs: nounwind uwtable
define dso_local i32 @deadLoop(i32 noundef %0) #0 {
  br label %2

2:                                                ; preds = %4, %1
  %.05 = phi i32 [ 0, %1 ], [ %6, %4 ]
  %.0 = phi i32 [ 0, %1 ], [ %7, %4 ]
  %3 = icmp slt i32 %.0, %0
  br i1 %3, label %4, label %8

4:                                                ; preds = %2
  %5 = mul nsw i32 %.0, 3
  %6 = add nsw i32 %.05, %5
  %7 = add nsw i32 %.0, 1
  br label %2, !llvm.loop !10

8:                                                ; preds = %2
  ret i32 7
}
*** IR Dump After EarlyCSEPass on deadLoop ***
; Function Attrs: nounwind uwtable
define dso_local i32 @deadLoop(i32 noundef %0) #0 {
  br label %2

2:                                                ; preds = %4, %1
  %.05 = phi i32 [ 0, %1 ], [ %6, %4 ]
  %.0 = phi i32 [ 0, %1 ], [ %7, %4 ]
  %3 = icmp slt i32 %.0, %0
  br i1 %3, label %4, label %8

4:                                                ; preds = %2
  %5 = mul nsw i32 %.0, 3
  %6 = add nsw i32 %.05, %5
  %7 = add nsw i32 %.0, 1
  br label %2, !llvm.loop !10

8:                                                ; preds = %2
  ret i32 7
}
*** IR Dump Before CoroEarlyPass on deadLoop ***
; Function Attrs: nounwind uwtable
define dso_local i32 @deadLoop(i32 noundef %0) #0 {
  br label %2

2:                                                ; preds = %4, %1
  %.05 = phi i32 [ 0, %1 ], [ %6, %4 ]
  %.0 = phi i32 [ 0, %1 ], [ %7, %4 ]
  %3 = icmp slt i32 %.0, %0
  br i1 %3, label %4, label %8

4:                                                ; preds = %2
  %5 = mul nsw i32 %.0, 3
  %6 = add nsw i32 %.05, %5
  %7 = add nsw i32 %.0, 1
  br label %2, !llvm.loop !10

8:                                                ; preds = %2
  ret i32 7
}
*** IR Dump After CoroEarlyPass on deadLoop ***
; Function Attrs: nounwind uwtable
define dso_local i32 @deadLoop(i32 noundef %0) #0 {
  br label %2

2:                                                ; preds = %4, %1
  %.05 = phi i32 [ 0, %1 ], [ %6, %4 ]
  %.0 = phi i32 [ 0, %1 ], [ %7, %4 ]
  %3 = icmp slt i32 %.0, %0
  br i1 %3, label %4, label %8

4:                                                ; preds = %2
  %5 = mul nsw i32 %.0, 3
  %6 = add nsw i32 %.05, %5
  %7 = add nsw i32 %.0, 1
  br label %2, !llvm.loop !10

8:                                                ; preds = %2
  ret i32 7
}
*** IR Dump Before OpenMPOptPass on [module] ***
; ModuleID = 'deadLoop.in.ll'
source_filename = "deadLoop.c"
target datalayout = "e-m:e-i8:8:32-i16:16:32-i64:64-i128:128-n32:64-S128"
target triple = "aarch64-unknown-linux-gnu"

; Function Attrs: nounwind uwtable
define dso_local i32 @deadLoop(i32 noundef %0) #0 {
  br label %2

2:                                                ; preds = %4, %1
  %.05 = phi i32 [ 0, %1 ], [ %6, %4 ]
  %.0 = phi i32 [ 0, %1 ], [ %7, %4 ]
  %3 = icmp slt i32 %.0, %0
  br i1 %3, label %4, label %8

4:                                                ; preds = %2
  %5 = mul nsw i32 %.0, 3
  %6 = add nsw i32 %.05, %5
  %7 = add nsw i32 %.0, 1
  br label %2, !llvm.loop !10

8:                                                ; preds = %2
  ret i32 7
}

attributes #0 = { nounwind uwtable "frame-pointer"="non-leaf" "min-legal-vector-width"="0" "no-trapping-math"="true" "stack-protector-buffer-size"="8" "target-cpu"="generic" "target-features"="+neon,+outline-atomics,+v8a" }

!llvm.module.flags = !{!0, !1, !2, !3, !4, !5, !6, !7, !8}
!llvm.ident = !{!9}

!0 = !{i32 1, !"wchar_size", i32 4}
!1 = !{i32 1, !"branch-target-enforcement", i32 0}
!2 = !{i32 1, !"sign-return-address", i32 0}
!3 = !{i32 1, !"sign-return-address-all", i32 0}
!4 = !{i32 1, !"sign-return-address-with-bkey", i32 0}
!5 = !{i32 7, !"PIC Level", i32 2}
!6 = !{i32 7, !"PIE Level", i32 2}
!7 = !{i32 7, !"uwtable", i32 1}
!8 = !{i32 7, !"frame-pointer", i32 1}
!9 = !{!"Ubuntu clang version 14.0.0-1ubuntu1.1"}
!10 = distinct !{!10, !11}
!11 = !{!"llvm.loop.mustprogress"}
*** IR Dump After OpenMPOptPass on [module] ***
; ModuleID = 'deadLoop.in.ll'
source_filename = "deadLoop.c"
target datalayout = "e-m:e-i8:8:32-i16:16:32-i64:64-i128:128-n32:64-S128"
target triple = "aarch64-unknown-linux-gnu"

; Function Attrs: nounwind uwtable
define dso_local i32 @deadLoop(i32 noundef %0) #0 {
  br label %2

2:                                                ; preds = %4, %1
  %.05 = phi i32 [ 0, %1 ], [ %6, %4 ]
  %.0 = phi i32 [ 0, %1 ], [ %7, %4 ]
  %3 = icmp slt i32 %.0, %0
  br i1 %3, label %4, label %8

4:                                                ; preds = %2
  %5 = mul nsw i32 %.0, 3
  %6 = add nsw i32 %.05, %5
  %7 = add nsw i32 %.0, 1
  br label %2, !llvm.loop !10

8:                                                ; preds = %2
  ret i32 7
}

attributes #0 = { nounwind uwtable "frame-pointer"="non-leaf" "min-legal-vector-width"="0" "no-trapping-math"="true" "stack-protector-buffer-size"="8" "target-cpu"="generic" "target-features"="+neon,+outline-atomics,+v8a" }

!llvm.module.flags = !{!0, !1, !2, !3, !4, !5, !6, !7, !8}
!llvm.ident = !{!9}

!0 = !{i32 1, !"wchar_size", i32 4}
!1 = !{i32 1, !"branch-target-enforcement", i32 0}
!2 = !{i32 1, !"sign-return-address", i32 0}
!3 = !{i32 1, !"sign-return-address-all", i32 0}
!4 = !{i32 1, !"sign-return-address-with-bkey", i32 0}
!5 = !{i32 7, !"PIC Level", i32 2}
!6 = !{i32 7, !"PIE Level", i32 2}
!7 = !{i32 7, !"uwtable", i32 1}
!8 = !{i32 7, !"frame-pointer", i32 1}
!9 = !{!"Ubuntu clang version 14.0.0-1ubuntu1.1"}
!10 = distinct !{!10, !11}
!11 = !{!"llvm.loop.mustprogress"}
*** IR Dump Before IPSCCPPass on [module] ***
; ModuleID = 'deadLoop.in.ll'
source_filename = "deadLoop.c"
target datalayout = "e-m:e-i8:8:32-i16:16:32-i64:64-i128:128-n32:64-S128"
target triple = "aarch64-unknown-linux-gnu"

; Function Attrs: nounwind uwtable
define dso_local i32 @deadLoop(i32 noundef %0) #0 {
  br label %2

2:                                                ; preds = %4, %1
  %.05 = phi i32 [ 0, %1 ], [ %6, %4 ]
  %.0 = phi i32 [ 0, %1 ], [ %7, %4 ]
  %3 = icmp slt i32 %.0, %0
  br i1 %3, label %4, label %8

4:                                                ; preds = %2
  %5 = mul nsw i32 %.0, 3
  %6 = add nsw i32 %.05, %5
  %7 = add nsw i32 %.0, 1
  br label %2, !llvm.loop !10

8:                                                ; preds = %2
  ret i32 7
}

attributes #0 = { nounwind uwtable "frame-pointer"="non-leaf" "min-legal-vector-width"="0" "no-trapping-math"="true" "stack-protector-buffer-size"="8" "target-cpu"="generic" "target-features"="+neon,+outline-atomics,+v8a" }

!llvm.module.flags = !{!0, !1, !2, !3, !4, !5, !6, !7, !8}
!llvm.ident = !{!9}

!0 = !{i32 1, !"wchar_size", i32 4}
!1 = !{i32 1, !"branch-target-enforcement", i32 0}
!2 = !{i32 1, !"sign-return-address", i32 0}
!3 = !{i32 1, !"sign-return-address-all", i32 0}
!4 = !{i32 1, !"sign-return-address-with-bkey", i32 0}
!5 = !{i32 7, !"PIC Level", i32 2}
!6 = !{i32 7, !"PIE Level", i32 2}
!7 = !{i32 7, !"uwtable", i32 1}
!8 = !{i32 7, !"frame-pointer", i32 1}
!9 = !{!"Ubuntu clang version 14.0.0-1ubuntu1.1"}
!10 = distinct !{!10, !11}
!11 = !{!"llvm.loop.mustprogress"}
*** IR Dump After IPSCCPPass on [module] ***
; ModuleID = 'deadLoop.in.ll'
source_filename = "deadLoop.c"
target datalayout = "e-m:e-i8:8:32-i16:16:32-i64:64-i128:128-n32:64-S128"
target triple = "aarch64-unknown-linux-gnu"

; Function Attrs: nounwind uwtable
define dso_local i32 @deadLoop(i32 noundef %0) #0 {
  br label %2

2:                                                ; preds = %4, %1
  %.05 = phi i32 [ 0, %1 ], [ %6, %4 ]
  %.0 = phi i32 [ 0, %1 ], [ %7, %4 ]
  %3 = icmp slt i32 %.0, %0
  br i1 %3, label %4, label %8

4:                                                ; preds = %2
  %5 = mul nsw i32 %.0, 3
  %6 = add nsw i32 %.05, %5
  %7 = add nsw i32 %.0, 1
  br label %2, !llvm.loop !10

8:                                                ; preds = %2
  ret i32 7
}

attributes #0 = { nounwind uwtable "frame-pointer"="non-leaf" "min-legal-vector-width"="0" "no-trapping-math"="true" "stack-protector-buffer-size"="8" "target-cpu"="generic" "target-features"="+neon,+outline-atomics,+v8a" }

!llvm.module.flags = !{!0, !1, !2, !3, !4, !5, !6, !7, !8}
!llvm.ident = !{!9}

!0 = !{i32 1, !"wchar_size", i32 4}
!1 = !{i32 1, !"branch-target-enforcement", i32 0}
!2 = !{i32 1, !"sign-return-address", i32 0}
!3 = !{i32 1, !"sign-return-address-all", i32 0}
!4 = !{i32 1, !"sign-return-address-with-bkey", i32 0}
!5 = !{i32 7, !"PIC Level", i32 2}
!6 = !{i32 7, !"PIE Level", i32 2}
!7 = !{i32 7, !"uwtable", i32 1}
!8 = !{i32 7, !"frame-pointer", i32 1}
!9 = !{!"Ubuntu clang version 14.0.0-1ubuntu1.1"}
!10 = distinct !{!10, !11}
!11 = !{!"llvm.loop.mustprogress"}
*** IR Dump Before CalledValuePropagationPass on [module] ***
; ModuleID = 'deadLoop.in.ll'
source_filename = "deadLoop.c"
target datalayout = "e-m:e-i8:8:32-i16:16:32-i64:64-i128:128-n32:64-S128"
target triple = "aarch64-unknown-linux-gnu"

; Function Attrs: nounwind uwtable
define dso_local i32 @deadLoop(i32 noundef %0) #0 {
  br label %2

2:                                                ; preds = %4, %1
  %.05 = phi i32 [ 0, %1 ], [ %6, %4 ]
  %.0 = phi i32 [ 0, %1 ], [ %7, %4 ]
  %3 = icmp slt i32 %.0, %0
  br i1 %3, label %4, label %8

4:                                                ; preds = %2
  %5 = mul nsw i32 %.0, 3
  %6 = add nsw i32 %.05, %5
  %7 = add nsw i32 %.0, 1
  br label %2, !llvm.loop !10

8:                                                ; preds = %2
  ret i32 7
}

attributes #0 = { nounwind uwtable "frame-pointer"="non-leaf" "min-legal-vector-width"="0" "no-trapping-math"="true" "stack-protector-buffer-size"="8" "target-cpu"="generic" "target-features"="+neon,+outline-atomics,+v8a" }

!llvm.module.flags = !{!0, !1, !2, !3, !4, !5, !6, !7, !8}
!llvm.ident = !{!9}

!0 = !{i32 1, !"wchar_size", i32 4}
!1 = !{i32 1, !"branch-target-enforcement", i32 0}
!2 = !{i32 1, !"sign-return-address", i32 0}
!3 = !{i32 1, !"sign-return-address-all", i32 0}
!4 = !{i32 1, !"sign-return-address-with-bkey", i32 0}
!5 = !{i32 7, !"PIC Level", i32 2}
!6 = !{i32 7, !"PIE Level", i32 2}
!7 = !{i32 7, !"uwtable", i32 1}
!8 = !{i32 7, !"frame-pointer", i32 1}
!9 = !{!"Ubuntu clang version 14.0.0-1ubuntu1.1"}
!10 = distinct !{!10, !11}
!11 = !{!"llvm.loop.mustprogress"}
*** IR Dump After CalledValuePropagationPass on [module] ***
; ModuleID = 'deadLoop.in.ll'
source_filename = "deadLoop.c"
target datalayout = "e-m:e-i8:8:32-i16:16:32-i64:64-i128:128-n32:64-S128"
target triple = "aarch64-unknown-linux-gnu"

; Function Attrs: nounwind uwtable
define dso_local i32 @deadLoop(i32 noundef %0) #0 {
  br label %2

2:                                                ; preds = %4, %1
  %.05 = phi i32 [ 0, %1 ], [ %6, %4 ]
  %.0 = phi i32 [ 0, %1 ], [ %7, %4 ]
  %3 = icmp slt i32 %.0, %0
  br i1 %3, label %4, label %8

4:                                                ; preds = %2
  %5 = mul nsw i32 %.0, 3
  %6 = add nsw i32 %.05, %5
  %7 = add nsw i32 %.0, 1
  br label %2, !llvm.loop !10

8:                                                ; preds = %2
  ret i32 7
}

attributes #0 = { nounwind uwtable "frame-pointer"="non-leaf" "min-legal-vector-width"="0" "no-trapping-math"="true" "stack-protector-buffer-size"="8" "target-cpu"="generic" "target-features"="+neon,+outline-atomics,+v8a" }

!llvm.module.flags = !{!0, !1, !2, !3, !4, !5, !6, !7, !8}
!llvm.ident = !{!9}

!0 = !{i32 1, !"wchar_size", i32 4}
!1 = !{i32 1, !"branch-target-enforcement", i32 0}
!2 = !{i32 1, !"sign-return-address", i32 0}
!3 = !{i32 1, !"sign-return-address-all", i32 0}
!4 = !{i32 1, !"sign-return-address-with-bkey", i32 0}
!5 = !{i32 7, !"PIC Level", i32 2}
!6 = !{i32 7, !"PIE Level", i32 2}
!7 = !{i32 7, !"uwtable", i32 1}
!8 = !{i32 7, !"frame-pointer", i32 1}
!9 = !{!"Ubuntu clang version 14.0.0-1ubuntu1.1"}
!10 = distinct !{!10, !11}
!11 = !{!"llvm.loop.mustprogress"}
*** IR Dump Before GlobalOptPass on [module] ***
; ModuleID = 'deadLoop.in.ll'
source_filename = "deadLoop.c"
target datalayout = "e-m:e-i8:8:32-i16:16:32-i64:64-i128:128-n32:64-S128"
target triple = "aarch64-unknown-linux-gnu"

; Function Attrs: nounwind uwtable
define dso_local i32 @deadLoop(i32 noundef %0) #0 {
  br label %2

2:                                                ; preds = %4, %1
  %.05 = phi i32 [ 0, %1 ], [ %6, %4 ]
  %.0 = phi i32 [ 0, %1 ], [ %7, %4 ]
  %3 = icmp slt i32 %.0, %0
  br i1 %3, label %4, label %8

4:                                                ; preds = %2
  %5 = mul nsw i32 %.0, 3
  %6 = add nsw i32 %.05, %5
  %7 = add nsw i32 %.0, 1
  br label %2, !llvm.loop !10

8:                                                ; preds = %2
  ret i32 7
}

attributes #0 = { nounwind uwtable "frame-pointer"="non-leaf" "min-legal-vector-width"="0" "no-trapping-math"="true" "stack-protector-buffer-size"="8" "target-cpu"="generic" "target-features"="+neon,+outline-atomics,+v8a" }

!llvm.module.flags = !{!0, !1, !2, !3, !4, !5, !6, !7, !8}
!llvm.ident = !{!9}

!0 = !{i32 1, !"wchar_size", i32 4}
!1 = !{i32 1, !"branch-target-enforcement", i32 0}
!2 = !{i32 1, !"sign-return-address", i32 0}
!3 = !{i32 1, !"sign-return-address-all", i32 0}
!4 = !{i32 1, !"sign-return-address-with-bkey", i32 0}
!5 = !{i32 7, !"PIC Level", i32 2}
!6 = !{i32 7, !"PIE Level", i32 2}
!7 = !{i32 7, !"uwtable", i32 1}
!8 = !{i32 7, !"frame-pointer", i32 1}
!9 = !{!"Ubuntu clang version 14.0.0-1ubuntu1.1"}
!10 = distinct !{!10, !11}
!11 = !{!"llvm.loop.mustprogress"}
*** IR Dump After GlobalOptPass on [module] ***
; ModuleID = 'deadLoop.in.ll'
source_filename = "deadLoop.c"
target datalayout = "e-m:e-i8:8:32-i16:16:32-i64:64-i128:128-n32:64-S128"
target triple = "aarch64-unknown-linux-gnu"

; Function Attrs: nounwind uwtable
define dso_local i32 @deadLoop(i32 noundef %0) local_unnamed_addr #0 {
  br label %2

2:                                                ; preds = %4, %1
  %.05 = phi i32 [ 0, %1 ], [ %6, %4 ]
  %.0 = phi i32 [ 0, %1 ], [ %7, %4 ]
  %3 = icmp slt i32 %.0, %0
  br i1 %3, label %4, label %8

4:                                                ; preds = %2
  %5 = mul nsw i32 %.0, 3
  %6 = add nsw i32 %.05, %5
  %7 = add nsw i32 %.0, 1
  br label %2, !llvm.loop !10

8:                                                ; preds = %2
  ret i32 7
}

attributes #0 = { nounwind uwtable "frame-pointer"="non-leaf" "min-legal-vector-width"="0" "no-trapping-math"="true" "stack-protector-buffer-size"="8" "target-cpu"="generic" "target-features"="+neon,+outline-atomics,+v8a" }

!llvm.module.flags = !{!0, !1, !2, !3, !4, !5, !6, !7, !8}
!llvm.ident = !{!9}

!0 = !{i32 1, !"wchar_size", i32 4}
!1 = !{i32 1, !"branch-target-enforcement", i32 0}
!2 = !{i32 1, !"sign-return-address", i32 0}
!3 = !{i32 1, !"sign-return-address-all", i32 0}
!4 = !{i32 1, !"sign-return-address-with-bkey", i32 0}
!5 = !{i32 7, !"PIC Level", i32 2}
!6 = !{i32 7, !"PIE Level", i32 2}
!7 = !{i32 7, !"uwtable", i32 1}
!8 = !{i32 7, !"frame-pointer", i32 1}
!9 = !{!"Ubuntu clang version 14.0.0-1ubuntu1.1"}
!10 = distinct !{!10, !11}
!11 = !{!"llvm.loop.mustprogress"}
*** IR Dump Before PromotePass on deadLoop ***
; Function Attrs: nounwind uwtable
define dso_local i32 @deadLoop(i32 noundef %0) local_unnamed_addr #0 {
  br label %2

2:                                                ; preds = %4, %1
  %.05 = phi i32 [ 0, %1 ], [ %6, %4 ]
  %.0 = phi i32 [ 0, %1 ], [ %7, %4 ]
  %3 = icmp slt i32 %.0, %0
  br i1 %3, label %4, label %8

4:                                                ; preds = %2
  %5 = mul nsw i32 %.0, 3
  %6 = add nsw i32 %.05, %5
  %7 = add nsw i32 %.0, 1
  br label %2, !llvm.loop !10

8:                                                ; preds = %2
  ret i32 7
}
*** IR Dump After PromotePass on deadLoop ***
; Function Attrs: nounwind uwtable
define dso_local i32 @deadLoop(i32 noundef %0) local_unnamed_addr #0 {
  br label %2

2:                                                ; preds = %4, %1
  %.05 = phi i32 [ 0, %1 ], [ %6, %4 ]
  %.0 = phi i32 [ 0, %1 ], [ %7, %4 ]
  %3 = icmp slt i32 %.0, %0
  br i1 %3, label %4, label %8

4:                                                ; preds = %2
  %5 = mul nsw i32 %.0, 3
  %6 = add nsw i32 %.05, %5
  %7 = add nsw i32 %.0, 1
  br label %2, !llvm.loop !10

8:                                                ; preds = %2
  ret i32 7
}
*** IR Dump Before DeadArgumentEliminationPass on [module] ***
; ModuleID = 'deadLoop.in.ll'
source_filename = "deadLoop.c"
target datalayout = "e-m:e-i8:8:32-i16:16:32-i64:64-i128:128-n32:64-S128"
target triple = "aarch64-unknown-linux-gnu"

; Function Attrs: nounwind uwtable
define dso_local i32 @deadLoop(i32 noundef %0) local_unnamed_addr #0 {
  br label %2

2:                                                ; preds = %4, %1
  %.05 = phi i32 [ 0, %1 ], [ %6, %4 ]
  %.0 = phi i32 [ 0, %1 ], [ %7, %4 ]
  %3 = icmp slt i32 %.0, %0
  br i1 %3, label %4, label %8

4:                                                ; preds = %2
  %5 = mul nsw i32 %.0, 3
  %6 = add nsw i32 %.05, %5
  %7 = add nsw i32 %.0, 1
  br label %2, !llvm.loop !10

8:                                                ; preds = %2
  ret i32 7
}

attributes #0 = { nounwind uwtable "frame-pointer"="non-leaf" "min-legal-vector-width"="0" "no-trapping-math"="true" "stack-protector-buffer-size"="8" "target-cpu"="generic" "target-features"="+neon,+outline-atomics,+v8a" }

!llvm.module.flags = !{!0, !1, !2, !3, !4, !5, !6, !7, !8}
!llvm.ident = !{!9}

!0 = !{i32 1, !"wchar_size", i32 4}
!1 = !{i32 1, !"branch-target-enforcement", i32 0}
!2 = !{i32 1, !"sign-return-address", i32 0}
!3 = !{i32 1, !"sign-return-address-all", i32 0}
!4 = !{i32 1, !"sign-return-address-with-bkey", i32 0}
!5 = !{i32 7, !"PIC Level", i32 2}
!6 = !{i32 7, !"PIE Level", i32 2}
!7 = !{i32 7, !"uwtable", i32 1}
!8 = !{i32 7, !"frame-pointer", i32 1}
!9 = !{!"Ubuntu clang version 14.0.0-1ubuntu1.1"}
!10 = distinct !{!10, !11}
!11 = !{!"llvm.loop.mustprogress"}
*** IR Dump After DeadArgumentEliminationPass on [module] ***
; ModuleID = 'deadLoop.in.ll'
source_filename = "deadLoop.c"
target datalayout = "e-m:e-i8:8:32-i16:16:32-i64:64-i128:128-n32:64-S128"
target triple = "aarch64-unknown-linux-gnu"

; Function Attrs: nounwind uwtable
define dso_local i32 @deadLoop(i32 noundef %0) local_unnamed_addr #0 {
  br label %2

2:                                                ; preds = %4, %1
  %.05 = phi i32 [ 0, %1 ], [ %6, %4 ]
  %.0 = phi i32 [ 0, %1 ], [ %7, %4 ]
  %3 = icmp slt i32 %.0, %0
  br i1 %3, label %4, label %8

4:                                                ; preds = %2
  %5 = mul nsw i32 %.0, 3
  %6 = add nsw i32 %.05, %5
  %7 = add nsw i32 %.0, 1
  br label %2, !llvm.loop !10

8:                                                ; preds = %2
  ret i32 7
}

attributes #0 = { nounwind uwtable "frame-pointer"="non-leaf" "min-legal-vector-width"="0" "no-trapping-math"="true" "stack-protector-buffer-size"="8" "target-cpu"="generic" "target-features"="+neon,+outline-atomics,+v8a" }

!llvm.module.flags = !{!0, !1, !2, !3, !4, !5, !6, !7, !8}
!llvm.ident = !{!9}

!0 = !{i32 1, !"wchar_size", i32 4}
!1 = !{i32 1, !"branch-target-enforcement", i32 0}
!2 = !{i32 1, !"sign-return-address", i32 0}
!3 = !{i32 1, !"sign-return-address-all", i32 0}
!4 = !{i32 1, !"sign-return-address-with-bkey", i32 0}
!5 = !{i32 7, !"PIC Level", i32 2}
!6 = !{i32 7, !"PIE Level", i32 2}
!7 = !{i32 7, !"uwtable", i32 1}
!8 = !{i32 7, !"frame-pointer", i32 1}
!9 = !{!"Ubuntu clang version 14.0.0-1ubuntu1.1"}
!10 = distinct !{!10, !11}
!11 = !{!"llvm.loop.mustprogress"}
*** IR Dump Before InstCombinePass on deadLoop ***
; Function Attrs: nounwind uwtable
define dso_local i32 @deadLoop(i32 noundef %0) local_unnamed_addr #0 {
  br label %2

2:                                                ; preds = %4, %1
  %.05 = phi i32 [ 0, %1 ], [ %6, %4 ]
  %.0 = phi i32 [ 0, %1 ], [ %7, %4 ]
  %3 = icmp slt i32 %.0, %0
  br i1 %3, label %4, label %8

4:                                                ; preds = %2
  %5 = mul nsw i32 %.0, 3
  %6 = add nsw i32 %.05, %5
  %7 = add nsw i32 %.0, 1
  br label %2, !llvm.loop !10

8:                                                ; preds = %2
  ret i32 7
}
*** IR Dump After InstCombinePass on deadLoop ***
; Function Attrs: nounwind uwtable
define dso_local i32 @deadLoop(i32 noundef %0) local_unnamed_addr #0 {
  br label %2

2:                                                ; preds = %4, %1
  %.0 = phi i32 [ 0, %1 ], [ %5, %4 ]
  %3 = icmp slt i32 %.0, %0
  br i1 %3, label %4, label %6

4:                                                ; preds = %2
  %5 = add nuw nsw i32 %.0, 1
  br label %2, !llvm.loop !10

6:                                                ; preds = %2
  ret i32 7
}
*** IR Dump Before SimplifyCFGPass on deadLoop ***
; Function Attrs: nounwind uwtable
define dso_local i32 @deadLoop(i32 noundef %0) local_unnamed_addr #0 {
  br label %2

2:                                                ; preds = %4, %1
  %.0 = phi i32 [ 0, %1 ], [ %5, %4 ]
  %3 = icmp slt i32 %.0, %0
  br i1 %3, label %4, label %6

4:                                                ; preds = %2
  %5 = add nuw nsw i32 %.0, 1
  br label %2, !llvm.loop !10

6:                                                ; preds = %2
  ret i32 7
}
*** IR Dump After SimplifyCFGPass on deadLoop ***
; Function Attrs: nounwind uwtable
define dso_local i32 @deadLoop(i32 noundef %0) local_unnamed_addr #0 {
  br label %2

2:                                                ; preds = %4, %1
  %.0 = phi i32 [ 0, %1 ], [ %5, %4 ]
  %3 = icmp slt i32 %.0, %0
  br i1 %3, label %4, label %6

4:                                                ; preds = %2
  %5 = add nuw nsw i32 %.0, 1
  br label %2, !llvm.loop !10

6:                                                ; preds = %2
  ret i32 7
}
*** IR Dump Before RequireAnalysisPass<llvm::GlobalsAA, llvm::Module> on [module] ***
; ModuleID = 'deadLoop.in.ll'
source_filename = "deadLoop.c"
target datalayout = "e-m:e-i8:8:32-i16:16:32-i64:64-i128:128-n32:64-S128"
target triple = "aarch64-unknown-linux-gnu"

; Function Attrs: nounwind uwtable
define dso_local i32 @deadLoop(i32 noundef %0) local_unnamed_addr #0 {
  br label %2

2:                                                ; preds = %4, %1
  %.0 = phi i32 [ 0, %1 ], [ %5, %4 ]
  %3 = icmp slt i32 %.0, %0
  br i1 %3, label %4, label %6

4:                                                ; preds = %2
  %5 = add nuw nsw i32 %.0, 1
  br label %2, !llvm.loop !10

6:                                                ; preds = %2
  ret i32 7
}

attributes #0 = { nounwind uwtable "frame-pointer"="non-leaf" "min-legal-vector-width"="0" "no-trapping-math"="true" "stack-protector-buffer-size"="8" "target-cpu"="generic" "target-features"="+neon,+outline-atomics,+v8a" }

!llvm.module.flags = !{!0, !1, !2, !3, !4, !5, !6, !7, !8}
!llvm.ident = !{!9}

!0 = !{i32 1, !"wchar_size", i32 4}
!1 = !{i32 1, !"branch-target-enforcement", i32 0}
!2 = !{i32 1, !"sign-return-address", i32 0}
!3 = !{i32 1, !"sign-return-address-all", i32 0}
!4 = !{i32 1, !"sign-return-address-with-bkey", i32 0}
!5 = !{i32 7, !"PIC Level", i32 2}
!6 = !{i32 7, !"PIE Level", i32 2}
!7 = !{i32 7, !"uwtable", i32 1}
!8 = !{i32 7, !"frame-pointer", i32 1}
!9 = !{!"Ubuntu clang version 14.0.0-1ubuntu1.1"}
!10 = distinct !{!10, !11}
!11 = !{!"llvm.loop.mustprogress"}
*** IR Dump After RequireAnalysisPass<llvm::GlobalsAA, llvm::Module> on [module] ***
; ModuleID = 'deadLoop.in.ll'
source_filename = "deadLoop.c"
target datalayout = "e-m:e-i8:8:32-i16:16:32-i64:64-i128:128-n32:64-S128"
target triple = "aarch64-unknown-linux-gnu"

; Function Attrs: nounwind uwtable
define dso_local i32 @deadLoop(i32 noundef %0) local_unnamed_addr #0 {
  br label %2

2:                                                ; preds = %4, %1
  %.0 = phi i32 [ 0, %1 ], [ %5, %4 ]
  %3 = icmp slt i32 %.0, %0
  br i1 %3, label %4, label %6

4:                                                ; preds = %2
  %5 = add nuw nsw i32 %.0, 1
  br label %2, !llvm.loop !10

6:                                                ; preds = %2
  ret i32 7
}

attributes #0 = { nounwind uwtable "frame-pointer"="non-leaf" "min-legal-vector-width"="0" "no-trapping-math"="true" "stack-protector-buffer-size"="8" "target-cpu"="generic" "target-features"="+neon,+outline-atomics,+v8a" }

!llvm.module.flags = !{!0, !1, !2, !3, !4, !5, !6, !7, !8}
!llvm.ident = !{!9}

!0 = !{i32 1, !"wchar_size", i32 4}
!1 = !{i32 1, !"branch-target-enforcement", i32 0}
!2 = !{i32 1, !"sign-return-address", i32 0}
!3 = !{i32 1, !"sign-return-address-all", i32 0}
!4 = !{i32 1, !"sign-return-address-with-bkey", i32 0}
!5 = !{i32 7, !"PIC Level", i32 2}
!6 = !{i32 7, !"PIE Level", i32 2}
!7 = !{i32 7, !"uwtable", i32 1}
!8 = !{i32 7, !"frame-pointer", i32 1}
!9 = !{!"Ubuntu clang version 14.0.0-1ubuntu1.1"}
!10 = distinct !{!10, !11}
!11 = !{!"llvm.loop.mustprogress"}
*** IR Dump Before InvalidateAnalysisPass<llvm::AAManager> on deadLoop ***
; Function Attrs: nounwind uwtable
define dso_local i32 @deadLoop(i32 noundef %0) local_unnamed_addr #0 {
  br label %2

2:                                                ; preds = %4, %1
  %.0 = phi i32 [ 0, %1 ], [ %5, %4 ]
  %3 = icmp slt i32 %.0, %0
  br i1 %3, label %4, label %6

4:                                                ; preds = %2
  %5 = add nuw nsw i32 %.0, 1
  br label %2, !llvm.loop !10

6:                                                ; preds = %2
  ret i32 7
}
*** IR Dump After InvalidateAnalysisPass<llvm::AAManager> on deadLoop ***
; Function Attrs: nounwind uwtable
define dso_local i32 @deadLoop(i32 noundef %0) local_unnamed_addr #0 {
  br label %2

2:                                                ; preds = %4, %1
  %.0 = phi i32 [ 0, %1 ], [ %5, %4 ]
  %3 = icmp slt i32 %.0, %0
  br i1 %3, label %4, label %6

4:                                                ; preds = %2
  %5 = add nuw nsw i32 %.0, 1
  br label %2, !llvm.loop !10

6:                                                ; preds = %2
  ret i32 7
}
*** IR Dump Before RequireAnalysisPass<llvm::ProfileSummaryAnalysis, llvm::Module> on [module] ***
; ModuleID = 'deadLoop.in.ll'
source_filename = "deadLoop.c"
target datalayout = "e-m:e-i8:8:32-i16:16:32-i64:64-i128:128-n32:64-S128"
target triple = "aarch64-unknown-linux-gnu"

; Function Attrs: nounwind uwtable
define dso_local i32 @deadLoop(i32 noundef %0) local_unnamed_addr #0 {
  br label %2

2:                                                ; preds = %4, %1
  %.0 = phi i32 [ 0, %1 ], [ %5, %4 ]
  %3 = icmp slt i32 %.0, %0
  br i1 %3, label %4, label %6

4:                                                ; preds = %2
  %5 = add nuw nsw i32 %.0, 1
  br label %2, !llvm.loop !10

6:                                                ; preds = %2
  ret i32 7
}

attributes #0 = { nounwind uwtable "frame-pointer"="non-leaf" "min-legal-vector-width"="0" "no-trapping-math"="true" "stack-protector-buffer-size"="8" "target-cpu"="generic" "target-features"="+neon,+outline-atomics,+v8a" }

!llvm.module.flags = !{!0, !1, !2, !3, !4, !5, !6, !7, !8}
!llvm.ident = !{!9}

!0 = !{i32 1, !"wchar_size", i32 4}
!1 = !{i32 1, !"branch-target-enforcement", i32 0}
!2 = !{i32 1, !"sign-return-address", i32 0}
!3 = !{i32 1, !"sign-return-address-all", i32 0}
!4 = !{i32 1, !"sign-return-address-with-bkey", i32 0}
!5 = !{i32 7, !"PIC Level", i32 2}
!6 = !{i32 7, !"PIE Level", i32 2}
!7 = !{i32 7, !"uwtable", i32 1}
!8 = !{i32 7, !"frame-pointer", i32 1}
!9 = !{!"Ubuntu clang version 14.0.0-1ubuntu1.1"}
!10 = distinct !{!10, !11}
!11 = !{!"llvm.loop.mustprogress"}
*** IR Dump After RequireAnalysisPass<llvm::ProfileSummaryAnalysis, llvm::Module> on [module] ***
; ModuleID = 'deadLoop.in.ll'
source_filename = "deadLoop.c"
target datalayout = "e-m:e-i8:8:32-i16:16:32-i64:64-i128:128-n32:64-S128"
target triple = "aarch64-unknown-linux-gnu"

; Function Attrs: nounwind uwtable
define dso_local i32 @deadLoop(i32 noundef %0) local_unnamed_addr #0 {
  br label %2

2:                                                ; preds = %4, %1
  %.0 = phi i32 [ 0, %1 ], [ %5, %4 ]
  %3 = icmp slt i32 %.0, %0
  br i1 %3, label %4, label %6

4:                                                ; preds = %2
  %5 = add nuw nsw i32 %.0, 1
  br label %2, !llvm.loop !10

6:                                                ; preds = %2
  ret i32 7
}

attributes #0 = { nounwind uwtable "frame-pointer"="non-leaf" "min-legal-vector-width"="0" "no-trapping-math"="true" "stack-protector-buffer-size"="8" "target-cpu"="generic" "target-features"="+neon,+outline-atomics,+v8a" }

!llvm.module.flags = !{!0, !1, !2, !3, !4, !5, !6, !7, !8}
!llvm.ident = !{!9}

!0 = !{i32 1, !"wchar_size", i32 4}
!1 = !{i32 1, !"branch-target-enforcement", i32 0}
!2 = !{i32 1, !"sign-return-address", i32 0}
!3 = !{i32 1, !"sign-return-address-all", i32 0}
!4 = !{i32 1, !"sign-return-address-with-bkey", i32 0}
!5 = !{i32 7, !"PIC Level", i32 2}
!6 = !{i32 7, !"PIE Level", i32 2}
!7 = !{i32 7, !"uwtable", i32 1}
!8 = !{i32 7, !"frame-pointer", i32 1}
!9 = !{!"Ubuntu clang version 14.0.0-1ubuntu1.1"}
!10 = distinct !{!10, !11}
!11 = !{!"llvm.loop.mustprogress"}
*** IR Dump Before InlinerPass on (deadLoop) ***
; Function Attrs: nounwind uwtable
define dso_local i32 @deadLoop(i32 noundef %0) local_unnamed_addr #0 {
  br label %2

2:                                                ; preds = %4, %1
  %.0 = phi i32 [ 0, %1 ], [ %5, %4 ]
  %3 = icmp slt i32 %.0, %0
  br i1 %3, label %4, label %6

4:                                                ; preds = %2
  %5 = add nuw nsw i32 %.0, 1
  br label %2, !llvm.loop !10

6:                                                ; preds = %2
  ret i32 7
}
*** IR Dump After InlinerPass on (deadLoop) ***
; Function Attrs: nounwind uwtable
define dso_local i32 @deadLoop(i32 noundef %0) local_unnamed_addr #0 {
  br label %2

2:                                                ; preds = %4, %1
  %.0 = phi i32 [ 0, %1 ], [ %5, %4 ]
  %3 = icmp slt i32 %.0, %0
  br i1 %3, label %4, label %6

4:                                                ; preds = %2
  %5 = add nuw nsw i32 %.0, 1
  br label %2, !llvm.loop !10

6:                                                ; preds = %2
  ret i32 7
}
*** IR Dump Before InlinerPass on (deadLoop) ***
; Function Attrs: nounwind uwtable
define dso_local i32 @deadLoop(i32 noundef %0) local_unnamed_addr #0 {
  br label %2

2:                                                ; preds = %4, %1
  %.0 = phi i32 [ 0, %1 ], [ %5, %4 ]
  %3 = icmp slt i32 %.0, %0
  br i1 %3, label %4, label %6

4:                                                ; preds = %2
  %5 = add nuw nsw i32 %.0, 1
  br label %2, !llvm.loop !10

6:                                                ; preds = %2
  ret i32 7
}
*** IR Dump After InlinerPass on (deadLoop) ***
; Function Attrs: nounwind uwtable
define dso_local i32 @deadLoop(i32 noundef %0) local_unnamed_addr #0 {
  br label %2

2:                                                ; preds = %4, %1
  %.0 = phi i32 [ 0, %1 ], [ %5, %4 ]
  %3 = icmp slt i32 %.0, %0
  br i1 %3, label %4, label %6

4:                                                ; preds = %2
  %5 = add nuw nsw i32 %.0, 1
  br label %2, !llvm.loop !10

6:                                                ; preds = %2
  ret i32 7
}
*** IR Dump Before PostOrderFunctionAttrsPass on (deadLoop) ***
; Function Attrs: nounwind uwtable
define dso_local i32 @deadLoop(i32 noundef %0) local_unnamed_addr #0 {
  br label %2

2:                                                ; preds = %4, %1
  %.0 = phi i32 [ 0, %1 ], [ %5, %4 ]
  %3 = icmp slt i32 %.0, %0
  br i1 %3, label %4, label %6

4:                                                ; preds = %2
  %5 = add nuw nsw i32 %.0, 1
  br label %2, !llvm.loop !10

6:                                                ; preds = %2
  ret i32 7
}
*** IR Dump After PostOrderFunctionAttrsPass on (deadLoop) ***
; Function Attrs: nofree norecurse nosync nounwind readnone uwtable
define dso_local i32 @deadLoop(i32 noundef %0) local_unnamed_addr #0 {
  br label %2

2:                                                ; preds = %4, %1
  %.0 = phi i32 [ 0, %1 ], [ %5, %4 ]
  %3 = icmp slt i32 %.0, %0
  br i1 %3, label %4, label %6

4:                                                ; preds = %2
  %5 = add nuw nsw i32 %.0, 1
  br label %2, !llvm.loop !10

6:                                                ; preds = %2
  ret i32 7
}
*** IR Dump Before SROAPass on deadLoop ***
; Function Attrs: nofree norecurse nosync nounwind readnone uwtable
define dso_local i32 @deadLoop(i32 noundef %0) local_unnamed_addr #0 {
  br label %2

2:                                                ; preds = %4, %1
  %.0 = phi i32 [ 0, %1 ], [ %5, %4 ]
  %3 = icmp slt i32 %.0, %0
  br i1 %3, label %4, label %6

4:                                                ; preds = %2
  %5 = add nuw nsw i32 %.0, 1
  br label %2, !llvm.loop !10

6:                                                ; preds = %2
  ret i32 7
}
*** IR Dump After SROAPass on deadLoop ***
; Function Attrs: nofree norecurse nosync nounwind readnone uwtable
define dso_local i32 @deadLoop(i32 noundef %0) local_unnamed_addr #0 {
  br label %2

2:                                                ; preds = %4, %1
  %.0 = phi i32 [ 0, %1 ], [ %5, %4 ]
  %3 = icmp slt i32 %.0, %0
  br i1 %3, label %4, label %6

4:                                                ; preds = %2
  %5 = add nuw nsw i32 %.0, 1
  br label %2, !llvm.loop !10

6:                                                ; preds = %2
  ret i32 7
}
*** IR Dump Before EarlyCSEPass on deadLoop ***
; Function Attrs: nofree norecurse nosync nounwind readnone uwtable
define dso_local i32 @deadLoop(i32 noundef %0) local_unnamed_addr #0 {
  br label %2

2:                                                ; preds = %4, %1
  %.0 = phi i32 [ 0, %1 ], [ %5, %4 ]
  %3 = icmp slt i32 %.0, %0
  br i1 %3, label %4, label %6

4:                                                ; preds = %2
  %5 = add nuw nsw i32 %.0, 1
  br label %2, !llvm.loop !10

6:                                                ; preds = %2
  ret i32 7
}
*** IR Dump After EarlyCSEPass on deadLoop ***
; Function Attrs: nofree norecurse nosync nounwind readnone uwtable
define dso_local i32 @deadLoop(i32 noundef %0) local_unnamed_addr #0 {
  br label %2

2:                                                ; preds = %4, %1
  %.0 = phi i32 [ 0, %1 ], [ %5, %4 ]
  %3 = icmp slt i32 %.0, %0
  br i1 %3, label %4, label %6

4:                                                ; preds = %2
  %5 = add nuw nsw i32 %.0, 1
  br label %2, !llvm.loop !10

6:                                                ; preds = %2
  ret i32 7
}
*** IR Dump Before SimplifyCFGPass on deadLoop ***
; Function Attrs: nofree norecurse nosync nounwind readnone uwtable
define dso_local i32 @deadLoop(i32 noundef %0) local_unnamed_addr #0 {
  br label %2

2:                                                ; preds = %4, %1
  %.0 = phi i32 [ 0, %1 ], [ %5, %4 ]
  %3 = icmp slt i32 %.0, %0
  br i1 %3, label %4, label %6

4:                                                ; preds = %2
  %5 = add nuw nsw i32 %.0, 1
  br label %2, !llvm.loop !10

6:                                                ; preds = %2
  ret i32 7
}
*** IR Dump After SimplifyCFGPass on deadLoop ***
; Function Attrs: nofree norecurse nosync nounwind readnone uwtable
define dso_local i32 @deadLoop(i32 noundef %0) local_unnamed_addr #0 {
  br label %2

2:                                                ; preds = %4, %1
  %.0 = phi i32 [ 0, %1 ], [ %5, %4 ]
  %3 = icmp slt i32 %.0, %0
  br i1 %3, label %4, label %6

4:                                                ; preds = %2
  %5 = add nuw nsw i32 %.0, 1
  br label %2, !llvm.loop !10

6:                                                ; preds = %2
  ret i32 7
}
*** IR Dump Before InstCombinePass on deadLoop ***
; Function Attrs: nofree norecurse nosync nounwind readnone uwtable
define dso_local i32 @deadLoop(i32 noundef %0) local_unnamed_addr #0 {
  br label %2

2:                                                ; preds = %4, %1
  %.0 = phi i32 [ 0, %1 ], [ %5, %4 ]
  %3 = icmp slt i32 %.0, %0
  br i1 %3, label %4, label %6

4:                                                ; preds = %2
  %5 = add nuw nsw i32 %.0, 1
  br label %2, !llvm.loop !10

6:                                                ; preds = %2
  ret i32 7
}
*** IR Dump After InstCombinePass on deadLoop ***
; Function Attrs: nofree norecurse nosync nounwind readnone uwtable
define dso_local i32 @deadLoop(i32 noundef %0) local_unnamed_addr #0 {
  br label %2

2:                                                ; preds = %4, %1
  %.0 = phi i32 [ 0, %1 ], [ %5, %4 ]
  %3 = icmp slt i32 %.0, %0
  br i1 %3, label %4, label %6

4:                                                ; preds = %2
  %5 = add nuw nsw i32 %.0, 1
  br label %2, !llvm.loop !10

6:                                                ; preds = %2
  ret i32 7
}
*** IR Dump Before LibCallsShrinkWrapPass on deadLoop ***
; Function Attrs: nofree norecurse nosync nounwind readnone uwtable
define dso_local i32 @deadLoop(i32 noundef %0) local_unnamed_addr #0 {
  br label %2

2:                                                ; preds = %4, %1
  %.0 = phi i32 [ 0, %1 ], [ %5, %4 ]
  %3 = icmp slt i32 %.0, %0
  br i1 %3, label %4, label %6

4:                                                ; preds = %2
  %5 = add nuw nsw i32 %.0, 1
  br label %2, !llvm.loop !10

6:                                                ; preds = %2
  ret i32 7
}
*** IR Dump After LibCallsShrinkWrapPass on deadLoop ***
; Function Attrs: nofree norecurse nosync nounwind readnone uwtable
define dso_local i32 @deadLoop(i32 noundef %0) local_unnamed_addr #0 {
  br label %2

2:                                                ; preds = %4, %1
  %.0 = phi i32 [ 0, %1 ], [ %5, %4 ]
  %3 = icmp slt i32 %.0, %0
  br i1 %3, label %4, label %6

4:                                                ; preds = %2
  %5 = add nuw nsw i32 %.0, 1
  br label %2, !llvm.loop !10

6:                                                ; preds = %2
  ret i32 7
}
*** IR Dump Before SimplifyCFGPass on deadLoop ***
; Function Attrs: nofree norecurse nosync nounwind readnone uwtable
define dso_local i32 @deadLoop(i32 noundef %0) local_unnamed_addr #0 {
  br label %2

2:                                                ; preds = %4, %1
  %.0 = phi i32 [ 0, %1 ], [ %5, %4 ]
  %3 = icmp slt i32 %.0, %0
  br i1 %3, label %4, label %6

4:                                                ; preds = %2
  %5 = add nuw nsw i32 %.0, 1
  br label %2, !llvm.loop !10

6:                                                ; preds = %2
  ret i32 7
}
*** IR Dump After SimplifyCFGPass on deadLoop ***
; Function Attrs: nofree norecurse nosync nounwind readnone uwtable
define dso_local i32 @deadLoop(i32 noundef %0) local_unnamed_addr #0 {
  br label %2

2:                                                ; preds = %4, %1
  %.0 = phi i32 [ 0, %1 ], [ %5, %4 ]
  %3 = icmp slt i32 %.0, %0
  br i1 %3, label %4, label %6

4:                                                ; preds = %2
  %5 = add nuw nsw i32 %.0, 1
  br label %2, !llvm.loop !10

6:                                                ; preds = %2
  ret i32 7
}
*** IR Dump Before ReassociatePass on deadLoop ***
; Function Attrs: nofree norecurse nosync nounwind readnone uwtable
define dso_local i32 @deadLoop(i32 noundef %0) local_unnamed_addr #0 {
  br label %2

2:                                                ; preds = %4, %1
  %.0 = phi i32 [ 0, %1 ], [ %5, %4 ]
  %3 = icmp slt i32 %.0, %0
  br i1 %3, label %4, label %6

4:                                                ; preds = %2
  %5 = add nuw nsw i32 %.0, 1
  br label %2, !llvm.loop !10

6:                                                ; preds = %2
  ret i32 7
}
*** IR Dump After ReassociatePass on deadLoop ***
; Function Attrs: nofree norecurse nosync nounwind readnone uwtable
define dso_local i32 @deadLoop(i32 noundef %0) local_unnamed_addr #0 {
  br label %2

2:                                                ; preds = %4, %1
  %.0 = phi i32 [ 0, %1 ], [ %5, %4 ]
  %3 = icmp slt i32 %.0, %0
  br i1 %3, label %4, label %6

4:                                                ; preds = %2
  %5 = add nuw nsw i32 %.0, 1
  br label %2, !llvm.loop !10

6:                                                ; preds = %2
  ret i32 7
}
*** IR Dump Before RequireAnalysisPass<llvm::OptimizationRemarkEmitterAnalysis, llvm::Function> on deadLoop ***
; Function Attrs: nofree norecurse nosync nounwind readnone uwtable
define dso_local i32 @deadLoop(i32 noundef %0) local_unnamed_addr #0 {
  br label %2

2:                                                ; preds = %4, %1
  %.0 = phi i32 [ 0, %1 ], [ %5, %4 ]
  %3 = icmp slt i32 %.0, %0
  br i1 %3, label %4, label %6

4:                                                ; preds = %2
  %5 = add nuw nsw i32 %.0, 1
  br label %2, !llvm.loop !10

6:                                                ; preds = %2
  ret i32 7
}
*** IR Dump After RequireAnalysisPass<llvm::OptimizationRemarkEmitterAnalysis, llvm::Function> on deadLoop ***
; Function Attrs: nofree norecurse nosync nounwind readnone uwtable
define dso_local i32 @deadLoop(i32 noundef %0) local_unnamed_addr #0 {
  br label %2

2:                                                ; preds = %4, %1
  %.0 = phi i32 [ 0, %1 ], [ %5, %4 ]
  %3 = icmp slt i32 %.0, %0
  br i1 %3, label %4, label %6

4:                                                ; preds = %2
  %5 = add nuw nsw i32 %.0, 1
  br label %2, !llvm.loop !10

6:                                                ; preds = %2
  ret i32 7
}
*** IR Dump Before LoopSimplifyPass on deadLoop ***
; Function Attrs: nofree norecurse nosync nounwind readnone uwtable
define dso_local i32 @deadLoop(i32 noundef %0) local_unnamed_addr #0 {
  br label %2

2:                                                ; preds = %4, %1
  %.0 = phi i32 [ 0, %1 ], [ %5, %4 ]
  %3 = icmp slt i32 %.0, %0
  br i1 %3, label %4, label %6

4:                                                ; preds = %2
  %5 = add nuw nsw i32 %.0, 1
  br label %2, !llvm.loop !10

6:                                                ; preds = %2
  ret i32 7
}
*** IR Dump After LoopSimplifyPass on deadLoop ***
; Function Attrs: nofree norecurse nosync nounwind readnone uwtable
define dso_local i32 @deadLoop(i32 noundef %0) local_unnamed_addr #0 {
  br label %2

2:                                                ; preds = %4, %1
  %.0 = phi i32 [ 0, %1 ], [ %5, %4 ]
  %3 = icmp slt i32 %.0, %0
  br i1 %3, label %4, label %6

4:                                                ; preds = %2
  %5 = add nuw nsw i32 %.0, 1
  br label %2, !llvm.loop !10

6:                                                ; preds = %2
  ret i32 7
}
*** IR Dump Before LCSSAPass on deadLoop ***
; Function Attrs: nofree norecurse nosync nounwind readnone uwtable
define dso_local i32 @deadLoop(i32 noundef %0) local_unnamed_addr #0 {
  br label %2

2:                                                ; preds = %4, %1
  %.0 = phi i32 [ 0, %1 ], [ %5, %4 ]
  %3 = icmp slt i32 %.0, %0
  br i1 %3, label %4, label %6

4:                                                ; preds = %2
  %5 = add nuw nsw i32 %.0, 1
  br label %2, !llvm.loop !10

6:                                                ; preds = %2
  ret i32 7
}
*** IR Dump After LCSSAPass on deadLoop ***
; Function Attrs: nofree norecurse nosync nounwind readnone uwtable
define dso_local i32 @deadLoop(i32 noundef %0) local_unnamed_addr #0 {
  br label %2

2:                                                ; preds = %4, %1
  %.0 = phi i32 [ 0, %1 ], [ %5, %4 ]
  %3 = icmp slt i32 %.0, %0
  br i1 %3, label %4, label %6

4:                                                ; preds = %2
  %5 = add nuw nsw i32 %.0, 1
  br label %2, !llvm.loop !10

6:                                                ; preds = %2
  ret i32 7
}
*** IR Dump Before LoopInstSimplifyPass on Parallel Loop at depth 1 containing: %2<header><exiting>,%4<latch> ***

; Preheader:
  br label %2

; Loop:
2:                                                ; preds = %4, %1
  %.0 = phi i32 [ 0, %1 ], [ %5, %4 ]
  %3 = icmp slt i32 %.0, %0
  br i1 %3, label %4, label %6

4:                                                ; preds = %2
  %5 = add nuw nsw i32 %.0, 1
  br label %2, !llvm.loop !10

; Exit blocks
6:                                                ; preds = %2
  ret i32 7
*** IR Dump After LoopInstSimplifyPass on Parallel Loop at depth 1 containing: %2<header><exiting>,%4<latch> ***

; Preheader:
  br label %2

; Loop:
2:                                                ; preds = %4, %1
  %.0 = phi i32 [ 0, %1 ], [ %5, %4 ]
  %3 = icmp slt i32 %.0, %0
  br i1 %3, label %4, label %6

4:                                                ; preds = %2
  %5 = add nuw nsw i32 %.0, 1
  br label %2, !llvm.loop !10

; Exit blocks
6:                                                ; preds = %2
  ret i32 7
*** IR Dump Before LoopSimplifyCFGPass on Parallel Loop at depth 1 containing: %2<header><exiting>,%4<latch> ***

; Preheader:
  br label %2

; Loop:
2:                                                ; preds = %4, %1
  %.0 = phi i32 [ 0, %1 ], [ %5, %4 ]
  %3 = icmp slt i32 %.0, %0
  br i1 %3, label %4, label %6

4:                                                ; preds = %2
  %5 = add nuw nsw i32 %.0, 1
  br label %2, !llvm.loop !10

; Exit blocks
6:                                                ; preds = %2
  ret i32 7
*** IR Dump After LoopSimplifyCFGPass on Parallel Loop at depth 1 containing: %2<header><exiting>,%4<latch> ***

; Preheader:
  br label %2

; Loop:
2:                                                ; preds = %4, %1
  %.0 = phi i32 [ 0, %1 ], [ %5, %4 ]
  %3 = icmp slt i32 %.0, %0
  br i1 %3, label %4, label %6

4:                                                ; preds = %2
  %5 = add nuw nsw i32 %.0, 1
  br label %2, !llvm.loop !10

; Exit blocks
6:                                                ; preds = %2
  ret i32 7
*** IR Dump Before LICMPass on Parallel Loop at depth 1 containing: %2<header><exiting>,%4<latch> ***

; Preheader:
  br label %2

; Loop:
2:                                                ; preds = %4, %1
  %.0 = phi i32 [ 0, %1 ], [ %5, %4 ]
  %3 = icmp slt i32 %.0, %0
  br i1 %3, label %4, label %6

4:                                                ; preds = %2
  %5 = add nuw nsw i32 %.0, 1
  br label %2, !llvm.loop !10

; Exit blocks
6:                                                ; preds = %2
  ret i32 7
*** IR Dump After LICMPass on Parallel Loop at depth 1 containing: %2<header><exiting>,%4<latch> ***

; Preheader:
  br label %2

; Loop:
2:                                                ; preds = %4, %1
  %.0 = phi i32 [ 0, %1 ], [ %5, %4 ]
  %3 = icmp slt i32 %.0, %0
  br i1 %3, label %4, label %6

4:                                                ; preds = %2
  %5 = add nuw nsw i32 %.0, 1
  br label %2, !llvm.loop !10

; Exit blocks
6:                                                ; preds = %2
  ret i32 7
*** IR Dump Before LoopRotatePass on Parallel Loop at depth 1 containing: %2<header><exiting>,%4<latch> ***

; Preheader:
  br label %2

; Loop:
2:                                                ; preds = %4, %1
  %.0 = phi i32 [ 0, %1 ], [ %5, %4 ]
  %3 = icmp slt i32 %.0, %0
  br i1 %3, label %4, label %6

4:                                                ; preds = %2
  %5 = add nuw nsw i32 %.0, 1
  br label %2, !llvm.loop !10

; Exit blocks
6:                                                ; preds = %2
  ret i32 7
*** IR Dump After LoopRotatePass on Parallel Loop at depth 1 containing: %2<header><exiting>,%4<latch> ***

; Preheader:
  br label %2

; Loop:
2:                                                ; preds = %2, %1
  %.0 = phi i32 [ 0, %1 ], [ %4, %2 ]
  %3 = icmp slt i32 %.0, %0
  %4 = add nuw nsw i32 %.0, 1
  br i1 %3, label %2, label %5, !llvm.loop !10

; Exit blocks
5:                                                ; preds = %2
  ret i32 7
*** IR Dump Before LICMPass on Parallel Loop at depth 1 containing: %2<header><latch><exiting> ***

; Preheader:
  br label %2

; Loop:
2:                                                ; preds = %2, %1
  %.0 = phi i32 [ 0, %1 ], [ %4, %2 ]
  %3 = icmp slt i32 %.0, %0
  %4 = add nuw nsw i32 %.0, 1
  br i1 %3, label %2, label %5, !llvm.loop !10

; Exit blocks
5:                                                ; preds = %2
  ret i32 7
*** IR Dump After LICMPass on Parallel Loop at depth 1 containing: %2<header><latch><exiting> ***

; Preheader:
  br label %2

; Loop:
2:                                                ; preds = %2, %1
  %.0 = phi i32 [ 0, %1 ], [ %4, %2 ]
  %3 = icmp slt i32 %.0, %0
  %4 = add nuw nsw i32 %.0, 1
  br i1 %3, label %2, label %5, !llvm.loop !10

; Exit blocks
5:                                                ; preds = %2
  ret i32 7
*** IR Dump Before SimpleLoopUnswitchPass on Parallel Loop at depth 1 containing: %2<header><latch><exiting> ***

; Preheader:
  br label %2

; Loop:
2:                                                ; preds = %2, %1
  %.0 = phi i32 [ 0, %1 ], [ %4, %2 ]
  %3 = icmp slt i32 %.0, %0
  %4 = add nuw nsw i32 %.0, 1
  br i1 %3, label %2, label %5, !llvm.loop !10

; Exit blocks
5:                                                ; preds = %2
  ret i32 7
*** IR Dump After SimpleLoopUnswitchPass on Parallel Loop at depth 1 containing: %2<header><latch><exiting> ***

; Preheader:
  br label %2

; Loop:
2:                                                ; preds = %2, %1
  %.0 = phi i32 [ 0, %1 ], [ %4, %2 ]
  %3 = icmp slt i32 %.0, %0
  %4 = add nuw nsw i32 %.0, 1
  br i1 %3, label %2, label %5, !llvm.loop !10

; Exit blocks
5:                                                ; preds = %2
  ret i32 7
*** IR Dump Before SimplifyCFGPass on deadLoop ***
; Function Attrs: nofree norecurse nosync nounwind readnone uwtable
define dso_local i32 @deadLoop(i32 noundef %0) local_unnamed_addr #0 {
  br label %2

2:                                                ; preds = %2, %1
  %.0 = phi i32 [ 0, %1 ], [ %4, %2 ]
  %3 = icmp slt i32 %.0, %0
  %4 = add nuw nsw i32 %.0, 1
  br i1 %3, label %2, label %5, !llvm.loop !10

5:                                                ; preds = %2
  ret i32 7
}
*** IR Dump After SimplifyCFGPass on deadLoop ***
; Function Attrs: nofree norecurse nosync nounwind readnone uwtable
define dso_local i32 @deadLoop(i32 noundef %0) local_unnamed_addr #0 {
  br label %2

2:                                                ; preds = %2, %1
  %.0 = phi i32 [ 0, %1 ], [ %4, %2 ]
  %3 = icmp slt i32 %.0, %0
  %4 = add nuw nsw i32 %.0, 1
  br i1 %3, label %2, label %5, !llvm.loop !10

5:                                                ; preds = %2
  ret i32 7
}
*** IR Dump Before InstCombinePass on deadLoop ***
; Function Attrs: nofree norecurse nosync nounwind readnone uwtable
define dso_local i32 @deadLoop(i32 noundef %0) local_unnamed_addr #0 {
  br label %2

2:                                                ; preds = %2, %1
  %.0 = phi i32 [ 0, %1 ], [ %4, %2 ]
  %3 = icmp slt i32 %.0, %0
  %4 = add nuw nsw i32 %.0, 1
  br i1 %3, label %2, label %5, !llvm.loop !10

5:                                                ; preds = %2
  ret i32 7
}
*** IR Dump After InstCombinePass on deadLoop ***
; Function Attrs: nofree norecurse nosync nounwind readnone uwtable
define dso_local i32 @deadLoop(i32 noundef %0) local_unnamed_addr #0 {
  br label %2

2:                                                ; preds = %2, %1
  %.0 = phi i32 [ 0, %1 ], [ %4, %2 ]
  %3 = icmp slt i32 %.0, %0
  %4 = add nuw nsw i32 %.0, 1
  br i1 %3, label %2, label %5, !llvm.loop !10

5:                                                ; preds = %2
  ret i32 7
}
*** IR Dump Before LoopSimplifyPass on deadLoop ***
; Function Attrs: nofree norecurse nosync nounwind readnone uwtable
define dso_local i32 @deadLoop(i32 noundef %0) local_unnamed_addr #0 {
  br label %2

2:                                                ; preds = %2, %1
  %.0 = phi i32 [ 0, %1 ], [ %4, %2 ]
  %3 = icmp slt i32 %.0, %0
  %4 = add nuw nsw i32 %.0, 1
  br i1 %3, label %2, label %5, !llvm.loop !10

5:                                                ; preds = %2
  ret i32 7
}
*** IR Dump After LoopSimplifyPass on deadLoop ***
; Function Attrs: nofree norecurse nosync nounwind readnone uwtable
define dso_local i32 @deadLoop(i32 noundef %0) local_unnamed_addr #0 {
  br label %2

2:                                                ; preds = %2, %1
  %.0 = phi i32 [ 0, %1 ], [ %4, %2 ]
  %3 = icmp slt i32 %.0, %0
  %4 = add nuw nsw i32 %.0, 1
  br i1 %3, label %2, label %5, !llvm.loop !10

5:                                                ; preds = %2
  ret i32 7
}
*** IR Dump Before LCSSAPass on deadLoop ***
; Function Attrs: nofree norecurse nosync nounwind readnone uwtable
define dso_local i32 @deadLoop(i32 noundef %0) local_unnamed_addr #0 {
  br label %2

2:                                                ; preds = %2, %1
  %.0 = phi i32 [ 0, %1 ], [ %4, %2 ]
  %3 = icmp slt i32 %.0, %0
  %4 = add nuw nsw i32 %.0, 1
  br i1 %3, label %2, label %5, !llvm.loop !10

5:                                                ; preds = %2
  ret i32 7
}
*** IR Dump After LCSSAPass on deadLoop ***
; Function Attrs: nofree norecurse nosync nounwind readnone uwtable
define dso_local i32 @deadLoop(i32 noundef %0) local_unnamed_addr #0 {
  br label %2

2:                                                ; preds = %2, %1
  %.0 = phi i32 [ 0, %1 ], [ %4, %2 ]
  %3 = icmp slt i32 %.0, %0
  %4 = add nuw nsw i32 %.0, 1
  br i1 %3, label %2, label %5, !llvm.loop !10

5:                                                ; preds = %2
  ret i32 7
}
*** IR Dump Before LoopIdiomRecognizePass on Parallel Loop at depth 1 containing: %2<header><latch><exiting> ***

; Preheader:
  br label %2

; Loop:
2:                                                ; preds = %2, %1
  %.0 = phi i32 [ 0, %1 ], [ %4, %2 ]
  %3 = icmp slt i32 %.0, %0
  %4 = add nuw nsw i32 %.0, 1
  br i1 %3, label %2, label %5, !llvm.loop !10

; Exit blocks
5:                                                ; preds = %2
  ret i32 7
*** IR Dump After LoopIdiomRecognizePass on Parallel Loop at depth 1 containing: %2<header><latch><exiting> ***

; Preheader:
  br label %2

; Loop:
2:                                                ; preds = %2, %1
  %.0 = phi i32 [ 0, %1 ], [ %4, %2 ]
  %3 = icmp slt i32 %.0, %0
  %4 = add nuw nsw i32 %.0, 1
  br i1 %3, label %2, label %5, !llvm.loop !10

; Exit blocks
5:                                                ; preds = %2
  ret i32 7
*** IR Dump Before IndVarSimplifyPass on Parallel Loop at depth 1 containing: %2<header><latch><exiting> ***

; Preheader:
  br label %2

; Loop:
2:                                                ; preds = %2, %1
  %.0 = phi i32 [ 0, %1 ], [ %4, %2 ]
  %3 = icmp slt i32 %.0, %0
  %4 = add nuw nsw i32 %.0, 1
  br i1 %3, label %2, label %5, !llvm.loop !10

; Exit blocks
5:                                                ; preds = %2
  ret i32 7
*** IR Dump After IndVarSimplifyPass on Parallel Loop at depth 1 containing: %2<header><latch><exiting> ***

; Preheader:
  br label %2

; Loop:
2:                                                ; preds = %2, %1
  br i1 false, label %2, label %3, !llvm.loop !10

; Exit blocks
3:                                                ; preds = %2
  ret i32 7
*** IR Dump Before LoopDeletionPass on Parallel Loop at depth 1 containing: %2<header><latch><exiting> ***

; Preheader:
  br label %2

; Loop:
2:                                                ; preds = %2, %1
  br i1 false, label %2, label %3, !llvm.loop !10

; Exit blocks
3:                                                ; preds = %2
  ret i32 7
*** IR Dump After LoopDeletionPass on Parallel Loop at depth 1 containing: %2<header><latch><exiting> (invalidated) ***
; ModuleID = 'deadLoop.in.ll'
source_filename = "deadLoop.c"
target datalayout = "e-m:e-i8:8:32-i16:16:32-i64:64-i128:128-n32:64-S128"
target triple = "aarch64-unknown-linux-gnu"

; Function Attrs: nofree norecurse nosync nounwind readnone uwtable
define dso_local i32 @deadLoop(i32 noundef %0) local_unnamed_addr #0 {
  br label %2

2:                                                ; preds = %1
  ret i32 7
}

attributes #0 = { nofree norecurse nosync nounwind readnone uwtable "frame-pointer"="non-leaf" "min-legal-vector-width"="0" "no-trapping-math"="true" "stack-protector-buffer-size"="8" "target-cpu"="generic" "target-features"="+neon,+outline-atomics,+v8a" }

!llvm.module.flags = !{!0, !1, !2, !3, !4, !5, !6, !7, !8}
!llvm.ident = !{!9}

!0 = !{i32 1, !"wchar_size", i32 4}
!1 = !{i32 1, !"branch-target-enforcement", i32 0}
!2 = !{i32 1, !"sign-return-address", i32 0}
!3 = !{i32 1, !"sign-return-address-all", i32 0}
!4 = !{i32 1, !"sign-return-address-with-bkey", i32 0}
!5 = !{i32 7, !"PIC Level", i32 2}
!6 = !{i32 7, !"PIE Level", i32 2}
!7 = !{i32 7, !"uwtable", i32 1}
!8 = !{i32 7, !"frame-pointer", i32 1}
!9 = !{!"Ubuntu clang version 14.0.0-1ubuntu1.1"}
*** IR Dump Before SROAPass on deadLoop ***
; Function Attrs: nofree norecurse nosync nounwind readnone uwtable
define dso_local i32 @deadLoop(i32 noundef %0) local_unnamed_addr #0 {
  br label %2

2:                                                ; preds = %1
  ret i32 7
}
*** IR Dump After SROAPass on deadLoop ***
; Function Attrs: nofree norecurse nosync nounwind readnone uwtable
define dso_local i32 @deadLoop(i32 noundef %0) local_unnamed_addr #0 {
  br label %2

2:                                                ; preds = %1
  ret i32 7
}
*** IR Dump Before MemCpyOptPass on deadLoop ***
; Function Attrs: nofree norecurse nosync nounwind readnone uwtable
define dso_local i32 @deadLoop(i32 noundef %0) local_unnamed_addr #0 {
  br label %2

2:                                                ; preds = %1
  ret i32 7
}
*** IR Dump After MemCpyOptPass on deadLoop ***
; Function Attrs: nofree norecurse nosync nounwind readnone uwtable
define dso_local i32 @deadLoop(i32 noundef %0) local_unnamed_addr #0 {
  br label %2

2:                                                ; preds = %1
  ret i32 7
}
*** IR Dump Before SCCPPass on deadLoop ***
; Function Attrs: nofree norecurse nosync nounwind readnone uwtable
define dso_local i32 @deadLoop(i32 noundef %0) local_unnamed_addr #0 {
  br label %2

2:                                                ; preds = %1
  ret i32 7
}
*** IR Dump After SCCPPass on deadLoop ***
; Function Attrs: nofree norecurse nosync nounwind readnone uwtable
define dso_local i32 @deadLoop(i32 noundef %0) local_unnamed_addr #0 {
  br label %2

2:                                                ; preds = %1
  ret i32 7
}
*** IR Dump Before BDCEPass on deadLoop ***
; Function Attrs: nofree norecurse nosync nounwind readnone uwtable
define dso_local i32 @deadLoop(i32 noundef %0) local_unnamed_addr #0 {
  br label %2

2:                                                ; preds = %1
  ret i32 7
}
*** IR Dump After BDCEPass on deadLoop ***
; Function Attrs: nofree norecurse nosync nounwind readnone uwtable
define dso_local i32 @deadLoop(i32 noundef %0) local_unnamed_addr #0 {
  br label %2

2:                                                ; preds = %1
  ret i32 7
}
*** IR Dump Before InstCombinePass on deadLoop ***
; Function Attrs: nofree norecurse nosync nounwind readnone uwtable
define dso_local i32 @deadLoop(i32 noundef %0) local_unnamed_addr #0 {
  br label %2

2:                                                ; preds = %1
  ret i32 7
}
*** IR Dump After InstCombinePass on deadLoop ***
; Function Attrs: nofree norecurse nosync nounwind readnone uwtable
define dso_local i32 @deadLoop(i32 noundef %0) local_unnamed_addr #0 {
  br label %2

2:                                                ; preds = %1
  ret i32 7
}
*** IR Dump Before CoroElidePass on deadLoop ***
; Function Attrs: nofree norecurse nosync nounwind readnone uwtable
define dso_local i32 @deadLoop(i32 noundef %0) local_unnamed_addr #0 {
  br label %2

2:                                                ; preds = %1
  ret i32 7
}
*** IR Dump After CoroElidePass on deadLoop ***
; Function Attrs: nofree norecurse nosync nounwind readnone uwtable
define dso_local i32 @deadLoop(i32 noundef %0) local_unnamed_addr #0 {
  br label %2

2:                                                ; preds = %1
  ret i32 7
}
*** IR Dump Before ADCEPass on deadLoop ***
; Function Attrs: nofree norecurse nosync nounwind readnone uwtable
define dso_local i32 @deadLoop(i32 noundef %0) local_unnamed_addr #0 {
  br label %2

2:                                                ; preds = %1
  ret i32 7
}
*** IR Dump After ADCEPass on deadLoop ***
; Function Attrs: nofree norecurse nosync nounwind readnone uwtable
define dso_local i32 @deadLoop(i32 noundef %0) local_unnamed_addr #0 {
  br label %2

2:                                                ; preds = %1
  ret i32 7
}
*** IR Dump Before SimplifyCFGPass on deadLoop ***
; Function Attrs: nofree norecurse nosync nounwind readnone uwtable
define dso_local i32 @deadLoop(i32 noundef %0) local_unnamed_addr #0 {
  br label %2

2:                                                ; preds = %1
  ret i32 7
}
*** IR Dump After SimplifyCFGPass on deadLoop ***
; Function Attrs: nofree norecurse nosync nounwind readnone uwtable
define dso_local i32 @deadLoop(i32 noundef %0) local_unnamed_addr #0 {
  ret i32 7
}
*** IR Dump Before InstCombinePass on deadLoop ***
; Function Attrs: nofree norecurse nosync nounwind readnone uwtable
define dso_local i32 @deadLoop(i32 noundef %0) local_unnamed_addr #0 {
  ret i32 7
}
*** IR Dump After InstCombinePass on deadLoop ***
; Function Attrs: nofree norecurse nosync nounwind readnone uwtable
define dso_local i32 @deadLoop(i32 noundef %0) local_unnamed_addr #0 {
  ret i32 7
}
*** IR Dump Before CoroSplitPass on (deadLoop) ***
; Function Attrs: nofree norecurse nosync nounwind readnone uwtable
define dso_local i32 @deadLoop(i32 noundef %0) local_unnamed_addr #0 {
  ret i32 7
}
*** IR Dump After CoroSplitPass on (deadLoop) ***
; Function Attrs: nofree norecurse nosync nounwind readnone uwtable
define dso_local i32 @deadLoop(i32 noundef %0) local_unnamed_addr #0 {
  ret i32 7
}
*** IR Dump Before GlobalOptPass on [module] ***
; ModuleID = 'deadLoop.in.ll'
source_filename = "deadLoop.c"
target datalayout = "e-m:e-i8:8:32-i16:16:32-i64:64-i128:128-n32:64-S128"
target triple = "aarch64-unknown-linux-gnu"

; Function Attrs: nofree norecurse nosync nounwind readnone uwtable
define dso_local i32 @deadLoop(i32 noundef %0) local_unnamed_addr #0 {
  ret i32 7
}

attributes #0 = { nofree norecurse nosync nounwind readnone uwtable "frame-pointer"="non-leaf" "min-legal-vector-width"="0" "no-trapping-math"="true" "stack-protector-buffer-size"="8" "target-cpu"="generic" "target-features"="+neon,+outline-atomics,+v8a" }

!llvm.module.flags = !{!0, !1, !2, !3, !4, !5, !6, !7, !8}
!llvm.ident = !{!9}

!0 = !{i32 1, !"wchar_size", i32 4}
!1 = !{i32 1, !"branch-target-enforcement", i32 0}
!2 = !{i32 1, !"sign-return-address", i32 0}
!3 = !{i32 1, !"sign-return-address-all", i32 0}
!4 = !{i32 1, !"sign-return-address-with-bkey", i32 0}
!5 = !{i32 7, !"PIC Level", i32 2}
!6 = !{i32 7, !"PIE Level", i32 2}
!7 = !{i32 7, !"uwtable", i32 1}
!8 = !{i32 7, !"frame-pointer", i32 1}
!9 = !{!"Ubuntu clang version 14.0.0-1ubuntu1.1"}
*** IR Dump After GlobalOptPass on [module] ***
; ModuleID = 'deadLoop.in.ll'
source_filename = "deadLoop.c"
target datalayout = "e-m:e-i8:8:32-i16:16:32-i64:64-i128:128-n32:64-S128"
target triple = "aarch64-unknown-linux-gnu"

; Function Attrs: nofree norecurse nosync nounwind readnone uwtable
define dso_local i32 @deadLoop(i32 noundef %0) local_unnamed_addr #0 {
  ret i32 7
}

attributes #0 = { nofree norecurse nosync nounwind readnone uwtable "frame-pointer"="non-leaf" "min-legal-vector-width"="0" "no-trapping-math"="true" "stack-protector-buffer-size"="8" "target-cpu"="generic" "target-features"="+neon,+outline-atomics,+v8a" }

!llvm.module.flags = !{!0, !1, !2, !3, !4, !5, !6, !7, !8}
!llvm.ident = !{!9}

!0 = !{i32 1, !"wchar_size", i32 4}
!1 = !{i32 1, !"branch-target-enforcement", i32 0}
!2 = !{i32 1, !"sign-return-address", i32 0}
!3 = !{i32 1, !"sign-return-address-all", i32 0}
!4 = !{i32 1, !"sign-return-address-with-bkey", i32 0}
!5 = !{i32 7, !"PIC Level", i32 2}
!6 = !{i32 7, !"PIE Level", i32 2}
!7 = !{i32 7, !"uwtable", i32 1}
!8 = !{i32 7, !"frame-pointer", i32 1}
!9 = !{!"Ubuntu clang version 14.0.0-1ubuntu1.1"}
*** IR Dump Before GlobalDCEPass on [module] ***
; ModuleID = 'deadLoop.in.ll'
source_filename = "deadLoop.c"
target datalayout = "e-m:e-i8:8:32-i16:16:32-i64:64-i128:128-n32:64-S128"
target triple = "aarch64-unknown-linux-gnu"

; Function Attrs: nofree norecurse nosync nounwind readnone uwtable
define dso_local i32 @deadLoop(i32 noundef %0) local_unnamed_addr #0 {
  ret i32 7
}

attributes #0 = { nofree norecurse nosync nounwind readnone uwtable "frame-pointer"="non-leaf" "min-legal-vector-width"="0" "no-trapping-math"="true" "stack-protector-buffer-size"="8" "target-cpu"="generic" "target-features"="+neon,+outline-atomics,+v8a" }

!llvm.module.flags = !{!0, !1, !2, !3, !4, !5, !6, !7, !8}
!llvm.ident = !{!9}

!0 = !{i32 1, !"wchar_size", i32 4}
!1 = !{i32 1, !"branch-target-enforcement", i32 0}
!2 = !{i32 1, !"sign-return-address", i32 0}
!3 = !{i32 1, !"sign-return-address-all", i32 0}
!4 = !{i32 1, !"sign-return-address-with-bkey", i32 0}
!5 = !{i32 7, !"PIC Level", i32 2}
!6 = !{i32 7, !"PIE Level", i32 2}
!7 = !{i32 7, !"uwtable", i32 1}
!8 = !{i32 7, !"frame-pointer", i32 1}
!9 = !{!"Ubuntu clang version 14.0.0-1ubuntu1.1"}
*** IR Dump After GlobalDCEPass on [module] ***
; ModuleID = 'deadLoop.in.ll'
source_filename = "deadLoop.c"
target datalayout = "e-m:e-i8:8:32-i16:16:32-i64:64-i128:128-n32:64-S128"
target triple = "aarch64-unknown-linux-gnu"

; Function Attrs: nofree norecurse nosync nounwind readnone uwtable
define dso_local i32 @deadLoop(i32 noundef %0) local_unnamed_addr #0 {
  ret i32 7
}

attributes #0 = { nofree norecurse nosync nounwind readnone uwtable "frame-pointer"="non-leaf" "min-legal-vector-width"="0" "no-trapping-math"="true" "stack-protector-buffer-size"="8" "target-cpu"="generic" "target-features"="+neon,+outline-atomics,+v8a" }

!llvm.module.flags = !{!0, !1, !2, !3, !4, !5, !6, !7, !8}
!llvm.ident = !{!9}

!0 = !{i32 1, !"wchar_size", i32 4}
!1 = !{i32 1, !"branch-target-enforcement", i32 0}
!2 = !{i32 1, !"sign-return-address", i32 0}
!3 = !{i32 1, !"sign-return-address-all", i32 0}
!4 = !{i32 1, !"sign-return-address-with-bkey", i32 0}
!5 = !{i32 7, !"PIC Level", i32 2}
!6 = !{i32 7, !"PIE Level", i32 2}
!7 = !{i32 7, !"uwtable", i32 1}
!8 = !{i32 7, !"frame-pointer", i32 1}
!9 = !{!"Ubuntu clang version 14.0.0-1ubuntu1.1"}
*** IR Dump Before EliminateAvailableExternallyPass on [module] ***
; ModuleID = 'deadLoop.in.ll'
source_filename = "deadLoop.c"
target datalayout = "e-m:e-i8:8:32-i16:16:32-i64:64-i128:128-n32:64-S128"
target triple = "aarch64-unknown-linux-gnu"

; Function Attrs: nofree norecurse nosync nounwind readnone uwtable
define dso_local i32 @deadLoop(i32 noundef %0) local_unnamed_addr #0 {
  ret i32 7
}

attributes #0 = { nofree norecurse nosync nounwind readnone uwtable "frame-pointer"="non-leaf" "min-legal-vector-width"="0" "no-trapping-math"="true" "stack-protector-buffer-size"="8" "target-cpu"="generic" "target-features"="+neon,+outline-atomics,+v8a" }

!llvm.module.flags = !{!0, !1, !2, !3, !4, !5, !6, !7, !8}
!llvm.ident = !{!9}

!0 = !{i32 1, !"wchar_size", i32 4}
!1 = !{i32 1, !"branch-target-enforcement", i32 0}
!2 = !{i32 1, !"sign-return-address", i32 0}
!3 = !{i32 1, !"sign-return-address-all", i32 0}
!4 = !{i32 1, !"sign-return-address-with-bkey", i32 0}
!5 = !{i32 7, !"PIC Level", i32 2}
!6 = !{i32 7, !"PIE Level", i32 2}
!7 = !{i32 7, !"uwtable", i32 1}
!8 = !{i32 7, !"frame-pointer", i32 1}
!9 = !{!"Ubuntu clang version 14.0.0-1ubuntu1.1"}
*** IR Dump After EliminateAvailableExternallyPass on [module] ***
; ModuleID = 'deadLoop.in.ll'
source_filename = "deadLoop.c"
target datalayout = "e-m:e-i8:8:32-i16:16:32-i64:64-i128:128-n32:64-S128"
target triple = "aarch64-unknown-linux-gnu"

; Function Attrs: nofree norecurse nosync nounwind readnone uwtable
define dso_local i32 @deadLoop(i32 noundef %0) local_unnamed_addr #0 {
  ret i32 7
}

attributes #0 = { nofree norecurse nosync nounwind readnone uwtable "frame-pointer"="non-leaf" "min-legal-vector-width"="0" "no-trapping-math"="true" "stack-protector-buffer-size"="8" "target-cpu"="generic" "target-features"="+neon,+outline-atomics,+v8a" }

!llvm.module.flags = !{!0, !1, !2, !3, !4, !5, !6, !7, !8}
!llvm.ident = !{!9}

!0 = !{i32 1, !"wchar_size", i32 4}
!1 = !{i32 1, !"branch-target-enforcement", i32 0}
!2 = !{i32 1, !"sign-return-address", i32 0}
!3 = !{i32 1, !"sign-return-address-all", i32 0}
!4 = !{i32 1, !"sign-return-address-with-bkey", i32 0}
!5 = !{i32 7, !"PIC Level", i32 2}
!6 = !{i32 7, !"PIE Level", i32 2}
!7 = !{i32 7, !"uwtable", i32 1}
!8 = !{i32 7, !"frame-pointer", i32 1}
!9 = !{!"Ubuntu clang version 14.0.0-1ubuntu1.1"}
*** IR Dump Before ReversePostOrderFunctionAttrsPass on [module] ***
; ModuleID = 'deadLoop.in.ll'
source_filename = "deadLoop.c"
target datalayout = "e-m:e-i8:8:32-i16:16:32-i64:64-i128:128-n32:64-S128"
target triple = "aarch64-unknown-linux-gnu"

; Function Attrs: nofree norecurse nosync nounwind readnone uwtable
define dso_local i32 @deadLoop(i32 noundef %0) local_unnamed_addr #0 {
  ret i32 7
}

attributes #0 = { nofree norecurse nosync nounwind readnone uwtable "frame-pointer"="non-leaf" "min-legal-vector-width"="0" "no-trapping-math"="true" "stack-protector-buffer-size"="8" "target-cpu"="generic" "target-features"="+neon,+outline-atomics,+v8a" }

!llvm.module.flags = !{!0, !1, !2, !3, !4, !5, !6, !7, !8}
!llvm.ident = !{!9}

!0 = !{i32 1, !"wchar_size", i32 4}
!1 = !{i32 1, !"branch-target-enforcement", i32 0}
!2 = !{i32 1, !"sign-return-address", i32 0}
!3 = !{i32 1, !"sign-return-address-all", i32 0}
!4 = !{i32 1, !"sign-return-address-with-bkey", i32 0}
!5 = !{i32 7, !"PIC Level", i32 2}
!6 = !{i32 7, !"PIE Level", i32 2}
!7 = !{i32 7, !"uwtable", i32 1}
!8 = !{i32 7, !"frame-pointer", i32 1}
!9 = !{!"Ubuntu clang version 14.0.0-1ubuntu1.1"}
*** IR Dump After ReversePostOrderFunctionAttrsPass on [module] ***
; ModuleID = 'deadLoop.in.ll'
source_filename = "deadLoop.c"
target datalayout = "e-m:e-i8:8:32-i16:16:32-i64:64-i128:128-n32:64-S128"
target triple = "aarch64-unknown-linux-gnu"

; Function Attrs: nofree norecurse nosync nounwind readnone uwtable
define dso_local i32 @deadLoop(i32 noundef %0) local_unnamed_addr #0 {
  ret i32 7
}

attributes #0 = { nofree norecurse nosync nounwind readnone uwtable "frame-pointer"="non-leaf" "min-legal-vector-width"="0" "no-trapping-math"="true" "stack-protector-buffer-size"="8" "target-cpu"="generic" "target-features"="+neon,+outline-atomics,+v8a" }

!llvm.module.flags = !{!0, !1, !2, !3, !4, !5, !6, !7, !8}
!llvm.ident = !{!9}

!0 = !{i32 1, !"wchar_size", i32 4}
!1 = !{i32 1, !"branch-target-enforcement", i32 0}
!2 = !{i32 1, !"sign-return-address", i32 0}
!3 = !{i32 1, !"sign-return-address-all", i32 0}
!4 = !{i32 1, !"sign-return-address-with-bkey", i32 0}
!5 = !{i32 7, !"PIC Level", i32 2}
!6 = !{i32 7, !"PIE Level", i32 2}
!7 = !{i32 7, !"uwtable", i32 1}
!8 = !{i32 7, !"frame-pointer", i32 1}
!9 = !{!"Ubuntu clang version 14.0.0-1ubuntu1.1"}
*** IR Dump Before RequireAnalysisPass<llvm::GlobalsAA, llvm::Module> on [module] ***
; ModuleID = 'deadLoop.in.ll'
source_filename = "deadLoop.c"
target datalayout = "e-m:e-i8:8:32-i16:16:32-i64:64-i128:128-n32:64-S128"
target triple = "aarch64-unknown-linux-gnu"

; Function Attrs: nofree norecurse nosync nounwind readnone uwtable
define dso_local i32 @deadLoop(i32 noundef %0) local_unnamed_addr #0 {
  ret i32 7
}

attributes #0 = { nofree norecurse nosync nounwind readnone uwtable "frame-pointer"="non-leaf" "min-legal-vector-width"="0" "no-trapping-math"="true" "stack-protector-buffer-size"="8" "target-cpu"="generic" "target-features"="+neon,+outline-atomics,+v8a" }

!llvm.module.flags = !{!0, !1, !2, !3, !4, !5, !6, !7, !8}
!llvm.ident = !{!9}

!0 = !{i32 1, !"wchar_size", i32 4}
!1 = !{i32 1, !"branch-target-enforcement", i32 0}
!2 = !{i32 1, !"sign-return-address", i32 0}
!3 = !{i32 1, !"sign-return-address-all", i32 0}
!4 = !{i32 1, !"sign-return-address-with-bkey", i32 0}
!5 = !{i32 7, !"PIC Level", i32 2}
!6 = !{i32 7, !"PIE Level", i32 2}
!7 = !{i32 7, !"uwtable", i32 1}
!8 = !{i32 7, !"frame-pointer", i32 1}
!9 = !{!"Ubuntu clang version 14.0.0-1ubuntu1.1"}
*** IR Dump After RequireAnalysisPass<llvm::GlobalsAA, llvm::Module> on [module] ***
; ModuleID = 'deadLoop.in.ll'
source_filename = "deadLoop.c"
target datalayout = "e-m:e-i8:8:32-i16:16:32-i64:64-i128:128-n32:64-S128"
target triple = "aarch64-unknown-linux-gnu"

; Function Attrs: nofree norecurse nosync nounwind readnone uwtable
define dso_local i32 @deadLoop(i32 noundef %0) local_unnamed_addr #0 {
  ret i32 7
}

attributes #0 = { nofree norecurse nosync nounwind readnone uwtable "frame-pointer"="non-leaf" "min-legal-vector-width"="0" "no-trapping-math"="true" "stack-protector-buffer-size"="8" "target-cpu"="generic" "target-features"="+neon,+outline-atomics,+v8a" }

!llvm.module.flags = !{!0, !1, !2, !3, !4, !5, !6, !7, !8}
!llvm.ident = !{!9}

!0 = !{i32 1, !"wchar_size", i32 4}
!1 = !{i32 1, !"branch-target-enforcement", i32 0}
!2 = !{i32 1, !"sign-return-address", i32 0}
!3 = !{i32 1, !"sign-return-address-all", i32 0}
!4 = !{i32 1, !"sign-return-address-with-bkey", i32 0}
!5 = !{i32 7, !"PIC Level", i32 2}
!6 = !{i32 7, !"PIE Level", i32 2}
!7 = !{i32 7, !"uwtable", i32 1}
!8 = !{i32 7, !"frame-pointer", i32 1}
!9 = !{!"Ubuntu clang version 14.0.0-1ubuntu1.1"}
*** IR Dump Before Float2IntPass on deadLoop ***
; Function Attrs: nofree norecurse nosync nounwind readnone uwtable
define dso_local i32 @deadLoop(i32 noundef %0) local_unnamed_addr #0 {
  ret i32 7
}
*** IR Dump After Float2IntPass on deadLoop ***
; Function Attrs: nofree norecurse nosync nounwind readnone uwtable
define dso_local i32 @deadLoop(i32 noundef %0) local_unnamed_addr #0 {
  ret i32 7
}
*** IR Dump Before LowerConstantIntrinsicsPass on deadLoop ***
; Function Attrs: nofree norecurse nosync nounwind readnone uwtable
define dso_local i32 @deadLoop(i32 noundef %0) local_unnamed_addr #0 {
  ret i32 7
}
*** IR Dump After LowerConstantIntrinsicsPass on deadLoop ***
; Function Attrs: nofree norecurse nosync nounwind readnone uwtable
define dso_local i32 @deadLoop(i32 noundef %0) local_unnamed_addr #0 {
  ret i32 7
}
*** IR Dump Before LoopSimplifyPass on deadLoop ***
; Function Attrs: nofree norecurse nosync nounwind readnone uwtable
define dso_local i32 @deadLoop(i32 noundef %0) local_unnamed_addr #0 {
  ret i32 7
}
*** IR Dump After LoopSimplifyPass on deadLoop ***
; Function Attrs: nofree norecurse nosync nounwind readnone uwtable
define dso_local i32 @deadLoop(i32 noundef %0) local_unnamed_addr #0 {
  ret i32 7
}
*** IR Dump Before LCSSAPass on deadLoop ***
; Function Attrs: nofree norecurse nosync nounwind readnone uwtable
define dso_local i32 @deadLoop(i32 noundef %0) local_unnamed_addr #0 {
  ret i32 7
}
*** IR Dump After LCSSAPass on deadLoop ***
; Function Attrs: nofree norecurse nosync nounwind readnone uwtable
define dso_local i32 @deadLoop(i32 noundef %0) local_unnamed_addr #0 {
  ret i32 7
}
*** IR Dump Before LoopDistributePass on deadLoop ***
; Function Attrs: nofree norecurse nosync nounwind readnone uwtable
define dso_local i32 @deadLoop(i32 noundef %0) local_unnamed_addr #0 {
  ret i32 7
}
*** IR Dump After LoopDistributePass on deadLoop ***
; Function Attrs: nofree norecurse nosync nounwind readnone uwtable
define dso_local i32 @deadLoop(i32 noundef %0) local_unnamed_addr #0 {
  ret i32 7
}
*** IR Dump Before InjectTLIMappings on deadLoop ***
; Function Attrs: nofree norecurse nosync nounwind readnone uwtable
define dso_local i32 @deadLoop(i32 noundef %0) local_unnamed_addr #0 {
  ret i32 7
}
*** IR Dump After InjectTLIMappings on deadLoop ***
; Function Attrs: nofree norecurse nosync nounwind readnone uwtable
define dso_local i32 @deadLoop(i32 noundef %0) local_unnamed_addr #0 {
  ret i32 7
}
*** IR Dump Before LoopVectorizePass on deadLoop ***
; Function Attrs: nofree norecurse nosync nounwind readnone uwtable
define dso_local i32 @deadLoop(i32 noundef %0) local_unnamed_addr #0 {
  ret i32 7
}
*** IR Dump After LoopVectorizePass on deadLoop ***
; Function Attrs: nofree norecurse nosync nounwind readnone uwtable
define dso_local i32 @deadLoop(i32 noundef %0) local_unnamed_addr #0 {
  ret i32 7
}
*** IR Dump Before LoopLoadEliminationPass on deadLoop ***
; Function Attrs: nofree norecurse nosync nounwind readnone uwtable
define dso_local i32 @deadLoop(i32 noundef %0) local_unnamed_addr #0 {
  ret i32 7
}
*** IR Dump After LoopLoadEliminationPass on deadLoop ***
; Function Attrs: nofree norecurse nosync nounwind readnone uwtable
define dso_local i32 @deadLoop(i32 noundef %0) local_unnamed_addr #0 {
  ret i32 7
}
*** IR Dump Before InstCombinePass on deadLoop ***
; Function Attrs: nofree norecurse nosync nounwind readnone uwtable
define dso_local i32 @deadLoop(i32 noundef %0) local_unnamed_addr #0 {
  ret i32 7
}
*** IR Dump After InstCombinePass on deadLoop ***
; Function Attrs: nofree norecurse nosync nounwind readnone uwtable
define dso_local i32 @deadLoop(i32 noundef %0) local_unnamed_addr #0 {
  ret i32 7
}
*** IR Dump Before SimplifyCFGPass on deadLoop ***
; Function Attrs: nofree norecurse nosync nounwind readnone uwtable
define dso_local i32 @deadLoop(i32 noundef %0) local_unnamed_addr #0 {
  ret i32 7
}
*** IR Dump After SimplifyCFGPass on deadLoop ***
; Function Attrs: nofree norecurse nosync nounwind readnone uwtable
define dso_local i32 @deadLoop(i32 noundef %0) local_unnamed_addr #0 {
  ret i32 7
}
*** IR Dump Before VectorCombinePass on deadLoop ***
; Function Attrs: nofree norecurse nosync nounwind readnone uwtable
define dso_local i32 @deadLoop(i32 noundef %0) local_unnamed_addr #0 {
  ret i32 7
}
*** IR Dump After VectorCombinePass on deadLoop ***
; Function Attrs: nofree norecurse nosync nounwind readnone uwtable
define dso_local i32 @deadLoop(i32 noundef %0) local_unnamed_addr #0 {
  ret i32 7
}
*** IR Dump Before InstCombinePass on deadLoop ***
; Function Attrs: nofree norecurse nosync nounwind readnone uwtable
define dso_local i32 @deadLoop(i32 noundef %0) local_unnamed_addr #0 {
  ret i32 7
}
*** IR Dump After InstCombinePass on deadLoop ***
; Function Attrs: nofree norecurse nosync nounwind readnone uwtable
define dso_local i32 @deadLoop(i32 noundef %0) local_unnamed_addr #0 {
  ret i32 7
}
*** IR Dump Before LoopUnrollPass on deadLoop ***
; Function Attrs: nofree norecurse nosync nounwind readnone uwtable
define dso_local i32 @deadLoop(i32 noundef %0) local_unnamed_addr #0 {
  ret i32 7
}
*** IR Dump After LoopUnrollPass on deadLoop ***
; Function Attrs: nofree norecurse nosync nounwind readnone uwtable
define dso_local i32 @deadLoop(i32 noundef %0) local_unnamed_addr #0 {
  ret i32 7
}
*** IR Dump Before WarnMissedTransformationsPass on deadLoop ***
; Function Attrs: nofree norecurse nosync nounwind readnone uwtable
define dso_local i32 @deadLoop(i32 noundef %0) local_unnamed_addr #0 {
  ret i32 7
}
*** IR Dump After WarnMissedTransformationsPass on deadLoop ***
; Function Attrs: nofree norecurse nosync nounwind readnone uwtable
define dso_local i32 @deadLoop(i32 noundef %0) local_unnamed_addr #0 {
  ret i32 7
}
*** IR Dump Before InstCombinePass on deadLoop ***
; Function Attrs: nofree norecurse nosync nounwind readnone uwtable
define dso_local i32 @deadLoop(i32 noundef %0) local_unnamed_addr #0 {
  ret i32 7
}
*** IR Dump After InstCombinePass on deadLoop ***
; Function Attrs: nofree norecurse nosync nounwind readnone uwtable
define dso_local i32 @deadLoop(i32 noundef %0) local_unnamed_addr #0 {
  ret i32 7
}
*** IR Dump Before RequireAnalysisPass<llvm::OptimizationRemarkEmitterAnalysis, llvm::Function> on deadLoop ***
; Function Attrs: nofree norecurse nosync nounwind readnone uwtable
define dso_local i32 @deadLoop(i32 noundef %0) local_unnamed_addr #0 {
  ret i32 7
}
*** IR Dump After RequireAnalysisPass<llvm::OptimizationRemarkEmitterAnalysis, llvm::Function> on deadLoop ***
; Function Attrs: nofree norecurse nosync nounwind readnone uwtable
define dso_local i32 @deadLoop(i32 noundef %0) local_unnamed_addr #0 {
  ret i32 7
}
*** IR Dump Before LoopSimplifyPass on deadLoop ***
; Function Attrs: nofree norecurse nosync nounwind readnone uwtable
define dso_local i32 @deadLoop(i32 noundef %0) local_unnamed_addr #0 {
  ret i32 7
}
*** IR Dump After LoopSimplifyPass on deadLoop ***
; Function Attrs: nofree norecurse nosync nounwind readnone uwtable
define dso_local i32 @deadLoop(i32 noundef %0) local_unnamed_addr #0 {
  ret i32 7
}
*** IR Dump Before LCSSAPass on deadLoop ***
; Function Attrs: nofree norecurse nosync nounwind readnone uwtable
define dso_local i32 @deadLoop(i32 noundef %0) local_unnamed_addr #0 {
  ret i32 7
}
*** IR Dump After LCSSAPass on deadLoop ***
; Function Attrs: nofree norecurse nosync nounwind readnone uwtable
define dso_local i32 @deadLoop(i32 noundef %0) local_unnamed_addr #0 {
  ret i32 7
}
*** IR Dump Before AlignmentFromAssumptionsPass on deadLoop ***
; Function Attrs: nofree norecurse nosync nounwind readnone uwtable
define dso_local i32 @deadLoop(i32 noundef %0) local_unnamed_addr #0 {
  ret i32 7
}
*** IR Dump After AlignmentFromAssumptionsPass on deadLoop ***
; Function Attrs: nofree norecurse nosync nounwind readnone uwtable
define dso_local i32 @deadLoop(i32 noundef %0) local_unnamed_addr #0 {
  ret i32 7
}
*** IR Dump Before LoopSinkPass on deadLoop ***
; Function Attrs: nofree norecurse nosync nounwind readnone uwtable
define dso_local i32 @deadLoop(i32 noundef %0) local_unnamed_addr #0 {
  ret i32 7
}
*** IR Dump After LoopSinkPass on deadLoop ***
; Function Attrs: nofree norecurse nosync nounwind readnone uwtable
define dso_local i32 @deadLoop(i32 noundef %0) local_unnamed_addr #0 {
  ret i32 7
}
*** IR Dump Before InstSimplifyPass on deadLoop ***
; Function Attrs: nofree norecurse nosync nounwind readnone uwtable
define dso_local i32 @deadLoop(i32 noundef %0) local_unnamed_addr #0 {
  ret i32 7
}
*** IR Dump After InstSimplifyPass on deadLoop ***
; Function Attrs: nofree norecurse nosync nounwind readnone uwtable
define dso_local i32 @deadLoop(i32 noundef %0) local_unnamed_addr #0 {
  ret i32 7
}
*** IR Dump Before DivRemPairsPass on deadLoop ***
; Function Attrs: nofree norecurse nosync nounwind readnone uwtable
define dso_local i32 @deadLoop(i32 noundef %0) local_unnamed_addr #0 {
  ret i32 7
}
*** IR Dump After DivRemPairsPass on deadLoop ***
; Function Attrs: nofree norecurse nosync nounwind readnone uwtable
define dso_local i32 @deadLoop(i32 noundef %0) local_unnamed_addr #0 {
  ret i32 7
}
*** IR Dump Before SimplifyCFGPass on deadLoop ***
; Function Attrs: nofree norecurse nosync nounwind readnone uwtable
define dso_local i32 @deadLoop(i32 noundef %0) local_unnamed_addr #0 {
  ret i32 7
}
*** IR Dump After SimplifyCFGPass on deadLoop ***
; Function Attrs: nofree norecurse nosync nounwind readnone uwtable
define dso_local i32 @deadLoop(i32 noundef %0) local_unnamed_addr #0 {
  ret i32 7
}
*** IR Dump Before CoroCleanupPass on deadLoop ***
; Function Attrs: nofree norecurse nosync nounwind readnone uwtable
define dso_local i32 @deadLoop(i32 noundef %0) local_unnamed_addr #0 {
  ret i32 7
}
*** IR Dump After CoroCleanupPass on deadLoop ***
; Function Attrs: nofree norecurse nosync nounwind readnone uwtable
define dso_local i32 @deadLoop(i32 noundef %0) local_unnamed_addr #0 {
  ret i32 7
}
*** IR Dump Before CGProfilePass on [module] ***
; ModuleID = 'deadLoop.in.ll'
source_filename = "deadLoop.c"
target datalayout = "e-m:e-i8:8:32-i16:16:32-i64:64-i128:128-n32:64-S128"
target triple = "aarch64-unknown-linux-gnu"

; Function Attrs: nofree norecurse nosync nounwind readnone uwtable
define dso_local i32 @deadLoop(i32 noundef %0) local_unnamed_addr #0 {
  ret i32 7
}

attributes #0 = { nofree norecurse nosync nounwind readnone uwtable "frame-pointer"="non-leaf" "min-legal-vector-width"="0" "no-trapping-math"="true" "stack-protector-buffer-size"="8" "target-cpu"="generic" "target-features"="+neon,+outline-atomics,+v8a" }

!llvm.module.flags = !{!0, !1, !2, !3, !4, !5, !6, !7, !8}
!llvm.ident = !{!9}

!0 = !{i32 1, !"wchar_size", i32 4}
!1 = !{i32 1, !"branch-target-enforcement", i32 0}
!2 = !{i32 1, !"sign-return-address", i32 0}
!3 = !{i32 1, !"sign-return-address-all", i32 0}
!4 = !{i32 1, !"sign-return-address-with-bkey", i32 0}
!5 = !{i32 7, !"PIC Level", i32 2}
!6 = !{i32 7, !"PIE Level", i32 2}
!7 = !{i32 7, !"uwtable", i32 1}
!8 = !{i32 7, !"frame-pointer", i32 1}
!9 = !{!"Ubuntu clang version 14.0.0-1ubuntu1.1"}
*** IR Dump After CGProfilePass on [module] ***
; ModuleID = 'deadLoop.in.ll'
source_filename = "deadLoop.c"
target datalayout = "e-m:e-i8:8:32-i16:16:32-i64:64-i128:128-n32:64-S128"
target triple = "aarch64-unknown-linux-gnu"

; Function Attrs: nofree norecurse nosync nounwind readnone uwtable
define dso_local i32 @deadLoop(i32 noundef %0) local_unnamed_addr #0 {
  ret i32 7
}

attributes #0 = { nofree norecurse nosync nounwind readnone uwtable "frame-pointer"="non-leaf" "min-legal-vector-width"="0" "no-trapping-math"="true" "stack-protector-buffer-size"="8" "target-cpu"="generic" "target-features"="+neon,+outline-atomics,+v8a" }

!llvm.module.flags = !{!0, !1, !2, !3, !4, !5, !6, !7, !8}
!llvm.ident = !{!9}

!0 = !{i32 1, !"wchar_size", i32 4}
!1 = !{i32 1, !"branch-target-enforcement", i32 0}
!2 = !{i32 1, !"sign-return-address", i32 0}
!3 = !{i32 1, !"sign-return-address-all", i32 0}
!4 = !{i32 1, !"sign-return-address-with-bkey", i32 0}
!5 = !{i32 7, !"PIC Level", i32 2}
!6 = !{i32 7, !"PIE Level", i32 2}
!7 = !{i32 7, !"uwtable", i32 1}
!8 = !{i32 7, !"frame-pointer", i32 1}
!9 = !{!"Ubuntu clang version 14.0.0-1ubuntu1.1"}
*** IR Dump Before GlobalDCEPass on [module] ***
; ModuleID = 'deadLoop.in.ll'
source_filename = "deadLoop.c"
target datalayout = "e-m:e-i8:8:32-i16:16:32-i64:64-i128:128-n32:64-S128"
target triple = "aarch64-unknown-linux-gnu"

; Function Attrs: nofree norecurse nosync nounwind readnone uwtable
define dso_local i32 @deadLoop(i32 noundef %0) local_unnamed_addr #0 {
  ret i32 7
}

attributes #0 = { nofree norecurse nosync nounwind readnone uwtable "frame-pointer"="non-leaf" "min-legal-vector-width"="0" "no-trapping-math"="true" "stack-protector-buffer-size"="8" "target-cpu"="generic" "target-features"="+neon,+outline-atomics,+v8a" }

!llvm.module.flags = !{!0, !1, !2, !3, !4, !5, !6, !7, !8}
!llvm.ident = !{!9}

!0 = !{i32 1, !"wchar_size", i32 4}
!1 = !{i32 1, !"branch-target-enforcement", i32 0}
!2 = !{i32 1, !"sign-return-address", i32 0}
!3 = !{i32 1, !"sign-return-address-all", i32 0}
!4 = !{i32 1, !"sign-return-address-with-bkey", i32 0}
!5 = !{i32 7, !"PIC Level", i32 2}
!6 = !{i32 7, !"PIE Level", i32 2}
!7 = !{i32 7, !"uwtable", i32 1}
!8 = !{i32 7, !"frame-pointer", i32 1}
!9 = !{!"Ubuntu clang version 14.0.0-1ubuntu1.1"}
*** IR Dump After GlobalDCEPass on [module] ***
; ModuleID = 'deadLoop.in.ll'
source_filename = "deadLoop.c"
target datalayout = "e-m:e-i8:8:32-i16:16:32-i64:64-i128:128-n32:64-S128"
target triple = "aarch64-unknown-linux-gnu"

; Function Attrs: nofree norecurse nosync nounwind readnone uwtable
define dso_local i32 @deadLoop(i32 noundef %0) local_unnamed_addr #0 {
  ret i32 7
}

attributes #0 = { nofree norecurse nosync nounwind readnone uwtable "frame-pointer"="non-leaf" "min-legal-vector-width"="0" "no-trapping-math"="true" "stack-protector-buffer-size"="8" "target-cpu"="generic" "target-features"="+neon,+outline-atomics,+v8a" }

!llvm.module.flags = !{!0, !1, !2, !3, !4, !5, !6, !7, !8}
!llvm.ident = !{!9}

!0 = !{i32 1, !"wchar_size", i32 4}
!1 = !{i32 1, !"branch-target-enforcement", i32 0}
!2 = !{i32 1, !"sign-return-address", i32 0}
!3 = !{i32 1, !"sign-return-address-all", i32 0}
!4 = !{i32 1, !"sign-return-address-with-bkey", i32 0}
!5 = !{i32 7, !"PIC Level", i32 2}
!6 = !{i32 7, !"PIE Level", i32 2}
!7 = !{i32 7, !"uwtable", i32 1}
!8 = !{i32 7, !"frame-pointer", i32 1}
!9 = !{!"Ubuntu clang version 14.0.0-1ubuntu1.1"}
*** IR Dump Before ConstantMergePass on [module] ***
; ModuleID = 'deadLoop.in.ll'
source_filename = "deadLoop.c"
target datalayout = "e-m:e-i8:8:32-i16:16:32-i64:64-i128:128-n32:64-S128"
target triple = "aarch64-unknown-linux-gnu"

; Function Attrs: nofree norecurse nosync nounwind readnone uwtable
define dso_local i32 @deadLoop(i32 noundef %0) local_unnamed_addr #0 {
  ret i32 7
}

attributes #0 = { nofree norecurse nosync nounwind readnone uwtable "frame-pointer"="non-leaf" "min-legal-vector-width"="0" "no-trapping-math"="true" "stack-protector-buffer-size"="8" "target-cpu"="generic" "target-features"="+neon,+outline-atomics,+v8a" }

!llvm.module.flags = !{!0, !1, !2, !3, !4, !5, !6, !7, !8}
!llvm.ident = !{!9}

!0 = !{i32 1, !"wchar_size", i32 4}
!1 = !{i32 1, !"branch-target-enforcement", i32 0}
!2 = !{i32 1, !"sign-return-address", i32 0}
!3 = !{i32 1, !"sign-return-address-all", i32 0}
!4 = !{i32 1, !"sign-return-address-with-bkey", i32 0}
!5 = !{i32 7, !"PIC Level", i32 2}
!6 = !{i32 7, !"PIE Level", i32 2}
!7 = !{i32 7, !"uwtable", i32 1}
!8 = !{i32 7, !"frame-pointer", i32 1}
!9 = !{!"Ubuntu clang version 14.0.0-1ubuntu1.1"}
*** IR Dump After ConstantMergePass on [module] ***
; ModuleID = 'deadLoop.in.ll'
source_filename = "deadLoop.c"
target datalayout = "e-m:e-i8:8:32-i16:16:32-i64:64-i128:128-n32:64-S128"
target triple = "aarch64-unknown-linux-gnu"

; Function Attrs: nofree norecurse nosync nounwind readnone uwtable
define dso_local i32 @deadLoop(i32 noundef %0) local_unnamed_addr #0 {
  ret i32 7
}

attributes #0 = { nofree norecurse nosync nounwind readnone uwtable "frame-pointer"="non-leaf" "min-legal-vector-width"="0" "no-trapping-math"="true" "stack-protector-buffer-size"="8" "target-cpu"="generic" "target-features"="+neon,+outline-atomics,+v8a" }

!llvm.module.flags = !{!0, !1, !2, !3, !4, !5, !6, !7, !8}
!llvm.ident = !{!9}

!0 = !{i32 1, !"wchar_size", i32 4}
!1 = !{i32 1, !"branch-target-enforcement", i32 0}
!2 = !{i32 1, !"sign-return-address", i32 0}
!3 = !{i32 1, !"sign-return-address-all", i32 0}
!4 = !{i32 1, !"sign-return-address-with-bkey", i32 0}
!5 = !{i32 7, !"PIC Level", i32 2}
!6 = !{i32 7, !"PIE Level", i32 2}
!7 = !{i32 7, !"uwtable", i32 1}
!8 = !{i32 7, !"frame-pointer", i32 1}
!9 = !{!"Ubuntu clang version 14.0.0-1ubuntu1.1"}
*** IR Dump Before RelLookupTableConverterPass on [module] ***
; ModuleID = 'deadLoop.in.ll'
source_filename = "deadLoop.c"
target datalayout = "e-m:e-i8:8:32-i16:16:32-i64:64-i128:128-n32:64-S128"
target triple = "aarch64-unknown-linux-gnu"

; Function Attrs: nofree norecurse nosync nounwind readnone uwtable
define dso_local i32 @deadLoop(i32 noundef %0) local_unnamed_addr #0 {
  ret i32 7
}

attributes #0 = { nofree norecurse nosync nounwind readnone uwtable "frame-pointer"="non-leaf" "min-legal-vector-width"="0" "no-trapping-math"="true" "stack-protector-buffer-size"="8" "target-cpu"="generic" "target-features"="+neon,+outline-atomics,+v8a" }

!llvm.module.flags = !{!0, !1, !2, !3, !4, !5, !6, !7, !8}
!llvm.ident = !{!9}

!0 = !{i32 1, !"wchar_size", i32 4}
!1 = !{i32 1, !"branch-target-enforcement", i32 0}
!2 = !{i32 1, !"sign-return-address", i32 0}
!3 = !{i32 1, !"sign-return-address-all", i32 0}
!4 = !{i32 1, !"sign-return-address-with-bkey", i32 0}
!5 = !{i32 7, !"PIC Level", i32 2}
!6 = !{i32 7, !"PIE Level", i32 2}
!7 = !{i32 7, !"uwtable", i32 1}
!8 = !{i32 7, !"frame-pointer", i32 1}
!9 = !{!"Ubuntu clang version 14.0.0-1ubuntu1.1"}
*** IR Dump After RelLookupTableConverterPass on [module] ***
; ModuleID = 'deadLoop.in.ll'
source_filename = "deadLoop.c"
target datalayout = "e-m:e-i8:8:32-i16:16:32-i64:64-i128:128-n32:64-S128"
target triple = "aarch64-unknown-linux-gnu"

; Function Attrs: nofree norecurse nosync nounwind readnone uwtable
define dso_local i32 @deadLoop(i32 noundef %0) local_unnamed_addr #0 {
  ret i32 7
}

attributes #0 = { nofree norecurse nosync nounwind readnone uwtable "frame-pointer"="non-leaf" "min-legal-vector-width"="0" "no-trapping-math"="true" "stack-protector-buffer-size"="8" "target-cpu"="generic" "target-features"="+neon,+outline-atomics,+v8a" }

!llvm.module.flags = !{!0, !1, !2, !3, !4, !5, !6, !7, !8}
!llvm.ident = !{!9}

!0 = !{i32 1, !"wchar_size", i32 4}
!1 = !{i32 1, !"branch-target-enforcement", i32 0}
!2 = !{i32 1, !"sign-return-address", i32 0}
!3 = !{i32 1, !"sign-return-address-all", i32 0}
!4 = !{i32 1, !"sign-return-address-with-bkey", i32 0}
!5 = !{i32 7, !"PIC Level", i32 2}
!6 = !{i32 7, !"PIE Level", i32 2}
!7 = !{i32 7, !"uwtable", i32 1}
!8 = !{i32 7, !"frame-pointer", i32 1}
!9 = !{!"Ubuntu clang version 14.0.0-1ubuntu1.1"}
*** IR Dump Before AnnotationRemarksPass on deadLoop ***
; Function Attrs: nofree norecurse nosync nounwind readnone uwtable
define dso_local i32 @deadLoop(i32 noundef %0) local_unnamed_addr #0 {
  ret i32 7
}
*** IR Dump After AnnotationRemarksPass on deadLoop ***
; Function Attrs: nofree norecurse nosync nounwind readnone uwtable
define dso_local i32 @deadLoop(i32 noundef %0) local_unnamed_addr #0 {
  ret i32 7
}
*** IR Dump Before VerifierPass on [module] ***
; ModuleID = 'deadLoop.in.ll'
source_filename = "deadLoop.c"
target datalayout = "e-m:e-i8:8:32-i16:16:32-i64:64-i128:128-n32:64-S128"
target triple = "aarch64-unknown-linux-gnu"

; Function Attrs: nofree norecurse nosync nounwind readnone uwtable
define dso_local i32 @deadLoop(i32 noundef %0) local_unnamed_addr #0 {
  ret i32 7
}

attributes #0 = { nofree norecurse nosync nounwind readnone uwtable "frame-pointer"="non-leaf" "min-legal-vector-width"="0" "no-trapping-math"="true" "stack-protector-buffer-size"="8" "target-cpu"="generic" "target-features"="+neon,+outline-atomics,+v8a" }

!llvm.module.flags = !{!0, !1, !2, !3, !4, !5, !6, !7, !8}
!llvm.ident = !{!9}

!0 = !{i32 1, !"wchar_size", i32 4}
!1 = !{i32 1, !"branch-target-enforcement", i32 0}
!2 = !{i32 1, !"sign-return-address", i32 0}
!3 = !{i32 1, !"sign-return-address-all", i32 0}
!4 = !{i32 1, !"sign-return-address-with-bkey", i32 0}
!5 = !{i32 7, !"PIC Level", i32 2}
!6 = !{i32 7, !"PIE Level", i32 2}
!7 = !{i32 7, !"uwtable", i32 1}
!8 = !{i32 7, !"frame-pointer", i32 1}
!9 = !{!"Ubuntu clang version 14.0.0-1ubuntu1.1"}
*** IR Dump After VerifierPass on [module] ***
; ModuleID = 'deadLoop.in.ll'
source_filename = "deadLoop.c"
target datalayout = "e-m:e-i8:8:32-i16:16:32-i64:64-i128:128-n32:64-S128"
target triple = "aarch64-unknown-linux-gnu"

; Function Attrs: nofree norecurse nosync nounwind readnone uwtable
define dso_local i32 @deadLoop(i32 noundef %0) local_unnamed_addr #0 {
  ret i32 7
}

attributes #0 = { nofree norecurse nosync nounwind readnone uwtable "frame-pointer"="non-leaf" "min-legal-vector-width"="0" "no-trapping-math"="true" "stack-protector-buffer-size"="8" "target-cpu"="generic" "target-features"="+neon,+outline-atomics,+v8a" }

!llvm.module.flags = !{!0, !1, !2, !3, !4, !5, !6, !7, !8}
!llvm.ident = !{!9}

!0 = !{i32 1, !"wchar_size", i32 4}
!1 = !{i32 1, !"branch-target-enforcement", i32 0}
!2 = !{i32 1, !"sign-return-address", i32 0}
!3 = !{i32 1, !"sign-return-address-all", i32 0}
!4 = !{i32 1, !"sign-return-address-with-bkey", i32 0}
!5 = !{i32 7, !"PIC Level", i32 2}
!6 = !{i32 7, !"PIE Level", i32 2}
!7 = !{i32 7, !"uwtable", i32 1}
!8 = !{i32 7, !"frame-pointer", i32 1}
!9 = !{!"Ubuntu clang version 14.0.0-1ubuntu1.1"}
*** IR Dump Before PrintModulePass on [module] ***
; ModuleID = 'deadLoop.in.ll'
source_filename = "deadLoop.c"
target datalayout = "e-m:e-i8:8:32-i16:16:32-i64:64-i128:128-n32:64-S128"
target triple = "aarch64-unknown-linux-gnu"

; Function Attrs: nofree norecurse nosync nounwind readnone uwtable
define dso_local i32 @deadLoop(i32 noundef %0) local_unnamed_addr #0 {
  ret i32 7
}

attributes #0 = { nofree norecurse nosync nounwind readnone uwtable "frame-pointer"="non-leaf" "min-legal-vector-width"="0" "no-trapping-math"="true" "stack-protector-buffer-size"="8" "target-cpu"="generic" "target-features"="+neon,+outline-atomics,+v8a" }

!llvm.module.flags = !{!0, !1, !2, !3, !4, !5, !6, !7, !8}
!llvm.ident = !{!9}

!0 = !{i32 1, !"wchar_size", i32 4}
!1 = !{i32 1, !"branch-target-enforcement", i32 0}
!2 = !{i32 1, !"sign-return-address", i32 0}
!3 = !{i32 1, !"sign-return-address-all", i32 0}
!4 = !{i32 1, !"sign-return-address-with-bkey", i32 0}
!5 = !{i32 7, !"PIC Level", i32 2}
!6 = !{i32 7, !"PIE Level", i32 2}
!7 = !{i32 7, !"uwtable", i32 1}
!8 = !{i32 7, !"frame-pointer", i32 1}
!9 = !{!"Ubuntu clang version 14.0.0-1ubuntu1.1"}
*** IR Dump After PrintModulePass on [module] ***
; ModuleID = 'deadLoop.in.ll'
source_filename = "deadLoop.c"
target datalayout = "e-m:e-i8:8:32-i16:16:32-i64:64-i128:128-n32:64-S128"
target triple = "aarch64-unknown-linux-gnu"

; Function Attrs: nofree norecurse nosync nounwind readnone uwtable
define dso_local i32 @deadLoop(i32 noundef %0) local_unnamed_addr #0 {
  ret i32 7
}

attributes #0 = { nofree norecurse nosync nounwind readnone uwtable "frame-pointer"="non-leaf" "min-legal-vector-width"="0" "no-trapping-math"="true" "stack-protector-buffer-size"="8" "target-cpu"="generic" "target-features"="+neon,+outline-atomics,+v8a" }

!llvm.module.flags = !{!0, !1, !2, !3, !4, !5, !6, !7, !8}
!llvm.ident = !{!9}

!0 = !{i32 1, !"wchar_size", i32 4}
!1 = !{i32 1, !"branch-target-enforcement", i32 0}
!2 = !{i32 1, !"sign-return-address", i32 0}
!3 = !{i32 1, !"sign-return-address-all", i32 0}
!4 = !{i32 1, !"sign-return-address-with-bkey", i32 0}
!5 = !{i32 7, !"PIC Level", i32 2}
!6 = !{i32 7, !"PIE Level", i32 2}
!7 = !{i32 7, !"uwtable", i32 1}
!8 = !{i32 7, !"frame-pointer", i32 1}
!9 = !{!"Ubuntu clang version 14.0.0-1ubuntu1.1"}
