*** IR Dump Before VerifierPass on [module] ***
; ModuleID = 'mixBits.in.ll'
source_filename = "mixBits.c"
target datalayout = "e-m:e-i8:8:32-i16:16:32-i64:64-i128:128-n32:64-S128"
target triple = "aarch64-unknown-linux-gnu"

; Function Attrs: nounwind uwtable
define dso_local i32 @mixBits(i32 noundef %0, i32 noundef %1) #0 {
  %3 = alloca i32, align 4
  %4 = alloca i32, align 4
  %5 = alloca i32, align 4
  store i32 %0, i32* %4, align 4
  store i32 %1, i32* %5, align 4
  %6 = load i32, i32* %4, align 4
  %7 = icmp sle i32 %6, 0
  br i1 %7, label %8, label %10

8:                                                ; preds = %2
  %9 = load i32, i32* %5, align 4
  store i32 %9, i32* %3, align 4
  br label %20

10:                                               ; preds = %2
  %11 = load i32, i32* %4, align 4
  %12 = sub nsw i32 %11, 1
  %13 = load i32, i32* %5, align 4
  %14 = load i32, i32* %4, align 4
  %15 = xor i32 %13, %14
  %16 = load i32, i32* %5, align 4
  %17 = ashr i32 %16, 1
  %18 = add nsw i32 %15, %17
  %19 = call i32 @mixBits(i32 noundef %12, i32 noundef %18)
  store i32 %19, i32* %3, align 4
  br label %20

20:                                               ; preds = %10, %8
  %21 = load i32, i32* %3, align 4
  ret i32 %21
}

attributes #0 = { nounwind uwtable "frame-pointer"="non-leaf" "min-legal-vector-width"="0" "no-trapping-math"="true" "stack-protector-buffer-size"="8" "target-cpu"="generic" "target-features"="+neon,+outline-atomics,+v8a" }

!llvm.module.flags = !{!0, !1, !2, !3, !4, !5, !6, !7, !8}
!llvm.ident = !{!9}

!0 = !{i32 1, !"wchar_size", i32 4}
!1 = !{i32 1, !"branch-target-enforcement", i32 0}
!2 = !{i32 1, !"sign-return-address", i32 0}
!3 = !{i32 1, !"sign-return-address-all", i32 0}
!4 = !{i32 1, !"sign-return-address-with-bkey", i32 0}
!5 = !{i32 7, !"PIC Level", i32 2}
!6 = !{i32 7, !"PIE Level", i32 2}
!7 = !{i32 7, !"uwtable", i32 1}
!8 = !{i32 7, !"frame-pointer", i32 1}
!9 = !{!"Ubuntu clang version 14.0.0-1ubuntu1.1"}
*** IR Dump After VerifierPass on [module] ***
; ModuleID = 'mixBits.in.ll'
source_filename = "mixBits.c"
target datalayout = "e-m:e-i8:8:32-i16:16:32-i64:64-i128:128-n32:64-S128"
target triple = "aarch64-unknown-linux-gnu"

; Function Attrs: nounwind uwtable
define dso_local i32 @mixBits(i32 noundef %0, i32 noundef %1) #0 {
  %3 = alloca i32, align 4
  %4 = alloca i32, align 4
  %5 = alloca i32, align 4
  store i32 %0, i32* %4, align 4
  store i32 %1, i32* %5, align 4
  %6 = load i32, i32* %4, align 4
  %7 = icmp sle i32 %6, 0
  br i1 %7, label %8, label %10

8:                                                ; preds = %2
  %9 = load i32, i32* %5, align 4
  store i32 %9, i32* %3, align 4
  br label %20

10:                                               ; preds = %2
  %11 = load i32, i32* %4, align 4
  %12 = sub nsw i32 %11, 1
  %13 = load i32, i32* %5, align 4
  %14 = load i32, i32* %4, align 4
  %15 = xor i32 %13, %14
  %16 = load i32, i32* %5, align 4
  %17 = ashr i32 %16, 1
  %18 = add nsw i32 %15, %17
  %19 = call i32 @mixBits(i32 noundef %12, i32 noundef %18)
  store i32 %19, i32* %3, align 4
  br label %20

20:                                               ; preds = %10, %8
  %21 = load i32, i32* %3, align 4
  ret i32 %21
}

attributes #0 = { nounwind uwtable "frame-pointer"="non-leaf" "min-legal-vector-width"="0" "no-trapping-math"="true" "stack-protector-buffer-size"="8" "target-cpu"="generic" "target-features"="+neon,+outline-atomics,+v8a" }

!llvm.module.flags = !{!0, !1, !2, !3, !4, !5, !6, !7, !8}
!llvm.ident = !{!9}

!0 = !{i32 1, !"wchar_size", i32 4}
!1 = !{i32 1, !"branch-target-enforcement", i32 0}
!2 = !{i32 1, !"sign-return-address", i32 0}
!3 = !{i32 1, !"sign-return-address-all", i32 0}
!4 = !{i32 1, !"sign-return-address-with-bkey", i32 0}
!5 = !{i32 7, !"PIC Level", i32 2}
!6 = !{i32 7, !"PIE Level", i32 2}
!7 = !{i32 7, !"uwtable", i32 1}
!8 = !{i32 7, !"frame-pointer", i32 1}
!9 = !{!"Ubuntu clang version 14.0.0-1ubuntu1.1"}
*** IR Dump Before Annotation2MetadataPass on [module] ***
; ModuleID = 'mixBits.in.ll'
source_filename = "mixBits.c"
target datalayout = "e-m:e-i8:8:32-i16:16:32-i64:64-i128:128-n32:64-S128"
target triple = "aarch64-unknown-linux-gnu"

; Function Attrs: nounwind uwtable
define dso_local i32 @mixBits(i32 noundef %0, i32 noundef %1) #0 {
  %3 = alloca i32, align 4
  %4 = alloca i32, align 4
  %5 = alloca i32, align 4
  store i32 %0, i32* %4, align 4
  store i32 %1, i32* %5, align 4
  %6 = load i32, i32* %4, align 4
  %7 = icmp sle i32 %6, 0
  br i1 %7, label %8, label %10

8:                                                ; preds = %2
  %9 = load i32, i32* %5, align 4
  store i32 %9, i32* %3, align 4
  br label %20

10:                                               ; preds = %2
  %11 = load i32, i32* %4, align 4
  %12 = sub nsw i32 %11, 1
  %13 = load i32, i32* %5, align 4
  %14 = load i32, i32* %4, align 4
  %15 = xor i32 %13, %14
  %16 = load i32, i32* %5, align 4
  %17 = ashr i32 %16, 1
  %18 = add nsw i32 %15, %17
  %19 = call i32 @mixBits(i32 noundef %12, i32 noundef %18)
  store i32 %19, i32* %3, align 4
  br label %20

20:                                               ; preds = %10, %8
  %21 = load i32, i32* %3, align 4
  ret i32 %21
}

attributes #0 = { nounwind uwtable "frame-pointer"="non-leaf" "min-legal-vector-width"="0" "no-trapping-math"="true" "stack-protector-buffer-size"="8" "target-cpu"="generic" "target-features"="+neon,+outline-atomics,+v8a" }

!llvm.module.flags = !{!0, !1, !2, !3, !4, !5, !6, !7, !8}
!llvm.ident = !{!9}

!0 = !{i32 1, !"wchar_size", i32 4}
!1 = !{i32 1, !"branch-target-enforcement", i32 0}
!2 = !{i32 1, !"sign-return-address", i32 0}
!3 = !{i32 1, !"sign-return-address-all", i32 0}
!4 = !{i32 1, !"sign-return-address-with-bkey", i32 0}
!5 = !{i32 7, !"PIC Level", i32 2}
!6 = !{i32 7, !"PIE Level", i32 2}
!7 = !{i32 7, !"uwtable", i32 1}
!8 = !{i32 7, !"frame-pointer", i32 1}
!9 = !{!"Ubuntu clang version 14.0.0-1ubuntu1.1"}
*** IR Dump After Annotation2MetadataPass on [module] ***
; ModuleID = 'mixBits.in.ll'
source_filename = "mixBits.c"
target datalayout = "e-m:e-i8:8:32-i16:16:32-i64:64-i128:128-n32:64-S128"
target triple = "aarch64-unknown-linux-gnu"

; Function Attrs: nounwind uwtable
define dso_local i32 @mixBits(i32 noundef %0, i32 noundef %1) #0 {
  %3 = alloca i32, align 4
  %4 = alloca i32, align 4
  %5 = alloca i32, align 4
  store i32 %0, i32* %4, align 4
  store i32 %1, i32* %5, align 4
  %6 = load i32, i32* %4, align 4
  %7 = icmp sle i32 %6, 0
  br i1 %7, label %8, label %10

8:                                                ; preds = %2
  %9 = load i32, i32* %5, align 4
  store i32 %9, i32* %3, align 4
  br label %20

10:                                               ; preds = %2
  %11 = load i32, i32* %4, align 4
  %12 = sub nsw i32 %11, 1
  %13 = load i32, i32* %5, align 4
  %14 = load i32, i32* %4, align 4
  %15 = xor i32 %13, %14
  %16 = load i32, i32* %5, align 4
  %17 = ashr i32 %16, 1
  %18 = add nsw i32 %15, %17
  %19 = call i32 @mixBits(i32 noundef %12, i32 noundef %18)
  store i32 %19, i32* %3, align 4
  br label %20

20:                                               ; preds = %10, %8
  %21 = load i32, i32* %3, align 4
  ret i32 %21
}

attributes #0 = { nounwind uwtable "frame-pointer"="non-leaf" "min-legal-vector-width"="0" "no-trapping-math"="true" "stack-protector-buffer-size"="8" "target-cpu"="generic" "target-features"="+neon,+outline-atomics,+v8a" }

!llvm.module.flags = !{!0, !1, !2, !3, !4, !5, !6, !7, !8}
!llvm.ident = !{!9}

!0 = !{i32 1, !"wchar_size", i32 4}
!1 = !{i32 1, !"branch-target-enforcement", i32 0}
!2 = !{i32 1, !"sign-return-address", i32 0}
!3 = !{i32 1, !"sign-return-address-all", i32 0}
!4 = !{i32 1, !"sign-return-address-with-bkey", i32 0}
!5 = !{i32 7, !"PIC Level", i32 2}
!6 = !{i32 7, !"PIE Level", i32 2}
!7 = !{i32 7, !"uwtable", i32 1}
!8 = !{i32 7, !"frame-pointer", i32 1}
!9 = !{!"Ubuntu clang version 14.0.0-1ubuntu1.1"}
*** IR Dump Before ForceFunctionAttrsPass on [module] ***
; ModuleID = 'mixBits.in.ll'
source_filename = "mixBits.c"
target datalayout = "e-m:e-i8:8:32-i16:16:32-i64:64-i128:128-n32:64-S128"
target triple = "aarch64-unknown-linux-gnu"

; Function Attrs: nounwind uwtable
define dso_local i32 @mixBits(i32 noundef %0, i32 noundef %1) #0 {
  %3 = alloca i32, align 4
  %4 = alloca i32, align 4
  %5 = alloca i32, align 4
  store i32 %0, i32* %4, align 4
  store i32 %1, i32* %5, align 4
  %6 = load i32, i32* %4, align 4
  %7 = icmp sle i32 %6, 0
  br i1 %7, label %8, label %10

8:                                                ; preds = %2
  %9 = load i32, i32* %5, align 4
  store i32 %9, i32* %3, align 4
  br label %20

10:                                               ; preds = %2
  %11 = load i32, i32* %4, align 4
  %12 = sub nsw i32 %11, 1
  %13 = load i32, i32* %5, align 4
  %14 = load i32, i32* %4, align 4
  %15 = xor i32 %13, %14
  %16 = load i32, i32* %5, align 4
  %17 = ashr i32 %16, 1
  %18 = add nsw i32 %15, %17
  %19 = call i32 @mixBits(i32 noundef %12, i32 noundef %18)
  store i32 %19, i32* %3, align 4
  br label %20

20:                                               ; preds = %10, %8
  %21 = load i32, i32* %3, align 4
  ret i32 %21
}

attributes #0 = { nounwind uwtable "frame-pointer"="non-leaf" "min-legal-vector-width"="0" "no-trapping-math"="true" "stack-protector-buffer-size"="8" "target-cpu"="generic" "target-features"="+neon,+outline-atomics,+v8a" }

!llvm.module.flags = !{!0, !1, !2, !3, !4, !5, !6, !7, !8}
!llvm.ident = !{!9}

!0 = !{i32 1, !"wchar_size", i32 4}
!1 = !{i32 1, !"branch-target-enforcement", i32 0}
!2 = !{i32 1, !"sign-return-address", i32 0}
!3 = !{i32 1, !"sign-return-address-all", i32 0}
!4 = !{i32 1, !"sign-return-address-with-bkey", i32 0}
!5 = !{i32 7, !"PIC Level", i32 2}
!6 = !{i32 7, !"PIE Level", i32 2}
!7 = !{i32 7, !"uwtable", i32 1}
!8 = !{i32 7, !"frame-pointer", i32 1}
!9 = !{!"Ubuntu clang version 14.0.0-1ubuntu1.1"}
*** IR Dump After ForceFunctionAttrsPass on [module] ***
; ModuleID = 'mixBits.in.ll'
source_filename = "mixBits.c"
target datalayout = "e-m:e-i8:8:32-i16:16:32-i64:64-i128:128-n32:64-S128"
target triple = "aarch64-unknown-linux-gnu"

; Function Attrs: nounwind uwtable
define dso_local i32 @mixBits(i32 noundef %0, i32 noundef %1) #0 {
  %3 = alloca i32, align 4
  %4 = alloca i32, align 4
  %5 = alloca i32, align 4
  store i32 %0, i32* %4, align 4
  store i32 %1, i32* %5, align 4
  %6 = load i32, i32* %4, align 4
  %7 = icmp sle i32 %6, 0
  br i1 %7, label %8, label %10

8:                                                ; preds = %2
  %9 = load i32, i32* %5, align 4
  store i32 %9, i32* %3, align 4
  br label %20

10:                                               ; preds = %2
  %11 = load i32, i32* %4, align 4
  %12 = sub nsw i32 %11, 1
  %13 = load i32, i32* %5, align 4
  %14 = load i32, i32* %4, align 4
  %15 = xor i32 %13, %14
  %16 = load i32, i32* %5, align 4
  %17 = ashr i32 %16, 1
  %18 = add nsw i32 %15, %17
  %19 = call i32 @mixBits(i32 noundef %12, i32 noundef %18)
  store i32 %19, i32* %3, align 4
  br label %20

20:                                               ; preds = %10, %8
  %21 = load i32, i32* %3, align 4
  ret i32 %21
}

attributes #0 = { nounwind uwtable "frame-pointer"="non-leaf" "min-legal-vector-width"="0" "no-trapping-math"="true" "stack-protector-buffer-size"="8" "target-cpu"="generic" "target-features"="+neon,+outline-atomics,+v8a" }

!llvm.module.flags = !{!0, !1, !2, !3, !4, !5, !6, !7, !8}
!llvm.ident = !{!9}

!0 = !{i32 1, !"wchar_size", i32 4}
!1 = !{i32 1, !"branch-target-enforcement", i32 0}
!2 = !{i32 1, !"sign-return-address", i32 0}
!3 = !{i32 1, !"sign-return-address-all", i32 0}
!4 = !{i32 1, !"sign-return-address-with-bkey", i32 0}
!5 = !{i32 7, !"PIC Level", i32 2}
!6 = !{i32 7, !"PIE Level", i32 2}
!7 = !{i32 7, !"uwtable", i32 1}
!8 = !{i32 7, !"frame-pointer", i32 1}
!9 = !{!"Ubuntu clang version 14.0.0-1ubuntu1.1"}
*** IR Dump Before InferFunctionAttrsPass on [module] ***
; ModuleID = 'mixBits.in.ll'
source_filename = "mixBits.c"
target datalayout = "e-m:e-i8:8:32-i16:16:32-i64:64-i128:128-n32:64-S128"
target triple = "aarch64-unknown-linux-gnu"

; Function Attrs: nounwind uwtable
define dso_local i32 @mixBits(i32 noundef %0, i32 noundef %1) #0 {
  %3 = alloca i32, align 4
  %4 = alloca i32, align 4
  %5 = alloca i32, align 4
  store i32 %0, i32* %4, align 4
  store i32 %1, i32* %5, align 4
  %6 = load i32, i32* %4, align 4
  %7 = icmp sle i32 %6, 0
  br i1 %7, label %8, label %10

8:                                                ; preds = %2
  %9 = load i32, i32* %5, align 4
  store i32 %9, i32* %3, align 4
  br label %20

10:                                               ; preds = %2
  %11 = load i32, i32* %4, align 4
  %12 = sub nsw i32 %11, 1
  %13 = load i32, i32* %5, align 4
  %14 = load i32, i32* %4, align 4
  %15 = xor i32 %13, %14
  %16 = load i32, i32* %5, align 4
  %17 = ashr i32 %16, 1
  %18 = add nsw i32 %15, %17
  %19 = call i32 @mixBits(i32 noundef %12, i32 noundef %18)
  store i32 %19, i32* %3, align 4
  br label %20

20:                                               ; preds = %10, %8
  %21 = load i32, i32* %3, align 4
  ret i32 %21
}

attributes #0 = { nounwind uwtable "frame-pointer"="non-leaf" "min-legal-vector-width"="0" "no-trapping-math"="true" "stack-protector-buffer-size"="8" "target-cpu"="generic" "target-features"="+neon,+outline-atomics,+v8a" }

!llvm.module.flags = !{!0, !1, !2, !3, !4, !5, !6, !7, !8}
!llvm.ident = !{!9}

!0 = !{i32 1, !"wchar_size", i32 4}
!1 = !{i32 1, !"branch-target-enforcement", i32 0}
!2 = !{i32 1, !"sign-return-address", i32 0}
!3 = !{i32 1, !"sign-return-address-all", i32 0}
!4 = !{i32 1, !"sign-return-address-with-bkey", i32 0}
!5 = !{i32 7, !"PIC Level", i32 2}
!6 = !{i32 7, !"PIE Level", i32 2}
!7 = !{i32 7, !"uwtable", i32 1}
!8 = !{i32 7, !"frame-pointer", i32 1}
!9 = !{!"Ubuntu clang version 14.0.0-1ubuntu1.1"}
*** IR Dump After InferFunctionAttrsPass on [module] ***
; ModuleID = 'mixBits.in.ll'
source_filename = "mixBits.c"
target datalayout = "e-m:e-i8:8:32-i16:16:32-i64:64-i128:128-n32:64-S128"
target triple = "aarch64-unknown-linux-gnu"

; Function Attrs: nounwind uwtable
define dso_local i32 @mixBits(i32 noundef %0, i32 noundef %1) #0 {
  %3 = alloca i32, align 4
  %4 = alloca i32, align 4
  %5 = alloca i32, align 4
  store i32 %0, i32* %4, align 4
  store i32 %1, i32* %5, align 4
  %6 = load i32, i32* %4, align 4
  %7 = icmp sle i32 %6, 0
  br i1 %7, label %8, label %10

8:                                                ; preds = %2
  %9 = load i32, i32* %5, align 4
  store i32 %9, i32* %3, align 4
  br label %20

10:                                               ; preds = %2
  %11 = load i32, i32* %4, align 4
  %12 = sub nsw i32 %11, 1
  %13 = load i32, i32* %5, align 4
  %14 = load i32, i32* %4, align 4
  %15 = xor i32 %13, %14
  %16 = load i32, i32* %5, align 4
  %17 = ashr i32 %16, 1
  %18 = add nsw i32 %15, %17
  %19 = call i32 @mixBits(i32 noundef %12, i32 noundef %18)
  store i32 %19, i32* %3, align 4
  br label %20

20:                                               ; preds = %10, %8
  %21 = load i32, i32* %3, align 4
  ret i32 %21
}

attributes #0 = { nounwind uwtable "frame-pointer"="non-leaf" "min-legal-vector-width"="0" "no-trapping-math"="true" "stack-protector-buffer-size"="8" "target-cpu"="generic" "target-features"="+neon,+outline-atomics,+v8a" }

!llvm.module.flags = !{!0, !1, !2, !3, !4, !5, !6, !7, !8}
!llvm.ident = !{!9}

!0 = !{i32 1, !"wchar_size", i32 4}
!1 = !{i32 1, !"branch-target-enforcement", i32 0}
!2 = !{i32 1, !"sign-return-address", i32 0}
!3 = !{i32 1, !"sign-return-address-all", i32 0}
!4 = !{i32 1, !"sign-return-address-with-bkey", i32 0}
!5 = !{i32 7, !"PIC Level", i32 2}
!6 = !{i32 7, !"PIE Level", i32 2}
!7 = !{i32 7, !"uwtable", i32 1}
!8 = !{i32 7, !"frame-pointer", i32 1}
!9 = !{!"Ubuntu clang version 14.0.0-1ubuntu1.1"}
*** IR Dump Before LowerExpectIntrinsicPass on mixBits ***
; Function Attrs: nounwind uwtable
define dso_local i32 @mixBits(i32 noundef %0, i32 noundef %1) #0 {
  %3 = alloca i32, align 4
  %4 = alloca i32, align 4
  %5 = alloca i32, align 4
  store i32 %0, i32* %4, align 4
  store i32 %1, i32* %5, align 4
  %6 = load i32, i32* %4, align 4
  %7 = icmp sle i32 %6, 0
  br i1 %7, label %8, label %10

8:                                                ; preds = %2
  %9 = load i32, i32* %5, align 4
  store i32 %9, i32* %3, align 4
  br label %20

10:                                               ; preds = %2
  %11 = load i32, i32* %4, align 4
  %12 = sub nsw i32 %11, 1
  %13 = load i32, i32* %5, align 4
  %14 = load i32, i32* %4, align 4
  %15 = xor i32 %13, %14
  %16 = load i32, i32* %5, align 4
  %17 = ashr i32 %16, 1
  %18 = add nsw i32 %15, %17
  %19 = call i32 @mixBits(i32 noundef %12, i32 noundef %18)
  store i32 %19, i32* %3, align 4
  br label %20

20:                                               ; preds = %10, %8
  %21 = load i32, i32* %3, align 4
  ret i32 %21
}
*** IR Dump After LowerExpectIntrinsicPass on mixBits ***
; Function Attrs: nounwind uwtable
define dso_local i32 @mixBits(i32 noundef %0, i32 noundef %1) #0 {
  %3 = alloca i32, align 4
  %4 = alloca i32, align 4
  %5 = alloca i32, align 4
  store i32 %0, i32* %4, align 4
  store i32 %1, i32* %5, align 4
  %6 = load i32, i32* %4, align 4
  %7 = icmp sle i32 %6, 0
  br i1 %7, label %8, label %10

8:                                                ; preds = %2
  %9 = load i32, i32* %5, align 4
  store i32 %9, i32* %3, align 4
  br label %20

10:                                               ; preds = %2
  %11 = load i32, i32* %4, align 4
  %12 = sub nsw i32 %11, 1
  %13 = load i32, i32* %5, align 4
  %14 = load i32, i32* %4, align 4
  %15 = xor i32 %13, %14
  %16 = load i32, i32* %5, align 4
  %17 = ashr i32 %16, 1
  %18 = add nsw i32 %15, %17
  %19 = call i32 @mixBits(i32 noundef %12, i32 noundef %18)
  store i32 %19, i32* %3, align 4
  br label %20

20:                                               ; preds = %10, %8
  %21 = load i32, i32* %3, align 4
  ret i32 %21
}
*** IR Dump Before SimplifyCFGPass on mixBits ***
; Function Attrs: nounwind uwtable
define dso_local i32 @mixBits(i32 noundef %0, i32 noundef %1) #0 {
  %3 = alloca i32, align 4
  %4 = alloca i32, align 4
  %5 = alloca i32, align 4
  store i32 %0, i32* %4, align 4
  store i32 %1, i32* %5, align 4
  %6 = load i32, i32* %4, align 4
  %7 = icmp sle i32 %6, 0
  br i1 %7, label %8, label %10

8:                                                ; preds = %2
  %9 = load i32, i32* %5, align 4
  store i32 %9, i32* %3, align 4
  br label %20

10:                                               ; preds = %2
  %11 = load i32, i32* %4, align 4
  %12 = sub nsw i32 %11, 1
  %13 = load i32, i32* %5, align 4
  %14 = load i32, i32* %4, align 4
  %15 = xor i32 %13, %14
  %16 = load i32, i32* %5, align 4
  %17 = ashr i32 %16, 1
  %18 = add nsw i32 %15, %17
  %19 = call i32 @mixBits(i32 noundef %12, i32 noundef %18)
  store i32 %19, i32* %3, align 4
  br label %20

20:                                               ; preds = %10, %8
  %21 = load i32, i32* %3, align 4
  ret i32 %21
}
*** IR Dump After SimplifyCFGPass on mixBits ***
; Function Attrs: nounwind uwtable
define dso_local i32 @mixBits(i32 noundef %0, i32 noundef %1) #0 {
  %3 = alloca i32, align 4
  %4 = alloca i32, align 4
  %5 = alloca i32, align 4
  store i32 %0, i32* %4, align 4
  store i32 %1, i32* %5, align 4
  %6 = load i32, i32* %4, align 4
  %7 = icmp sle i32 %6, 0
  br i1 %7, label %8, label %10

8:                                                ; preds = %2
  %9 = load i32, i32* %5, align 4
  store i32 %9, i32* %3, align 4
  br label %20

10:                                               ; preds = %2
  %11 = load i32, i32* %4, align 4
  %12 = sub nsw i32 %11, 1
  %13 = load i32, i32* %5, align 4
  %14 = load i32, i32* %4, align 4
  %15 = xor i32 %13, %14
  %16 = load i32, i32* %5, align 4
  %17 = ashr i32 %16, 1
  %18 = add nsw i32 %15, %17
  %19 = call i32 @mixBits(i32 noundef %12, i32 noundef %18)
  store i32 %19, i32* %3, align 4
  br label %20

20:                                               ; preds = %10, %8
  %21 = load i32, i32* %3, align 4
  ret i32 %21
}
*** IR Dump Before SROAPass on mixBits ***
; Function Attrs: nounwind uwtable
define dso_local i32 @mixBits(i32 noundef %0, i32 noundef %1) #0 {
  %3 = alloca i32, align 4
  %4 = alloca i32, align 4
  %5 = alloca i32, align 4
  store i32 %0, i32* %4, align 4
  store i32 %1, i32* %5, align 4
  %6 = load i32, i32* %4, align 4
  %7 = icmp sle i32 %6, 0
  br i1 %7, label %8, label %10

8:                                                ; preds = %2
  %9 = load i32, i32* %5, align 4
  store i32 %9, i32* %3, align 4
  br label %20

10:                                               ; preds = %2
  %11 = load i32, i32* %4, align 4
  %12 = sub nsw i32 %11, 1
  %13 = load i32, i32* %5, align 4
  %14 = load i32, i32* %4, align 4
  %15 = xor i32 %13, %14
  %16 = load i32, i32* %5, align 4
  %17 = ashr i32 %16, 1
  %18 = add nsw i32 %15, %17
  %19 = call i32 @mixBits(i32 noundef %12, i32 noundef %18)
  store i32 %19, i32* %3, align 4
  br label %20

20:                                               ; preds = %10, %8
  %21 = load i32, i32* %3, align 4
  ret i32 %21
}
*** IR Dump After SROAPass on mixBits ***
; Function Attrs: nounwind uwtable
define dso_local i32 @mixBits(i32 noundef %0, i32 noundef %1) #0 {
  %3 = icmp sle i32 %0, 0
  br i1 %3, label %4, label %5

4:                                                ; preds = %2
  br label %11

5:                                                ; preds = %2
  %6 = sub nsw i32 %0, 1
  %7 = xor i32 %1, %0
  %8 = ashr i32 %1, 1
  %9 = add nsw i32 %7, %8
  %10 = call i32 @mixBits(i32 noundef %6, i32 noundef %9)
  br label %11

11:                                               ; preds = %5, %4
  %.0 = phi i32 [ %1, %4 ], [ %10, %5 ]
  ret i32 %.0
}
*** IR Dump Before EarlyCSEPass on mixBits ***
; Function Attrs: nounwind uwtable
define dso_local i32 @mixBits(i32 noundef %0, i32 noundef %1) #0 {
  %3 = icmp sle i32 %0, 0
  br i1 %3, label %4, label %5

4:                                                ; preds = %2
  br label %11

5:                                                ; preds = %2
  %6 = sub nsw i32 %0, 1
  %7 = xor i32 %1, %0
  %8 = ashr i32 %1, 1
  %9 = add nsw i32 %7, %8
  %10 = call i32 @mixBits(i32 noundef %6, i32 noundef %9)
  br label %11

11:                                               ; preds = %5, %4
  %.0 = phi i32 [ %1, %4 ], [ %10, %5 ]
  ret i32 %.0
}
*** IR Dump After EarlyCSEPass on mixBits ***
; Function Attrs: nounwind uwtable
define dso_local i32 @mixBits(i32 noundef %0, i32 noundef %1) #0 {
  %3 = icmp sle i32 %0, 0
  br i1 %3, label %4, label %5

4:                                                ; preds = %2
  br label %11

5:                                                ; preds = %2
  %6 = sub nsw i32 %0, 1
  %7 = xor i32 %1, %0
  %8 = ashr i32 %1, 1
  %9 = add nsw i32 %7, %8
  %10 = call i32 @mixBits(i32 noundef %6, i32 noundef %9)
  br label %11

11:                                               ; preds = %5, %4
  %.0 = phi i32 [ %1, %4 ], [ %10, %5 ]
  ret i32 %.0
}
*** IR Dump Before CoroEarlyPass on mixBits ***
; Function Attrs: nounwind uwtable
define dso_local i32 @mixBits(i32 noundef %0, i32 noundef %1) #0 {
  %3 = icmp sle i32 %0, 0
  br i1 %3, label %4, label %5

4:                                                ; preds = %2
  br label %11

5:                                                ; preds = %2
  %6 = sub nsw i32 %0, 1
  %7 = xor i32 %1, %0
  %8 = ashr i32 %1, 1
  %9 = add nsw i32 %7, %8
  %10 = call i32 @mixBits(i32 noundef %6, i32 noundef %9)
  br label %11

11:                                               ; preds = %5, %4
  %.0 = phi i32 [ %1, %4 ], [ %10, %5 ]
  ret i32 %.0
}
*** IR Dump After CoroEarlyPass on mixBits ***
; Function Attrs: nounwind uwtable
define dso_local i32 @mixBits(i32 noundef %0, i32 noundef %1) #0 {
  %3 = icmp sle i32 %0, 0
  br i1 %3, label %4, label %5

4:                                                ; preds = %2
  br label %11

5:                                                ; preds = %2
  %6 = sub nsw i32 %0, 1
  %7 = xor i32 %1, %0
  %8 = ashr i32 %1, 1
  %9 = add nsw i32 %7, %8
  %10 = call i32 @mixBits(i32 noundef %6, i32 noundef %9)
  br label %11

11:                                               ; preds = %5, %4
  %.0 = phi i32 [ %1, %4 ], [ %10, %5 ]
  ret i32 %.0
}
*** IR Dump Before OpenMPOptPass on [module] ***
; ModuleID = 'mixBits.in.ll'
source_filename = "mixBits.c"
target datalayout = "e-m:e-i8:8:32-i16:16:32-i64:64-i128:128-n32:64-S128"
target triple = "aarch64-unknown-linux-gnu"

; Function Attrs: nounwind uwtable
define dso_local i32 @mixBits(i32 noundef %0, i32 noundef %1) #0 {
  %3 = icmp sle i32 %0, 0
  br i1 %3, label %4, label %5

4:                                                ; preds = %2
  br label %11

5:                                                ; preds = %2
  %6 = sub nsw i32 %0, 1
  %7 = xor i32 %1, %0
  %8 = ashr i32 %1, 1
  %9 = add nsw i32 %7, %8
  %10 = call i32 @mixBits(i32 noundef %6, i32 noundef %9)
  br label %11

11:                                               ; preds = %5, %4
  %.0 = phi i32 [ %1, %4 ], [ %10, %5 ]
  ret i32 %.0
}

attributes #0 = { nounwind uwtable "frame-pointer"="non-leaf" "min-legal-vector-width"="0" "no-trapping-math"="true" "stack-protector-buffer-size"="8" "target-cpu"="generic" "target-features"="+neon,+outline-atomics,+v8a" }

!llvm.module.flags = !{!0, !1, !2, !3, !4, !5, !6, !7, !8}
!llvm.ident = !{!9}

!0 = !{i32 1, !"wchar_size", i32 4}
!1 = !{i32 1, !"branch-target-enforcement", i32 0}
!2 = !{i32 1, !"sign-return-address", i32 0}
!3 = !{i32 1, !"sign-return-address-all", i32 0}
!4 = !{i32 1, !"sign-return-address-with-bkey", i32 0}
!5 = !{i32 7, !"PIC Level", i32 2}
!6 = !{i32 7, !"PIE Level", i32 2}
!7 = !{i32 7, !"uwtable", i32 1}
!8 = !{i32 7, !"frame-pointer", i32 1}
!9 = !{!"Ubuntu clang version 14.0.0-1ubuntu1.1"}
*** IR Dump After OpenMPOptPass on [module] ***
; ModuleID = 'mixBits.in.ll'
source_filename = "mixBits.c"
target datalayout = "e-m:e-i8:8:32-i16:16:32-i64:64-i128:128-n32:64-S128"
target triple = "aarch64-unknown-linux-gnu"

; Function Attrs: nounwind uwtable
define dso_local i32 @mixBits(i32 noundef %0, i32 noundef %1) #0 {
  %3 = icmp sle i32 %0, 0
  br i1 %3, label %4, label %5

4:                                                ; preds = %2
  br label %11

5:                                                ; preds = %2
  %6 = sub nsw i32 %0, 1
  %7 = xor i32 %1, %0
  %8 = ashr i32 %1, 1
  %9 = add nsw i32 %7, %8
  %10 = call i32 @mixBits(i32 noundef %6, i32 noundef %9)
  br label %11

11:                                               ; preds = %5, %4
  %.0 = phi i32 [ %1, %4 ], [ %10, %5 ]
  ret i32 %.0
}

attributes #0 = { nounwind uwtable "frame-pointer"="non-leaf" "min-legal-vector-width"="0" "no-trapping-math"="true" "stack-protector-buffer-size"="8" "target-cpu"="generic" "target-features"="+neon,+outline-atomics,+v8a" }

!llvm.module.flags = !{!0, !1, !2, !3, !4, !5, !6, !7, !8}
!llvm.ident = !{!9}

!0 = !{i32 1, !"wchar_size", i32 4}
!1 = !{i32 1, !"branch-target-enforcement", i32 0}
!2 = !{i32 1, !"sign-return-address", i32 0}
!3 = !{i32 1, !"sign-return-address-all", i32 0}
!4 = !{i32 1, !"sign-return-address-with-bkey", i32 0}
!5 = !{i32 7, !"PIC Level", i32 2}
!6 = !{i32 7, !"PIE Level", i32 2}
!7 = !{i32 7, !"uwtable", i32 1}
!8 = !{i32 7, !"frame-pointer", i32 1}
!9 = !{!"Ubuntu clang version 14.0.0-1ubuntu1.1"}
*** IR Dump Before IPSCCPPass on [module] ***
; ModuleID = 'mixBits.in.ll'
source_filename = "mixBits.c"
target datalayout = "e-m:e-i8:8:32-i16:16:32-i64:64-i128:128-n32:64-S128"
target triple = "aarch64-unknown-linux-gnu"

; Function Attrs: nounwind uwtable
define dso_local i32 @mixBits(i32 noundef %0, i32 noundef %1) #0 {
  %3 = icmp sle i32 %0, 0
  br i1 %3, label %4, label %5

4:                                                ; preds = %2
  br label %11

5:                                                ; preds = %2
  %6 = sub nsw i32 %0, 1
  %7 = xor i32 %1, %0
  %8 = ashr i32 %1, 1
  %9 = add nsw i32 %7, %8
  %10 = call i32 @mixBits(i32 noundef %6, i32 noundef %9)
  br label %11

11:                                               ; preds = %5, %4
  %.0 = phi i32 [ %1, %4 ], [ %10, %5 ]
  ret i32 %.0
}

attributes #0 = { nounwind uwtable "frame-pointer"="non-leaf" "min-legal-vector-width"="0" "no-trapping-math"="true" "stack-protector-buffer-size"="8" "target-cpu"="generic" "target-features"="+neon,+outline-atomics,+v8a" }

!llvm.module.flags = !{!0, !1, !2, !3, !4, !5, !6, !7, !8}
!llvm.ident = !{!9}

!0 = !{i32 1, !"wchar_size", i32 4}
!1 = !{i32 1, !"branch-target-enforcement", i32 0}
!2 = !{i32 1, !"sign-return-address", i32 0}
!3 = !{i32 1, !"sign-return-address-all", i32 0}
!4 = !{i32 1, !"sign-return-address-with-bkey", i32 0}
!5 = !{i32 7, !"PIC Level", i32 2}
!6 = !{i32 7, !"PIE Level", i32 2}
!7 = !{i32 7, !"uwtable", i32 1}
!8 = !{i32 7, !"frame-pointer", i32 1}
!9 = !{!"Ubuntu clang version 14.0.0-1ubuntu1.1"}
*** IR Dump After IPSCCPPass on [module] ***
; ModuleID = 'mixBits.in.ll'
source_filename = "mixBits.c"
target datalayout = "e-m:e-i8:8:32-i16:16:32-i64:64-i128:128-n32:64-S128"
target triple = "aarch64-unknown-linux-gnu"

; Function Attrs: nounwind uwtable
define dso_local i32 @mixBits(i32 noundef %0, i32 noundef %1) #0 {
  %3 = icmp sle i32 %0, 0
  br i1 %3, label %4, label %5

4:                                                ; preds = %2
  br label %11

5:                                                ; preds = %2
  %6 = sub nsw i32 %0, 1
  %7 = xor i32 %1, %0
  %8 = ashr i32 %1, 1
  %9 = add nsw i32 %7, %8
  %10 = call i32 @mixBits(i32 noundef %6, i32 noundef %9)
  br label %11

11:                                               ; preds = %5, %4
  %.0 = phi i32 [ %1, %4 ], [ %10, %5 ]
  ret i32 %.0
}

attributes #0 = { nounwind uwtable "frame-pointer"="non-leaf" "min-legal-vector-width"="0" "no-trapping-math"="true" "stack-protector-buffer-size"="8" "target-cpu"="generic" "target-features"="+neon,+outline-atomics,+v8a" }

!llvm.module.flags = !{!0, !1, !2, !3, !4, !5, !6, !7, !8}
!llvm.ident = !{!9}

!0 = !{i32 1, !"wchar_size", i32 4}
!1 = !{i32 1, !"branch-target-enforcement", i32 0}
!2 = !{i32 1, !"sign-return-address", i32 0}
!3 = !{i32 1, !"sign-return-address-all", i32 0}
!4 = !{i32 1, !"sign-return-address-with-bkey", i32 0}
!5 = !{i32 7, !"PIC Level", i32 2}
!6 = !{i32 7, !"PIE Level", i32 2}
!7 = !{i32 7, !"uwtable", i32 1}
!8 = !{i32 7, !"frame-pointer", i32 1}
!9 = !{!"Ubuntu clang version 14.0.0-1ubuntu1.1"}
*** IR Dump Before CalledValuePropagationPass on [module] ***
; ModuleID = 'mixBits.in.ll'
source_filename = "mixBits.c"
target datalayout = "e-m:e-i8:8:32-i16:16:32-i64:64-i128:128-n32:64-S128"
target triple = "aarch64-unknown-linux-gnu"

; Function Attrs: nounwind uwtable
define dso_local i32 @mixBits(i32 noundef %0, i32 noundef %1) #0 {
  %3 = icmp sle i32 %0, 0
  br i1 %3, label %4, label %5

4:                                                ; preds = %2
  br label %11

5:                                                ; preds = %2
  %6 = sub nsw i32 %0, 1
  %7 = xor i32 %1, %0
  %8 = ashr i32 %1, 1
  %9 = add nsw i32 %7, %8
  %10 = call i32 @mixBits(i32 noundef %6, i32 noundef %9)
  br label %11

11:                                               ; preds = %5, %4
  %.0 = phi i32 [ %1, %4 ], [ %10, %5 ]
  ret i32 %.0
}

attributes #0 = { nounwind uwtable "frame-pointer"="non-leaf" "min-legal-vector-width"="0" "no-trapping-math"="true" "stack-protector-buffer-size"="8" "target-cpu"="generic" "target-features"="+neon,+outline-atomics,+v8a" }

!llvm.module.flags = !{!0, !1, !2, !3, !4, !5, !6, !7, !8}
!llvm.ident = !{!9}

!0 = !{i32 1, !"wchar_size", i32 4}
!1 = !{i32 1, !"branch-target-enforcement", i32 0}
!2 = !{i32 1, !"sign-return-address", i32 0}
!3 = !{i32 1, !"sign-return-address-all", i32 0}
!4 = !{i32 1, !"sign-return-address-with-bkey", i32 0}
!5 = !{i32 7, !"PIC Level", i32 2}
!6 = !{i32 7, !"PIE Level", i32 2}
!7 = !{i32 7, !"uwtable", i32 1}
!8 = !{i32 7, !"frame-pointer", i32 1}
!9 = !{!"Ubuntu clang version 14.0.0-1ubuntu1.1"}
*** IR Dump After CalledValuePropagationPass on [module] ***
; ModuleID = 'mixBits.in.ll'
source_filename = "mixBits.c"
target datalayout = "e-m:e-i8:8:32-i16:16:32-i64:64-i128:128-n32:64-S128"
target triple = "aarch64-unknown-linux-gnu"

; Function Attrs: nounwind uwtable
define dso_local i32 @mixBits(i32 noundef %0, i32 noundef %1) #0 {
  %3 = icmp sle i32 %0, 0
  br i1 %3, label %4, label %5

4:                                                ; preds = %2
  br label %11

5:                                                ; preds = %2
  %6 = sub nsw i32 %0, 1
  %7 = xor i32 %1, %0
  %8 = ashr i32 %1, 1
  %9 = add nsw i32 %7, %8
  %10 = call i32 @mixBits(i32 noundef %6, i32 noundef %9)
  br label %11

11:                                               ; preds = %5, %4
  %.0 = phi i32 [ %1, %4 ], [ %10, %5 ]
  ret i32 %.0
}

attributes #0 = { nounwind uwtable "frame-pointer"="non-leaf" "min-legal-vector-width"="0" "no-trapping-math"="true" "stack-protector-buffer-size"="8" "target-cpu"="generic" "target-features"="+neon,+outline-atomics,+v8a" }

!llvm.module.flags = !{!0, !1, !2, !3, !4, !5, !6, !7, !8}
!llvm.ident = !{!9}

!0 = !{i32 1, !"wchar_size", i32 4}
!1 = !{i32 1, !"branch-target-enforcement", i32 0}
!2 = !{i32 1, !"sign-return-address", i32 0}
!3 = !{i32 1, !"sign-return-address-all", i32 0}
!4 = !{i32 1, !"sign-return-address-with-bkey", i32 0}
!5 = !{i32 7, !"PIC Level", i32 2}
!6 = !{i32 7, !"PIE Level", i32 2}
!7 = !{i32 7, !"uwtable", i32 1}
!8 = !{i32 7, !"frame-pointer", i32 1}
!9 = !{!"Ubuntu clang version 14.0.0-1ubuntu1.1"}
*** IR Dump Before GlobalOptPass on [module] ***
; ModuleID = 'mixBits.in.ll'
source_filename = "mixBits.c"
target datalayout = "e-m:e-i8:8:32-i16:16:32-i64:64-i128:128-n32:64-S128"
target triple = "aarch64-unknown-linux-gnu"

; Function Attrs: nounwind uwtable
define dso_local i32 @mixBits(i32 noundef %0, i32 noundef %1) #0 {
  %3 = icmp sle i32 %0, 0
  br i1 %3, label %4, label %5

4:                                                ; preds = %2
  br label %11

5:                                                ; preds = %2
  %6 = sub nsw i32 %0, 1
  %7 = xor i32 %1, %0
  %8 = ashr i32 %1, 1
  %9 = add nsw i32 %7, %8
  %10 = call i32 @mixBits(i32 noundef %6, i32 noundef %9)
  br label %11

11:                                               ; preds = %5, %4
  %.0 = phi i32 [ %1, %4 ], [ %10, %5 ]
  ret i32 %.0
}

attributes #0 = { nounwind uwtable "frame-pointer"="non-leaf" "min-legal-vector-width"="0" "no-trapping-math"="true" "stack-protector-buffer-size"="8" "target-cpu"="generic" "target-features"="+neon,+outline-atomics,+v8a" }

!llvm.module.flags = !{!0, !1, !2, !3, !4, !5, !6, !7, !8}
!llvm.ident = !{!9}

!0 = !{i32 1, !"wchar_size", i32 4}
!1 = !{i32 1, !"branch-target-enforcement", i32 0}
!2 = !{i32 1, !"sign-return-address", i32 0}
!3 = !{i32 1, !"sign-return-address-all", i32 0}
!4 = !{i32 1, !"sign-return-address-with-bkey", i32 0}
!5 = !{i32 7, !"PIC Level", i32 2}
!6 = !{i32 7, !"PIE Level", i32 2}
!7 = !{i32 7, !"uwtable", i32 1}
!8 = !{i32 7, !"frame-pointer", i32 1}
!9 = !{!"Ubuntu clang version 14.0.0-1ubuntu1.1"}
*** IR Dump After GlobalOptPass on [module] ***
; ModuleID = 'mixBits.in.ll'
source_filename = "mixBits.c"
target datalayout = "e-m:e-i8:8:32-i16:16:32-i64:64-i128:128-n32:64-S128"
target triple = "aarch64-unknown-linux-gnu"

; Function Attrs: nounwind uwtable
define dso_local i32 @mixBits(i32 noundef %0, i32 noundef %1) local_unnamed_addr #0 {
  %3 = icmp sle i32 %0, 0
  br i1 %3, label %4, label %5

4:                                                ; preds = %2
  br label %11

5:                                                ; preds = %2
  %6 = sub nsw i32 %0, 1
  %7 = xor i32 %1, %0
  %8 = ashr i32 %1, 1
  %9 = add nsw i32 %7, %8
  %10 = call i32 @mixBits(i32 noundef %6, i32 noundef %9)
  br label %11

11:                                               ; preds = %5, %4
  %.0 = phi i32 [ %1, %4 ], [ %10, %5 ]
  ret i32 %.0
}

attributes #0 = { nounwind uwtable "frame-pointer"="non-leaf" "min-legal-vector-width"="0" "no-trapping-math"="true" "stack-protector-buffer-size"="8" "target-cpu"="generic" "target-features"="+neon,+outline-atomics,+v8a" }

!llvm.module.flags = !{!0, !1, !2, !3, !4, !5, !6, !7, !8}
!llvm.ident = !{!9}

!0 = !{i32 1, !"wchar_size", i32 4}
!1 = !{i32 1, !"branch-target-enforcement", i32 0}
!2 = !{i32 1, !"sign-return-address", i32 0}
!3 = !{i32 1, !"sign-return-address-all", i32 0}
!4 = !{i32 1, !"sign-return-address-with-bkey", i32 0}
!5 = !{i32 7, !"PIC Level", i32 2}
!6 = !{i32 7, !"PIE Level", i32 2}
!7 = !{i32 7, !"uwtable", i32 1}
!8 = !{i32 7, !"frame-pointer", i32 1}
!9 = !{!"Ubuntu clang version 14.0.0-1ubuntu1.1"}
*** IR Dump Before PromotePass on mixBits ***
; Function Attrs: nounwind uwtable
define dso_local i32 @mixBits(i32 noundef %0, i32 noundef %1) local_unnamed_addr #0 {
  %3 = icmp sle i32 %0, 0
  br i1 %3, label %4, label %5

4:                                                ; preds = %2
  br label %11

5:                                                ; preds = %2
  %6 = sub nsw i32 %0, 1
  %7 = xor i32 %1, %0
  %8 = ashr i32 %1, 1
  %9 = add nsw i32 %7, %8
  %10 = call i32 @mixBits(i32 noundef %6, i32 noundef %9)
  br label %11

11:                                               ; preds = %5, %4
  %.0 = phi i32 [ %1, %4 ], [ %10, %5 ]
  ret i32 %.0
}
*** IR Dump After PromotePass on mixBits ***
; Function Attrs: nounwind uwtable
define dso_local i32 @mixBits(i32 noundef %0, i32 noundef %1) local_unnamed_addr #0 {
  %3 = icmp sle i32 %0, 0
  br i1 %3, label %4, label %5

4:                                                ; preds = %2
  br label %11

5:                                                ; preds = %2
  %6 = sub nsw i32 %0, 1
  %7 = xor i32 %1, %0
  %8 = ashr i32 %1, 1
  %9 = add nsw i32 %7, %8
  %10 = call i32 @mixBits(i32 noundef %6, i32 noundef %9)
  br label %11

11:                                               ; preds = %5, %4
  %.0 = phi i32 [ %1, %4 ], [ %10, %5 ]
  ret i32 %.0
}
*** IR Dump Before DeadArgumentEliminationPass on [module] ***
; ModuleID = 'mixBits.in.ll'
source_filename = "mixBits.c"
target datalayout = "e-m:e-i8:8:32-i16:16:32-i64:64-i128:128-n32:64-S128"
target triple = "aarch64-unknown-linux-gnu"

; Function Attrs: nounwind uwtable
define dso_local i32 @mixBits(i32 noundef %0, i32 noundef %1) local_unnamed_addr #0 {
  %3 = icmp sle i32 %0, 0
  br i1 %3, label %4, label %5

4:                                                ; preds = %2
  br label %11

5:                                                ; preds = %2
  %6 = sub nsw i32 %0, 1
  %7 = xor i32 %1, %0
  %8 = ashr i32 %1, 1
  %9 = add nsw i32 %7, %8
  %10 = call i32 @mixBits(i32 noundef %6, i32 noundef %9)
  br label %11

11:                                               ; preds = %5, %4
  %.0 = phi i32 [ %1, %4 ], [ %10, %5 ]
  ret i32 %.0
}

attributes #0 = { nounwind uwtable "frame-pointer"="non-leaf" "min-legal-vector-width"="0" "no-trapping-math"="true" "stack-protector-buffer-size"="8" "target-cpu"="generic" "target-features"="+neon,+outline-atomics,+v8a" }

!llvm.module.flags = !{!0, !1, !2, !3, !4, !5, !6, !7, !8}
!llvm.ident = !{!9}

!0 = !{i32 1, !"wchar_size", i32 4}
!1 = !{i32 1, !"branch-target-enforcement", i32 0}
!2 = !{i32 1, !"sign-return-address", i32 0}
!3 = !{i32 1, !"sign-return-address-all", i32 0}
!4 = !{i32 1, !"sign-return-address-with-bkey", i32 0}
!5 = !{i32 7, !"PIC Level", i32 2}
!6 = !{i32 7, !"PIE Level", i32 2}
!7 = !{i32 7, !"uwtable", i32 1}
!8 = !{i32 7, !"frame-pointer", i32 1}
!9 = !{!"Ubuntu clang version 14.0.0-1ubuntu1.1"}
*** IR Dump After DeadArgumentEliminationPass on [module] ***
; ModuleID = 'mixBits.in.ll'
source_filename = "mixBits.c"
target datalayout = "e-m:e-i8:8:32-i16:16:32-i64:64-i128:128-n32:64-S128"
target triple = "aarch64-unknown-linux-gnu"

; Function Attrs: nounwind uwtable
define dso_local i32 @mixBits(i32 noundef %0, i32 noundef %1) local_unnamed_addr #0 {
  %3 = icmp sle i32 %0, 0
  br i1 %3, label %4, label %5

4:                                                ; preds = %2
  br label %11

5:                                                ; preds = %2
  %6 = sub nsw i32 %0, 1
  %7 = xor i32 %1, %0
  %8 = ashr i32 %1, 1
  %9 = add nsw i32 %7, %8
  %10 = call i32 @mixBits(i32 noundef %6, i32 noundef %9)
  br label %11

11:                                               ; preds = %5, %4
  %.0 = phi i32 [ %1, %4 ], [ %10, %5 ]
  ret i32 %.0
}

attributes #0 = { nounwind uwtable "frame-pointer"="non-leaf" "min-legal-vector-width"="0" "no-trapping-math"="true" "stack-protector-buffer-size"="8" "target-cpu"="generic" "target-features"="+neon,+outline-atomics,+v8a" }

!llvm.module.flags = !{!0, !1, !2, !3, !4, !5, !6, !7, !8}
!llvm.ident = !{!9}

!0 = !{i32 1, !"wchar_size", i32 4}
!1 = !{i32 1, !"branch-target-enforcement", i32 0}
!2 = !{i32 1, !"sign-return-address", i32 0}
!3 = !{i32 1, !"sign-return-address-all", i32 0}
!4 = !{i32 1, !"sign-return-address-with-bkey", i32 0}
!5 = !{i32 7, !"PIC Level", i32 2}
!6 = !{i32 7, !"PIE Level", i32 2}
!7 = !{i32 7, !"uwtable", i32 1}
!8 = !{i32 7, !"frame-pointer", i32 1}
!9 = !{!"Ubuntu clang version 14.0.0-1ubuntu1.1"}
*** IR Dump Before InstCombinePass on mixBits ***
; Function Attrs: nounwind uwtable
define dso_local i32 @mixBits(i32 noundef %0, i32 noundef %1) local_unnamed_addr #0 {
  %3 = icmp sle i32 %0, 0
  br i1 %3, label %4, label %5

4:                                                ; preds = %2
  br label %11

5:                                                ; preds = %2
  %6 = sub nsw i32 %0, 1
  %7 = xor i32 %1, %0
  %8 = ashr i32 %1, 1
  %9 = add nsw i32 %7, %8
  %10 = call i32 @mixBits(i32 noundef %6, i32 noundef %9)
  br label %11

11:                                               ; preds = %5, %4
  %.0 = phi i32 [ %1, %4 ], [ %10, %5 ]
  ret i32 %.0
}
*** IR Dump After InstCombinePass on mixBits ***
; Function Attrs: nounwind uwtable
define dso_local i32 @mixBits(i32 noundef %0, i32 noundef %1) local_unnamed_addr #0 {
  %3 = icmp slt i32 %0, 1
  br i1 %3, label %4, label %5

4:                                                ; preds = %2
  br label %11

5:                                                ; preds = %2
  %6 = add nsw i32 %0, -1
  %7 = xor i32 %1, %0
  %8 = ashr i32 %1, 1
  %9 = add nsw i32 %7, %8
  %10 = call i32 @mixBits(i32 noundef %6, i32 noundef %9)
  br label %11

11:                                               ; preds = %5, %4
  %.0 = phi i32 [ %1, %4 ], [ %10, %5 ]
  ret i32 %.0
}
*** IR Dump Before SimplifyCFGPass on mixBits ***
; Function Attrs: nounwind uwtable
define dso_local i32 @mixBits(i32 noundef %0, i32 noundef %1) local_unnamed_addr #0 {
  %3 = icmp slt i32 %0, 1
  br i1 %3, label %4, label %5

4:                                                ; preds = %2
  br label %11

5:                                                ; preds = %2
  %6 = add nsw i32 %0, -1
  %7 = xor i32 %1, %0
  %8 = ashr i32 %1, 1
  %9 = add nsw i32 %7, %8
  %10 = call i32 @mixBits(i32 noundef %6, i32 noundef %9)
  br label %11

11:                                               ; preds = %5, %4
  %.0 = phi i32 [ %1, %4 ], [ %10, %5 ]
  ret i32 %.0
}
*** IR Dump After SimplifyCFGPass on mixBits ***
; Function Attrs: nounwind uwtable
define dso_local i32 @mixBits(i32 noundef %0, i32 noundef %1) local_unnamed_addr #0 {
  %3 = icmp slt i32 %0, 1
  br i1 %3, label %10, label %4

4:                                                ; preds = %2
  %5 = add nsw i32 %0, -1
  %6 = xor i32 %1, %0
  %7 = ashr i32 %1, 1
  %8 = add nsw i32 %6, %7
  %9 = call i32 @mixBits(i32 noundef %5, i32 noundef %8)
  br label %10

10:                                               ; preds = %2, %4
  %.0 = phi i32 [ %9, %4 ], [ %1, %2 ]
  ret i32 %.0
}
*** IR Dump Before RequireAnalysisPass<llvm::GlobalsAA, llvm::Module> on [module] ***
; ModuleID = 'mixBits.in.ll'
source_filename = "mixBits.c"
target datalayout = "e-m:e-i8:8:32-i16:16:32-i64:64-i128:128-n32:64-S128"
target triple = "aarch64-unknown-linux-gnu"

; Function Attrs: nounwind uwtable
define dso_local i32 @mixBits(i32 noundef %0, i32 noundef %1) local_unnamed_addr #0 {
  %3 = icmp slt i32 %0, 1
  br i1 %3, label %10, label %4

4:                                                ; preds = %2
  %5 = add nsw i32 %0, -1
  %6 = xor i32 %1, %0
  %7 = ashr i32 %1, 1
  %8 = add nsw i32 %6, %7
  %9 = call i32 @mixBits(i32 noundef %5, i32 noundef %8)
  br label %10

10:                                               ; preds = %2, %4
  %.0 = phi i32 [ %9, %4 ], [ %1, %2 ]
  ret i32 %.0
}

attributes #0 = { nounwind uwtable "frame-pointer"="non-leaf" "min-legal-vector-width"="0" "no-trapping-math"="true" "stack-protector-buffer-size"="8" "target-cpu"="generic" "target-features"="+neon,+outline-atomics,+v8a" }

!llvm.module.flags = !{!0, !1, !2, !3, !4, !5, !6, !7, !8}
!llvm.ident = !{!9}

!0 = !{i32 1, !"wchar_size", i32 4}
!1 = !{i32 1, !"branch-target-enforcement", i32 0}
!2 = !{i32 1, !"sign-return-address", i32 0}
!3 = !{i32 1, !"sign-return-address-all", i32 0}
!4 = !{i32 1, !"sign-return-address-with-bkey", i32 0}
!5 = !{i32 7, !"PIC Level", i32 2}
!6 = !{i32 7, !"PIE Level", i32 2}
!7 = !{i32 7, !"uwtable", i32 1}
!8 = !{i32 7, !"frame-pointer", i32 1}
!9 = !{!"Ubuntu clang version 14.0.0-1ubuntu1.1"}
*** IR Dump After RequireAnalysisPass<llvm::GlobalsAA, llvm::Module> on [module] ***
; ModuleID = 'mixBits.in.ll'
source_filename = "mixBits.c"
target datalayout = "e-m:e-i8:8:32-i16:16:32-i64:64-i128:128-n32:64-S128"
target triple = "aarch64-unknown-linux-gnu"

; Function Attrs: nounwind uwtable
define dso_local i32 @mixBits(i32 noundef %0, i32 noundef %1) local_unnamed_addr #0 {
  %3 = icmp slt i32 %0, 1
  br i1 %3, label %10, label %4

4:                                                ; preds = %2
  %5 = add nsw i32 %0, -1
  %6 = xor i32 %1, %0
  %7 = ashr i32 %1, 1
  %8 = add nsw i32 %6, %7
  %9 = call i32 @mixBits(i32 noundef %5, i32 noundef %8)
  br label %10

10:                                               ; preds = %2, %4
  %.0 = phi i32 [ %9, %4 ], [ %1, %2 ]
  ret i32 %.0
}

attributes #0 = { nounwind uwtable "frame-pointer"="non-leaf" "min-legal-vector-width"="0" "no-trapping-math"="true" "stack-protector-buffer-size"="8" "target-cpu"="generic" "target-features"="+neon,+outline-atomics,+v8a" }

!llvm.module.flags = !{!0, !1, !2, !3, !4, !5, !6, !7, !8}
!llvm.ident = !{!9}

!0 = !{i32 1, !"wchar_size", i32 4}
!1 = !{i32 1, !"branch-target-enforcement", i32 0}
!2 = !{i32 1, !"sign-return-address", i32 0}
!3 = !{i32 1, !"sign-return-address-all", i32 0}
!4 = !{i32 1, !"sign-return-address-with-bkey", i32 0}
!5 = !{i32 7, !"PIC Level", i32 2}
!6 = !{i32 7, !"PIE Level", i32 2}
!7 = !{i32 7, !"uwtable", i32 1}
!8 = !{i32 7, !"frame-pointer", i32 1}
!9 = !{!"Ubuntu clang version 14.0.0-1ubuntu1.1"}
*** IR Dump Before InvalidateAnalysisPass<llvm::AAManager> on mixBits ***
; Function Attrs: nounwind uwtable
define dso_local i32 @mixBits(i32 noundef %0, i32 noundef %1) local_unnamed_addr #0 {
  %3 = icmp slt i32 %0, 1
  br i1 %3, label %10, label %4

4:                                                ; preds = %2
  %5 = add nsw i32 %0, -1
  %6 = xor i32 %1, %0
  %7 = ashr i32 %1, 1
  %8 = add nsw i32 %6, %7
  %9 = call i32 @mixBits(i32 noundef %5, i32 noundef %8)
  br label %10

10:                                               ; preds = %2, %4
  %.0 = phi i32 [ %9, %4 ], [ %1, %2 ]
  ret i32 %.0
}
*** IR Dump After InvalidateAnalysisPass<llvm::AAManager> on mixBits ***
; Function Attrs: nounwind uwtable
define dso_local i32 @mixBits(i32 noundef %0, i32 noundef %1) local_unnamed_addr #0 {
  %3 = icmp slt i32 %0, 1
  br i1 %3, label %10, label %4

4:                                                ; preds = %2
  %5 = add nsw i32 %0, -1
  %6 = xor i32 %1, %0
  %7 = ashr i32 %1, 1
  %8 = add nsw i32 %6, %7
  %9 = call i32 @mixBits(i32 noundef %5, i32 noundef %8)
  br label %10

10:                                               ; preds = %2, %4
  %.0 = phi i32 [ %9, %4 ], [ %1, %2 ]
  ret i32 %.0
}
*** IR Dump Before RequireAnalysisPass<llvm::ProfileSummaryAnalysis, llvm::Module> on [module] ***
; ModuleID = 'mixBits.in.ll'
source_filename = "mixBits.c"
target datalayout = "e-m:e-i8:8:32-i16:16:32-i64:64-i128:128-n32:64-S128"
target triple = "aarch64-unknown-linux-gnu"

; Function Attrs: nounwind uwtable
define dso_local i32 @mixBits(i32 noundef %0, i32 noundef %1) local_unnamed_addr #0 {
  %3 = icmp slt i32 %0, 1
  br i1 %3, label %10, label %4

4:                                                ; preds = %2
  %5 = add nsw i32 %0, -1
  %6 = xor i32 %1, %0
  %7 = ashr i32 %1, 1
  %8 = add nsw i32 %6, %7
  %9 = call i32 @mixBits(i32 noundef %5, i32 noundef %8)
  br label %10

10:                                               ; preds = %2, %4
  %.0 = phi i32 [ %9, %4 ], [ %1, %2 ]
  ret i32 %.0
}

attributes #0 = { nounwind uwtable "frame-pointer"="non-leaf" "min-legal-vector-width"="0" "no-trapping-math"="true" "stack-protector-buffer-size"="8" "target-cpu"="generic" "target-features"="+neon,+outline-atomics,+v8a" }

!llvm.module.flags = !{!0, !1, !2, !3, !4, !5, !6, !7, !8}
!llvm.ident = !{!9}

!0 = !{i32 1, !"wchar_size", i32 4}
!1 = !{i32 1, !"branch-target-enforcement", i32 0}
!2 = !{i32 1, !"sign-return-address", i32 0}
!3 = !{i32 1, !"sign-return-address-all", i32 0}
!4 = !{i32 1, !"sign-return-address-with-bkey", i32 0}
!5 = !{i32 7, !"PIC Level", i32 2}
!6 = !{i32 7, !"PIE Level", i32 2}
!7 = !{i32 7, !"uwtable", i32 1}
!8 = !{i32 7, !"frame-pointer", i32 1}
!9 = !{!"Ubuntu clang version 14.0.0-1ubuntu1.1"}
*** IR Dump After RequireAnalysisPass<llvm::ProfileSummaryAnalysis, llvm::Module> on [module] ***
; ModuleID = 'mixBits.in.ll'
source_filename = "mixBits.c"
target datalayout = "e-m:e-i8:8:32-i16:16:32-i64:64-i128:128-n32:64-S128"
target triple = "aarch64-unknown-linux-gnu"

; Function Attrs: nounwind uwtable
define dso_local i32 @mixBits(i32 noundef %0, i32 noundef %1) local_unnamed_addr #0 {
  %3 = icmp slt i32 %0, 1
  br i1 %3, label %10, label %4

4:                                                ; preds = %2
  %5 = add nsw i32 %0, -1
  %6 = xor i32 %1, %0
  %7 = ashr i32 %1, 1
  %8 = add nsw i32 %6, %7
  %9 = call i32 @mixBits(i32 noundef %5, i32 noundef %8)
  br label %10

10:                                               ; preds = %2, %4
  %.0 = phi i32 [ %9, %4 ], [ %1, %2 ]
  ret i32 %.0
}

attributes #0 = { nounwind uwtable "frame-pointer"="non-leaf" "min-legal-vector-width"="0" "no-trapping-math"="true" "stack-protector-buffer-size"="8" "target-cpu"="generic" "target-features"="+neon,+outline-atomics,+v8a" }

!llvm.module.flags = !{!0, !1, !2, !3, !4, !5, !6, !7, !8}
!llvm.ident = !{!9}

!0 = !{i32 1, !"wchar_size", i32 4}
!1 = !{i32 1, !"branch-target-enforcement", i32 0}
!2 = !{i32 1, !"sign-return-address", i32 0}
!3 = !{i32 1, !"sign-return-address-all", i32 0}
!4 = !{i32 1, !"sign-return-address-with-bkey", i32 0}
!5 = !{i32 7, !"PIC Level", i32 2}
!6 = !{i32 7, !"PIE Level", i32 2}
!7 = !{i32 7, !"uwtable", i32 1}
!8 = !{i32 7, !"frame-pointer", i32 1}
!9 = !{!"Ubuntu clang version 14.0.0-1ubuntu1.1"}
*** IR Dump Before InlinerPass on (mixBits) ***
; Function Attrs: nounwind uwtable
define dso_local i32 @mixBits(i32 noundef %0, i32 noundef %1) local_unnamed_addr #0 {
  %3 = icmp slt i32 %0, 1
  br i1 %3, label %10, label %4

4:                                                ; preds = %2
  %5 = add nsw i32 %0, -1
  %6 = xor i32 %1, %0
  %7 = ashr i32 %1, 1
  %8 = add nsw i32 %6, %7
  %9 = call i32 @mixBits(i32 noundef %5, i32 noundef %8)
  br label %10

10:                                               ; preds = %2, %4
  %.0 = phi i32 [ %9, %4 ], [ %1, %2 ]
  ret i32 %.0
}
*** IR Dump After InlinerPass on (mixBits) ***
; Function Attrs: nounwind uwtable
define dso_local i32 @mixBits(i32 noundef %0, i32 noundef %1) local_unnamed_addr #0 {
  %3 = icmp slt i32 %0, 1
  br i1 %3, label %10, label %4

4:                                                ; preds = %2
  %5 = add nsw i32 %0, -1
  %6 = xor i32 %1, %0
  %7 = ashr i32 %1, 1
  %8 = add nsw i32 %6, %7
  %9 = call i32 @mixBits(i32 noundef %5, i32 noundef %8)
  br label %10

10:                                               ; preds = %2, %4
  %.0 = phi i32 [ %9, %4 ], [ %1, %2 ]
  ret i32 %.0
}
*** IR Dump Before InlinerPass on (mixBits) ***
; Function Attrs: nounwind uwtable
define dso_local i32 @mixBits(i32 noundef %0, i32 noundef %1) local_unnamed_addr #0 {
  %3 = icmp slt i32 %0, 1
  br i1 %3, label %10, label %4

4:                                                ; preds = %2
  %5 = add nsw i32 %0, -1
  %6 = xor i32 %1, %0
  %7 = ashr i32 %1, 1
  %8 = add nsw i32 %6, %7
  %9 = call i32 @mixBits(i32 noundef %5, i32 noundef %8)
  br label %10

10:                                               ; preds = %2, %4
  %.0 = phi i32 [ %9, %4 ], [ %1, %2 ]
  ret i32 %.0
}
*** IR Dump After InlinerPass on (mixBits) ***
; Function Attrs: nounwind uwtable
define dso_local i32 @mixBits(i32 noundef %0, i32 noundef %1) local_unnamed_addr #0 {
  %3 = icmp slt i32 %0, 1
  br i1 %3, label %10, label %4

4:                                                ; preds = %2
  %5 = add nsw i32 %0, -1
  %6 = xor i32 %1, %0
  %7 = ashr i32 %1, 1
  %8 = add nsw i32 %6, %7
  %9 = call i32 @mixBits(i32 noundef %5, i32 noundef %8)
  br label %10

10:                                               ; preds = %2, %4
  %.0 = phi i32 [ %9, %4 ], [ %1, %2 ]
  ret i32 %.0
}
*** IR Dump Before PostOrderFunctionAttrsPass on (mixBits) ***
; Function Attrs: nounwind uwtable
define dso_local i32 @mixBits(i32 noundef %0, i32 noundef %1) local_unnamed_addr #0 {
  %3 = icmp slt i32 %0, 1
  br i1 %3, label %10, label %4

4:                                                ; preds = %2
  %5 = add nsw i32 %0, -1
  %6 = xor i32 %1, %0
  %7 = ashr i32 %1, 1
  %8 = add nsw i32 %6, %7
  %9 = call i32 @mixBits(i32 noundef %5, i32 noundef %8)
  br label %10

10:                                               ; preds = %2, %4
  %.0 = phi i32 [ %9, %4 ], [ %1, %2 ]
  ret i32 %.0
}
*** IR Dump After PostOrderFunctionAttrsPass on (mixBits) ***
; Function Attrs: nofree nosync nounwind readnone uwtable
define dso_local i32 @mixBits(i32 noundef %0, i32 noundef %1) local_unnamed_addr #0 {
  %3 = icmp slt i32 %0, 1
  br i1 %3, label %10, label %4

4:                                                ; preds = %2
  %5 = add nsw i32 %0, -1
  %6 = xor i32 %1, %0
  %7 = ashr i32 %1, 1
  %8 = add nsw i32 %6, %7
  %9 = call i32 @mixBits(i32 noundef %5, i32 noundef %8)
  br label %10

10:                                               ; preds = %2, %4
  %.0 = phi i32 [ %9, %4 ], [ %1, %2 ]
  ret i32 %.0
}
*** IR Dump Before SROAPass on mixBits ***
; Function Attrs: nofree nosync nounwind readnone uwtable
define dso_local i32 @mixBits(i32 noundef %0, i32 noundef %1) local_unnamed_addr #0 {
  %3 = icmp slt i32 %0, 1
  br i1 %3, label %10, label %4

4:                                                ; preds = %2
  %5 = add nsw i32 %0, -1
  %6 = xor i32 %1, %0
  %7 = ashr i32 %1, 1
  %8 = add nsw i32 %6, %7
  %9 = call i32 @mixBits(i32 noundef %5, i32 noundef %8)
  br label %10

10:                                               ; preds = %2, %4
  %.0 = phi i32 [ %9, %4 ], [ %1, %2 ]
  ret i32 %.0
}
*** IR Dump After SROAPass on mixBits ***
; Function Attrs: nofree nosync nounwind readnone uwtable
define dso_local i32 @mixBits(i32 noundef %0, i32 noundef %1) local_unnamed_addr #0 {
  %3 = icmp slt i32 %0, 1
  br i1 %3, label %10, label %4

4:                                                ; preds = %2
  %5 = add nsw i32 %0, -1
  %6 = xor i32 %1, %0
  %7 = ashr i32 %1, 1
  %8 = add nsw i32 %6, %7
  %9 = call i32 @mixBits(i32 noundef %5, i32 noundef %8)
  br label %10

10:                                               ; preds = %2, %4
  %.0 = phi i32 [ %9, %4 ], [ %1, %2 ]
  ret i32 %.0
}
*** IR Dump Before EarlyCSEPass on mixBits ***
; Function Attrs: nofree nosync nounwind readnone uwtable
define dso_local i32 @mixBits(i32 noundef %0, i32 noundef %1) local_unnamed_addr #0 {
  %3 = icmp slt i32 %0, 1
  br i1 %3, label %10, label %4

4:                                                ; preds = %2
  %5 = add nsw i32 %0, -1
  %6 = xor i32 %1, %0
  %7 = ashr i32 %1, 1
  %8 = add nsw i32 %6, %7
  %9 = call i32 @mixBits(i32 noundef %5, i32 noundef %8)
  br label %10

10:                                               ; preds = %2, %4
  %.0 = phi i32 [ %9, %4 ], [ %1, %2 ]
  ret i32 %.0
}
*** IR Dump After EarlyCSEPass on mixBits ***
; Function Attrs: nofree nosync nounwind readnone uwtable
define dso_local i32 @mixBits(i32 noundef %0, i32 noundef %1) local_unnamed_addr #0 {
  %3 = icmp slt i32 %0, 1
  br i1 %3, label %10, label %4

4:                                                ; preds = %2
  %5 = add nsw i32 %0, -1
  %6 = xor i32 %1, %0
  %7 = ashr i32 %1, 1
  %8 = add nsw i32 %6, %7
  %9 = call i32 @mixBits(i32 noundef %5, i32 noundef %8)
  br label %10

10:                                               ; preds = %2, %4
  %.0 = phi i32 [ %9, %4 ], [ %1, %2 ]
  ret i32 %.0
}
*** IR Dump Before SimplifyCFGPass on mixBits ***
; Function Attrs: nofree nosync nounwind readnone uwtable
define dso_local i32 @mixBits(i32 noundef %0, i32 noundef %1) local_unnamed_addr #0 {
  %3 = icmp slt i32 %0, 1
  br i1 %3, label %10, label %4

4:                                                ; preds = %2
  %5 = add nsw i32 %0, -1
  %6 = xor i32 %1, %0
  %7 = ashr i32 %1, 1
  %8 = add nsw i32 %6, %7
  %9 = call i32 @mixBits(i32 noundef %5, i32 noundef %8)
  br label %10

10:                                               ; preds = %2, %4
  %.0 = phi i32 [ %9, %4 ], [ %1, %2 ]
  ret i32 %.0
}
*** IR Dump After SimplifyCFGPass on mixBits ***
; Function Attrs: nofree nosync nounwind readnone uwtable
define dso_local i32 @mixBits(i32 noundef %0, i32 noundef %1) local_unnamed_addr #0 {
  %3 = icmp slt i32 %0, 1
  br i1 %3, label %10, label %4

4:                                                ; preds = %2
  %5 = add nsw i32 %0, -1
  %6 = xor i32 %1, %0
  %7 = ashr i32 %1, 1
  %8 = add nsw i32 %6, %7
  %9 = call i32 @mixBits(i32 noundef %5, i32 noundef %8)
  br label %10

10:                                               ; preds = %2, %4
  %.0 = phi i32 [ %9, %4 ], [ %1, %2 ]
  ret i32 %.0
}
*** IR Dump Before InstCombinePass on mixBits ***
; Function Attrs: nofree nosync nounwind readnone uwtable
define dso_local i32 @mixBits(i32 noundef %0, i32 noundef %1) local_unnamed_addr #0 {
  %3 = icmp slt i32 %0, 1
  br i1 %3, label %10, label %4

4:                                                ; preds = %2
  %5 = add nsw i32 %0, -1
  %6 = xor i32 %1, %0
  %7 = ashr i32 %1, 1
  %8 = add nsw i32 %6, %7
  %9 = call i32 @mixBits(i32 noundef %5, i32 noundef %8)
  br label %10

10:                                               ; preds = %2, %4
  %.0 = phi i32 [ %9, %4 ], [ %1, %2 ]
  ret i32 %.0
}
*** IR Dump After InstCombinePass on mixBits ***
; Function Attrs: nofree nosync nounwind readnone uwtable
define dso_local i32 @mixBits(i32 noundef %0, i32 noundef %1) local_unnamed_addr #0 {
  %3 = icmp slt i32 %0, 1
  br i1 %3, label %10, label %4

4:                                                ; preds = %2
  %5 = add nsw i32 %0, -1
  %6 = xor i32 %1, %0
  %7 = ashr i32 %1, 1
  %8 = add nsw i32 %6, %7
  %9 = call i32 @mixBits(i32 noundef %5, i32 noundef %8)
  br label %10

10:                                               ; preds = %2, %4
  %.0 = phi i32 [ %9, %4 ], [ %1, %2 ]
  ret i32 %.0
}
*** IR Dump Before LibCallsShrinkWrapPass on mixBits ***
; Function Attrs: nofree nosync nounwind readnone uwtable
define dso_local i32 @mixBits(i32 noundef %0, i32 noundef %1) local_unnamed_addr #0 {
  %3 = icmp slt i32 %0, 1
  br i1 %3, label %10, label %4

4:                                                ; preds = %2
  %5 = add nsw i32 %0, -1
  %6 = xor i32 %1, %0
  %7 = ashr i32 %1, 1
  %8 = add nsw i32 %6, %7
  %9 = call i32 @mixBits(i32 noundef %5, i32 noundef %8)
  br label %10

10:                                               ; preds = %2, %4
  %.0 = phi i32 [ %9, %4 ], [ %1, %2 ]
  ret i32 %.0
}
*** IR Dump After LibCallsShrinkWrapPass on mixBits ***
; Function Attrs: nofree nosync nounwind readnone uwtable
define dso_local i32 @mixBits(i32 noundef %0, i32 noundef %1) local_unnamed_addr #0 {
  %3 = icmp slt i32 %0, 1
  br i1 %3, label %10, label %4

4:                                                ; preds = %2
  %5 = add nsw i32 %0, -1
  %6 = xor i32 %1, %0
  %7 = ashr i32 %1, 1
  %8 = add nsw i32 %6, %7
  %9 = call i32 @mixBits(i32 noundef %5, i32 noundef %8)
  br label %10

10:                                               ; preds = %2, %4
  %.0 = phi i32 [ %9, %4 ], [ %1, %2 ]
  ret i32 %.0
}
*** IR Dump Before SimplifyCFGPass on mixBits ***
; Function Attrs: nofree nosync nounwind readnone uwtable
define dso_local i32 @mixBits(i32 noundef %0, i32 noundef %1) local_unnamed_addr #0 {
  %3 = icmp slt i32 %0, 1
  br i1 %3, label %10, label %4

4:                                                ; preds = %2
  %5 = add nsw i32 %0, -1
  %6 = xor i32 %1, %0
  %7 = ashr i32 %1, 1
  %8 = add nsw i32 %6, %7
  %9 = call i32 @mixBits(i32 noundef %5, i32 noundef %8)
  br label %10

10:                                               ; preds = %2, %4
  %.0 = phi i32 [ %9, %4 ], [ %1, %2 ]
  ret i32 %.0
}
*** IR Dump After SimplifyCFGPass on mixBits ***
; Function Attrs: nofree nosync nounwind readnone uwtable
define dso_local i32 @mixBits(i32 noundef %0, i32 noundef %1) local_unnamed_addr #0 {
  %3 = icmp slt i32 %0, 1
  br i1 %3, label %10, label %4

4:                                                ; preds = %2
  %5 = add nsw i32 %0, -1
  %6 = xor i32 %1, %0
  %7 = ashr i32 %1, 1
  %8 = add nsw i32 %6, %7
  %9 = call i32 @mixBits(i32 noundef %5, i32 noundef %8)
  br label %10

10:                                               ; preds = %2, %4
  %.0 = phi i32 [ %9, %4 ], [ %1, %2 ]
  ret i32 %.0
}
*** IR Dump Before ReassociatePass on mixBits ***
; Function Attrs: nofree nosync nounwind readnone uwtable
define dso_local i32 @mixBits(i32 noundef %0, i32 noundef %1) local_unnamed_addr #0 {
  %3 = icmp slt i32 %0, 1
  br i1 %3, label %10, label %4

4:                                                ; preds = %2
  %5 = add nsw i32 %0, -1
  %6 = xor i32 %1, %0
  %7 = ashr i32 %1, 1
  %8 = add nsw i32 %6, %7
  %9 = call i32 @mixBits(i32 noundef %5, i32 noundef %8)
  br label %10

10:                                               ; preds = %2, %4
  %.0 = phi i32 [ %9, %4 ], [ %1, %2 ]
  ret i32 %.0
}
*** IR Dump After ReassociatePass on mixBits ***
; Function Attrs: nofree nosync nounwind readnone uwtable
define dso_local i32 @mixBits(i32 noundef %0, i32 noundef %1) local_unnamed_addr #0 {
  %3 = icmp slt i32 %0, 1
  br i1 %3, label %10, label %4

4:                                                ; preds = %2
  %5 = add nsw i32 %0, -1
  %6 = xor i32 %1, %0
  %7 = ashr i32 %1, 1
  %8 = add nsw i32 %6, %7
  %9 = call i32 @mixBits(i32 noundef %5, i32 noundef %8)
  br label %10

10:                                               ; preds = %2, %4
  %.0 = phi i32 [ %9, %4 ], [ %1, %2 ]
  ret i32 %.0
}
*** IR Dump Before RequireAnalysisPass<llvm::OptimizationRemarkEmitterAnalysis, llvm::Function> on mixBits ***
; Function Attrs: nofree nosync nounwind readnone uwtable
define dso_local i32 @mixBits(i32 noundef %0, i32 noundef %1) local_unnamed_addr #0 {
  %3 = icmp slt i32 %0, 1
  br i1 %3, label %10, label %4

4:                                                ; preds = %2
  %5 = add nsw i32 %0, -1
  %6 = xor i32 %1, %0
  %7 = ashr i32 %1, 1
  %8 = add nsw i32 %6, %7
  %9 = call i32 @mixBits(i32 noundef %5, i32 noundef %8)
  br label %10

10:                                               ; preds = %2, %4
  %.0 = phi i32 [ %9, %4 ], [ %1, %2 ]
  ret i32 %.0
}
*** IR Dump After RequireAnalysisPass<llvm::OptimizationRemarkEmitterAnalysis, llvm::Function> on mixBits ***
; Function Attrs: nofree nosync nounwind readnone uwtable
define dso_local i32 @mixBits(i32 noundef %0, i32 noundef %1) local_unnamed_addr #0 {
  %3 = icmp slt i32 %0, 1
  br i1 %3, label %10, label %4

4:                                                ; preds = %2
  %5 = add nsw i32 %0, -1
  %6 = xor i32 %1, %0
  %7 = ashr i32 %1, 1
  %8 = add nsw i32 %6, %7
  %9 = call i32 @mixBits(i32 noundef %5, i32 noundef %8)
  br label %10

10:                                               ; preds = %2, %4
  %.0 = phi i32 [ %9, %4 ], [ %1, %2 ]
  ret i32 %.0
}
*** IR Dump Before LoopSimplifyPass on mixBits ***
; Function Attrs: nofree nosync nounwind readnone uwtable
define dso_local i32 @mixBits(i32 noundef %0, i32 noundef %1) local_unnamed_addr #0 {
  %3 = icmp slt i32 %0, 1
  br i1 %3, label %10, label %4

4:                                                ; preds = %2
  %5 = add nsw i32 %0, -1
  %6 = xor i32 %1, %0
  %7 = ashr i32 %1, 1
  %8 = add nsw i32 %6, %7
  %9 = call i32 @mixBits(i32 noundef %5, i32 noundef %8)
  br label %10

10:                                               ; preds = %2, %4
  %.0 = phi i32 [ %9, %4 ], [ %1, %2 ]
  ret i32 %.0
}
*** IR Dump After LoopSimplifyPass on mixBits ***
; Function Attrs: nofree nosync nounwind readnone uwtable
define dso_local i32 @mixBits(i32 noundef %0, i32 noundef %1) local_unnamed_addr #0 {
  %3 = icmp slt i32 %0, 1
  br i1 %3, label %10, label %4

4:                                                ; preds = %2
  %5 = add nsw i32 %0, -1
  %6 = xor i32 %1, %0
  %7 = ashr i32 %1, 1
  %8 = add nsw i32 %6, %7
  %9 = call i32 @mixBits(i32 noundef %5, i32 noundef %8)
  br label %10

10:                                               ; preds = %2, %4
  %.0 = phi i32 [ %9, %4 ], [ %1, %2 ]
  ret i32 %.0
}
*** IR Dump Before LCSSAPass on mixBits ***
; Function Attrs: nofree nosync nounwind readnone uwtable
define dso_local i32 @mixBits(i32 noundef %0, i32 noundef %1) local_unnamed_addr #0 {
  %3 = icmp slt i32 %0, 1
  br i1 %3, label %10, label %4

4:                                                ; preds = %2
  %5 = add nsw i32 %0, -1
  %6 = xor i32 %1, %0
  %7 = ashr i32 %1, 1
  %8 = add nsw i32 %6, %7
  %9 = call i32 @mixBits(i32 noundef %5, i32 noundef %8)
  br label %10

10:                                               ; preds = %2, %4
  %.0 = phi i32 [ %9, %4 ], [ %1, %2 ]
  ret i32 %.0
}
*** IR Dump After LCSSAPass on mixBits ***
; Function Attrs: nofree nosync nounwind readnone uwtable
define dso_local i32 @mixBits(i32 noundef %0, i32 noundef %1) local_unnamed_addr #0 {
  %3 = icmp slt i32 %0, 1
  br i1 %3, label %10, label %4

4:                                                ; preds = %2
  %5 = add nsw i32 %0, -1
  %6 = xor i32 %1, %0
  %7 = ashr i32 %1, 1
  %8 = add nsw i32 %6, %7
  %9 = call i32 @mixBits(i32 noundef %5, i32 noundef %8)
  br label %10

10:                                               ; preds = %2, %4
  %.0 = phi i32 [ %9, %4 ], [ %1, %2 ]
  ret i32 %.0
}
*** IR Dump Before SimplifyCFGPass on mixBits ***
; Function Attrs: nofree nosync nounwind readnone uwtable
define dso_local i32 @mixBits(i32 noundef %0, i32 noundef %1) local_unnamed_addr #0 {
  %3 = icmp slt i32 %0, 1
  br i1 %3, label %10, label %4

4:                                                ; preds = %2
  %5 = add nsw i32 %0, -1
  %6 = xor i32 %1, %0
  %7 = ashr i32 %1, 1
  %8 = add nsw i32 %6, %7
  %9 = call i32 @mixBits(i32 noundef %5, i32 noundef %8)
  br label %10

10:                                               ; preds = %2, %4
  %.0 = phi i32 [ %9, %4 ], [ %1, %2 ]
  ret i32 %.0
}
*** IR Dump After SimplifyCFGPass on mixBits ***
; Function Attrs: nofree nosync nounwind readnone uwtable
define dso_local i32 @mixBits(i32 noundef %0, i32 noundef %1) local_unnamed_addr #0 {
  %3 = icmp slt i32 %0, 1
  br i1 %3, label %10, label %4

4:                                                ; preds = %2
  %5 = add nsw i32 %0, -1
  %6 = xor i32 %1, %0
  %7 = ashr i32 %1, 1
  %8 = add nsw i32 %6, %7
  %9 = call i32 @mixBits(i32 noundef %5, i32 noundef %8)
  br label %10

10:                                               ; preds = %2, %4
  %.0 = phi i32 [ %9, %4 ], [ %1, %2 ]
  ret i32 %.0
}
*** IR Dump Before InstCombinePass on mixBits ***
; Function Attrs: nofree nosync nounwind readnone uwtable
define dso_local i32 @mixBits(i32 noundef %0, i32 noundef %1) local_unnamed_addr #0 {
  %3 = icmp slt i32 %0, 1
  br i1 %3, label %10, label %4

4:                                                ; preds = %2
  %5 = add nsw i32 %0, -1
  %6 = xor i32 %1, %0
  %7 = ashr i32 %1, 1
  %8 = add nsw i32 %6, %7
  %9 = call i32 @mixBits(i32 noundef %5, i32 noundef %8)
  br label %10

10:                                               ; preds = %2, %4
  %.0 = phi i32 [ %9, %4 ], [ %1, %2 ]
  ret i32 %.0
}
*** IR Dump After InstCombinePass on mixBits ***
; Function Attrs: nofree nosync nounwind readnone uwtable
define dso_local i32 @mixBits(i32 noundef %0, i32 noundef %1) local_unnamed_addr #0 {
  %3 = icmp slt i32 %0, 1
  br i1 %3, label %10, label %4

4:                                                ; preds = %2
  %5 = add nsw i32 %0, -1
  %6 = xor i32 %1, %0
  %7 = ashr i32 %1, 1
  %8 = add nsw i32 %6, %7
  %9 = call i32 @mixBits(i32 noundef %5, i32 noundef %8)
  br label %10

10:                                               ; preds = %2, %4
  %.0 = phi i32 [ %9, %4 ], [ %1, %2 ]
  ret i32 %.0
}
*** IR Dump Before LoopSimplifyPass on mixBits ***
; Function Attrs: nofree nosync nounwind readnone uwtable
define dso_local i32 @mixBits(i32 noundef %0, i32 noundef %1) local_unnamed_addr #0 {
  %3 = icmp slt i32 %0, 1
  br i1 %3, label %10, label %4

4:                                                ; preds = %2
  %5 = add nsw i32 %0, -1
  %6 = xor i32 %1, %0
  %7 = ashr i32 %1, 1
  %8 = add nsw i32 %6, %7
  %9 = call i32 @mixBits(i32 noundef %5, i32 noundef %8)
  br label %10

10:                                               ; preds = %2, %4
  %.0 = phi i32 [ %9, %4 ], [ %1, %2 ]
  ret i32 %.0
}
*** IR Dump After LoopSimplifyPass on mixBits ***
; Function Attrs: nofree nosync nounwind readnone uwtable
define dso_local i32 @mixBits(i32 noundef %0, i32 noundef %1) local_unnamed_addr #0 {
  %3 = icmp slt i32 %0, 1
  br i1 %3, label %10, label %4

4:                                                ; preds = %2
  %5 = add nsw i32 %0, -1
  %6 = xor i32 %1, %0
  %7 = ashr i32 %1, 1
  %8 = add nsw i32 %6, %7
  %9 = call i32 @mixBits(i32 noundef %5, i32 noundef %8)
  br label %10

10:                                               ; preds = %2, %4
  %.0 = phi i32 [ %9, %4 ], [ %1, %2 ]
  ret i32 %.0
}
*** IR Dump Before LCSSAPass on mixBits ***
; Function Attrs: nofree nosync nounwind readnone uwtable
define dso_local i32 @mixBits(i32 noundef %0, i32 noundef %1) local_unnamed_addr #0 {
  %3 = icmp slt i32 %0, 1
  br i1 %3, label %10, label %4

4:                                                ; preds = %2
  %5 = add nsw i32 %0, -1
  %6 = xor i32 %1, %0
  %7 = ashr i32 %1, 1
  %8 = add nsw i32 %6, %7
  %9 = call i32 @mixBits(i32 noundef %5, i32 noundef %8)
  br label %10

10:                                               ; preds = %2, %4
  %.0 = phi i32 [ %9, %4 ], [ %1, %2 ]
  ret i32 %.0
}
*** IR Dump After LCSSAPass on mixBits ***
; Function Attrs: nofree nosync nounwind readnone uwtable
define dso_local i32 @mixBits(i32 noundef %0, i32 noundef %1) local_unnamed_addr #0 {
  %3 = icmp slt i32 %0, 1
  br i1 %3, label %10, label %4

4:                                                ; preds = %2
  %5 = add nsw i32 %0, -1
  %6 = xor i32 %1, %0
  %7 = ashr i32 %1, 1
  %8 = add nsw i32 %6, %7
  %9 = call i32 @mixBits(i32 noundef %5, i32 noundef %8)
  br label %10

10:                                               ; preds = %2, %4
  %.0 = phi i32 [ %9, %4 ], [ %1, %2 ]
  ret i32 %.0
}
*** IR Dump Before SROAPass on mixBits ***
; Function Attrs: nofree nosync nounwind readnone uwtable
define dso_local i32 @mixBits(i32 noundef %0, i32 noundef %1) local_unnamed_addr #0 {
  %3 = icmp slt i32 %0, 1
  br i1 %3, label %10, label %4

4:                                                ; preds = %2
  %5 = add nsw i32 %0, -1
  %6 = xor i32 %1, %0
  %7 = ashr i32 %1, 1
  %8 = add nsw i32 %6, %7
  %9 = call i32 @mixBits(i32 noundef %5, i32 noundef %8)
  br label %10

10:                                               ; preds = %2, %4
  %.0 = phi i32 [ %9, %4 ], [ %1, %2 ]
  ret i32 %.0
}
*** IR Dump After SROAPass on mixBits ***
; Function Attrs: nofree nosync nounwind readnone uwtable
define dso_local i32 @mixBits(i32 noundef %0, i32 noundef %1) local_unnamed_addr #0 {
  %3 = icmp slt i32 %0, 1
  br i1 %3, label %10, label %4

4:                                                ; preds = %2
  %5 = add nsw i32 %0, -1
  %6 = xor i32 %1, %0
  %7 = ashr i32 %1, 1
  %8 = add nsw i32 %6, %7
  %9 = call i32 @mixBits(i32 noundef %5, i32 noundef %8)
  br label %10

10:                                               ; preds = %2, %4
  %.0 = phi i32 [ %9, %4 ], [ %1, %2 ]
  ret i32 %.0
}
*** IR Dump Before MemCpyOptPass on mixBits ***
; Function Attrs: nofree nosync nounwind readnone uwtable
define dso_local i32 @mixBits(i32 noundef %0, i32 noundef %1) local_unnamed_addr #0 {
  %3 = icmp slt i32 %0, 1
  br i1 %3, label %10, label %4

4:                                                ; preds = %2
  %5 = add nsw i32 %0, -1
  %6 = xor i32 %1, %0
  %7 = ashr i32 %1, 1
  %8 = add nsw i32 %6, %7
  %9 = call i32 @mixBits(i32 noundef %5, i32 noundef %8)
  br label %10

10:                                               ; preds = %2, %4
  %.0 = phi i32 [ %9, %4 ], [ %1, %2 ]
  ret i32 %.0
}
*** IR Dump After MemCpyOptPass on mixBits ***
; Function Attrs: nofree nosync nounwind readnone uwtable
define dso_local i32 @mixBits(i32 noundef %0, i32 noundef %1) local_unnamed_addr #0 {
  %3 = icmp slt i32 %0, 1
  br i1 %3, label %10, label %4

4:                                                ; preds = %2
  %5 = add nsw i32 %0, -1
  %6 = xor i32 %1, %0
  %7 = ashr i32 %1, 1
  %8 = add nsw i32 %6, %7
  %9 = call i32 @mixBits(i32 noundef %5, i32 noundef %8)
  br label %10

10:                                               ; preds = %2, %4
  %.0 = phi i32 [ %9, %4 ], [ %1, %2 ]
  ret i32 %.0
}
*** IR Dump Before SCCPPass on mixBits ***
; Function Attrs: nofree nosync nounwind readnone uwtable
define dso_local i32 @mixBits(i32 noundef %0, i32 noundef %1) local_unnamed_addr #0 {
  %3 = icmp slt i32 %0, 1
  br i1 %3, label %10, label %4

4:                                                ; preds = %2
  %5 = add nsw i32 %0, -1
  %6 = xor i32 %1, %0
  %7 = ashr i32 %1, 1
  %8 = add nsw i32 %6, %7
  %9 = call i32 @mixBits(i32 noundef %5, i32 noundef %8)
  br label %10

10:                                               ; preds = %2, %4
  %.0 = phi i32 [ %9, %4 ], [ %1, %2 ]
  ret i32 %.0
}
*** IR Dump After SCCPPass on mixBits ***
; Function Attrs: nofree nosync nounwind readnone uwtable
define dso_local i32 @mixBits(i32 noundef %0, i32 noundef %1) local_unnamed_addr #0 {
  %3 = icmp slt i32 %0, 1
  br i1 %3, label %10, label %4

4:                                                ; preds = %2
  %5 = add nsw i32 %0, -1
  %6 = xor i32 %1, %0
  %7 = ashr i32 %1, 1
  %8 = add nsw i32 %6, %7
  %9 = call i32 @mixBits(i32 noundef %5, i32 noundef %8)
  br label %10

10:                                               ; preds = %2, %4
  %.0 = phi i32 [ %9, %4 ], [ %1, %2 ]
  ret i32 %.0
}
*** IR Dump Before BDCEPass on mixBits ***
; Function Attrs: nofree nosync nounwind readnone uwtable
define dso_local i32 @mixBits(i32 noundef %0, i32 noundef %1) local_unnamed_addr #0 {
  %3 = icmp slt i32 %0, 1
  br i1 %3, label %10, label %4

4:                                                ; preds = %2
  %5 = add nsw i32 %0, -1
  %6 = xor i32 %1, %0
  %7 = ashr i32 %1, 1
  %8 = add nsw i32 %6, %7
  %9 = call i32 @mixBits(i32 noundef %5, i32 noundef %8)
  br label %10

10:                                               ; preds = %2, %4
  %.0 = phi i32 [ %9, %4 ], [ %1, %2 ]
  ret i32 %.0
}
*** IR Dump After BDCEPass on mixBits ***
; Function Attrs: nofree nosync nounwind readnone uwtable
define dso_local i32 @mixBits(i32 noundef %0, i32 noundef %1) local_unnamed_addr #0 {
  %3 = icmp slt i32 %0, 1
  br i1 %3, label %10, label %4

4:                                                ; preds = %2
  %5 = add nsw i32 %0, -1
  %6 = xor i32 %1, %0
  %7 = ashr i32 %1, 1
  %8 = add nsw i32 %6, %7
  %9 = call i32 @mixBits(i32 noundef %5, i32 noundef %8)
  br label %10

10:                                               ; preds = %2, %4
  %.0 = phi i32 [ %9, %4 ], [ %1, %2 ]
  ret i32 %.0
}
*** IR Dump Before InstCombinePass on mixBits ***
; Function Attrs: nofree nosync nounwind readnone uwtable
define dso_local i32 @mixBits(i32 noundef %0, i32 noundef %1) local_unnamed_addr #0 {
  %3 = icmp slt i32 %0, 1
  br i1 %3, label %10, label %4

4:                                                ; preds = %2
  %5 = add nsw i32 %0, -1
  %6 = xor i32 %1, %0
  %7 = ashr i32 %1, 1
  %8 = add nsw i32 %6, %7
  %9 = call i32 @mixBits(i32 noundef %5, i32 noundef %8)
  br label %10

10:                                               ; preds = %2, %4
  %.0 = phi i32 [ %9, %4 ], [ %1, %2 ]
  ret i32 %.0
}
*** IR Dump After InstCombinePass on mixBits ***
; Function Attrs: nofree nosync nounwind readnone uwtable
define dso_local i32 @mixBits(i32 noundef %0, i32 noundef %1) local_unnamed_addr #0 {
  %3 = icmp slt i32 %0, 1
  br i1 %3, label %10, label %4

4:                                                ; preds = %2
  %5 = add nsw i32 %0, -1
  %6 = xor i32 %1, %0
  %7 = ashr i32 %1, 1
  %8 = add nsw i32 %6, %7
  %9 = call i32 @mixBits(i32 noundef %5, i32 noundef %8)
  br label %10

10:                                               ; preds = %2, %4
  %.0 = phi i32 [ %9, %4 ], [ %1, %2 ]
  ret i32 %.0
}
*** IR Dump Before CoroElidePass on mixBits ***
; Function Attrs: nofree nosync nounwind readnone uwtable
define dso_local i32 @mixBits(i32 noundef %0, i32 noundef %1) local_unnamed_addr #0 {
  %3 = icmp slt i32 %0, 1
  br i1 %3, label %10, label %4

4:                                                ; preds = %2
  %5 = add nsw i32 %0, -1
  %6 = xor i32 %1, %0
  %7 = ashr i32 %1, 1
  %8 = add nsw i32 %6, %7
  %9 = call i32 @mixBits(i32 noundef %5, i32 noundef %8)
  br label %10

10:                                               ; preds = %2, %4
  %.0 = phi i32 [ %9, %4 ], [ %1, %2 ]
  ret i32 %.0
}
*** IR Dump After CoroElidePass on mixBits ***
; Function Attrs: nofree nosync nounwind readnone uwtable
define dso_local i32 @mixBits(i32 noundef %0, i32 noundef %1) local_unnamed_addr #0 {
  %3 = icmp slt i32 %0, 1
  br i1 %3, label %10, label %4

4:                                                ; preds = %2
  %5 = add nsw i32 %0, -1
  %6 = xor i32 %1, %0
  %7 = ashr i32 %1, 1
  %8 = add nsw i32 %6, %7
  %9 = call i32 @mixBits(i32 noundef %5, i32 noundef %8)
  br label %10

10:                                               ; preds = %2, %4
  %.0 = phi i32 [ %9, %4 ], [ %1, %2 ]
  ret i32 %.0
}
*** IR Dump Before ADCEPass on mixBits ***
; Function Attrs: nofree nosync nounwind readnone uwtable
define dso_local i32 @mixBits(i32 noundef %0, i32 noundef %1) local_unnamed_addr #0 {
  %3 = icmp slt i32 %0, 1
  br i1 %3, label %10, label %4

4:                                                ; preds = %2
  %5 = add nsw i32 %0, -1
  %6 = xor i32 %1, %0
  %7 = ashr i32 %1, 1
  %8 = add nsw i32 %6, %7
  %9 = call i32 @mixBits(i32 noundef %5, i32 noundef %8)
  br label %10

10:                                               ; preds = %2, %4
  %.0 = phi i32 [ %9, %4 ], [ %1, %2 ]
  ret i32 %.0
}
*** IR Dump After ADCEPass on mixBits ***
; Function Attrs: nofree nosync nounwind readnone uwtable
define dso_local i32 @mixBits(i32 noundef %0, i32 noundef %1) local_unnamed_addr #0 {
  %3 = icmp slt i32 %0, 1
  br i1 %3, label %10, label %4

4:                                                ; preds = %2
  %5 = add nsw i32 %0, -1
  %6 = xor i32 %1, %0
  %7 = ashr i32 %1, 1
  %8 = add nsw i32 %6, %7
  %9 = call i32 @mixBits(i32 noundef %5, i32 noundef %8)
  br label %10

10:                                               ; preds = %2, %4
  %.0 = phi i32 [ %9, %4 ], [ %1, %2 ]
  ret i32 %.0
}
*** IR Dump Before SimplifyCFGPass on mixBits ***
; Function Attrs: nofree nosync nounwind readnone uwtable
define dso_local i32 @mixBits(i32 noundef %0, i32 noundef %1) local_unnamed_addr #0 {
  %3 = icmp slt i32 %0, 1
  br i1 %3, label %10, label %4

4:                                                ; preds = %2
  %5 = add nsw i32 %0, -1
  %6 = xor i32 %1, %0
  %7 = ashr i32 %1, 1
  %8 = add nsw i32 %6, %7
  %9 = call i32 @mixBits(i32 noundef %5, i32 noundef %8)
  br label %10

10:                                               ; preds = %2, %4
  %.0 = phi i32 [ %9, %4 ], [ %1, %2 ]
  ret i32 %.0
}
*** IR Dump After SimplifyCFGPass on mixBits ***
; Function Attrs: nofree nosync nounwind readnone uwtable
define dso_local i32 @mixBits(i32 noundef %0, i32 noundef %1) local_unnamed_addr #0 {
  %3 = icmp slt i32 %0, 1
  br i1 %3, label %10, label %4

4:                                                ; preds = %2
  %5 = add nsw i32 %0, -1
  %6 = xor i32 %1, %0
  %7 = ashr i32 %1, 1
  %8 = add nsw i32 %6, %7
  %9 = call i32 @mixBits(i32 noundef %5, i32 noundef %8)
  br label %10

10:                                               ; preds = %2, %4
  %.0 = phi i32 [ %9, %4 ], [ %1, %2 ]
  ret i32 %.0
}
*** IR Dump Before InstCombinePass on mixBits ***
; Function Attrs: nofree nosync nounwind readnone uwtable
define dso_local i32 @mixBits(i32 noundef %0, i32 noundef %1) local_unnamed_addr #0 {
  %3 = icmp slt i32 %0, 1
  br i1 %3, label %10, label %4

4:                                                ; preds = %2
  %5 = add nsw i32 %0, -1
  %6 = xor i32 %1, %0
  %7 = ashr i32 %1, 1
  %8 = add nsw i32 %6, %7
  %9 = call i32 @mixBits(i32 noundef %5, i32 noundef %8)
  br label %10

10:                                               ; preds = %2, %4
  %.0 = phi i32 [ %9, %4 ], [ %1, %2 ]
  ret i32 %.0
}
*** IR Dump After InstCombinePass on mixBits ***
; Function Attrs: nofree nosync nounwind readnone uwtable
define dso_local i32 @mixBits(i32 noundef %0, i32 noundef %1) local_unnamed_addr #0 {
  %3 = icmp slt i32 %0, 1
  br i1 %3, label %10, label %4

4:                                                ; preds = %2
  %5 = add nsw i32 %0, -1
  %6 = xor i32 %1, %0
  %7 = ashr i32 %1, 1
  %8 = add nsw i32 %6, %7
  %9 = call i32 @mixBits(i32 noundef %5, i32 noundef %8)
  br label %10

10:                                               ; preds = %2, %4
  %.0 = phi i32 [ %9, %4 ], [ %1, %2 ]
  ret i32 %.0
}
*** IR Dump Before CoroSplitPass on (mixBits) ***
; Function Attrs: nofree nosync nounwind readnone uwtable
define dso_local i32 @mixBits(i32 noundef %0, i32 noundef %1) local_unnamed_addr #0 {
  %3 = icmp slt i32 %0, 1
  br i1 %3, label %10, label %4

4:                                                ; preds = %2
  %5 = add nsw i32 %0, -1
  %6 = xor i32 %1, %0
  %7 = ashr i32 %1, 1
  %8 = add nsw i32 %6, %7
  %9 = call i32 @mixBits(i32 noundef %5, i32 noundef %8)
  br label %10

10:                                               ; preds = %2, %4
  %.0 = phi i32 [ %9, %4 ], [ %1, %2 ]
  ret i32 %.0
}
*** IR Dump After CoroSplitPass on (mixBits) ***
; Function Attrs: nofree nosync nounwind readnone uwtable
define dso_local i32 @mixBits(i32 noundef %0, i32 noundef %1) local_unnamed_addr #0 {
  %3 = icmp slt i32 %0, 1
  br i1 %3, label %10, label %4

4:                                                ; preds = %2
  %5 = add nsw i32 %0, -1
  %6 = xor i32 %1, %0
  %7 = ashr i32 %1, 1
  %8 = add nsw i32 %6, %7
  %9 = call i32 @mixBits(i32 noundef %5, i32 noundef %8)
  br label %10

10:                                               ; preds = %2, %4
  %.0 = phi i32 [ %9, %4 ], [ %1, %2 ]
  ret i32 %.0
}
*** IR Dump Before GlobalOptPass on [module] ***
; ModuleID = 'mixBits.in.ll'
source_filename = "mixBits.c"
target datalayout = "e-m:e-i8:8:32-i16:16:32-i64:64-i128:128-n32:64-S128"
target triple = "aarch64-unknown-linux-gnu"

; Function Attrs: nofree nosync nounwind readnone uwtable
define dso_local i32 @mixBits(i32 noundef %0, i32 noundef %1) local_unnamed_addr #0 {
  %3 = icmp slt i32 %0, 1
  br i1 %3, label %10, label %4

4:                                                ; preds = %2
  %5 = add nsw i32 %0, -1
  %6 = xor i32 %1, %0
  %7 = ashr i32 %1, 1
  %8 = add nsw i32 %6, %7
  %9 = call i32 @mixBits(i32 noundef %5, i32 noundef %8)
  br label %10

10:                                               ; preds = %2, %4
  %.0 = phi i32 [ %9, %4 ], [ %1, %2 ]
  ret i32 %.0
}

attributes #0 = { nofree nosync nounwind readnone uwtable "frame-pointer"="non-leaf" "min-legal-vector-width"="0" "no-trapping-math"="true" "stack-protector-buffer-size"="8" "target-cpu"="generic" "target-features"="+neon,+outline-atomics,+v8a" }

!llvm.module.flags = !{!0, !1, !2, !3, !4, !5, !6, !7, !8}
!llvm.ident = !{!9}

!0 = !{i32 1, !"wchar_size", i32 4}
!1 = !{i32 1, !"branch-target-enforcement", i32 0}
!2 = !{i32 1, !"sign-return-address", i32 0}
!3 = !{i32 1, !"sign-return-address-all", i32 0}
!4 = !{i32 1, !"sign-return-address-with-bkey", i32 0}
!5 = !{i32 7, !"PIC Level", i32 2}
!6 = !{i32 7, !"PIE Level", i32 2}
!7 = !{i32 7, !"uwtable", i32 1}
!8 = !{i32 7, !"frame-pointer", i32 1}
!9 = !{!"Ubuntu clang version 14.0.0-1ubuntu1.1"}
*** IR Dump After GlobalOptPass on [module] ***
; ModuleID = 'mixBits.in.ll'
source_filename = "mixBits.c"
target datalayout = "e-m:e-i8:8:32-i16:16:32-i64:64-i128:128-n32:64-S128"
target triple = "aarch64-unknown-linux-gnu"

; Function Attrs: nofree nosync nounwind readnone uwtable
define dso_local i32 @mixBits(i32 noundef %0, i32 noundef %1) local_unnamed_addr #0 {
  %3 = icmp slt i32 %0, 1
  br i1 %3, label %10, label %4

4:                                                ; preds = %2
  %5 = add nsw i32 %0, -1
  %6 = xor i32 %1, %0
  %7 = ashr i32 %1, 1
  %8 = add nsw i32 %6, %7
  %9 = call i32 @mixBits(i32 noundef %5, i32 noundef %8)
  br label %10

10:                                               ; preds = %2, %4
  %.0 = phi i32 [ %9, %4 ], [ %1, %2 ]
  ret i32 %.0
}

attributes #0 = { nofree nosync nounwind readnone uwtable "frame-pointer"="non-leaf" "min-legal-vector-width"="0" "no-trapping-math"="true" "stack-protector-buffer-size"="8" "target-cpu"="generic" "target-features"="+neon,+outline-atomics,+v8a" }

!llvm.module.flags = !{!0, !1, !2, !3, !4, !5, !6, !7, !8}
!llvm.ident = !{!9}

!0 = !{i32 1, !"wchar_size", i32 4}
!1 = !{i32 1, !"branch-target-enforcement", i32 0}
!2 = !{i32 1, !"sign-return-address", i32 0}
!3 = !{i32 1, !"sign-return-address-all", i32 0}
!4 = !{i32 1, !"sign-return-address-with-bkey", i32 0}
!5 = !{i32 7, !"PIC Level", i32 2}
!6 = !{i32 7, !"PIE Level", i32 2}
!7 = !{i32 7, !"uwtable", i32 1}
!8 = !{i32 7, !"frame-pointer", i32 1}
!9 = !{!"Ubuntu clang version 14.0.0-1ubuntu1.1"}
*** IR Dump Before GlobalDCEPass on [module] ***
; ModuleID = 'mixBits.in.ll'
source_filename = "mixBits.c"
target datalayout = "e-m:e-i8:8:32-i16:16:32-i64:64-i128:128-n32:64-S128"
target triple = "aarch64-unknown-linux-gnu"

; Function Attrs: nofree nosync nounwind readnone uwtable
define dso_local i32 @mixBits(i32 noundef %0, i32 noundef %1) local_unnamed_addr #0 {
  %3 = icmp slt i32 %0, 1
  br i1 %3, label %10, label %4

4:                                                ; preds = %2
  %5 = add nsw i32 %0, -1
  %6 = xor i32 %1, %0
  %7 = ashr i32 %1, 1
  %8 = add nsw i32 %6, %7
  %9 = call i32 @mixBits(i32 noundef %5, i32 noundef %8)
  br label %10

10:                                               ; preds = %2, %4
  %.0 = phi i32 [ %9, %4 ], [ %1, %2 ]
  ret i32 %.0
}

attributes #0 = { nofree nosync nounwind readnone uwtable "frame-pointer"="non-leaf" "min-legal-vector-width"="0" "no-trapping-math"="true" "stack-protector-buffer-size"="8" "target-cpu"="generic" "target-features"="+neon,+outline-atomics,+v8a" }

!llvm.module.flags = !{!0, !1, !2, !3, !4, !5, !6, !7, !8}
!llvm.ident = !{!9}

!0 = !{i32 1, !"wchar_size", i32 4}
!1 = !{i32 1, !"branch-target-enforcement", i32 0}
!2 = !{i32 1, !"sign-return-address", i32 0}
!3 = !{i32 1, !"sign-return-address-all", i32 0}
!4 = !{i32 1, !"sign-return-address-with-bkey", i32 0}
!5 = !{i32 7, !"PIC Level", i32 2}
!6 = !{i32 7, !"PIE Level", i32 2}
!7 = !{i32 7, !"uwtable", i32 1}
!8 = !{i32 7, !"frame-pointer", i32 1}
!9 = !{!"Ubuntu clang version 14.0.0-1ubuntu1.1"}
*** IR Dump After GlobalDCEPass on [module] ***
; ModuleID = 'mixBits.in.ll'
source_filename = "mixBits.c"
target datalayout = "e-m:e-i8:8:32-i16:16:32-i64:64-i128:128-n32:64-S128"
target triple = "aarch64-unknown-linux-gnu"

; Function Attrs: nofree nosync nounwind readnone uwtable
define dso_local i32 @mixBits(i32 noundef %0, i32 noundef %1) local_unnamed_addr #0 {
  %3 = icmp slt i32 %0, 1
  br i1 %3, label %10, label %4

4:                                                ; preds = %2
  %5 = add nsw i32 %0, -1
  %6 = xor i32 %1, %0
  %7 = ashr i32 %1, 1
  %8 = add nsw i32 %6, %7
  %9 = call i32 @mixBits(i32 noundef %5, i32 noundef %8)
  br label %10

10:                                               ; preds = %2, %4
  %.0 = phi i32 [ %9, %4 ], [ %1, %2 ]
  ret i32 %.0
}

attributes #0 = { nofree nosync nounwind readnone uwtable "frame-pointer"="non-leaf" "min-legal-vector-width"="0" "no-trapping-math"="true" "stack-protector-buffer-size"="8" "target-cpu"="generic" "target-features"="+neon,+outline-atomics,+v8a" }

!llvm.module.flags = !{!0, !1, !2, !3, !4, !5, !6, !7, !8}
!llvm.ident = !{!9}

!0 = !{i32 1, !"wchar_size", i32 4}
!1 = !{i32 1, !"branch-target-enforcement", i32 0}
!2 = !{i32 1, !"sign-return-address", i32 0}
!3 = !{i32 1, !"sign-return-address-all", i32 0}
!4 = !{i32 1, !"sign-return-address-with-bkey", i32 0}
!5 = !{i32 7, !"PIC Level", i32 2}
!6 = !{i32 7, !"PIE Level", i32 2}
!7 = !{i32 7, !"uwtable", i32 1}
!8 = !{i32 7, !"frame-pointer", i32 1}
!9 = !{!"Ubuntu clang version 14.0.0-1ubuntu1.1"}
*** IR Dump Before EliminateAvailableExternallyPass on [module] ***
; ModuleID = 'mixBits.in.ll'
source_filename = "mixBits.c"
target datalayout = "e-m:e-i8:8:32-i16:16:32-i64:64-i128:128-n32:64-S128"
target triple = "aarch64-unknown-linux-gnu"

; Function Attrs: nofree nosync nounwind readnone uwtable
define dso_local i32 @mixBits(i32 noundef %0, i32 noundef %1) local_unnamed_addr #0 {
  %3 = icmp slt i32 %0, 1
  br i1 %3, label %10, label %4

4:                                                ; preds = %2
  %5 = add nsw i32 %0, -1
  %6 = xor i32 %1, %0
  %7 = ashr i32 %1, 1
  %8 = add nsw i32 %6, %7
  %9 = call i32 @mixBits(i32 noundef %5, i32 noundef %8)
  br label %10

10:                                               ; preds = %2, %4
  %.0 = phi i32 [ %9, %4 ], [ %1, %2 ]
  ret i32 %.0
}

attributes #0 = { nofree nosync nounwind readnone uwtable "frame-pointer"="non-leaf" "min-legal-vector-width"="0" "no-trapping-math"="true" "stack-protector-buffer-size"="8" "target-cpu"="generic" "target-features"="+neon,+outline-atomics,+v8a" }

!llvm.module.flags = !{!0, !1, !2, !3, !4, !5, !6, !7, !8}
!llvm.ident = !{!9}

!0 = !{i32 1, !"wchar_size", i32 4}
!1 = !{i32 1, !"branch-target-enforcement", i32 0}
!2 = !{i32 1, !"sign-return-address", i32 0}
!3 = !{i32 1, !"sign-return-address-all", i32 0}
!4 = !{i32 1, !"sign-return-address-with-bkey", i32 0}
!5 = !{i32 7, !"PIC Level", i32 2}
!6 = !{i32 7, !"PIE Level", i32 2}
!7 = !{i32 7, !"uwtable", i32 1}
!8 = !{i32 7, !"frame-pointer", i32 1}
!9 = !{!"Ubuntu clang version 14.0.0-1ubuntu1.1"}
*** IR Dump After EliminateAvailableExternallyPass on [module] ***
; ModuleID = 'mixBits.in.ll'
source_filename = "mixBits.c"
target datalayout = "e-m:e-i8:8:32-i16:16:32-i64:64-i128:128-n32:64-S128"
target triple = "aarch64-unknown-linux-gnu"

; Function Attrs: nofree nosync nounwind readnone uwtable
define dso_local i32 @mixBits(i32 noundef %0, i32 noundef %1) local_unnamed_addr #0 {
  %3 = icmp slt i32 %0, 1
  br i1 %3, label %10, label %4

4:                                                ; preds = %2
  %5 = add nsw i32 %0, -1
  %6 = xor i32 %1, %0
  %7 = ashr i32 %1, 1
  %8 = add nsw i32 %6, %7
  %9 = call i32 @mixBits(i32 noundef %5, i32 noundef %8)
  br label %10

10:                                               ; preds = %2, %4
  %.0 = phi i32 [ %9, %4 ], [ %1, %2 ]
  ret i32 %.0
}

attributes #0 = { nofree nosync nounwind readnone uwtable "frame-pointer"="non-leaf" "min-legal-vector-width"="0" "no-trapping-math"="true" "stack-protector-buffer-size"="8" "target-cpu"="generic" "target-features"="+neon,+outline-atomics,+v8a" }

!llvm.module.flags = !{!0, !1, !2, !3, !4, !5, !6, !7, !8}
!llvm.ident = !{!9}

!0 = !{i32 1, !"wchar_size", i32 4}
!1 = !{i32 1, !"branch-target-enforcement", i32 0}
!2 = !{i32 1, !"sign-return-address", i32 0}
!3 = !{i32 1, !"sign-return-address-all", i32 0}
!4 = !{i32 1, !"sign-return-address-with-bkey", i32 0}
!5 = !{i32 7, !"PIC Level", i32 2}
!6 = !{i32 7, !"PIE Level", i32 2}
!7 = !{i32 7, !"uwtable", i32 1}
!8 = !{i32 7, !"frame-pointer", i32 1}
!9 = !{!"Ubuntu clang version 14.0.0-1ubuntu1.1"}
*** IR Dump Before ReversePostOrderFunctionAttrsPass on [module] ***
; ModuleID = 'mixBits.in.ll'
source_filename = "mixBits.c"
target datalayout = "e-m:e-i8:8:32-i16:16:32-i64:64-i128:128-n32:64-S128"
target triple = "aarch64-unknown-linux-gnu"

; Function Attrs: nofree nosync nounwind readnone uwtable
define dso_local i32 @mixBits(i32 noundef %0, i32 noundef %1) local_unnamed_addr #0 {
  %3 = icmp slt i32 %0, 1
  br i1 %3, label %10, label %4

4:                                                ; preds = %2
  %5 = add nsw i32 %0, -1
  %6 = xor i32 %1, %0
  %7 = ashr i32 %1, 1
  %8 = add nsw i32 %6, %7
  %9 = call i32 @mixBits(i32 noundef %5, i32 noundef %8)
  br label %10

10:                                               ; preds = %2, %4
  %.0 = phi i32 [ %9, %4 ], [ %1, %2 ]
  ret i32 %.0
}

attributes #0 = { nofree nosync nounwind readnone uwtable "frame-pointer"="non-leaf" "min-legal-vector-width"="0" "no-trapping-math"="true" "stack-protector-buffer-size"="8" "target-cpu"="generic" "target-features"="+neon,+outline-atomics,+v8a" }

!llvm.module.flags = !{!0, !1, !2, !3, !4, !5, !6, !7, !8}
!llvm.ident = !{!9}

!0 = !{i32 1, !"wchar_size", i32 4}
!1 = !{i32 1, !"branch-target-enforcement", i32 0}
!2 = !{i32 1, !"sign-return-address", i32 0}
!3 = !{i32 1, !"sign-return-address-all", i32 0}
!4 = !{i32 1, !"sign-return-address-with-bkey", i32 0}
!5 = !{i32 7, !"PIC Level", i32 2}
!6 = !{i32 7, !"PIE Level", i32 2}
!7 = !{i32 7, !"uwtable", i32 1}
!8 = !{i32 7, !"frame-pointer", i32 1}
!9 = !{!"Ubuntu clang version 14.0.0-1ubuntu1.1"}
*** IR Dump After ReversePostOrderFunctionAttrsPass on [module] ***
; ModuleID = 'mixBits.in.ll'
source_filename = "mixBits.c"
target datalayout = "e-m:e-i8:8:32-i16:16:32-i64:64-i128:128-n32:64-S128"
target triple = "aarch64-unknown-linux-gnu"

; Function Attrs: nofree nosync nounwind readnone uwtable
define dso_local i32 @mixBits(i32 noundef %0, i32 noundef %1) local_unnamed_addr #0 {
  %3 = icmp slt i32 %0, 1
  br i1 %3, label %10, label %4

4:                                                ; preds = %2
  %5 = add nsw i32 %0, -1
  %6 = xor i32 %1, %0
  %7 = ashr i32 %1, 1
  %8 = add nsw i32 %6, %7
  %9 = call i32 @mixBits(i32 noundef %5, i32 noundef %8)
  br label %10

10:                                               ; preds = %2, %4
  %.0 = phi i32 [ %9, %4 ], [ %1, %2 ]
  ret i32 %.0
}

attributes #0 = { nofree nosync nounwind readnone uwtable "frame-pointer"="non-leaf" "min-legal-vector-width"="0" "no-trapping-math"="true" "stack-protector-buffer-size"="8" "target-cpu"="generic" "target-features"="+neon,+outline-atomics,+v8a" }

!llvm.module.flags = !{!0, !1, !2, !3, !4, !5, !6, !7, !8}
!llvm.ident = !{!9}

!0 = !{i32 1, !"wchar_size", i32 4}
!1 = !{i32 1, !"branch-target-enforcement", i32 0}
!2 = !{i32 1, !"sign-return-address", i32 0}
!3 = !{i32 1, !"sign-return-address-all", i32 0}
!4 = !{i32 1, !"sign-return-address-with-bkey", i32 0}
!5 = !{i32 7, !"PIC Level", i32 2}
!6 = !{i32 7, !"PIE Level", i32 2}
!7 = !{i32 7, !"uwtable", i32 1}
!8 = !{i32 7, !"frame-pointer", i32 1}
!9 = !{!"Ubuntu clang version 14.0.0-1ubuntu1.1"}
*** IR Dump Before RequireAnalysisPass<llvm::GlobalsAA, llvm::Module> on [module] ***
; ModuleID = 'mixBits.in.ll'
source_filename = "mixBits.c"
target datalayout = "e-m:e-i8:8:32-i16:16:32-i64:64-i128:128-n32:64-S128"
target triple = "aarch64-unknown-linux-gnu"

; Function Attrs: nofree nosync nounwind readnone uwtable
define dso_local i32 @mixBits(i32 noundef %0, i32 noundef %1) local_unnamed_addr #0 {
  %3 = icmp slt i32 %0, 1
  br i1 %3, label %10, label %4

4:                                                ; preds = %2
  %5 = add nsw i32 %0, -1
  %6 = xor i32 %1, %0
  %7 = ashr i32 %1, 1
  %8 = add nsw i32 %6, %7
  %9 = call i32 @mixBits(i32 noundef %5, i32 noundef %8)
  br label %10

10:                                               ; preds = %2, %4
  %.0 = phi i32 [ %9, %4 ], [ %1, %2 ]
  ret i32 %.0
}

attributes #0 = { nofree nosync nounwind readnone uwtable "frame-pointer"="non-leaf" "min-legal-vector-width"="0" "no-trapping-math"="true" "stack-protector-buffer-size"="8" "target-cpu"="generic" "target-features"="+neon,+outline-atomics,+v8a" }

!llvm.module.flags = !{!0, !1, !2, !3, !4, !5, !6, !7, !8}
!llvm.ident = !{!9}

!0 = !{i32 1, !"wchar_size", i32 4}
!1 = !{i32 1, !"branch-target-enforcement", i32 0}
!2 = !{i32 1, !"sign-return-address", i32 0}
!3 = !{i32 1, !"sign-return-address-all", i32 0}
!4 = !{i32 1, !"sign-return-address-with-bkey", i32 0}
!5 = !{i32 7, !"PIC Level", i32 2}
!6 = !{i32 7, !"PIE Level", i32 2}
!7 = !{i32 7, !"uwtable", i32 1}
!8 = !{i32 7, !"frame-pointer", i32 1}
!9 = !{!"Ubuntu clang version 14.0.0-1ubuntu1.1"}
*** IR Dump After RequireAnalysisPass<llvm::GlobalsAA, llvm::Module> on [module] ***
; ModuleID = 'mixBits.in.ll'
source_filename = "mixBits.c"
target datalayout = "e-m:e-i8:8:32-i16:16:32-i64:64-i128:128-n32:64-S128"
target triple = "aarch64-unknown-linux-gnu"

; Function Attrs: nofree nosync nounwind readnone uwtable
define dso_local i32 @mixBits(i32 noundef %0, i32 noundef %1) local_unnamed_addr #0 {
  %3 = icmp slt i32 %0, 1
  br i1 %3, label %10, label %4

4:                                                ; preds = %2
  %5 = add nsw i32 %0, -1
  %6 = xor i32 %1, %0
  %7 = ashr i32 %1, 1
  %8 = add nsw i32 %6, %7
  %9 = call i32 @mixBits(i32 noundef %5, i32 noundef %8)
  br label %10

10:                                               ; preds = %2, %4
  %.0 = phi i32 [ %9, %4 ], [ %1, %2 ]
  ret i32 %.0
}

attributes #0 = { nofree nosync nounwind readnone uwtable "frame-pointer"="non-leaf" "min-legal-vector-width"="0" "no-trapping-math"="true" "stack-protector-buffer-size"="8" "target-cpu"="generic" "target-features"="+neon,+outline-atomics,+v8a" }

!llvm.module.flags = !{!0, !1, !2, !3, !4, !5, !6, !7, !8}
!llvm.ident = !{!9}

!0 = !{i32 1, !"wchar_size", i32 4}
!1 = !{i32 1, !"branch-target-enforcement", i32 0}
!2 = !{i32 1, !"sign-return-address", i32 0}
!3 = !{i32 1, !"sign-return-address-all", i32 0}
!4 = !{i32 1, !"sign-return-address-with-bkey", i32 0}
!5 = !{i32 7, !"PIC Level", i32 2}
!6 = !{i32 7, !"PIE Level", i32 2}
!7 = !{i32 7, !"uwtable", i32 1}
!8 = !{i32 7, !"frame-pointer", i32 1}
!9 = !{!"Ubuntu clang version 14.0.0-1ubuntu1.1"}
*** IR Dump Before Float2IntPass on mixBits ***
; Function Attrs: nofree nosync nounwind readnone uwtable
define dso_local i32 @mixBits(i32 noundef %0, i32 noundef %1) local_unnamed_addr #0 {
  %3 = icmp slt i32 %0, 1
  br i1 %3, label %10, label %4

4:                                                ; preds = %2
  %5 = add nsw i32 %0, -1
  %6 = xor i32 %1, %0
  %7 = ashr i32 %1, 1
  %8 = add nsw i32 %6, %7
  %9 = call i32 @mixBits(i32 noundef %5, i32 noundef %8)
  br label %10

10:                                               ; preds = %2, %4
  %.0 = phi i32 [ %9, %4 ], [ %1, %2 ]
  ret i32 %.0
}
*** IR Dump After Float2IntPass on mixBits ***
; Function Attrs: nofree nosync nounwind readnone uwtable
define dso_local i32 @mixBits(i32 noundef %0, i32 noundef %1) local_unnamed_addr #0 {
  %3 = icmp slt i32 %0, 1
  br i1 %3, label %10, label %4

4:                                                ; preds = %2
  %5 = add nsw i32 %0, -1
  %6 = xor i32 %1, %0
  %7 = ashr i32 %1, 1
  %8 = add nsw i32 %6, %7
  %9 = call i32 @mixBits(i32 noundef %5, i32 noundef %8)
  br label %10

10:                                               ; preds = %2, %4
  %.0 = phi i32 [ %9, %4 ], [ %1, %2 ]
  ret i32 %.0
}
*** IR Dump Before LowerConstantIntrinsicsPass on mixBits ***
; Function Attrs: nofree nosync nounwind readnone uwtable
define dso_local i32 @mixBits(i32 noundef %0, i32 noundef %1) local_unnamed_addr #0 {
  %3 = icmp slt i32 %0, 1
  br i1 %3, label %10, label %4

4:                                                ; preds = %2
  %5 = add nsw i32 %0, -1
  %6 = xor i32 %1, %0
  %7 = ashr i32 %1, 1
  %8 = add nsw i32 %6, %7
  %9 = call i32 @mixBits(i32 noundef %5, i32 noundef %8)
  br label %10

10:                                               ; preds = %2, %4
  %.0 = phi i32 [ %9, %4 ], [ %1, %2 ]
  ret i32 %.0
}
*** IR Dump After LowerConstantIntrinsicsPass on mixBits ***
; Function Attrs: nofree nosync nounwind readnone uwtable
define dso_local i32 @mixBits(i32 noundef %0, i32 noundef %1) local_unnamed_addr #0 {
  %3 = icmp slt i32 %0, 1
  br i1 %3, label %10, label %4

4:                                                ; preds = %2
  %5 = add nsw i32 %0, -1
  %6 = xor i32 %1, %0
  %7 = ashr i32 %1, 1
  %8 = add nsw i32 %6, %7
  %9 = call i32 @mixBits(i32 noundef %5, i32 noundef %8)
  br label %10

10:                                               ; preds = %2, %4
  %.0 = phi i32 [ %9, %4 ], [ %1, %2 ]
  ret i32 %.0
}
*** IR Dump Before LoopSimplifyPass on mixBits ***
; Function Attrs: nofree nosync nounwind readnone uwtable
define dso_local i32 @mixBits(i32 noundef %0, i32 noundef %1) local_unnamed_addr #0 {
  %3 = icmp slt i32 %0, 1
  br i1 %3, label %10, label %4

4:                                                ; preds = %2
  %5 = add nsw i32 %0, -1
  %6 = xor i32 %1, %0
  %7 = ashr i32 %1, 1
  %8 = add nsw i32 %6, %7
  %9 = call i32 @mixBits(i32 noundef %5, i32 noundef %8)
  br label %10

10:                                               ; preds = %2, %4
  %.0 = phi i32 [ %9, %4 ], [ %1, %2 ]
  ret i32 %.0
}
*** IR Dump After LoopSimplifyPass on mixBits ***
; Function Attrs: nofree nosync nounwind readnone uwtable
define dso_local i32 @mixBits(i32 noundef %0, i32 noundef %1) local_unnamed_addr #0 {
  %3 = icmp slt i32 %0, 1
  br i1 %3, label %10, label %4

4:                                                ; preds = %2
  %5 = add nsw i32 %0, -1
  %6 = xor i32 %1, %0
  %7 = ashr i32 %1, 1
  %8 = add nsw i32 %6, %7
  %9 = call i32 @mixBits(i32 noundef %5, i32 noundef %8)
  br label %10

10:                                               ; preds = %2, %4
  %.0 = phi i32 [ %9, %4 ], [ %1, %2 ]
  ret i32 %.0
}
*** IR Dump Before LCSSAPass on mixBits ***
; Function Attrs: nofree nosync nounwind readnone uwtable
define dso_local i32 @mixBits(i32 noundef %0, i32 noundef %1) local_unnamed_addr #0 {
  %3 = icmp slt i32 %0, 1
  br i1 %3, label %10, label %4

4:                                                ; preds = %2
  %5 = add nsw i32 %0, -1
  %6 = xor i32 %1, %0
  %7 = ashr i32 %1, 1
  %8 = add nsw i32 %6, %7
  %9 = call i32 @mixBits(i32 noundef %5, i32 noundef %8)
  br label %10

10:                                               ; preds = %2, %4
  %.0 = phi i32 [ %9, %4 ], [ %1, %2 ]
  ret i32 %.0
}
*** IR Dump After LCSSAPass on mixBits ***
; Function Attrs: nofree nosync nounwind readnone uwtable
define dso_local i32 @mixBits(i32 noundef %0, i32 noundef %1) local_unnamed_addr #0 {
  %3 = icmp slt i32 %0, 1
  br i1 %3, label %10, label %4

4:                                                ; preds = %2
  %5 = add nsw i32 %0, -1
  %6 = xor i32 %1, %0
  %7 = ashr i32 %1, 1
  %8 = add nsw i32 %6, %7
  %9 = call i32 @mixBits(i32 noundef %5, i32 noundef %8)
  br label %10

10:                                               ; preds = %2, %4
  %.0 = phi i32 [ %9, %4 ], [ %1, %2 ]
  ret i32 %.0
}
*** IR Dump Before LoopDistributePass on mixBits ***
; Function Attrs: nofree nosync nounwind readnone uwtable
define dso_local i32 @mixBits(i32 noundef %0, i32 noundef %1) local_unnamed_addr #0 {
  %3 = icmp slt i32 %0, 1
  br i1 %3, label %10, label %4

4:                                                ; preds = %2
  %5 = add nsw i32 %0, -1
  %6 = xor i32 %1, %0
  %7 = ashr i32 %1, 1
  %8 = add nsw i32 %6, %7
  %9 = call i32 @mixBits(i32 noundef %5, i32 noundef %8)
  br label %10

10:                                               ; preds = %2, %4
  %.0 = phi i32 [ %9, %4 ], [ %1, %2 ]
  ret i32 %.0
}
*** IR Dump After LoopDistributePass on mixBits ***
; Function Attrs: nofree nosync nounwind readnone uwtable
define dso_local i32 @mixBits(i32 noundef %0, i32 noundef %1) local_unnamed_addr #0 {
  %3 = icmp slt i32 %0, 1
  br i1 %3, label %10, label %4

4:                                                ; preds = %2
  %5 = add nsw i32 %0, -1
  %6 = xor i32 %1, %0
  %7 = ashr i32 %1, 1
  %8 = add nsw i32 %6, %7
  %9 = call i32 @mixBits(i32 noundef %5, i32 noundef %8)
  br label %10

10:                                               ; preds = %2, %4
  %.0 = phi i32 [ %9, %4 ], [ %1, %2 ]
  ret i32 %.0
}
*** IR Dump Before InjectTLIMappings on mixBits ***
; Function Attrs: nofree nosync nounwind readnone uwtable
define dso_local i32 @mixBits(i32 noundef %0, i32 noundef %1) local_unnamed_addr #0 {
  %3 = icmp slt i32 %0, 1
  br i1 %3, label %10, label %4

4:                                                ; preds = %2
  %5 = add nsw i32 %0, -1
  %6 = xor i32 %1, %0
  %7 = ashr i32 %1, 1
  %8 = add nsw i32 %6, %7
  %9 = call i32 @mixBits(i32 noundef %5, i32 noundef %8)
  br label %10

10:                                               ; preds = %2, %4
  %.0 = phi i32 [ %9, %4 ], [ %1, %2 ]
  ret i32 %.0
}
*** IR Dump After InjectTLIMappings on mixBits ***
; Function Attrs: nofree nosync nounwind readnone uwtable
define dso_local i32 @mixBits(i32 noundef %0, i32 noundef %1) local_unnamed_addr #0 {
  %3 = icmp slt i32 %0, 1
  br i1 %3, label %10, label %4

4:                                                ; preds = %2
  %5 = add nsw i32 %0, -1
  %6 = xor i32 %1, %0
  %7 = ashr i32 %1, 1
  %8 = add nsw i32 %6, %7
  %9 = call i32 @mixBits(i32 noundef %5, i32 noundef %8)
  br label %10

10:                                               ; preds = %2, %4
  %.0 = phi i32 [ %9, %4 ], [ %1, %2 ]
  ret i32 %.0
}
*** IR Dump Before LoopVectorizePass on mixBits ***
; Function Attrs: nofree nosync nounwind readnone uwtable
define dso_local i32 @mixBits(i32 noundef %0, i32 noundef %1) local_unnamed_addr #0 {
  %3 = icmp slt i32 %0, 1
  br i1 %3, label %10, label %4

4:                                                ; preds = %2
  %5 = add nsw i32 %0, -1
  %6 = xor i32 %1, %0
  %7 = ashr i32 %1, 1
  %8 = add nsw i32 %6, %7
  %9 = call i32 @mixBits(i32 noundef %5, i32 noundef %8)
  br label %10

10:                                               ; preds = %2, %4
  %.0 = phi i32 [ %9, %4 ], [ %1, %2 ]
  ret i32 %.0
}
*** IR Dump After LoopVectorizePass on mixBits ***
; Function Attrs: nofree nosync nounwind readnone uwtable
define dso_local i32 @mixBits(i32 noundef %0, i32 noundef %1) local_unnamed_addr #0 {
  %3 = icmp slt i32 %0, 1
  br i1 %3, label %10, label %4

4:                                                ; preds = %2
  %5 = add nsw i32 %0, -1
  %6 = xor i32 %1, %0
  %7 = ashr i32 %1, 1
  %8 = add nsw i32 %6, %7
  %9 = call i32 @mixBits(i32 noundef %5, i32 noundef %8)
  br label %10

10:                                               ; preds = %2, %4
  %.0 = phi i32 [ %9, %4 ], [ %1, %2 ]
  ret i32 %.0
}
*** IR Dump Before LoopLoadEliminationPass on mixBits ***
; Function Attrs: nofree nosync nounwind readnone uwtable
define dso_local i32 @mixBits(i32 noundef %0, i32 noundef %1) local_unnamed_addr #0 {
  %3 = icmp slt i32 %0, 1
  br i1 %3, label %10, label %4

4:                                                ; preds = %2
  %5 = add nsw i32 %0, -1
  %6 = xor i32 %1, %0
  %7 = ashr i32 %1, 1
  %8 = add nsw i32 %6, %7
  %9 = call i32 @mixBits(i32 noundef %5, i32 noundef %8)
  br label %10

10:                                               ; preds = %2, %4
  %.0 = phi i32 [ %9, %4 ], [ %1, %2 ]
  ret i32 %.0
}
*** IR Dump After LoopLoadEliminationPass on mixBits ***
; Function Attrs: nofree nosync nounwind readnone uwtable
define dso_local i32 @mixBits(i32 noundef %0, i32 noundef %1) local_unnamed_addr #0 {
  %3 = icmp slt i32 %0, 1
  br i1 %3, label %10, label %4

4:                                                ; preds = %2
  %5 = add nsw i32 %0, -1
  %6 = xor i32 %1, %0
  %7 = ashr i32 %1, 1
  %8 = add nsw i32 %6, %7
  %9 = call i32 @mixBits(i32 noundef %5, i32 noundef %8)
  br label %10

10:                                               ; preds = %2, %4
  %.0 = phi i32 [ %9, %4 ], [ %1, %2 ]
  ret i32 %.0
}
*** IR Dump Before InstCombinePass on mixBits ***
; Function Attrs: nofree nosync nounwind readnone uwtable
define dso_local i32 @mixBits(i32 noundef %0, i32 noundef %1) local_unnamed_addr #0 {
  %3 = icmp slt i32 %0, 1
  br i1 %3, label %10, label %4

4:                                                ; preds = %2
  %5 = add nsw i32 %0, -1
  %6 = xor i32 %1, %0
  %7 = ashr i32 %1, 1
  %8 = add nsw i32 %6, %7
  %9 = call i32 @mixBits(i32 noundef %5, i32 noundef %8)
  br label %10

10:                                               ; preds = %2, %4
  %.0 = phi i32 [ %9, %4 ], [ %1, %2 ]
  ret i32 %.0
}
*** IR Dump After InstCombinePass on mixBits ***
; Function Attrs: nofree nosync nounwind readnone uwtable
define dso_local i32 @mixBits(i32 noundef %0, i32 noundef %1) local_unnamed_addr #0 {
  %3 = icmp slt i32 %0, 1
  br i1 %3, label %10, label %4

4:                                                ; preds = %2
  %5 = add nsw i32 %0, -1
  %6 = xor i32 %1, %0
  %7 = ashr i32 %1, 1
  %8 = add nsw i32 %6, %7
  %9 = call i32 @mixBits(i32 noundef %5, i32 noundef %8)
  br label %10

10:                                               ; preds = %2, %4
  %.0 = phi i32 [ %9, %4 ], [ %1, %2 ]
  ret i32 %.0
}
*** IR Dump Before SimplifyCFGPass on mixBits ***
; Function Attrs: nofree nosync nounwind readnone uwtable
define dso_local i32 @mixBits(i32 noundef %0, i32 noundef %1) local_unnamed_addr #0 {
  %3 = icmp slt i32 %0, 1
  br i1 %3, label %10, label %4

4:                                                ; preds = %2
  %5 = add nsw i32 %0, -1
  %6 = xor i32 %1, %0
  %7 = ashr i32 %1, 1
  %8 = add nsw i32 %6, %7
  %9 = call i32 @mixBits(i32 noundef %5, i32 noundef %8)
  br label %10

10:                                               ; preds = %2, %4
  %.0 = phi i32 [ %9, %4 ], [ %1, %2 ]
  ret i32 %.0
}
*** IR Dump After SimplifyCFGPass on mixBits ***
; Function Attrs: nofree nosync nounwind readnone uwtable
define dso_local i32 @mixBits(i32 noundef %0, i32 noundef %1) local_unnamed_addr #0 {
  %3 = icmp slt i32 %0, 1
  br i1 %3, label %10, label %4

4:                                                ; preds = %2
  %5 = add nsw i32 %0, -1
  %6 = xor i32 %1, %0
  %7 = ashr i32 %1, 1
  %8 = add nsw i32 %6, %7
  %9 = call i32 @mixBits(i32 noundef %5, i32 noundef %8)
  br label %10

10:                                               ; preds = %2, %4
  %.0 = phi i32 [ %9, %4 ], [ %1, %2 ]
  ret i32 %.0
}
*** IR Dump Before VectorCombinePass on mixBits ***
; Function Attrs: nofree nosync nounwind readnone uwtable
define dso_local i32 @mixBits(i32 noundef %0, i32 noundef %1) local_unnamed_addr #0 {
  %3 = icmp slt i32 %0, 1
  br i1 %3, label %10, label %4

4:                                                ; preds = %2
  %5 = add nsw i32 %0, -1
  %6 = xor i32 %1, %0
  %7 = ashr i32 %1, 1
  %8 = add nsw i32 %6, %7
  %9 = call i32 @mixBits(i32 noundef %5, i32 noundef %8)
  br label %10

10:                                               ; preds = %2, %4
  %.0 = phi i32 [ %9, %4 ], [ %1, %2 ]
  ret i32 %.0
}
*** IR Dump After VectorCombinePass on mixBits ***
; Function Attrs: nofree nosync nounwind readnone uwtable
define dso_local i32 @mixBits(i32 noundef %0, i32 noundef %1) local_unnamed_addr #0 {
  %3 = icmp slt i32 %0, 1
  br i1 %3, label %10, label %4

4:                                                ; preds = %2
  %5 = add nsw i32 %0, -1
  %6 = xor i32 %1, %0
  %7 = ashr i32 %1, 1
  %8 = add nsw i32 %6, %7
  %9 = call i32 @mixBits(i32 noundef %5, i32 noundef %8)
  br label %10

10:                                               ; preds = %2, %4
  %.0 = phi i32 [ %9, %4 ], [ %1, %2 ]
  ret i32 %.0
}
*** IR Dump Before InstCombinePass on mixBits ***
; Function Attrs: nofree nosync nounwind readnone uwtable
define dso_local i32 @mixBits(i32 noundef %0, i32 noundef %1) local_unnamed_addr #0 {
  %3 = icmp slt i32 %0, 1
  br i1 %3, label %10, label %4

4:                                                ; preds = %2
  %5 = add nsw i32 %0, -1
  %6 = xor i32 %1, %0
  %7 = ashr i32 %1, 1
  %8 = add nsw i32 %6, %7
  %9 = call i32 @mixBits(i32 noundef %5, i32 noundef %8)
  br label %10

10:                                               ; preds = %2, %4
  %.0 = phi i32 [ %9, %4 ], [ %1, %2 ]
  ret i32 %.0
}
*** IR Dump After InstCombinePass on mixBits ***
; Function Attrs: nofree nosync nounwind readnone uwtable
define dso_local i32 @mixBits(i32 noundef %0, i32 noundef %1) local_unnamed_addr #0 {
  %3 = icmp slt i32 %0, 1
  br i1 %3, label %10, label %4

4:                                                ; preds = %2
  %5 = add nsw i32 %0, -1
  %6 = xor i32 %1, %0
  %7 = ashr i32 %1, 1
  %8 = add nsw i32 %6, %7
  %9 = call i32 @mixBits(i32 noundef %5, i32 noundef %8)
  br label %10

10:                                               ; preds = %2, %4
  %.0 = phi i32 [ %9, %4 ], [ %1, %2 ]
  ret i32 %.0
}
*** IR Dump Before LoopUnrollPass on mixBits ***
; Function Attrs: nofree nosync nounwind readnone uwtable
define dso_local i32 @mixBits(i32 noundef %0, i32 noundef %1) local_unnamed_addr #0 {
  %3 = icmp slt i32 %0, 1
  br i1 %3, label %10, label %4

4:                                                ; preds = %2
  %5 = add nsw i32 %0, -1
  %6 = xor i32 %1, %0
  %7 = ashr i32 %1, 1
  %8 = add nsw i32 %6, %7
  %9 = call i32 @mixBits(i32 noundef %5, i32 noundef %8)
  br label %10

10:                                               ; preds = %2, %4
  %.0 = phi i32 [ %9, %4 ], [ %1, %2 ]
  ret i32 %.0
}
*** IR Dump After LoopUnrollPass on mixBits ***
; Function Attrs: nofree nosync nounwind readnone uwtable
define dso_local i32 @mixBits(i32 noundef %0, i32 noundef %1) local_unnamed_addr #0 {
  %3 = icmp slt i32 %0, 1
  br i1 %3, label %10, label %4

4:                                                ; preds = %2
  %5 = add nsw i32 %0, -1
  %6 = xor i32 %1, %0
  %7 = ashr i32 %1, 1
  %8 = add nsw i32 %6, %7
  %9 = call i32 @mixBits(i32 noundef %5, i32 noundef %8)
  br label %10

10:                                               ; preds = %2, %4
  %.0 = phi i32 [ %9, %4 ], [ %1, %2 ]
  ret i32 %.0
}
*** IR Dump Before WarnMissedTransformationsPass on mixBits ***
; Function Attrs: nofree nosync nounwind readnone uwtable
define dso_local i32 @mixBits(i32 noundef %0, i32 noundef %1) local_unnamed_addr #0 {
  %3 = icmp slt i32 %0, 1
  br i1 %3, label %10, label %4

4:                                                ; preds = %2
  %5 = add nsw i32 %0, -1
  %6 = xor i32 %1, %0
  %7 = ashr i32 %1, 1
  %8 = add nsw i32 %6, %7
  %9 = call i32 @mixBits(i32 noundef %5, i32 noundef %8)
  br label %10

10:                                               ; preds = %2, %4
  %.0 = phi i32 [ %9, %4 ], [ %1, %2 ]
  ret i32 %.0
}
*** IR Dump After WarnMissedTransformationsPass on mixBits ***
; Function Attrs: nofree nosync nounwind readnone uwtable
define dso_local i32 @mixBits(i32 noundef %0, i32 noundef %1) local_unnamed_addr #0 {
  %3 = icmp slt i32 %0, 1
  br i1 %3, label %10, label %4

4:                                                ; preds = %2
  %5 = add nsw i32 %0, -1
  %6 = xor i32 %1, %0
  %7 = ashr i32 %1, 1
  %8 = add nsw i32 %6, %7
  %9 = call i32 @mixBits(i32 noundef %5, i32 noundef %8)
  br label %10

10:                                               ; preds = %2, %4
  %.0 = phi i32 [ %9, %4 ], [ %1, %2 ]
  ret i32 %.0
}
*** IR Dump Before InstCombinePass on mixBits ***
; Function Attrs: nofree nosync nounwind readnone uwtable
define dso_local i32 @mixBits(i32 noundef %0, i32 noundef %1) local_unnamed_addr #0 {
  %3 = icmp slt i32 %0, 1
  br i1 %3, label %10, label %4

4:                                                ; preds = %2
  %5 = add nsw i32 %0, -1
  %6 = xor i32 %1, %0
  %7 = ashr i32 %1, 1
  %8 = add nsw i32 %6, %7
  %9 = call i32 @mixBits(i32 noundef %5, i32 noundef %8)
  br label %10

10:                                               ; preds = %2, %4
  %.0 = phi i32 [ %9, %4 ], [ %1, %2 ]
  ret i32 %.0
}
*** IR Dump After InstCombinePass on mixBits ***
; Function Attrs: nofree nosync nounwind readnone uwtable
define dso_local i32 @mixBits(i32 noundef %0, i32 noundef %1) local_unnamed_addr #0 {
  %3 = icmp slt i32 %0, 1
  br i1 %3, label %10, label %4

4:                                                ; preds = %2
  %5 = add nsw i32 %0, -1
  %6 = xor i32 %1, %0
  %7 = ashr i32 %1, 1
  %8 = add nsw i32 %6, %7
  %9 = call i32 @mixBits(i32 noundef %5, i32 noundef %8)
  br label %10

10:                                               ; preds = %2, %4
  %.0 = phi i32 [ %9, %4 ], [ %1, %2 ]
  ret i32 %.0
}
*** IR Dump Before RequireAnalysisPass<llvm::OptimizationRemarkEmitterAnalysis, llvm::Function> on mixBits ***
; Function Attrs: nofree nosync nounwind readnone uwtable
define dso_local i32 @mixBits(i32 noundef %0, i32 noundef %1) local_unnamed_addr #0 {
  %3 = icmp slt i32 %0, 1
  br i1 %3, label %10, label %4

4:                                                ; preds = %2
  %5 = add nsw i32 %0, -1
  %6 = xor i32 %1, %0
  %7 = ashr i32 %1, 1
  %8 = add nsw i32 %6, %7
  %9 = call i32 @mixBits(i32 noundef %5, i32 noundef %8)
  br label %10

10:                                               ; preds = %2, %4
  %.0 = phi i32 [ %9, %4 ], [ %1, %2 ]
  ret i32 %.0
}
*** IR Dump After RequireAnalysisPass<llvm::OptimizationRemarkEmitterAnalysis, llvm::Function> on mixBits ***
; Function Attrs: nofree nosync nounwind readnone uwtable
define dso_local i32 @mixBits(i32 noundef %0, i32 noundef %1) local_unnamed_addr #0 {
  %3 = icmp slt i32 %0, 1
  br i1 %3, label %10, label %4

4:                                                ; preds = %2
  %5 = add nsw i32 %0, -1
  %6 = xor i32 %1, %0
  %7 = ashr i32 %1, 1
  %8 = add nsw i32 %6, %7
  %9 = call i32 @mixBits(i32 noundef %5, i32 noundef %8)
  br label %10

10:                                               ; preds = %2, %4
  %.0 = phi i32 [ %9, %4 ], [ %1, %2 ]
  ret i32 %.0
}
*** IR Dump Before LoopSimplifyPass on mixBits ***
; Function Attrs: nofree nosync nounwind readnone uwtable
define dso_local i32 @mixBits(i32 noundef %0, i32 noundef %1) local_unnamed_addr #0 {
  %3 = icmp slt i32 %0, 1
  br i1 %3, label %10, label %4

4:                                                ; preds = %2
  %5 = add nsw i32 %0, -1
  %6 = xor i32 %1, %0
  %7 = ashr i32 %1, 1
  %8 = add nsw i32 %6, %7
  %9 = call i32 @mixBits(i32 noundef %5, i32 noundef %8)
  br label %10

10:                                               ; preds = %2, %4
  %.0 = phi i32 [ %9, %4 ], [ %1, %2 ]
  ret i32 %.0
}
*** IR Dump After LoopSimplifyPass on mixBits ***
; Function Attrs: nofree nosync nounwind readnone uwtable
define dso_local i32 @mixBits(i32 noundef %0, i32 noundef %1) local_unnamed_addr #0 {
  %3 = icmp slt i32 %0, 1
  br i1 %3, label %10, label %4

4:                                                ; preds = %2
  %5 = add nsw i32 %0, -1
  %6 = xor i32 %1, %0
  %7 = ashr i32 %1, 1
  %8 = add nsw i32 %6, %7
  %9 = call i32 @mixBits(i32 noundef %5, i32 noundef %8)
  br label %10

10:                                               ; preds = %2, %4
  %.0 = phi i32 [ %9, %4 ], [ %1, %2 ]
  ret i32 %.0
}
*** IR Dump Before LCSSAPass on mixBits ***
; Function Attrs: nofree nosync nounwind readnone uwtable
define dso_local i32 @mixBits(i32 noundef %0, i32 noundef %1) local_unnamed_addr #0 {
  %3 = icmp slt i32 %0, 1
  br i1 %3, label %10, label %4

4:                                                ; preds = %2
  %5 = add nsw i32 %0, -1
  %6 = xor i32 %1, %0
  %7 = ashr i32 %1, 1
  %8 = add nsw i32 %6, %7
  %9 = call i32 @mixBits(i32 noundef %5, i32 noundef %8)
  br label %10

10:                                               ; preds = %2, %4
  %.0 = phi i32 [ %9, %4 ], [ %1, %2 ]
  ret i32 %.0
}
*** IR Dump After LCSSAPass on mixBits ***
; Function Attrs: nofree nosync nounwind readnone uwtable
define dso_local i32 @mixBits(i32 noundef %0, i32 noundef %1) local_unnamed_addr #0 {
  %3 = icmp slt i32 %0, 1
  br i1 %3, label %10, label %4

4:                                                ; preds = %2
  %5 = add nsw i32 %0, -1
  %6 = xor i32 %1, %0
  %7 = ashr i32 %1, 1
  %8 = add nsw i32 %6, %7
  %9 = call i32 @mixBits(i32 noundef %5, i32 noundef %8)
  br label %10

10:                                               ; preds = %2, %4
  %.0 = phi i32 [ %9, %4 ], [ %1, %2 ]
  ret i32 %.0
}
*** IR Dump Before AlignmentFromAssumptionsPass on mixBits ***
; Function Attrs: nofree nosync nounwind readnone uwtable
define dso_local i32 @mixBits(i32 noundef %0, i32 noundef %1) local_unnamed_addr #0 {
  %3 = icmp slt i32 %0, 1
  br i1 %3, label %10, label %4

4:                                                ; preds = %2
  %5 = add nsw i32 %0, -1
  %6 = xor i32 %1, %0
  %7 = ashr i32 %1, 1
  %8 = add nsw i32 %6, %7
  %9 = call i32 @mixBits(i32 noundef %5, i32 noundef %8)
  br label %10

10:                                               ; preds = %2, %4
  %.0 = phi i32 [ %9, %4 ], [ %1, %2 ]
  ret i32 %.0
}
*** IR Dump After AlignmentFromAssumptionsPass on mixBits ***
; Function Attrs: nofree nosync nounwind readnone uwtable
define dso_local i32 @mixBits(i32 noundef %0, i32 noundef %1) local_unnamed_addr #0 {
  %3 = icmp slt i32 %0, 1
  br i1 %3, label %10, label %4

4:                                                ; preds = %2
  %5 = add nsw i32 %0, -1
  %6 = xor i32 %1, %0
  %7 = ashr i32 %1, 1
  %8 = add nsw i32 %6, %7
  %9 = call i32 @mixBits(i32 noundef %5, i32 noundef %8)
  br label %10

10:                                               ; preds = %2, %4
  %.0 = phi i32 [ %9, %4 ], [ %1, %2 ]
  ret i32 %.0
}
*** IR Dump Before LoopSinkPass on mixBits ***
; Function Attrs: nofree nosync nounwind readnone uwtable
define dso_local i32 @mixBits(i32 noundef %0, i32 noundef %1) local_unnamed_addr #0 {
  %3 = icmp slt i32 %0, 1
  br i1 %3, label %10, label %4

4:                                                ; preds = %2
  %5 = add nsw i32 %0, -1
  %6 = xor i32 %1, %0
  %7 = ashr i32 %1, 1
  %8 = add nsw i32 %6, %7
  %9 = call i32 @mixBits(i32 noundef %5, i32 noundef %8)
  br label %10

10:                                               ; preds = %2, %4
  %.0 = phi i32 [ %9, %4 ], [ %1, %2 ]
  ret i32 %.0
}
*** IR Dump After LoopSinkPass on mixBits ***
; Function Attrs: nofree nosync nounwind readnone uwtable
define dso_local i32 @mixBits(i32 noundef %0, i32 noundef %1) local_unnamed_addr #0 {
  %3 = icmp slt i32 %0, 1
  br i1 %3, label %10, label %4

4:                                                ; preds = %2
  %5 = add nsw i32 %0, -1
  %6 = xor i32 %1, %0
  %7 = ashr i32 %1, 1
  %8 = add nsw i32 %6, %7
  %9 = call i32 @mixBits(i32 noundef %5, i32 noundef %8)
  br label %10

10:                                               ; preds = %2, %4
  %.0 = phi i32 [ %9, %4 ], [ %1, %2 ]
  ret i32 %.0
}
*** IR Dump Before InstSimplifyPass on mixBits ***
; Function Attrs: nofree nosync nounwind readnone uwtable
define dso_local i32 @mixBits(i32 noundef %0, i32 noundef %1) local_unnamed_addr #0 {
  %3 = icmp slt i32 %0, 1
  br i1 %3, label %10, label %4

4:                                                ; preds = %2
  %5 = add nsw i32 %0, -1
  %6 = xor i32 %1, %0
  %7 = ashr i32 %1, 1
  %8 = add nsw i32 %6, %7
  %9 = call i32 @mixBits(i32 noundef %5, i32 noundef %8)
  br label %10

10:                                               ; preds = %2, %4
  %.0 = phi i32 [ %9, %4 ], [ %1, %2 ]
  ret i32 %.0
}
*** IR Dump After InstSimplifyPass on mixBits ***
; Function Attrs: nofree nosync nounwind readnone uwtable
define dso_local i32 @mixBits(i32 noundef %0, i32 noundef %1) local_unnamed_addr #0 {
  %3 = icmp slt i32 %0, 1
  br i1 %3, label %10, label %4

4:                                                ; preds = %2
  %5 = add nsw i32 %0, -1
  %6 = xor i32 %1, %0
  %7 = ashr i32 %1, 1
  %8 = add nsw i32 %6, %7
  %9 = call i32 @mixBits(i32 noundef %5, i32 noundef %8)
  br label %10

10:                                               ; preds = %2, %4
  %.0 = phi i32 [ %9, %4 ], [ %1, %2 ]
  ret i32 %.0
}
*** IR Dump Before DivRemPairsPass on mixBits ***
; Function Attrs: nofree nosync nounwind readnone uwtable
define dso_local i32 @mixBits(i32 noundef %0, i32 noundef %1) local_unnamed_addr #0 {
  %3 = icmp slt i32 %0, 1
  br i1 %3, label %10, label %4

4:                                                ; preds = %2
  %5 = add nsw i32 %0, -1
  %6 = xor i32 %1, %0
  %7 = ashr i32 %1, 1
  %8 = add nsw i32 %6, %7
  %9 = call i32 @mixBits(i32 noundef %5, i32 noundef %8)
  br label %10

10:                                               ; preds = %2, %4
  %.0 = phi i32 [ %9, %4 ], [ %1, %2 ]
  ret i32 %.0
}
*** IR Dump After DivRemPairsPass on mixBits ***
; Function Attrs: nofree nosync nounwind readnone uwtable
define dso_local i32 @mixBits(i32 noundef %0, i32 noundef %1) local_unnamed_addr #0 {
  %3 = icmp slt i32 %0, 1
  br i1 %3, label %10, label %4

4:                                                ; preds = %2
  %5 = add nsw i32 %0, -1
  %6 = xor i32 %1, %0
  %7 = ashr i32 %1, 1
  %8 = add nsw i32 %6, %7
  %9 = call i32 @mixBits(i32 noundef %5, i32 noundef %8)
  br label %10

10:                                               ; preds = %2, %4
  %.0 = phi i32 [ %9, %4 ], [ %1, %2 ]
  ret i32 %.0
}
*** IR Dump Before SimplifyCFGPass on mixBits ***
; Function Attrs: nofree nosync nounwind readnone uwtable
define dso_local i32 @mixBits(i32 noundef %0, i32 noundef %1) local_unnamed_addr #0 {
  %3 = icmp slt i32 %0, 1
  br i1 %3, label %10, label %4

4:                                                ; preds = %2
  %5 = add nsw i32 %0, -1
  %6 = xor i32 %1, %0
  %7 = ashr i32 %1, 1
  %8 = add nsw i32 %6, %7
  %9 = call i32 @mixBits(i32 noundef %5, i32 noundef %8)
  br label %10

10:                                               ; preds = %2, %4
  %.0 = phi i32 [ %9, %4 ], [ %1, %2 ]
  ret i32 %.0
}
*** IR Dump After SimplifyCFGPass on mixBits ***
; Function Attrs: nofree nosync nounwind readnone uwtable
define dso_local i32 @mixBits(i32 noundef %0, i32 noundef %1) local_unnamed_addr #0 {
  %3 = icmp slt i32 %0, 1
  br i1 %3, label %10, label %4

4:                                                ; preds = %2
  %5 = add nsw i32 %0, -1
  %6 = xor i32 %1, %0
  %7 = ashr i32 %1, 1
  %8 = add nsw i32 %6, %7
  %9 = call i32 @mixBits(i32 noundef %5, i32 noundef %8)
  br label %10

10:                                               ; preds = %2, %4
  %.0 = phi i32 [ %9, %4 ], [ %1, %2 ]
  ret i32 %.0
}
*** IR Dump Before CoroCleanupPass on mixBits ***
; Function Attrs: nofree nosync nounwind readnone uwtable
define dso_local i32 @mixBits(i32 noundef %0, i32 noundef %1) local_unnamed_addr #0 {
  %3 = icmp slt i32 %0, 1
  br i1 %3, label %10, label %4

4:                                                ; preds = %2
  %5 = add nsw i32 %0, -1
  %6 = xor i32 %1, %0
  %7 = ashr i32 %1, 1
  %8 = add nsw i32 %6, %7
  %9 = call i32 @mixBits(i32 noundef %5, i32 noundef %8)
  br label %10

10:                                               ; preds = %2, %4
  %.0 = phi i32 [ %9, %4 ], [ %1, %2 ]
  ret i32 %.0
}
*** IR Dump After CoroCleanupPass on mixBits ***
; Function Attrs: nofree nosync nounwind readnone uwtable
define dso_local i32 @mixBits(i32 noundef %0, i32 noundef %1) local_unnamed_addr #0 {
  %3 = icmp slt i32 %0, 1
  br i1 %3, label %10, label %4

4:                                                ; preds = %2
  %5 = add nsw i32 %0, -1
  %6 = xor i32 %1, %0
  %7 = ashr i32 %1, 1
  %8 = add nsw i32 %6, %7
  %9 = call i32 @mixBits(i32 noundef %5, i32 noundef %8)
  br label %10

10:                                               ; preds = %2, %4
  %.0 = phi i32 [ %9, %4 ], [ %1, %2 ]
  ret i32 %.0
}
*** IR Dump Before CGProfilePass on [module] ***
; ModuleID = 'mixBits.in.ll'
source_filename = "mixBits.c"
target datalayout = "e-m:e-i8:8:32-i16:16:32-i64:64-i128:128-n32:64-S128"
target triple = "aarch64-unknown-linux-gnu"

; Function Attrs: nofree nosync nounwind readnone uwtable
define dso_local i32 @mixBits(i32 noundef %0, i32 noundef %1) local_unnamed_addr #0 {
  %3 = icmp slt i32 %0, 1
  br i1 %3, label %10, label %4

4:                                                ; preds = %2
  %5 = add nsw i32 %0, -1
  %6 = xor i32 %1, %0
  %7 = ashr i32 %1, 1
  %8 = add nsw i32 %6, %7
  %9 = call i32 @mixBits(i32 noundef %5, i32 noundef %8)
  br label %10

10:                                               ; preds = %2, %4
  %.0 = phi i32 [ %9, %4 ], [ %1, %2 ]
  ret i32 %.0
}

attributes #0 = { nofree nosync nounwind readnone uwtable "frame-pointer"="non-leaf" "min-legal-vector-width"="0" "no-trapping-math"="true" "stack-protector-buffer-size"="8" "target-cpu"="generic" "target-features"="+neon,+outline-atomics,+v8a" }

!llvm.module.flags = !{!0, !1, !2, !3, !4, !5, !6, !7, !8}
!llvm.ident = !{!9}

!0 = !{i32 1, !"wchar_size", i32 4}
!1 = !{i32 1, !"branch-target-enforcement", i32 0}
!2 = !{i32 1, !"sign-return-address", i32 0}
!3 = !{i32 1, !"sign-return-address-all", i32 0}
!4 = !{i32 1, !"sign-return-address-with-bkey", i32 0}
!5 = !{i32 7, !"PIC Level", i32 2}
!6 = !{i32 7, !"PIE Level", i32 2}
!7 = !{i32 7, !"uwtable", i32 1}
!8 = !{i32 7, !"frame-pointer", i32 1}
!9 = !{!"Ubuntu clang version 14.0.0-1ubuntu1.1"}
*** IR Dump After CGProfilePass on [module] ***
; ModuleID = 'mixBits.in.ll'
source_filename = "mixBits.c"
target datalayout = "e-m:e-i8:8:32-i16:16:32-i64:64-i128:128-n32:64-S128"
target triple = "aarch64-unknown-linux-gnu"

; Function Attrs: nofree nosync nounwind readnone uwtable
define dso_local i32 @mixBits(i32 noundef %0, i32 noundef %1) local_unnamed_addr #0 {
  %3 = icmp slt i32 %0, 1
  br i1 %3, label %10, label %4

4:                                                ; preds = %2
  %5 = add nsw i32 %0, -1
  %6 = xor i32 %1, %0
  %7 = ashr i32 %1, 1
  %8 = add nsw i32 %6, %7
  %9 = call i32 @mixBits(i32 noundef %5, i32 noundef %8)
  br label %10

10:                                               ; preds = %2, %4
  %.0 = phi i32 [ %9, %4 ], [ %1, %2 ]
  ret i32 %.0
}

attributes #0 = { nofree nosync nounwind readnone uwtable "frame-pointer"="non-leaf" "min-legal-vector-width"="0" "no-trapping-math"="true" "stack-protector-buffer-size"="8" "target-cpu"="generic" "target-features"="+neon,+outline-atomics,+v8a" }

!llvm.module.flags = !{!0, !1, !2, !3, !4, !5, !6, !7, !8}
!llvm.ident = !{!9}

!0 = !{i32 1, !"wchar_size", i32 4}
!1 = !{i32 1, !"branch-target-enforcement", i32 0}
!2 = !{i32 1, !"sign-return-address", i32 0}
!3 = !{i32 1, !"sign-return-address-all", i32 0}
!4 = !{i32 1, !"sign-return-address-with-bkey", i32 0}
!5 = !{i32 7, !"PIC Level", i32 2}
!6 = !{i32 7, !"PIE Level", i32 2}
!7 = !{i32 7, !"uwtable", i32 1}
!8 = !{i32 7, !"frame-pointer", i32 1}
!9 = !{!"Ubuntu clang version 14.0.0-1ubuntu1.1"}
*** IR Dump Before GlobalDCEPass on [module] ***
; ModuleID = 'mixBits.in.ll'
source_filename = "mixBits.c"
target datalayout = "e-m:e-i8:8:32-i16:16:32-i64:64-i128:128-n32:64-S128"
target triple = "aarch64-unknown-linux-gnu"

; Function Attrs: nofree nosync nounwind readnone uwtable
define dso_local i32 @mixBits(i32 noundef %0, i32 noundef %1) local_unnamed_addr #0 {
  %3 = icmp slt i32 %0, 1
  br i1 %3, label %10, label %4

4:                                                ; preds = %2
  %5 = add nsw i32 %0, -1
  %6 = xor i32 %1, %0
  %7 = ashr i32 %1, 1
  %8 = add nsw i32 %6, %7
  %9 = call i32 @mixBits(i32 noundef %5, i32 noundef %8)
  br label %10

10:                                               ; preds = %2, %4
  %.0 = phi i32 [ %9, %4 ], [ %1, %2 ]
  ret i32 %.0
}

attributes #0 = { nofree nosync nounwind readnone uwtable "frame-pointer"="non-leaf" "min-legal-vector-width"="0" "no-trapping-math"="true" "stack-protector-buffer-size"="8" "target-cpu"="generic" "target-features"="+neon,+outline-atomics,+v8a" }

!llvm.module.flags = !{!0, !1, !2, !3, !4, !5, !6, !7, !8}
!llvm.ident = !{!9}

!0 = !{i32 1, !"wchar_size", i32 4}
!1 = !{i32 1, !"branch-target-enforcement", i32 0}
!2 = !{i32 1, !"sign-return-address", i32 0}
!3 = !{i32 1, !"sign-return-address-all", i32 0}
!4 = !{i32 1, !"sign-return-address-with-bkey", i32 0}
!5 = !{i32 7, !"PIC Level", i32 2}
!6 = !{i32 7, !"PIE Level", i32 2}
!7 = !{i32 7, !"uwtable", i32 1}
!8 = !{i32 7, !"frame-pointer", i32 1}
!9 = !{!"Ubuntu clang version 14.0.0-1ubuntu1.1"}
*** IR Dump After GlobalDCEPass on [module] ***
; ModuleID = 'mixBits.in.ll'
source_filename = "mixBits.c"
target datalayout = "e-m:e-i8:8:32-i16:16:32-i64:64-i128:128-n32:64-S128"
target triple = "aarch64-unknown-linux-gnu"

; Function Attrs: nofree nosync nounwind readnone uwtable
define dso_local i32 @mixBits(i32 noundef %0, i32 noundef %1) local_unnamed_addr #0 {
  %3 = icmp slt i32 %0, 1
  br i1 %3, label %10, label %4

4:                                                ; preds = %2
  %5 = add nsw i32 %0, -1
  %6 = xor i32 %1, %0
  %7 = ashr i32 %1, 1
  %8 = add nsw i32 %6, %7
  %9 = call i32 @mixBits(i32 noundef %5, i32 noundef %8)
  br label %10

10:                                               ; preds = %2, %4
  %.0 = phi i32 [ %9, %4 ], [ %1, %2 ]
  ret i32 %.0
}

attributes #0 = { nofree nosync nounwind readnone uwtable "frame-pointer"="non-leaf" "min-legal-vector-width"="0" "no-trapping-math"="true" "stack-protector-buffer-size"="8" "target-cpu"="generic" "target-features"="+neon,+outline-atomics,+v8a" }

!llvm.module.flags = !{!0, !1, !2, !3, !4, !5, !6, !7, !8}
!llvm.ident = !{!9}

!0 = !{i32 1, !"wchar_size", i32 4}
!1 = !{i32 1, !"branch-target-enforcement", i32 0}
!2 = !{i32 1, !"sign-return-address", i32 0}
!3 = !{i32 1, !"sign-return-address-all", i32 0}
!4 = !{i32 1, !"sign-return-address-with-bkey", i32 0}
!5 = !{i32 7, !"PIC Level", i32 2}
!6 = !{i32 7, !"PIE Level", i32 2}
!7 = !{i32 7, !"uwtable", i32 1}
!8 = !{i32 7, !"frame-pointer", i32 1}
!9 = !{!"Ubuntu clang version 14.0.0-1ubuntu1.1"}
*** IR Dump Before ConstantMergePass on [module] ***
; ModuleID = 'mixBits.in.ll'
source_filename = "mixBits.c"
target datalayout = "e-m:e-i8:8:32-i16:16:32-i64:64-i128:128-n32:64-S128"
target triple = "aarch64-unknown-linux-gnu"

; Function Attrs: nofree nosync nounwind readnone uwtable
define dso_local i32 @mixBits(i32 noundef %0, i32 noundef %1) local_unnamed_addr #0 {
  %3 = icmp slt i32 %0, 1
  br i1 %3, label %10, label %4

4:                                                ; preds = %2
  %5 = add nsw i32 %0, -1
  %6 = xor i32 %1, %0
  %7 = ashr i32 %1, 1
  %8 = add nsw i32 %6, %7
  %9 = call i32 @mixBits(i32 noundef %5, i32 noundef %8)
  br label %10

10:                                               ; preds = %2, %4
  %.0 = phi i32 [ %9, %4 ], [ %1, %2 ]
  ret i32 %.0
}

attributes #0 = { nofree nosync nounwind readnone uwtable "frame-pointer"="non-leaf" "min-legal-vector-width"="0" "no-trapping-math"="true" "stack-protector-buffer-size"="8" "target-cpu"="generic" "target-features"="+neon,+outline-atomics,+v8a" }

!llvm.module.flags = !{!0, !1, !2, !3, !4, !5, !6, !7, !8}
!llvm.ident = !{!9}

!0 = !{i32 1, !"wchar_size", i32 4}
!1 = !{i32 1, !"branch-target-enforcement", i32 0}
!2 = !{i32 1, !"sign-return-address", i32 0}
!3 = !{i32 1, !"sign-return-address-all", i32 0}
!4 = !{i32 1, !"sign-return-address-with-bkey", i32 0}
!5 = !{i32 7, !"PIC Level", i32 2}
!6 = !{i32 7, !"PIE Level", i32 2}
!7 = !{i32 7, !"uwtable", i32 1}
!8 = !{i32 7, !"frame-pointer", i32 1}
!9 = !{!"Ubuntu clang version 14.0.0-1ubuntu1.1"}
*** IR Dump After ConstantMergePass on [module] ***
; ModuleID = 'mixBits.in.ll'
source_filename = "mixBits.c"
target datalayout = "e-m:e-i8:8:32-i16:16:32-i64:64-i128:128-n32:64-S128"
target triple = "aarch64-unknown-linux-gnu"

; Function Attrs: nofree nosync nounwind readnone uwtable
define dso_local i32 @mixBits(i32 noundef %0, i32 noundef %1) local_unnamed_addr #0 {
  %3 = icmp slt i32 %0, 1
  br i1 %3, label %10, label %4

4:                                                ; preds = %2
  %5 = add nsw i32 %0, -1
  %6 = xor i32 %1, %0
  %7 = ashr i32 %1, 1
  %8 = add nsw i32 %6, %7
  %9 = call i32 @mixBits(i32 noundef %5, i32 noundef %8)
  br label %10

10:                                               ; preds = %2, %4
  %.0 = phi i32 [ %9, %4 ], [ %1, %2 ]
  ret i32 %.0
}

attributes #0 = { nofree nosync nounwind readnone uwtable "frame-pointer"="non-leaf" "min-legal-vector-width"="0" "no-trapping-math"="true" "stack-protector-buffer-size"="8" "target-cpu"="generic" "target-features"="+neon,+outline-atomics,+v8a" }

!llvm.module.flags = !{!0, !1, !2, !3, !4, !5, !6, !7, !8}
!llvm.ident = !{!9}

!0 = !{i32 1, !"wchar_size", i32 4}
!1 = !{i32 1, !"branch-target-enforcement", i32 0}
!2 = !{i32 1, !"sign-return-address", i32 0}
!3 = !{i32 1, !"sign-return-address-all", i32 0}
!4 = !{i32 1, !"sign-return-address-with-bkey", i32 0}
!5 = !{i32 7, !"PIC Level", i32 2}
!6 = !{i32 7, !"PIE Level", i32 2}
!7 = !{i32 7, !"uwtable", i32 1}
!8 = !{i32 7, !"frame-pointer", i32 1}
!9 = !{!"Ubuntu clang version 14.0.0-1ubuntu1.1"}
*** IR Dump Before RelLookupTableConverterPass on [module] ***
; ModuleID = 'mixBits.in.ll'
source_filename = "mixBits.c"
target datalayout = "e-m:e-i8:8:32-i16:16:32-i64:64-i128:128-n32:64-S128"
target triple = "aarch64-unknown-linux-gnu"

; Function Attrs: nofree nosync nounwind readnone uwtable
define dso_local i32 @mixBits(i32 noundef %0, i32 noundef %1) local_unnamed_addr #0 {
  %3 = icmp slt i32 %0, 1
  br i1 %3, label %10, label %4

4:                                                ; preds = %2
  %5 = add nsw i32 %0, -1
  %6 = xor i32 %1, %0
  %7 = ashr i32 %1, 1
  %8 = add nsw i32 %6, %7
  %9 = call i32 @mixBits(i32 noundef %5, i32 noundef %8)
  br label %10

10:                                               ; preds = %2, %4
  %.0 = phi i32 [ %9, %4 ], [ %1, %2 ]
  ret i32 %.0
}

attributes #0 = { nofree nosync nounwind readnone uwtable "frame-pointer"="non-leaf" "min-legal-vector-width"="0" "no-trapping-math"="true" "stack-protector-buffer-size"="8" "target-cpu"="generic" "target-features"="+neon,+outline-atomics,+v8a" }

!llvm.module.flags = !{!0, !1, !2, !3, !4, !5, !6, !7, !8}
!llvm.ident = !{!9}

!0 = !{i32 1, !"wchar_size", i32 4}
!1 = !{i32 1, !"branch-target-enforcement", i32 0}
!2 = !{i32 1, !"sign-return-address", i32 0}
!3 = !{i32 1, !"sign-return-address-all", i32 0}
!4 = !{i32 1, !"sign-return-address-with-bkey", i32 0}
!5 = !{i32 7, !"PIC Level", i32 2}
!6 = !{i32 7, !"PIE Level", i32 2}
!7 = !{i32 7, !"uwtable", i32 1}
!8 = !{i32 7, !"frame-pointer", i32 1}
!9 = !{!"Ubuntu clang version 14.0.0-1ubuntu1.1"}
*** IR Dump After RelLookupTableConverterPass on [module] ***
; ModuleID = 'mixBits.in.ll'
source_filename = "mixBits.c"
target datalayout = "e-m:e-i8:8:32-i16:16:32-i64:64-i128:128-n32:64-S128"
target triple = "aarch64-unknown-linux-gnu"

; Function Attrs: nofree nosync nounwind readnone uwtable
define dso_local i32 @mixBits(i32 noundef %0, i32 noundef %1) local_unnamed_addr #0 {
  %3 = icmp slt i32 %0, 1
  br i1 %3, label %10, label %4

4:                                                ; preds = %2
  %5 = add nsw i32 %0, -1
  %6 = xor i32 %1, %0
  %7 = ashr i32 %1, 1
  %8 = add nsw i32 %6, %7
  %9 = call i32 @mixBits(i32 noundef %5, i32 noundef %8)
  br label %10

10:                                               ; preds = %2, %4
  %.0 = phi i32 [ %9, %4 ], [ %1, %2 ]
  ret i32 %.0
}

attributes #0 = { nofree nosync nounwind readnone uwtable "frame-pointer"="non-leaf" "min-legal-vector-width"="0" "no-trapping-math"="true" "stack-protector-buffer-size"="8" "target-cpu"="generic" "target-features"="+neon,+outline-atomics,+v8a" }

!llvm.module.flags = !{!0, !1, !2, !3, !4, !5, !6, !7, !8}
!llvm.ident = !{!9}

!0 = !{i32 1, !"wchar_size", i32 4}
!1 = !{i32 1, !"branch-target-enforcement", i32 0}
!2 = !{i32 1, !"sign-return-address", i32 0}
!3 = !{i32 1, !"sign-return-address-all", i32 0}
!4 = !{i32 1, !"sign-return-address-with-bkey", i32 0}
!5 = !{i32 7, !"PIC Level", i32 2}
!6 = !{i32 7, !"PIE Level", i32 2}
!7 = !{i32 7, !"uwtable", i32 1}
!8 = !{i32 7, !"frame-pointer", i32 1}
!9 = !{!"Ubuntu clang version 14.0.0-1ubuntu1.1"}
*** IR Dump Before AnnotationRemarksPass on mixBits ***
; Function Attrs: nofree nosync nounwind readnone uwtable
define dso_local i32 @mixBits(i32 noundef %0, i32 noundef %1) local_unnamed_addr #0 {
  %3 = icmp slt i32 %0, 1
  br i1 %3, label %10, label %4

4:                                                ; preds = %2
  %5 = add nsw i32 %0, -1
  %6 = xor i32 %1, %0
  %7 = ashr i32 %1, 1
  %8 = add nsw i32 %6, %7
  %9 = call i32 @mixBits(i32 noundef %5, i32 noundef %8)
  br label %10

10:                                               ; preds = %2, %4
  %.0 = phi i32 [ %9, %4 ], [ %1, %2 ]
  ret i32 %.0
}
*** IR Dump After AnnotationRemarksPass on mixBits ***
; Function Attrs: nofree nosync nounwind readnone uwtable
define dso_local i32 @mixBits(i32 noundef %0, i32 noundef %1) local_unnamed_addr #0 {
  %3 = icmp slt i32 %0, 1
  br i1 %3, label %10, label %4

4:                                                ; preds = %2
  %5 = add nsw i32 %0, -1
  %6 = xor i32 %1, %0
  %7 = ashr i32 %1, 1
  %8 = add nsw i32 %6, %7
  %9 = call i32 @mixBits(i32 noundef %5, i32 noundef %8)
  br label %10

10:                                               ; preds = %2, %4
  %.0 = phi i32 [ %9, %4 ], [ %1, %2 ]
  ret i32 %.0
}
*** IR Dump Before VerifierPass on [module] ***
; ModuleID = 'mixBits.in.ll'
source_filename = "mixBits.c"
target datalayout = "e-m:e-i8:8:32-i16:16:32-i64:64-i128:128-n32:64-S128"
target triple = "aarch64-unknown-linux-gnu"

; Function Attrs: nofree nosync nounwind readnone uwtable
define dso_local i32 @mixBits(i32 noundef %0, i32 noundef %1) local_unnamed_addr #0 {
  %3 = icmp slt i32 %0, 1
  br i1 %3, label %10, label %4

4:                                                ; preds = %2
  %5 = add nsw i32 %0, -1
  %6 = xor i32 %1, %0
  %7 = ashr i32 %1, 1
  %8 = add nsw i32 %6, %7
  %9 = call i32 @mixBits(i32 noundef %5, i32 noundef %8)
  br label %10

10:                                               ; preds = %2, %4
  %.0 = phi i32 [ %9, %4 ], [ %1, %2 ]
  ret i32 %.0
}

attributes #0 = { nofree nosync nounwind readnone uwtable "frame-pointer"="non-leaf" "min-legal-vector-width"="0" "no-trapping-math"="true" "stack-protector-buffer-size"="8" "target-cpu"="generic" "target-features"="+neon,+outline-atomics,+v8a" }

!llvm.module.flags = !{!0, !1, !2, !3, !4, !5, !6, !7, !8}
!llvm.ident = !{!9}

!0 = !{i32 1, !"wchar_size", i32 4}
!1 = !{i32 1, !"branch-target-enforcement", i32 0}
!2 = !{i32 1, !"sign-return-address", i32 0}
!3 = !{i32 1, !"sign-return-address-all", i32 0}
!4 = !{i32 1, !"sign-return-address-with-bkey", i32 0}
!5 = !{i32 7, !"PIC Level", i32 2}
!6 = !{i32 7, !"PIE Level", i32 2}
!7 = !{i32 7, !"uwtable", i32 1}
!8 = !{i32 7, !"frame-pointer", i32 1}
!9 = !{!"Ubuntu clang version 14.0.0-1ubuntu1.1"}
*** IR Dump After VerifierPass on [module] ***
; ModuleID = 'mixBits.in.ll'
source_filename = "mixBits.c"
target datalayout = "e-m:e-i8:8:32-i16:16:32-i64:64-i128:128-n32:64-S128"
target triple = "aarch64-unknown-linux-gnu"

; Function Attrs: nofree nosync nounwind readnone uwtable
define dso_local i32 @mixBits(i32 noundef %0, i32 noundef %1) local_unnamed_addr #0 {
  %3 = icmp slt i32 %0, 1
  br i1 %3, label %10, label %4

4:                                                ; preds = %2
  %5 = add nsw i32 %0, -1
  %6 = xor i32 %1, %0
  %7 = ashr i32 %1, 1
  %8 = add nsw i32 %6, %7
  %9 = call i32 @mixBits(i32 noundef %5, i32 noundef %8)
  br label %10

10:                                               ; preds = %2, %4
  %.0 = phi i32 [ %9, %4 ], [ %1, %2 ]
  ret i32 %.0
}

attributes #0 = { nofree nosync nounwind readnone uwtable "frame-pointer"="non-leaf" "min-legal-vector-width"="0" "no-trapping-math"="true" "stack-protector-buffer-size"="8" "target-cpu"="generic" "target-features"="+neon,+outline-atomics,+v8a" }

!llvm.module.flags = !{!0, !1, !2, !3, !4, !5, !6, !7, !8}
!llvm.ident = !{!9}

!0 = !{i32 1, !"wchar_size", i32 4}
!1 = !{i32 1, !"branch-target-enforcement", i32 0}
!2 = !{i32 1, !"sign-return-address", i32 0}
!3 = !{i32 1, !"sign-return-address-all", i32 0}
!4 = !{i32 1, !"sign-return-address-with-bkey", i32 0}
!5 = !{i32 7, !"PIC Level", i32 2}
!6 = !{i32 7, !"PIE Level", i32 2}
!7 = !{i32 7, !"uwtable", i32 1}
!8 = !{i32 7, !"frame-pointer", i32 1}
!9 = !{!"Ubuntu clang version 14.0.0-1ubuntu1.1"}
*** IR Dump Before PrintModulePass on [module] ***
; ModuleID = 'mixBits.in.ll'
source_filename = "mixBits.c"
target datalayout = "e-m:e-i8:8:32-i16:16:32-i64:64-i128:128-n32:64-S128"
target triple = "aarch64-unknown-linux-gnu"

; Function Attrs: nofree nosync nounwind readnone uwtable
define dso_local i32 @mixBits(i32 noundef %0, i32 noundef %1) local_unnamed_addr #0 {
  %3 = icmp slt i32 %0, 1
  br i1 %3, label %10, label %4

4:                                                ; preds = %2
  %5 = add nsw i32 %0, -1
  %6 = xor i32 %1, %0
  %7 = ashr i32 %1, 1
  %8 = add nsw i32 %6, %7
  %9 = call i32 @mixBits(i32 noundef %5, i32 noundef %8)
  br label %10

10:                                               ; preds = %2, %4
  %.0 = phi i32 [ %9, %4 ], [ %1, %2 ]
  ret i32 %.0
}

attributes #0 = { nofree nosync nounwind readnone uwtable "frame-pointer"="non-leaf" "min-legal-vector-width"="0" "no-trapping-math"="true" "stack-protector-buffer-size"="8" "target-cpu"="generic" "target-features"="+neon,+outline-atomics,+v8a" }

!llvm.module.flags = !{!0, !1, !2, !3, !4, !5, !6, !7, !8}
!llvm.ident = !{!9}

!0 = !{i32 1, !"wchar_size", i32 4}
!1 = !{i32 1, !"branch-target-enforcement", i32 0}
!2 = !{i32 1, !"sign-return-address", i32 0}
!3 = !{i32 1, !"sign-return-address-all", i32 0}
!4 = !{i32 1, !"sign-return-address-with-bkey", i32 0}
!5 = !{i32 7, !"PIC Level", i32 2}
!6 = !{i32 7, !"PIE Level", i32 2}
!7 = !{i32 7, !"uwtable", i32 1}
!8 = !{i32 7, !"frame-pointer", i32 1}
!9 = !{!"Ubuntu clang version 14.0.0-1ubuntu1.1"}
*** IR Dump After PrintModulePass on [module] ***
; ModuleID = 'mixBits.in.ll'
source_filename = "mixBits.c"
target datalayout = "e-m:e-i8:8:32-i16:16:32-i64:64-i128:128-n32:64-S128"
target triple = "aarch64-unknown-linux-gnu"

; Function Attrs: nofree nosync nounwind readnone uwtable
define dso_local i32 @mixBits(i32 noundef %0, i32 noundef %1) local_unnamed_addr #0 {
  %3 = icmp slt i32 %0, 1
  br i1 %3, label %10, label %4

4:                                                ; preds = %2
  %5 = add nsw i32 %0, -1
  %6 = xor i32 %1, %0
  %7 = ashr i32 %1, 1
  %8 = add nsw i32 %6, %7
  %9 = call i32 @mixBits(i32 noundef %5, i32 noundef %8)
  br label %10

10:                                               ; preds = %2, %4
  %.0 = phi i32 [ %9, %4 ], [ %1, %2 ]
  ret i32 %.0
}

attributes #0 = { nofree nosync nounwind readnone uwtable "frame-pointer"="non-leaf" "min-legal-vector-width"="0" "no-trapping-math"="true" "stack-protector-buffer-size"="8" "target-cpu"="generic" "target-features"="+neon,+outline-atomics,+v8a" }

!llvm.module.flags = !{!0, !1, !2, !3, !4, !5, !6, !7, !8}
!llvm.ident = !{!9}

!0 = !{i32 1, !"wchar_size", i32 4}
!1 = !{i32 1, !"branch-target-enforcement", i32 0}
!2 = !{i32 1, !"sign-return-address", i32 0}
!3 = !{i32 1, !"sign-return-address-all", i32 0}
!4 = !{i32 1, !"sign-return-address-with-bkey", i32 0}
!5 = !{i32 7, !"PIC Level", i32 2}
!6 = !{i32 7, !"PIE Level", i32 2}
!7 = !{i32 7, !"uwtable", i32 1}
!8 = !{i32 7, !"frame-pointer", i32 1}
!9 = !{!"Ubuntu clang version 14.0.0-1ubuntu1.1"}
