*** IR Dump Before VerifierPass on [module] ***
; ModuleID = 'scaleArray.in.ll'
source_filename = "scaleArray.c"
target datalayout = "e-m:e-i8:8:32-i16:16:32-i64:64-i128:128-n32:64-S128"
target triple = "aarch64-unknown-linux-gnu"

; Function Attrs: nounwind uwtable
define dso_local void @scaleArray(i32* noundef %0, i32 noundef %1, i32 noundef %2) #0 {
  %4 = alloca i32*, align 8
  %5 = alloca i32, align 4
  %6 = alloca i32, align 4
  %7 = alloca i32, align 4
  store i32* %0, i32** %4, align 8
  store i32 %1, i32* %5, align 4
  store i32 %2, i32* %6, align 4
  store i32 0, i32* %7, align 4
  br label %8

8:                                                ; preds = %24, %3
  %9 = load i32, i32* %7, align 4
  %10 = load i32, i32* %5, align 4
  %11 = icmp slt i32 %9, %10
  br i1 %11, label %12, label %27

12:                                               ; preds = %8
  %13 = load i32*, i32** %4, align 8
  %14 = load i32, i32* %7, align 4
  %15 = sext i32 %14 to i64
  %16 = getelementptr inbounds i32, i32* %13, i64 %15
  %17 = load i32, i32* %16, align 4
  %18 = load i32, i32* %6, align 4
  %19 = mul nsw i32 %17, %18
  %20 = load i32*, i32** %4, align 8
  %21 = load i32, i32* %7, align 4
  %22 = sext i32 %21 to i64
  %23 = getelementptr inbounds i32, i32* %20, i64 %22
  store i32 %19, i32* %23, align 4
  br label %24

24:                                               ; preds = %12
  %25 = load i32, i32* %7, align 4
  %26 = add nsw i32 %25, 1
  store i32 %26, i32* %7, align 4
  br label %8, !llvm.loop !10

27:                                               ; preds = %8
  ret void
}

attributes #0 = { nounwind uwtable "frame-pointer"="non-leaf" "min-legal-vector-width"="0" "no-trapping-math"="true" "stack-protector-buffer-size"="8" "target-cpu"="generic" "target-features"="+neon,+outline-atomics,+v8a" }

!llvm.module.flags = !{!0, !1, !2, !3, !4, !5, !6, !7, !8}
!llvm.ident = !{!9}

!0 = !{i32 1, !"wchar_size", i32 4}
!1 = !{i32 1, !"branch-target-enforcement", i32 0}
!2 = !{i32 1, !"sign-return-address", i32 0}
!3 = !{i32 1, !"sign-return-address-all", i32 0}
!4 = !{i32 1, !"sign-return-address-with-bkey", i32 0}
!5 = !{i32 7, !"PIC Level", i32 2}
!6 = !{i32 7, !"PIE Level", i32 2}
!7 = !{i32 7, !"uwtable", i32 1}
!8 = !{i32 7, !"frame-pointer", i32 1}
!9 = !{!"Ubuntu clang version 14.0.0-1ubuntu1.1"}
!10 = distinct !{!10, !11}
!11 = !{!"llvm.loop.mustprogress"}
*** IR Dump After VerifierPass on [module] ***
; ModuleID = 'scaleArray.in.ll'
source_filename = "scaleArray.c"
target datalayout = "e-m:e-i8:8:32-i16:16:32-i64:64-i128:128-n32:64-S128"
target triple = "aarch64-unknown-linux-gnu"

; Function Attrs: nounwind uwtable
define dso_local void @scaleArray(i32* noundef %0, i32 noundef %1, i32 noundef %2) #0 {
  %4 = alloca i32*, align 8
  %5 = alloca i32, align 4
  %6 = alloca i32, align 4
  %7 = alloca i32, align 4
  store i32* %0, i32** %4, align 8
  store i32 %1, i32* %5, align 4
  store i32 %2, i32* %6, align 4
  store i32 0, i32* %7, align 4
  br label %8

8:                                                ; preds = %24, %3
  %9 = load i32, i32* %7, align 4
  %10 = load i32, i32* %5, align 4
  %11 = icmp slt i32 %9, %10
  br i1 %11, label %12, label %27

12:                                               ; preds = %8
  %13 = load i32*, i32** %4, align 8
  %14 = load i32, i32* %7, align 4
  %15 = sext i32 %14 to i64
  %16 = getelementptr inbounds i32, i32* %13, i64 %15
  %17 = load i32, i32* %16, align 4
  %18 = load i32, i32* %6, align 4
  %19 = mul nsw i32 %17, %18
  %20 = load i32*, i32** %4, align 8
  %21 = load i32, i32* %7, align 4
  %22 = sext i32 %21 to i64
  %23 = getelementptr inbounds i32, i32* %20, i64 %22
  store i32 %19, i32* %23, align 4
  br label %24

24:                                               ; preds = %12
  %25 = load i32, i32* %7, align 4
  %26 = add nsw i32 %25, 1
  store i32 %26, i32* %7, align 4
  br label %8, !llvm.loop !10

27:                                               ; preds = %8
  ret void
}

attributes #0 = { nounwind uwtable "frame-pointer"="non-leaf" "min-legal-vector-width"="0" "no-trapping-math"="true" "stack-protector-buffer-size"="8" "target-cpu"="generic" "target-features"="+neon,+outline-atomics,+v8a" }

!llvm.module.flags = !{!0, !1, !2, !3, !4, !5, !6, !7, !8}
!llvm.ident = !{!9}

!0 = !{i32 1, !"wchar_size", i32 4}
!1 = !{i32 1, !"branch-target-enforcement", i32 0}
!2 = !{i32 1, !"sign-return-address", i32 0}
!3 = !{i32 1, !"sign-return-address-all", i32 0}
!4 = !{i32 1, !"sign-return-address-with-bkey", i32 0}
!5 = !{i32 7, !"PIC Level", i32 2}
!6 = !{i32 7, !"PIE Level", i32 2}
!7 = !{i32 7, !"uwtable", i32 1}
!8 = !{i32 7, !"frame-pointer", i32 1}
!9 = !{!"Ubuntu clang version 14.0.0-1ubuntu1.1"}
!10 = distinct !{!10, !11}
!11 = !{!"llvm.loop.mustprogress"}
*** IR Dump Before Annotation2MetadataPass on [module] ***
; ModuleID = 'scaleArray.in.ll'
source_filename = "scaleArray.c"
target datalayout = "e-m:e-i8:8:32-i16:16:32-i64:64-i128:128-n32:64-S128"
target triple = "aarch64-unknown-linux-gnu"

; Function Attrs: nounwind uwtable
define dso_local void @scaleArray(i32* noundef %0, i32 noundef %1, i32 noundef %2) #0 {
  %4 = alloca i32*, align 8
  %5 = alloca i32, align 4
  %6 = alloca i32, align 4
  %7 = alloca i32, align 4
  store i32* %0, i32** %4, align 8
  store i32 %1, i32* %5, align 4
  store i32 %2, i32* %6, align 4
  store i32 0, i32* %7, align 4
  br label %8

8:                                                ; preds = %24, %3
  %9 = load i32, i32* %7, align 4
  %10 = load i32, i32* %5, align 4
  %11 = icmp slt i32 %9, %10
  br i1 %11, label %12, label %27

12:                                               ; preds = %8
  %13 = load i32*, i32** %4, align 8
  %14 = load i32, i32* %7, align 4
  %15 = sext i32 %14 to i64
  %16 = getelementptr inbounds i32, i32* %13, i64 %15
  %17 = load i32, i32* %16, align 4
  %18 = load i32, i32* %6, align 4
  %19 = mul nsw i32 %17, %18
  %20 = load i32*, i32** %4, align 8
  %21 = load i32, i32* %7, align 4
  %22 = sext i32 %21 to i64
  %23 = getelementptr inbounds i32, i32* %20, i64 %22
  store i32 %19, i32* %23, align 4
  br label %24

24:                                               ; preds = %12
  %25 = load i32, i32* %7, align 4
  %26 = add nsw i32 %25, 1
  store i32 %26, i32* %7, align 4
  br label %8, !llvm.loop !10

27:                                               ; preds = %8
  ret void
}

attributes #0 = { nounwind uwtable "frame-pointer"="non-leaf" "min-legal-vector-width"="0" "no-trapping-math"="true" "stack-protector-buffer-size"="8" "target-cpu"="generic" "target-features"="+neon,+outline-atomics,+v8a" }

!llvm.module.flags = !{!0, !1, !2, !3, !4, !5, !6, !7, !8}
!llvm.ident = !{!9}

!0 = !{i32 1, !"wchar_size", i32 4}
!1 = !{i32 1, !"branch-target-enforcement", i32 0}
!2 = !{i32 1, !"sign-return-address", i32 0}
!3 = !{i32 1, !"sign-return-address-all", i32 0}
!4 = !{i32 1, !"sign-return-address-with-bkey", i32 0}
!5 = !{i32 7, !"PIC Level", i32 2}
!6 = !{i32 7, !"PIE Level", i32 2}
!7 = !{i32 7, !"uwtable", i32 1}
!8 = !{i32 7, !"frame-pointer", i32 1}
!9 = !{!"Ubuntu clang version 14.0.0-1ubuntu1.1"}
!10 = distinct !{!10, !11}
!11 = !{!"llvm.loop.mustprogress"}
*** IR Dump After Annotation2MetadataPass on [module] ***
; ModuleID = 'scaleArray.in.ll'
source_filename = "scaleArray.c"
target datalayout = "e-m:e-i8:8:32-i16:16:32-i64:64-i128:128-n32:64-S128"
target triple = "aarch64-unknown-linux-gnu"

; Function Attrs: nounwind uwtable
define dso_local void @scaleArray(i32* noundef %0, i32 noundef %1, i32 noundef %2) #0 {
  %4 = alloca i32*, align 8
  %5 = alloca i32, align 4
  %6 = alloca i32, align 4
  %7 = alloca i32, align 4
  store i32* %0, i32** %4, align 8
  store i32 %1, i32* %5, align 4
  store i32 %2, i32* %6, align 4
  store i32 0, i32* %7, align 4
  br label %8

8:                                                ; preds = %24, %3
  %9 = load i32, i32* %7, align 4
  %10 = load i32, i32* %5, align 4
  %11 = icmp slt i32 %9, %10
  br i1 %11, label %12, label %27

12:                                               ; preds = %8
  %13 = load i32*, i32** %4, align 8
  %14 = load i32, i32* %7, align 4
  %15 = sext i32 %14 to i64
  %16 = getelementptr inbounds i32, i32* %13, i64 %15
  %17 = load i32, i32* %16, align 4
  %18 = load i32, i32* %6, align 4
  %19 = mul nsw i32 %17, %18
  %20 = load i32*, i32** %4, align 8
  %21 = load i32, i32* %7, align 4
  %22 = sext i32 %21 to i64
  %23 = getelementptr inbounds i32, i32* %20, i64 %22
  store i32 %19, i32* %23, align 4
  br label %24

24:                                               ; preds = %12
  %25 = load i32, i32* %7, align 4
  %26 = add nsw i32 %25, 1
  store i32 %26, i32* %7, align 4
  br label %8, !llvm.loop !10

27:                                               ; preds = %8
  ret void
}

attributes #0 = { nounwind uwtable "frame-pointer"="non-leaf" "min-legal-vector-width"="0" "no-trapping-math"="true" "stack-protector-buffer-size"="8" "target-cpu"="generic" "target-features"="+neon,+outline-atomics,+v8a" }

!llvm.module.flags = !{!0, !1, !2, !3, !4, !5, !6, !7, !8}
!llvm.ident = !{!9}

!0 = !{i32 1, !"wchar_size", i32 4}
!1 = !{i32 1, !"branch-target-enforcement", i32 0}
!2 = !{i32 1, !"sign-return-address", i32 0}
!3 = !{i32 1, !"sign-return-address-all", i32 0}
!4 = !{i32 1, !"sign-return-address-with-bkey", i32 0}
!5 = !{i32 7, !"PIC Level", i32 2}
!6 = !{i32 7, !"PIE Level", i32 2}
!7 = !{i32 7, !"uwtable", i32 1}
!8 = !{i32 7, !"frame-pointer", i32 1}
!9 = !{!"Ubuntu clang version 14.0.0-1ubuntu1.1"}
!10 = distinct !{!10, !11}
!11 = !{!"llvm.loop.mustprogress"}
*** IR Dump Before ForceFunctionAttrsPass on [module] ***
; ModuleID = 'scaleArray.in.ll'
source_filename = "scaleArray.c"
target datalayout = "e-m:e-i8:8:32-i16:16:32-i64:64-i128:128-n32:64-S128"
target triple = "aarch64-unknown-linux-gnu"

; Function Attrs: nounwind uwtable
define dso_local void @scaleArray(i32* noundef %0, i32 noundef %1, i32 noundef %2) #0 {
  %4 = alloca i32*, align 8
  %5 = alloca i32, align 4
  %6 = alloca i32, align 4
  %7 = alloca i32, align 4
  store i32* %0, i32** %4, align 8
  store i32 %1, i32* %5, align 4
  store i32 %2, i32* %6, align 4
  store i32 0, i32* %7, align 4
  br label %8

8:                                                ; preds = %24, %3
  %9 = load i32, i32* %7, align 4
  %10 = load i32, i32* %5, align 4
  %11 = icmp slt i32 %9, %10
  br i1 %11, label %12, label %27

12:                                               ; preds = %8
  %13 = load i32*, i32** %4, align 8
  %14 = load i32, i32* %7, align 4
  %15 = sext i32 %14 to i64
  %16 = getelementptr inbounds i32, i32* %13, i64 %15
  %17 = load i32, i32* %16, align 4
  %18 = load i32, i32* %6, align 4
  %19 = mul nsw i32 %17, %18
  %20 = load i32*, i32** %4, align 8
  %21 = load i32, i32* %7, align 4
  %22 = sext i32 %21 to i64
  %23 = getelementptr inbounds i32, i32* %20, i64 %22
  store i32 %19, i32* %23, align 4
  br label %24

24:                                               ; preds = %12
  %25 = load i32, i32* %7, align 4
  %26 = add nsw i32 %25, 1
  store i32 %26, i32* %7, align 4
  br label %8, !llvm.loop !10

27:                                               ; preds = %8
  ret void
}

attributes #0 = { nounwind uwtable "frame-pointer"="non-leaf" "min-legal-vector-width"="0" "no-trapping-math"="true" "stack-protector-buffer-size"="8" "target-cpu"="generic" "target-features"="+neon,+outline-atomics,+v8a" }

!llvm.module.flags = !{!0, !1, !2, !3, !4, !5, !6, !7, !8}
!llvm.ident = !{!9}

!0 = !{i32 1, !"wchar_size", i32 4}
!1 = !{i32 1, !"branch-target-enforcement", i32 0}
!2 = !{i32 1, !"sign-return-address", i32 0}
!3 = !{i32 1, !"sign-return-address-all", i32 0}
!4 = !{i32 1, !"sign-return-address-with-bkey", i32 0}
!5 = !{i32 7, !"PIC Level", i32 2}
!6 = !{i32 7, !"PIE Level", i32 2}
!7 = !{i32 7, !"uwtable", i32 1}
!8 = !{i32 7, !"frame-pointer", i32 1}
!9 = !{!"Ubuntu clang version 14.0.0-1ubuntu1.1"}
!10 = distinct !{!10, !11}
!11 = !{!"llvm.loop.mustprogress"}
*** IR Dump After ForceFunctionAttrsPass on [module] ***
; ModuleID = 'scaleArray.in.ll'
source_filename = "scaleArray.c"
target datalayout = "e-m:e-i8:8:32-i16:16:32-i64:64-i128:128-n32:64-S128"
target triple = "aarch64-unknown-linux-gnu"

; Function Attrs: nounwind uwtable
define dso_local void @scaleArray(i32* noundef %0, i32 noundef %1, i32 noundef %2) #0 {
  %4 = alloca i32*, align 8
  %5 = alloca i32, align 4
  %6 = alloca i32, align 4
  %7 = alloca i32, align 4
  store i32* %0, i32** %4, align 8
  store i32 %1, i32* %5, align 4
  store i32 %2, i32* %6, align 4
  store i32 0, i32* %7, align 4
  br label %8

8:                                                ; preds = %24, %3
  %9 = load i32, i32* %7, align 4
  %10 = load i32, i32* %5, align 4
  %11 = icmp slt i32 %9, %10
  br i1 %11, label %12, label %27

12:                                               ; preds = %8
  %13 = load i32*, i32** %4, align 8
  %14 = load i32, i32* %7, align 4
  %15 = sext i32 %14 to i64
  %16 = getelementptr inbounds i32, i32* %13, i64 %15
  %17 = load i32, i32* %16, align 4
  %18 = load i32, i32* %6, align 4
  %19 = mul nsw i32 %17, %18
  %20 = load i32*, i32** %4, align 8
  %21 = load i32, i32* %7, align 4
  %22 = sext i32 %21 to i64
  %23 = getelementptr inbounds i32, i32* %20, i64 %22
  store i32 %19, i32* %23, align 4
  br label %24

24:                                               ; preds = %12
  %25 = load i32, i32* %7, align 4
  %26 = add nsw i32 %25, 1
  store i32 %26, i32* %7, align 4
  br label %8, !llvm.loop !10

27:                                               ; preds = %8
  ret void
}

attributes #0 = { nounwind uwtable "frame-pointer"="non-leaf" "min-legal-vector-width"="0" "no-trapping-math"="true" "stack-protector-buffer-size"="8" "target-cpu"="generic" "target-features"="+neon,+outline-atomics,+v8a" }

!llvm.module.flags = !{!0, !1, !2, !3, !4, !5, !6, !7, !8}
!llvm.ident = !{!9}

!0 = !{i32 1, !"wchar_size", i32 4}
!1 = !{i32 1, !"branch-target-enforcement", i32 0}
!2 = !{i32 1, !"sign-return-address", i32 0}
!3 = !{i32 1, !"sign-return-address-all", i32 0}
!4 = !{i32 1, !"sign-return-address-with-bkey", i32 0}
!5 = !{i32 7, !"PIC Level", i32 2}
!6 = !{i32 7, !"PIE Level", i32 2}
!7 = !{i32 7, !"uwtable", i32 1}
!8 = !{i32 7, !"frame-pointer", i32 1}
!9 = !{!"Ubuntu clang version 14.0.0-1ubuntu1.1"}
!10 = distinct !{!10, !11}
!11 = !{!"llvm.loop.mustprogress"}
*** IR Dump Before InferFunctionAttrsPass on [module] ***
; ModuleID = 'scaleArray.in.ll'
source_filename = "scaleArray.c"
target datalayout = "e-m:e-i8:8:32-i16:16:32-i64:64-i128:128-n32:64-S128"
target triple = "aarch64-unknown-linux-gnu"

; Function Attrs: nounwind uwtable
define dso_local void @scaleArray(i32* noundef %0, i32 noundef %1, i32 noundef %2) #0 {
  %4 = alloca i32*, align 8
  %5 = alloca i32, align 4
  %6 = alloca i32, align 4
  %7 = alloca i32, align 4
  store i32* %0, i32** %4, align 8
  store i32 %1, i32* %5, align 4
  store i32 %2, i32* %6, align 4
  store i32 0, i32* %7, align 4
  br label %8

8:                                                ; preds = %24, %3
  %9 = load i32, i32* %7, align 4
  %10 = load i32, i32* %5, align 4
  %11 = icmp slt i32 %9, %10
  br i1 %11, label %12, label %27

12:                                               ; preds = %8
  %13 = load i32*, i32** %4, align 8
  %14 = load i32, i32* %7, align 4
  %15 = sext i32 %14 to i64
  %16 = getelementptr inbounds i32, i32* %13, i64 %15
  %17 = load i32, i32* %16, align 4
  %18 = load i32, i32* %6, align 4
  %19 = mul nsw i32 %17, %18
  %20 = load i32*, i32** %4, align 8
  %21 = load i32, i32* %7, align 4
  %22 = sext i32 %21 to i64
  %23 = getelementptr inbounds i32, i32* %20, i64 %22
  store i32 %19, i32* %23, align 4
  br label %24

24:                                               ; preds = %12
  %25 = load i32, i32* %7, align 4
  %26 = add nsw i32 %25, 1
  store i32 %26, i32* %7, align 4
  br label %8, !llvm.loop !10

27:                                               ; preds = %8
  ret void
}

attributes #0 = { nounwind uwtable "frame-pointer"="non-leaf" "min-legal-vector-width"="0" "no-trapping-math"="true" "stack-protector-buffer-size"="8" "target-cpu"="generic" "target-features"="+neon,+outline-atomics,+v8a" }

!llvm.module.flags = !{!0, !1, !2, !3, !4, !5, !6, !7, !8}
!llvm.ident = !{!9}

!0 = !{i32 1, !"wchar_size", i32 4}
!1 = !{i32 1, !"branch-target-enforcement", i32 0}
!2 = !{i32 1, !"sign-return-address", i32 0}
!3 = !{i32 1, !"sign-return-address-all", i32 0}
!4 = !{i32 1, !"sign-return-address-with-bkey", i32 0}
!5 = !{i32 7, !"PIC Level", i32 2}
!6 = !{i32 7, !"PIE Level", i32 2}
!7 = !{i32 7, !"uwtable", i32 1}
!8 = !{i32 7, !"frame-pointer", i32 1}
!9 = !{!"Ubuntu clang version 14.0.0-1ubuntu1.1"}
!10 = distinct !{!10, !11}
!11 = !{!"llvm.loop.mustprogress"}
*** IR Dump After InferFunctionAttrsPass on [module] ***
; ModuleID = 'scaleArray.in.ll'
source_filename = "scaleArray.c"
target datalayout = "e-m:e-i8:8:32-i16:16:32-i64:64-i128:128-n32:64-S128"
target triple = "aarch64-unknown-linux-gnu"

; Function Attrs: nounwind uwtable
define dso_local void @scaleArray(i32* noundef %0, i32 noundef %1, i32 noundef %2) #0 {
  %4 = alloca i32*, align 8
  %5 = alloca i32, align 4
  %6 = alloca i32, align 4
  %7 = alloca i32, align 4
  store i32* %0, i32** %4, align 8
  store i32 %1, i32* %5, align 4
  store i32 %2, i32* %6, align 4
  store i32 0, i32* %7, align 4
  br label %8

8:                                                ; preds = %24, %3
  %9 = load i32, i32* %7, align 4
  %10 = load i32, i32* %5, align 4
  %11 = icmp slt i32 %9, %10
  br i1 %11, label %12, label %27

12:                                               ; preds = %8
  %13 = load i32*, i32** %4, align 8
  %14 = load i32, i32* %7, align 4
  %15 = sext i32 %14 to i64
  %16 = getelementptr inbounds i32, i32* %13, i64 %15
  %17 = load i32, i32* %16, align 4
  %18 = load i32, i32* %6, align 4
  %19 = mul nsw i32 %17, %18
  %20 = load i32*, i32** %4, align 8
  %21 = load i32, i32* %7, align 4
  %22 = sext i32 %21 to i64
  %23 = getelementptr inbounds i32, i32* %20, i64 %22
  store i32 %19, i32* %23, align 4
  br label %24

24:                                               ; preds = %12
  %25 = load i32, i32* %7, align 4
  %26 = add nsw i32 %25, 1
  store i32 %26, i32* %7, align 4
  br label %8, !llvm.loop !10

27:                                               ; preds = %8
  ret void
}

attributes #0 = { nounwind uwtable "frame-pointer"="non-leaf" "min-legal-vector-width"="0" "no-trapping-math"="true" "stack-protector-buffer-size"="8" "target-cpu"="generic" "target-features"="+neon,+outline-atomics,+v8a" }

!llvm.module.flags = !{!0, !1, !2, !3, !4, !5, !6, !7, !8}
!llvm.ident = !{!9}

!0 = !{i32 1, !"wchar_size", i32 4}
!1 = !{i32 1, !"branch-target-enforcement", i32 0}
!2 = !{i32 1, !"sign-return-address", i32 0}
!3 = !{i32 1, !"sign-return-address-all", i32 0}
!4 = !{i32 1, !"sign-return-address-with-bkey", i32 0}
!5 = !{i32 7, !"PIC Level", i32 2}
!6 = !{i32 7, !"PIE Level", i32 2}
!7 = !{i32 7, !"uwtable", i32 1}
!8 = !{i32 7, !"frame-pointer", i32 1}
!9 = !{!"Ubuntu clang version 14.0.0-1ubuntu1.1"}
!10 = distinct !{!10, !11}
!11 = !{!"llvm.loop.mustprogress"}
*** IR Dump Before LowerExpectIntrinsicPass on scaleArray ***
; Function Attrs: nounwind uwtable
define dso_local void @scaleArray(i32* noundef %0, i32 noundef %1, i32 noundef %2) #0 {
  %4 = alloca i32*, align 8
  %5 = alloca i32, align 4
  %6 = alloca i32, align 4
  %7 = alloca i32, align 4
  store i32* %0, i32** %4, align 8
  store i32 %1, i32* %5, align 4
  store i32 %2, i32* %6, align 4
  store i32 0, i32* %7, align 4
  br label %8

8:                                                ; preds = %24, %3
  %9 = load i32, i32* %7, align 4
  %10 = load i32, i32* %5, align 4
  %11 = icmp slt i32 %9, %10
  br i1 %11, label %12, label %27

12:                                               ; preds = %8
  %13 = load i32*, i32** %4, align 8
  %14 = load i32, i32* %7, align 4
  %15 = sext i32 %14 to i64
  %16 = getelementptr inbounds i32, i32* %13, i64 %15
  %17 = load i32, i32* %16, align 4
  %18 = load i32, i32* %6, align 4
  %19 = mul nsw i32 %17, %18
  %20 = load i32*, i32** %4, align 8
  %21 = load i32, i32* %7, align 4
  %22 = sext i32 %21 to i64
  %23 = getelementptr inbounds i32, i32* %20, i64 %22
  store i32 %19, i32* %23, align 4
  br label %24

24:                                               ; preds = %12
  %25 = load i32, i32* %7, align 4
  %26 = add nsw i32 %25, 1
  store i32 %26, i32* %7, align 4
  br label %8, !llvm.loop !10

27:                                               ; preds = %8
  ret void
}
*** IR Dump After LowerExpectIntrinsicPass on scaleArray ***
; Function Attrs: nounwind uwtable
define dso_local void @scaleArray(i32* noundef %0, i32 noundef %1, i32 noundef %2) #0 {
  %4 = alloca i32*, align 8
  %5 = alloca i32, align 4
  %6 = alloca i32, align 4
  %7 = alloca i32, align 4
  store i32* %0, i32** %4, align 8
  store i32 %1, i32* %5, align 4
  store i32 %2, i32* %6, align 4
  store i32 0, i32* %7, align 4
  br label %8

8:                                                ; preds = %24, %3
  %9 = load i32, i32* %7, align 4
  %10 = load i32, i32* %5, align 4
  %11 = icmp slt i32 %9, %10
  br i1 %11, label %12, label %27

12:                                               ; preds = %8
  %13 = load i32*, i32** %4, align 8
  %14 = load i32, i32* %7, align 4
  %15 = sext i32 %14 to i64
  %16 = getelementptr inbounds i32, i32* %13, i64 %15
  %17 = load i32, i32* %16, align 4
  %18 = load i32, i32* %6, align 4
  %19 = mul nsw i32 %17, %18
  %20 = load i32*, i32** %4, align 8
  %21 = load i32, i32* %7, align 4
  %22 = sext i32 %21 to i64
  %23 = getelementptr inbounds i32, i32* %20, i64 %22
  store i32 %19, i32* %23, align 4
  br label %24

24:                                               ; preds = %12
  %25 = load i32, i32* %7, align 4
  %26 = add nsw i32 %25, 1
  store i32 %26, i32* %7, align 4
  br label %8, !llvm.loop !10

27:                                               ; preds = %8
  ret void
}
*** IR Dump Before SimplifyCFGPass on scaleArray ***
; Function Attrs: nounwind uwtable
define dso_local void @scaleArray(i32* noundef %0, i32 noundef %1, i32 noundef %2) #0 {
  %4 = alloca i32*, align 8
  %5 = alloca i32, align 4
  %6 = alloca i32, align 4
  %7 = alloca i32, align 4
  store i32* %0, i32** %4, align 8
  store i32 %1, i32* %5, align 4
  store i32 %2, i32* %6, align 4
  store i32 0, i32* %7, align 4
  br label %8

8:                                                ; preds = %24, %3
  %9 = load i32, i32* %7, align 4
  %10 = load i32, i32* %5, align 4
  %11 = icmp slt i32 %9, %10
  br i1 %11, label %12, label %27

12:                                               ; preds = %8
  %13 = load i32*, i32** %4, align 8
  %14 = load i32, i32* %7, align 4
  %15 = sext i32 %14 to i64
  %16 = getelementptr inbounds i32, i32* %13, i64 %15
  %17 = load i32, i32* %16, align 4
  %18 = load i32, i32* %6, align 4
  %19 = mul nsw i32 %17, %18
  %20 = load i32*, i32** %4, align 8
  %21 = load i32, i32* %7, align 4
  %22 = sext i32 %21 to i64
  %23 = getelementptr inbounds i32, i32* %20, i64 %22
  store i32 %19, i32* %23, align 4
  br label %24

24:                                               ; preds = %12
  %25 = load i32, i32* %7, align 4
  %26 = add nsw i32 %25, 1
  store i32 %26, i32* %7, align 4
  br label %8, !llvm.loop !10

27:                                               ; preds = %8
  ret void
}
*** IR Dump After SimplifyCFGPass on scaleArray ***
; Function Attrs: nounwind uwtable
define dso_local void @scaleArray(i32* noundef %0, i32 noundef %1, i32 noundef %2) #0 {
  %4 = alloca i32*, align 8
  %5 = alloca i32, align 4
  %6 = alloca i32, align 4
  %7 = alloca i32, align 4
  store i32* %0, i32** %4, align 8
  store i32 %1, i32* %5, align 4
  store i32 %2, i32* %6, align 4
  store i32 0, i32* %7, align 4
  br label %8

8:                                                ; preds = %12, %3
  %9 = load i32, i32* %7, align 4
  %10 = load i32, i32* %5, align 4
  %11 = icmp slt i32 %9, %10
  br i1 %11, label %12, label %26

12:                                               ; preds = %8
  %13 = load i32*, i32** %4, align 8
  %14 = load i32, i32* %7, align 4
  %15 = sext i32 %14 to i64
  %16 = getelementptr inbounds i32, i32* %13, i64 %15
  %17 = load i32, i32* %16, align 4
  %18 = load i32, i32* %6, align 4
  %19 = mul nsw i32 %17, %18
  %20 = load i32*, i32** %4, align 8
  %21 = load i32, i32* %7, align 4
  %22 = sext i32 %21 to i64
  %23 = getelementptr inbounds i32, i32* %20, i64 %22
  store i32 %19, i32* %23, align 4
  %24 = load i32, i32* %7, align 4
  %25 = add nsw i32 %24, 1
  store i32 %25, i32* %7, align 4
  br label %8, !llvm.loop !10

26:                                               ; preds = %8
  ret void
}
*** IR Dump Before SROAPass on scaleArray ***
; Function Attrs: nounwind uwtable
define dso_local void @scaleArray(i32* noundef %0, i32 noundef %1, i32 noundef %2) #0 {
  %4 = alloca i32*, align 8
  %5 = alloca i32, align 4
  %6 = alloca i32, align 4
  %7 = alloca i32, align 4
  store i32* %0, i32** %4, align 8
  store i32 %1, i32* %5, align 4
  store i32 %2, i32* %6, align 4
  store i32 0, i32* %7, align 4
  br label %8

8:                                                ; preds = %12, %3
  %9 = load i32, i32* %7, align 4
  %10 = load i32, i32* %5, align 4
  %11 = icmp slt i32 %9, %10
  br i1 %11, label %12, label %26

12:                                               ; preds = %8
  %13 = load i32*, i32** %4, align 8
  %14 = load i32, i32* %7, align 4
  %15 = sext i32 %14 to i64
  %16 = getelementptr inbounds i32, i32* %13, i64 %15
  %17 = load i32, i32* %16, align 4
  %18 = load i32, i32* %6, align 4
  %19 = mul nsw i32 %17, %18
  %20 = load i32*, i32** %4, align 8
  %21 = load i32, i32* %7, align 4
  %22 = sext i32 %21 to i64
  %23 = getelementptr inbounds i32, i32* %20, i64 %22
  store i32 %19, i32* %23, align 4
  %24 = load i32, i32* %7, align 4
  %25 = add nsw i32 %24, 1
  store i32 %25, i32* %7, align 4
  br label %8, !llvm.loop !10

26:                                               ; preds = %8
  ret void
}
*** IR Dump After SROAPass on scaleArray ***
; Function Attrs: nounwind uwtable
define dso_local void @scaleArray(i32* noundef %0, i32 noundef %1, i32 noundef %2) #0 {
  br label %4

4:                                                ; preds = %6, %3
  %.0 = phi i32 [ 0, %3 ], [ %13, %6 ]
  %5 = icmp slt i32 %.0, %1
  br i1 %5, label %6, label %14

6:                                                ; preds = %4
  %7 = sext i32 %.0 to i64
  %8 = getelementptr inbounds i32, i32* %0, i64 %7
  %9 = load i32, i32* %8, align 4
  %10 = mul nsw i32 %9, %2
  %11 = sext i32 %.0 to i64
  %12 = getelementptr inbounds i32, i32* %0, i64 %11
  store i32 %10, i32* %12, align 4
  %13 = add nsw i32 %.0, 1
  br label %4, !llvm.loop !10

14:                                               ; preds = %4
  ret void
}
*** IR Dump Before EarlyCSEPass on scaleArray ***
; Function Attrs: nounwind uwtable
define dso_local void @scaleArray(i32* noundef %0, i32 noundef %1, i32 noundef %2) #0 {
  br label %4

4:                                                ; preds = %6, %3
  %.0 = phi i32 [ 0, %3 ], [ %13, %6 ]
  %5 = icmp slt i32 %.0, %1
  br i1 %5, label %6, label %14

6:                                                ; preds = %4
  %7 = sext i32 %.0 to i64
  %8 = getelementptr inbounds i32, i32* %0, i64 %7
  %9 = load i32, i32* %8, align 4
  %10 = mul nsw i32 %9, %2
  %11 = sext i32 %.0 to i64
  %12 = getelementptr inbounds i32, i32* %0, i64 %11
  store i32 %10, i32* %12, align 4
  %13 = add nsw i32 %.0, 1
  br label %4, !llvm.loop !10

14:                                               ; preds = %4
  ret void
}
*** IR Dump After EarlyCSEPass on scaleArray ***
; Function Attrs: nounwind uwtable
define dso_local void @scaleArray(i32* noundef %0, i32 noundef %1, i32 noundef %2) #0 {
  br label %4

4:                                                ; preds = %6, %3
  %.0 = phi i32 [ 0, %3 ], [ %11, %6 ]
  %5 = icmp slt i32 %.0, %1
  br i1 %5, label %6, label %12

6:                                                ; preds = %4
  %7 = sext i32 %.0 to i64
  %8 = getelementptr inbounds i32, i32* %0, i64 %7
  %9 = load i32, i32* %8, align 4
  %10 = mul nsw i32 %9, %2
  store i32 %10, i32* %8, align 4
  %11 = add nsw i32 %.0, 1
  br label %4, !llvm.loop !10

12:                                               ; preds = %4
  ret void
}
*** IR Dump Before CoroEarlyPass on scaleArray ***
; Function Attrs: nounwind uwtable
define dso_local void @scaleArray(i32* noundef %0, i32 noundef %1, i32 noundef %2) #0 {
  br label %4

4:                                                ; preds = %6, %3
  %.0 = phi i32 [ 0, %3 ], [ %11, %6 ]
  %5 = icmp slt i32 %.0, %1
  br i1 %5, label %6, label %12

6:                                                ; preds = %4
  %7 = sext i32 %.0 to i64
  %8 = getelementptr inbounds i32, i32* %0, i64 %7
  %9 = load i32, i32* %8, align 4
  %10 = mul nsw i32 %9, %2
  store i32 %10, i32* %8, align 4
  %11 = add nsw i32 %.0, 1
  br label %4, !llvm.loop !10

12:                                               ; preds = %4
  ret void
}
*** IR Dump After CoroEarlyPass on scaleArray ***
; Function Attrs: nounwind uwtable
define dso_local void @scaleArray(i32* noundef %0, i32 noundef %1, i32 noundef %2) #0 {
  br label %4

4:                                                ; preds = %6, %3
  %.0 = phi i32 [ 0, %3 ], [ %11, %6 ]
  %5 = icmp slt i32 %.0, %1
  br i1 %5, label %6, label %12

6:                                                ; preds = %4
  %7 = sext i32 %.0 to i64
  %8 = getelementptr inbounds i32, i32* %0, i64 %7
  %9 = load i32, i32* %8, align 4
  %10 = mul nsw i32 %9, %2
  store i32 %10, i32* %8, align 4
  %11 = add nsw i32 %.0, 1
  br label %4, !llvm.loop !10

12:                                               ; preds = %4
  ret void
}
*** IR Dump Before OpenMPOptPass on [module] ***
; ModuleID = 'scaleArray.in.ll'
source_filename = "scaleArray.c"
target datalayout = "e-m:e-i8:8:32-i16:16:32-i64:64-i128:128-n32:64-S128"
target triple = "aarch64-unknown-linux-gnu"

; Function Attrs: nounwind uwtable
define dso_local void @scaleArray(i32* noundef %0, i32 noundef %1, i32 noundef %2) #0 {
  br label %4

4:                                                ; preds = %6, %3
  %.0 = phi i32 [ 0, %3 ], [ %11, %6 ]
  %5 = icmp slt i32 %.0, %1
  br i1 %5, label %6, label %12

6:                                                ; preds = %4
  %7 = sext i32 %.0 to i64
  %8 = getelementptr inbounds i32, i32* %0, i64 %7
  %9 = load i32, i32* %8, align 4
  %10 = mul nsw i32 %9, %2
  store i32 %10, i32* %8, align 4
  %11 = add nsw i32 %.0, 1
  br label %4, !llvm.loop !10

12:                                               ; preds = %4
  ret void
}

attributes #0 = { nounwind uwtable "frame-pointer"="non-leaf" "min-legal-vector-width"="0" "no-trapping-math"="true" "stack-protector-buffer-size"="8" "target-cpu"="generic" "target-features"="+neon,+outline-atomics,+v8a" }

!llvm.module.flags = !{!0, !1, !2, !3, !4, !5, !6, !7, !8}
!llvm.ident = !{!9}

!0 = !{i32 1, !"wchar_size", i32 4}
!1 = !{i32 1, !"branch-target-enforcement", i32 0}
!2 = !{i32 1, !"sign-return-address", i32 0}
!3 = !{i32 1, !"sign-return-address-all", i32 0}
!4 = !{i32 1, !"sign-return-address-with-bkey", i32 0}
!5 = !{i32 7, !"PIC Level", i32 2}
!6 = !{i32 7, !"PIE Level", i32 2}
!7 = !{i32 7, !"uwtable", i32 1}
!8 = !{i32 7, !"frame-pointer", i32 1}
!9 = !{!"Ubuntu clang version 14.0.0-1ubuntu1.1"}
!10 = distinct !{!10, !11}
!11 = !{!"llvm.loop.mustprogress"}
*** IR Dump After OpenMPOptPass on [module] ***
; ModuleID = 'scaleArray.in.ll'
source_filename = "scaleArray.c"
target datalayout = "e-m:e-i8:8:32-i16:16:32-i64:64-i128:128-n32:64-S128"
target triple = "aarch64-unknown-linux-gnu"

; Function Attrs: nounwind uwtable
define dso_local void @scaleArray(i32* noundef %0, i32 noundef %1, i32 noundef %2) #0 {
  br label %4

4:                                                ; preds = %6, %3
  %.0 = phi i32 [ 0, %3 ], [ %11, %6 ]
  %5 = icmp slt i32 %.0, %1
  br i1 %5, label %6, label %12

6:                                                ; preds = %4
  %7 = sext i32 %.0 to i64
  %8 = getelementptr inbounds i32, i32* %0, i64 %7
  %9 = load i32, i32* %8, align 4
  %10 = mul nsw i32 %9, %2
  store i32 %10, i32* %8, align 4
  %11 = add nsw i32 %.0, 1
  br label %4, !llvm.loop !10

12:                                               ; preds = %4
  ret void
}

attributes #0 = { nounwind uwtable "frame-pointer"="non-leaf" "min-legal-vector-width"="0" "no-trapping-math"="true" "stack-protector-buffer-size"="8" "target-cpu"="generic" "target-features"="+neon,+outline-atomics,+v8a" }

!llvm.module.flags = !{!0, !1, !2, !3, !4, !5, !6, !7, !8}
!llvm.ident = !{!9}

!0 = !{i32 1, !"wchar_size", i32 4}
!1 = !{i32 1, !"branch-target-enforcement", i32 0}
!2 = !{i32 1, !"sign-return-address", i32 0}
!3 = !{i32 1, !"sign-return-address-all", i32 0}
!4 = !{i32 1, !"sign-return-address-with-bkey", i32 0}
!5 = !{i32 7, !"PIC Level", i32 2}
!6 = !{i32 7, !"PIE Level", i32 2}
!7 = !{i32 7, !"uwtable", i32 1}
!8 = !{i32 7, !"frame-pointer", i32 1}
!9 = !{!"Ubuntu clang version 14.0.0-1ubuntu1.1"}
!10 = distinct !{!10, !11}
!11 = !{!"llvm.loop.mustprogress"}
*** IR Dump Before IPSCCPPass on [module] ***
; ModuleID = 'scaleArray.in.ll'
source_filename = "scaleArray.c"
target datalayout = "e-m:e-i8:8:32-i16:16:32-i64:64-i128:128-n32:64-S128"
target triple = "aarch64-unknown-linux-gnu"

; Function Attrs: nounwind uwtable
define dso_local void @scaleArray(i32* noundef %0, i32 noundef %1, i32 noundef %2) #0 {
  br label %4

4:                                                ; preds = %6, %3
  %.0 = phi i32 [ 0, %3 ], [ %11, %6 ]
  %5 = icmp slt i32 %.0, %1
  br i1 %5, label %6, label %12

6:                                                ; preds = %4
  %7 = sext i32 %.0 to i64
  %8 = getelementptr inbounds i32, i32* %0, i64 %7
  %9 = load i32, i32* %8, align 4
  %10 = mul nsw i32 %9, %2
  store i32 %10, i32* %8, align 4
  %11 = add nsw i32 %.0, 1
  br label %4, !llvm.loop !10

12:                                               ; preds = %4
  ret void
}

attributes #0 = { nounwind uwtable "frame-pointer"="non-leaf" "min-legal-vector-width"="0" "no-trapping-math"="true" "stack-protector-buffer-size"="8" "target-cpu"="generic" "target-features"="+neon,+outline-atomics,+v8a" }

!llvm.module.flags = !{!0, !1, !2, !3, !4, !5, !6, !7, !8}
!llvm.ident = !{!9}

!0 = !{i32 1, !"wchar_size", i32 4}
!1 = !{i32 1, !"branch-target-enforcement", i32 0}
!2 = !{i32 1, !"sign-return-address", i32 0}
!3 = !{i32 1, !"sign-return-address-all", i32 0}
!4 = !{i32 1, !"sign-return-address-with-bkey", i32 0}
!5 = !{i32 7, !"PIC Level", i32 2}
!6 = !{i32 7, !"PIE Level", i32 2}
!7 = !{i32 7, !"uwtable", i32 1}
!8 = !{i32 7, !"frame-pointer", i32 1}
!9 = !{!"Ubuntu clang version 14.0.0-1ubuntu1.1"}
!10 = distinct !{!10, !11}
!11 = !{!"llvm.loop.mustprogress"}
*** IR Dump After IPSCCPPass on [module] ***
; ModuleID = 'scaleArray.in.ll'
source_filename = "scaleArray.c"
target datalayout = "e-m:e-i8:8:32-i16:16:32-i64:64-i128:128-n32:64-S128"
target triple = "aarch64-unknown-linux-gnu"

; Function Attrs: nounwind uwtable
define dso_local void @scaleArray(i32* noundef %0, i32 noundef %1, i32 noundef %2) #0 {
  br label %4

4:                                                ; preds = %6, %3
  %.0 = phi i32 [ 0, %3 ], [ %11, %6 ]
  %5 = icmp slt i32 %.0, %1
  br i1 %5, label %6, label %12

6:                                                ; preds = %4
  %7 = sext i32 %.0 to i64
  %8 = getelementptr inbounds i32, i32* %0, i64 %7
  %9 = load i32, i32* %8, align 4
  %10 = mul nsw i32 %9, %2
  store i32 %10, i32* %8, align 4
  %11 = add nsw i32 %.0, 1
  br label %4, !llvm.loop !10

12:                                               ; preds = %4
  ret void
}

attributes #0 = { nounwind uwtable "frame-pointer"="non-leaf" "min-legal-vector-width"="0" "no-trapping-math"="true" "stack-protector-buffer-size"="8" "target-cpu"="generic" "target-features"="+neon,+outline-atomics,+v8a" }

!llvm.module.flags = !{!0, !1, !2, !3, !4, !5, !6, !7, !8}
!llvm.ident = !{!9}

!0 = !{i32 1, !"wchar_size", i32 4}
!1 = !{i32 1, !"branch-target-enforcement", i32 0}
!2 = !{i32 1, !"sign-return-address", i32 0}
!3 = !{i32 1, !"sign-return-address-all", i32 0}
!4 = !{i32 1, !"sign-return-address-with-bkey", i32 0}
!5 = !{i32 7, !"PIC Level", i32 2}
!6 = !{i32 7, !"PIE Level", i32 2}
!7 = !{i32 7, !"uwtable", i32 1}
!8 = !{i32 7, !"frame-pointer", i32 1}
!9 = !{!"Ubuntu clang version 14.0.0-1ubuntu1.1"}
!10 = distinct !{!10, !11}
!11 = !{!"llvm.loop.mustprogress"}
*** IR Dump Before CalledValuePropagationPass on [module] ***
; ModuleID = 'scaleArray.in.ll'
source_filename = "scaleArray.c"
target datalayout = "e-m:e-i8:8:32-i16:16:32-i64:64-i128:128-n32:64-S128"
target triple = "aarch64-unknown-linux-gnu"

; Function Attrs: nounwind uwtable
define dso_local void @scaleArray(i32* noundef %0, i32 noundef %1, i32 noundef %2) #0 {
  br label %4

4:                                                ; preds = %6, %3
  %.0 = phi i32 [ 0, %3 ], [ %11, %6 ]
  %5 = icmp slt i32 %.0, %1
  br i1 %5, label %6, label %12

6:                                                ; preds = %4
  %7 = sext i32 %.0 to i64
  %8 = getelementptr inbounds i32, i32* %0, i64 %7
  %9 = load i32, i32* %8, align 4
  %10 = mul nsw i32 %9, %2
  store i32 %10, i32* %8, align 4
  %11 = add nsw i32 %.0, 1
  br label %4, !llvm.loop !10

12:                                               ; preds = %4
  ret void
}

attributes #0 = { nounwind uwtable "frame-pointer"="non-leaf" "min-legal-vector-width"="0" "no-trapping-math"="true" "stack-protector-buffer-size"="8" "target-cpu"="generic" "target-features"="+neon,+outline-atomics,+v8a" }

!llvm.module.flags = !{!0, !1, !2, !3, !4, !5, !6, !7, !8}
!llvm.ident = !{!9}

!0 = !{i32 1, !"wchar_size", i32 4}
!1 = !{i32 1, !"branch-target-enforcement", i32 0}
!2 = !{i32 1, !"sign-return-address", i32 0}
!3 = !{i32 1, !"sign-return-address-all", i32 0}
!4 = !{i32 1, !"sign-return-address-with-bkey", i32 0}
!5 = !{i32 7, !"PIC Level", i32 2}
!6 = !{i32 7, !"PIE Level", i32 2}
!7 = !{i32 7, !"uwtable", i32 1}
!8 = !{i32 7, !"frame-pointer", i32 1}
!9 = !{!"Ubuntu clang version 14.0.0-1ubuntu1.1"}
!10 = distinct !{!10, !11}
!11 = !{!"llvm.loop.mustprogress"}
*** IR Dump After CalledValuePropagationPass on [module] ***
; ModuleID = 'scaleArray.in.ll'
source_filename = "scaleArray.c"
target datalayout = "e-m:e-i8:8:32-i16:16:32-i64:64-i128:128-n32:64-S128"
target triple = "aarch64-unknown-linux-gnu"

; Function Attrs: nounwind uwtable
define dso_local void @scaleArray(i32* noundef %0, i32 noundef %1, i32 noundef %2) #0 {
  br label %4

4:                                                ; preds = %6, %3
  %.0 = phi i32 [ 0, %3 ], [ %11, %6 ]
  %5 = icmp slt i32 %.0, %1
  br i1 %5, label %6, label %12

6:                                                ; preds = %4
  %7 = sext i32 %.0 to i64
  %8 = getelementptr inbounds i32, i32* %0, i64 %7
  %9 = load i32, i32* %8, align 4
  %10 = mul nsw i32 %9, %2
  store i32 %10, i32* %8, align 4
  %11 = add nsw i32 %.0, 1
  br label %4, !llvm.loop !10

12:                                               ; preds = %4
  ret void
}

attributes #0 = { nounwind uwtable "frame-pointer"="non-leaf" "min-legal-vector-width"="0" "no-trapping-math"="true" "stack-protector-buffer-size"="8" "target-cpu"="generic" "target-features"="+neon,+outline-atomics,+v8a" }

!llvm.module.flags = !{!0, !1, !2, !3, !4, !5, !6, !7, !8}
!llvm.ident = !{!9}

!0 = !{i32 1, !"wchar_size", i32 4}
!1 = !{i32 1, !"branch-target-enforcement", i32 0}
!2 = !{i32 1, !"sign-return-address", i32 0}
!3 = !{i32 1, !"sign-return-address-all", i32 0}
!4 = !{i32 1, !"sign-return-address-with-bkey", i32 0}
!5 = !{i32 7, !"PIC Level", i32 2}
!6 = !{i32 7, !"PIE Level", i32 2}
!7 = !{i32 7, !"uwtable", i32 1}
!8 = !{i32 7, !"frame-pointer", i32 1}
!9 = !{!"Ubuntu clang version 14.0.0-1ubuntu1.1"}
!10 = distinct !{!10, !11}
!11 = !{!"llvm.loop.mustprogress"}
*** IR Dump Before GlobalOptPass on [module] ***
; ModuleID = 'scaleArray.in.ll'
source_filename = "scaleArray.c"
target datalayout = "e-m:e-i8:8:32-i16:16:32-i64:64-i128:128-n32:64-S128"
target triple = "aarch64-unknown-linux-gnu"

; Function Attrs: nounwind uwtable
define dso_local void @scaleArray(i32* noundef %0, i32 noundef %1, i32 noundef %2) #0 {
  br label %4

4:                                                ; preds = %6, %3
  %.0 = phi i32 [ 0, %3 ], [ %11, %6 ]
  %5 = icmp slt i32 %.0, %1
  br i1 %5, label %6, label %12

6:                                                ; preds = %4
  %7 = sext i32 %.0 to i64
  %8 = getelementptr inbounds i32, i32* %0, i64 %7
  %9 = load i32, i32* %8, align 4
  %10 = mul nsw i32 %9, %2
  store i32 %10, i32* %8, align 4
  %11 = add nsw i32 %.0, 1
  br label %4, !llvm.loop !10

12:                                               ; preds = %4
  ret void
}

attributes #0 = { nounwind uwtable "frame-pointer"="non-leaf" "min-legal-vector-width"="0" "no-trapping-math"="true" "stack-protector-buffer-size"="8" "target-cpu"="generic" "target-features"="+neon,+outline-atomics,+v8a" }

!llvm.module.flags = !{!0, !1, !2, !3, !4, !5, !6, !7, !8}
!llvm.ident = !{!9}

!0 = !{i32 1, !"wchar_size", i32 4}
!1 = !{i32 1, !"branch-target-enforcement", i32 0}
!2 = !{i32 1, !"sign-return-address", i32 0}
!3 = !{i32 1, !"sign-return-address-all", i32 0}
!4 = !{i32 1, !"sign-return-address-with-bkey", i32 0}
!5 = !{i32 7, !"PIC Level", i32 2}
!6 = !{i32 7, !"PIE Level", i32 2}
!7 = !{i32 7, !"uwtable", i32 1}
!8 = !{i32 7, !"frame-pointer", i32 1}
!9 = !{!"Ubuntu clang version 14.0.0-1ubuntu1.1"}
!10 = distinct !{!10, !11}
!11 = !{!"llvm.loop.mustprogress"}
*** IR Dump After GlobalOptPass on [module] ***
; ModuleID = 'scaleArray.in.ll'
source_filename = "scaleArray.c"
target datalayout = "e-m:e-i8:8:32-i16:16:32-i64:64-i128:128-n32:64-S128"
target triple = "aarch64-unknown-linux-gnu"

; Function Attrs: nounwind uwtable
define dso_local void @scaleArray(i32* noundef %0, i32 noundef %1, i32 noundef %2) local_unnamed_addr #0 {
  br label %4

4:                                                ; preds = %6, %3
  %.0 = phi i32 [ 0, %3 ], [ %11, %6 ]
  %5 = icmp slt i32 %.0, %1
  br i1 %5, label %6, label %12

6:                                                ; preds = %4
  %7 = sext i32 %.0 to i64
  %8 = getelementptr inbounds i32, i32* %0, i64 %7
  %9 = load i32, i32* %8, align 4
  %10 = mul nsw i32 %9, %2
  store i32 %10, i32* %8, align 4
  %11 = add nsw i32 %.0, 1
  br label %4, !llvm.loop !10

12:                                               ; preds = %4
  ret void
}

attributes #0 = { nounwind uwtable "frame-pointer"="non-leaf" "min-legal-vector-width"="0" "no-trapping-math"="true" "stack-protector-buffer-size"="8" "target-cpu"="generic" "target-features"="+neon,+outline-atomics,+v8a" }

!llvm.module.flags = !{!0, !1, !2, !3, !4, !5, !6, !7, !8}
!llvm.ident = !{!9}

!0 = !{i32 1, !"wchar_size", i32 4}
!1 = !{i32 1, !"branch-target-enforcement", i32 0}
!2 = !{i32 1, !"sign-return-address", i32 0}
!3 = !{i32 1, !"sign-return-address-all", i32 0}
!4 = !{i32 1, !"sign-return-address-with-bkey", i32 0}
!5 = !{i32 7, !"PIC Level", i32 2}
!6 = !{i32 7, !"PIE Level", i32 2}
!7 = !{i32 7, !"uwtable", i32 1}
!8 = !{i32 7, !"frame-pointer", i32 1}
!9 = !{!"Ubuntu clang version 14.0.0-1ubuntu1.1"}
!10 = distinct !{!10, !11}
!11 = !{!"llvm.loop.mustprogress"}
*** IR Dump Before PromotePass on scaleArray ***
; Function Attrs: nounwind uwtable
define dso_local void @scaleArray(i32* noundef %0, i32 noundef %1, i32 noundef %2) local_unnamed_addr #0 {
  br label %4

4:                                                ; preds = %6, %3
  %.0 = phi i32 [ 0, %3 ], [ %11, %6 ]
  %5 = icmp slt i32 %.0, %1
  br i1 %5, label %6, label %12

6:                                                ; preds = %4
  %7 = sext i32 %.0 to i64
  %8 = getelementptr inbounds i32, i32* %0, i64 %7
  %9 = load i32, i32* %8, align 4
  %10 = mul nsw i32 %9, %2
  store i32 %10, i32* %8, align 4
  %11 = add nsw i32 %.0, 1
  br label %4, !llvm.loop !10

12:                                               ; preds = %4
  ret void
}
*** IR Dump After PromotePass on scaleArray ***
; Function Attrs: nounwind uwtable
define dso_local void @scaleArray(i32* noundef %0, i32 noundef %1, i32 noundef %2) local_unnamed_addr #0 {
  br label %4

4:                                                ; preds = %6, %3
  %.0 = phi i32 [ 0, %3 ], [ %11, %6 ]
  %5 = icmp slt i32 %.0, %1
  br i1 %5, label %6, label %12

6:                                                ; preds = %4
  %7 = sext i32 %.0 to i64
  %8 = getelementptr inbounds i32, i32* %0, i64 %7
  %9 = load i32, i32* %8, align 4
  %10 = mul nsw i32 %9, %2
  store i32 %10, i32* %8, align 4
  %11 = add nsw i32 %.0, 1
  br label %4, !llvm.loop !10

12:                                               ; preds = %4
  ret void
}
*** IR Dump Before DeadArgumentEliminationPass on [module] ***
; ModuleID = 'scaleArray.in.ll'
source_filename = "scaleArray.c"
target datalayout = "e-m:e-i8:8:32-i16:16:32-i64:64-i128:128-n32:64-S128"
target triple = "aarch64-unknown-linux-gnu"

; Function Attrs: nounwind uwtable
define dso_local void @scaleArray(i32* noundef %0, i32 noundef %1, i32 noundef %2) local_unnamed_addr #0 {
  br label %4

4:                                                ; preds = %6, %3
  %.0 = phi i32 [ 0, %3 ], [ %11, %6 ]
  %5 = icmp slt i32 %.0, %1
  br i1 %5, label %6, label %12

6:                                                ; preds = %4
  %7 = sext i32 %.0 to i64
  %8 = getelementptr inbounds i32, i32* %0, i64 %7
  %9 = load i32, i32* %8, align 4
  %10 = mul nsw i32 %9, %2
  store i32 %10, i32* %8, align 4
  %11 = add nsw i32 %.0, 1
  br label %4, !llvm.loop !10

12:                                               ; preds = %4
  ret void
}

attributes #0 = { nounwind uwtable "frame-pointer"="non-leaf" "min-legal-vector-width"="0" "no-trapping-math"="true" "stack-protector-buffer-size"="8" "target-cpu"="generic" "target-features"="+neon,+outline-atomics,+v8a" }

!llvm.module.flags = !{!0, !1, !2, !3, !4, !5, !6, !7, !8}
!llvm.ident = !{!9}

!0 = !{i32 1, !"wchar_size", i32 4}
!1 = !{i32 1, !"branch-target-enforcement", i32 0}
!2 = !{i32 1, !"sign-return-address", i32 0}
!3 = !{i32 1, !"sign-return-address-all", i32 0}
!4 = !{i32 1, !"sign-return-address-with-bkey", i32 0}
!5 = !{i32 7, !"PIC Level", i32 2}
!6 = !{i32 7, !"PIE Level", i32 2}
!7 = !{i32 7, !"uwtable", i32 1}
!8 = !{i32 7, !"frame-pointer", i32 1}
!9 = !{!"Ubuntu clang version 14.0.0-1ubuntu1.1"}
!10 = distinct !{!10, !11}
!11 = !{!"llvm.loop.mustprogress"}
*** IR Dump After DeadArgumentEliminationPass on [module] ***
; ModuleID = 'scaleArray.in.ll'
source_filename = "scaleArray.c"
target datalayout = "e-m:e-i8:8:32-i16:16:32-i64:64-i128:128-n32:64-S128"
target triple = "aarch64-unknown-linux-gnu"

; Function Attrs: nounwind uwtable
define dso_local void @scaleArray(i32* noundef %0, i32 noundef %1, i32 noundef %2) local_unnamed_addr #0 {
  br label %4

4:                                                ; preds = %6, %3
  %.0 = phi i32 [ 0, %3 ], [ %11, %6 ]
  %5 = icmp slt i32 %.0, %1
  br i1 %5, label %6, label %12

6:                                                ; preds = %4
  %7 = sext i32 %.0 to i64
  %8 = getelementptr inbounds i32, i32* %0, i64 %7
  %9 = load i32, i32* %8, align 4
  %10 = mul nsw i32 %9, %2
  store i32 %10, i32* %8, align 4
  %11 = add nsw i32 %.0, 1
  br label %4, !llvm.loop !10

12:                                               ; preds = %4
  ret void
}

attributes #0 = { nounwind uwtable "frame-pointer"="non-leaf" "min-legal-vector-width"="0" "no-trapping-math"="true" "stack-protector-buffer-size"="8" "target-cpu"="generic" "target-features"="+neon,+outline-atomics,+v8a" }

!llvm.module.flags = !{!0, !1, !2, !3, !4, !5, !6, !7, !8}
!llvm.ident = !{!9}

!0 = !{i32 1, !"wchar_size", i32 4}
!1 = !{i32 1, !"branch-target-enforcement", i32 0}
!2 = !{i32 1, !"sign-return-address", i32 0}
!3 = !{i32 1, !"sign-return-address-all", i32 0}
!4 = !{i32 1, !"sign-return-address-with-bkey", i32 0}
!5 = !{i32 7, !"PIC Level", i32 2}
!6 = !{i32 7, !"PIE Level", i32 2}
!7 = !{i32 7, !"uwtable", i32 1}
!8 = !{i32 7, !"frame-pointer", i32 1}
!9 = !{!"Ubuntu clang version 14.0.0-1ubuntu1.1"}
!10 = distinct !{!10, !11}
!11 = !{!"llvm.loop.mustprogress"}
*** IR Dump Before InstCombinePass on scaleArray ***
; Function Attrs: nounwind uwtable
define dso_local void @scaleArray(i32* noundef %0, i32 noundef %1, i32 noundef %2) local_unnamed_addr #0 {
  br label %4

4:                                                ; preds = %6, %3
  %.0 = phi i32 [ 0, %3 ], [ %11, %6 ]
  %5 = icmp slt i32 %.0, %1
  br i1 %5, label %6, label %12

6:                                                ; preds = %4
  %7 = sext i32 %.0 to i64
  %8 = getelementptr inbounds i32, i32* %0, i64 %7
  %9 = load i32, i32* %8, align 4
  %10 = mul nsw i32 %9, %2
  store i32 %10, i32* %8, align 4
  %11 = add nsw i32 %.0, 1
  br label %4, !llvm.loop !10

12:                                               ; preds = %4
  ret void
}
*** IR Dump After InstCombinePass on scaleArray ***
; Function Attrs: nounwind uwtable
define dso_local void @scaleArray(i32* noundef %0, i32 noundef %1, i32 noundef %2) local_unnamed_addr #0 {
  br label %4

4:                                                ; preds = %6, %3
  %.0 = phi i32 [ 0, %3 ], [ %11, %6 ]
  %5 = icmp slt i32 %.0, %1
  br i1 %5, label %6, label %12

6:                                                ; preds = %4
  %7 = zext i32 %.0 to i64
  %8 = getelementptr inbounds i32, i32* %0, i64 %7
  %9 = load i32, i32* %8, align 4
  %10 = mul nsw i32 %9, %2
  store i32 %10, i32* %8, align 4
  %11 = add nuw nsw i32 %.0, 1
  br label %4, !llvm.loop !10

12:                                               ; preds = %4
  ret void
}
*** IR Dump Before SimplifyCFGPass on scaleArray ***
; Function Attrs: nounwind uwtable
define dso_local void @scaleArray(i32* noundef %0, i32 noundef %1, i32 noundef %2) local_unnamed_addr #0 {
  br label %4

4:                                                ; preds = %6, %3
  %.0 = phi i32 [ 0, %3 ], [ %11, %6 ]
  %5 = icmp slt i32 %.0, %1
  br i1 %5, label %6, label %12

6:                                                ; preds = %4
  %7 = zext i32 %.0 to i64
  %8 = getelementptr inbounds i32, i32* %0, i64 %7
  %9 = load i32, i32* %8, align 4
  %10 = mul nsw i32 %9, %2
  store i32 %10, i32* %8, align 4
  %11 = add nuw nsw i32 %.0, 1
  br label %4, !llvm.loop !10

12:                                               ; preds = %4
  ret void
}
*** IR Dump After SimplifyCFGPass on scaleArray ***
; Function Attrs: nounwind uwtable
define dso_local void @scaleArray(i32* noundef %0, i32 noundef %1, i32 noundef %2) local_unnamed_addr #0 {
  br label %4

4:                                                ; preds = %6, %3
  %.0 = phi i32 [ 0, %3 ], [ %11, %6 ]
  %5 = icmp slt i32 %.0, %1
  br i1 %5, label %6, label %12

6:                                                ; preds = %4
  %7 = zext i32 %.0 to i64
  %8 = getelementptr inbounds i32, i32* %0, i64 %7
  %9 = load i32, i32* %8, align 4
  %10 = mul nsw i32 %9, %2
  store i32 %10, i32* %8, align 4
  %11 = add nuw nsw i32 %.0, 1
  br label %4, !llvm.loop !10

12:                                               ; preds = %4
  ret void
}
*** IR Dump Before RequireAnalysisPass<llvm::GlobalsAA, llvm::Module> on [module] ***
; ModuleID = 'scaleArray.in.ll'
source_filename = "scaleArray.c"
target datalayout = "e-m:e-i8:8:32-i16:16:32-i64:64-i128:128-n32:64-S128"
target triple = "aarch64-unknown-linux-gnu"

; Function Attrs: nounwind uwtable
define dso_local void @scaleArray(i32* noundef %0, i32 noundef %1, i32 noundef %2) local_unnamed_addr #0 {
  br label %4

4:                                                ; preds = %6, %3
  %.0 = phi i32 [ 0, %3 ], [ %11, %6 ]
  %5 = icmp slt i32 %.0, %1
  br i1 %5, label %6, label %12

6:                                                ; preds = %4
  %7 = zext i32 %.0 to i64
  %8 = getelementptr inbounds i32, i32* %0, i64 %7
  %9 = load i32, i32* %8, align 4
  %10 = mul nsw i32 %9, %2
  store i32 %10, i32* %8, align 4
  %11 = add nuw nsw i32 %.0, 1
  br label %4, !llvm.loop !10

12:                                               ; preds = %4
  ret void
}

attributes #0 = { nounwind uwtable "frame-pointer"="non-leaf" "min-legal-vector-width"="0" "no-trapping-math"="true" "stack-protector-buffer-size"="8" "target-cpu"="generic" "target-features"="+neon,+outline-atomics,+v8a" }

!llvm.module.flags = !{!0, !1, !2, !3, !4, !5, !6, !7, !8}
!llvm.ident = !{!9}

!0 = !{i32 1, !"wchar_size", i32 4}
!1 = !{i32 1, !"branch-target-enforcement", i32 0}
!2 = !{i32 1, !"sign-return-address", i32 0}
!3 = !{i32 1, !"sign-return-address-all", i32 0}
!4 = !{i32 1, !"sign-return-address-with-bkey", i32 0}
!5 = !{i32 7, !"PIC Level", i32 2}
!6 = !{i32 7, !"PIE Level", i32 2}
!7 = !{i32 7, !"uwtable", i32 1}
!8 = !{i32 7, !"frame-pointer", i32 1}
!9 = !{!"Ubuntu clang version 14.0.0-1ubuntu1.1"}
!10 = distinct !{!10, !11}
!11 = !{!"llvm.loop.mustprogress"}
*** IR Dump After RequireAnalysisPass<llvm::GlobalsAA, llvm::Module> on [module] ***
; ModuleID = 'scaleArray.in.ll'
source_filename = "scaleArray.c"
target datalayout = "e-m:e-i8:8:32-i16:16:32-i64:64-i128:128-n32:64-S128"
target triple = "aarch64-unknown-linux-gnu"

; Function Attrs: nounwind uwtable
define dso_local void @scaleArray(i32* noundef %0, i32 noundef %1, i32 noundef %2) local_unnamed_addr #0 {
  br label %4

4:                                                ; preds = %6, %3
  %.0 = phi i32 [ 0, %3 ], [ %11, %6 ]
  %5 = icmp slt i32 %.0, %1
  br i1 %5, label %6, label %12

6:                                                ; preds = %4
  %7 = zext i32 %.0 to i64
  %8 = getelementptr inbounds i32, i32* %0, i64 %7
  %9 = load i32, i32* %8, align 4
  %10 = mul nsw i32 %9, %2
  store i32 %10, i32* %8, align 4
  %11 = add nuw nsw i32 %.0, 1
  br label %4, !llvm.loop !10

12:                                               ; preds = %4
  ret void
}

attributes #0 = { nounwind uwtable "frame-pointer"="non-leaf" "min-legal-vector-width"="0" "no-trapping-math"="true" "stack-protector-buffer-size"="8" "target-cpu"="generic" "target-features"="+neon,+outline-atomics,+v8a" }

!llvm.module.flags = !{!0, !1, !2, !3, !4, !5, !6, !7, !8}
!llvm.ident = !{!9}

!0 = !{i32 1, !"wchar_size", i32 4}
!1 = !{i32 1, !"branch-target-enforcement", i32 0}
!2 = !{i32 1, !"sign-return-address", i32 0}
!3 = !{i32 1, !"sign-return-address-all", i32 0}
!4 = !{i32 1, !"sign-return-address-with-bkey", i32 0}
!5 = !{i32 7, !"PIC Level", i32 2}
!6 = !{i32 7, !"PIE Level", i32 2}
!7 = !{i32 7, !"uwtable", i32 1}
!8 = !{i32 7, !"frame-pointer", i32 1}
!9 = !{!"Ubuntu clang version 14.0.0-1ubuntu1.1"}
!10 = distinct !{!10, !11}
!11 = !{!"llvm.loop.mustprogress"}
*** IR Dump Before InvalidateAnalysisPass<llvm::AAManager> on scaleArray ***
; Function Attrs: nounwind uwtable
define dso_local void @scaleArray(i32* noundef %0, i32 noundef %1, i32 noundef %2) local_unnamed_addr #0 {
  br label %4

4:                                                ; preds = %6, %3
  %.0 = phi i32 [ 0, %3 ], [ %11, %6 ]
  %5 = icmp slt i32 %.0, %1
  br i1 %5, label %6, label %12

6:                                                ; preds = %4
  %7 = zext i32 %.0 to i64
  %8 = getelementptr inbounds i32, i32* %0, i64 %7
  %9 = load i32, i32* %8, align 4
  %10 = mul nsw i32 %9, %2
  store i32 %10, i32* %8, align 4
  %11 = add nuw nsw i32 %.0, 1
  br label %4, !llvm.loop !10

12:                                               ; preds = %4
  ret void
}
*** IR Dump After InvalidateAnalysisPass<llvm::AAManager> on scaleArray ***
; Function Attrs: nounwind uwtable
define dso_local void @scaleArray(i32* noundef %0, i32 noundef %1, i32 noundef %2) local_unnamed_addr #0 {
  br label %4

4:                                                ; preds = %6, %3
  %.0 = phi i32 [ 0, %3 ], [ %11, %6 ]
  %5 = icmp slt i32 %.0, %1
  br i1 %5, label %6, label %12

6:                                                ; preds = %4
  %7 = zext i32 %.0 to i64
  %8 = getelementptr inbounds i32, i32* %0, i64 %7
  %9 = load i32, i32* %8, align 4
  %10 = mul nsw i32 %9, %2
  store i32 %10, i32* %8, align 4
  %11 = add nuw nsw i32 %.0, 1
  br label %4, !llvm.loop !10

12:                                               ; preds = %4
  ret void
}
*** IR Dump Before RequireAnalysisPass<llvm::ProfileSummaryAnalysis, llvm::Module> on [module] ***
; ModuleID = 'scaleArray.in.ll'
source_filename = "scaleArray.c"
target datalayout = "e-m:e-i8:8:32-i16:16:32-i64:64-i128:128-n32:64-S128"
target triple = "aarch64-unknown-linux-gnu"

; Function Attrs: nounwind uwtable
define dso_local void @scaleArray(i32* noundef %0, i32 noundef %1, i32 noundef %2) local_unnamed_addr #0 {
  br label %4

4:                                                ; preds = %6, %3
  %.0 = phi i32 [ 0, %3 ], [ %11, %6 ]
  %5 = icmp slt i32 %.0, %1
  br i1 %5, label %6, label %12

6:                                                ; preds = %4
  %7 = zext i32 %.0 to i64
  %8 = getelementptr inbounds i32, i32* %0, i64 %7
  %9 = load i32, i32* %8, align 4
  %10 = mul nsw i32 %9, %2
  store i32 %10, i32* %8, align 4
  %11 = add nuw nsw i32 %.0, 1
  br label %4, !llvm.loop !10

12:                                               ; preds = %4
  ret void
}

attributes #0 = { nounwind uwtable "frame-pointer"="non-leaf" "min-legal-vector-width"="0" "no-trapping-math"="true" "stack-protector-buffer-size"="8" "target-cpu"="generic" "target-features"="+neon,+outline-atomics,+v8a" }

!llvm.module.flags = !{!0, !1, !2, !3, !4, !5, !6, !7, !8}
!llvm.ident = !{!9}

!0 = !{i32 1, !"wchar_size", i32 4}
!1 = !{i32 1, !"branch-target-enforcement", i32 0}
!2 = !{i32 1, !"sign-return-address", i32 0}
!3 = !{i32 1, !"sign-return-address-all", i32 0}
!4 = !{i32 1, !"sign-return-address-with-bkey", i32 0}
!5 = !{i32 7, !"PIC Level", i32 2}
!6 = !{i32 7, !"PIE Level", i32 2}
!7 = !{i32 7, !"uwtable", i32 1}
!8 = !{i32 7, !"frame-pointer", i32 1}
!9 = !{!"Ubuntu clang version 14.0.0-1ubuntu1.1"}
!10 = distinct !{!10, !11}
!11 = !{!"llvm.loop.mustprogress"}
*** IR Dump After RequireAnalysisPass<llvm::ProfileSummaryAnalysis, llvm::Module> on [module] ***
; ModuleID = 'scaleArray.in.ll'
source_filename = "scaleArray.c"
target datalayout = "e-m:e-i8:8:32-i16:16:32-i64:64-i128:128-n32:64-S128"
target triple = "aarch64-unknown-linux-gnu"

; Function Attrs: nounwind uwtable
define dso_local void @scaleArray(i32* noundef %0, i32 noundef %1, i32 noundef %2) local_unnamed_addr #0 {
  br label %4

4:                                                ; preds = %6, %3
  %.0 = phi i32 [ 0, %3 ], [ %11, %6 ]
  %5 = icmp slt i32 %.0, %1
  br i1 %5, label %6, label %12

6:                                                ; preds = %4
  %7 = zext i32 %.0 to i64
  %8 = getelementptr inbounds i32, i32* %0, i64 %7
  %9 = load i32, i32* %8, align 4
  %10 = mul nsw i32 %9, %2
  store i32 %10, i32* %8, align 4
  %11 = add nuw nsw i32 %.0, 1
  br label %4, !llvm.loop !10

12:                                               ; preds = %4
  ret void
}

attributes #0 = { nounwind uwtable "frame-pointer"="non-leaf" "min-legal-vector-width"="0" "no-trapping-math"="true" "stack-protector-buffer-size"="8" "target-cpu"="generic" "target-features"="+neon,+outline-atomics,+v8a" }

!llvm.module.flags = !{!0, !1, !2, !3, !4, !5, !6, !7, !8}
!llvm.ident = !{!9}

!0 = !{i32 1, !"wchar_size", i32 4}
!1 = !{i32 1, !"branch-target-enforcement", i32 0}
!2 = !{i32 1, !"sign-return-address", i32 0}
!3 = !{i32 1, !"sign-return-address-all", i32 0}
!4 = !{i32 1, !"sign-return-address-with-bkey", i32 0}
!5 = !{i32 7, !"PIC Level", i32 2}
!6 = !{i32 7, !"PIE Level", i32 2}
!7 = !{i32 7, !"uwtable", i32 1}
!8 = !{i32 7, !"frame-pointer", i32 1}
!9 = !{!"Ubuntu clang version 14.0.0-1ubuntu1.1"}
!10 = distinct !{!10, !11}
!11 = !{!"llvm.loop.mustprogress"}
*** IR Dump Before InlinerPass on (scaleArray) ***
; Function Attrs: nounwind uwtable
define dso_local void @scaleArray(i32* noundef %0, i32 noundef %1, i32 noundef %2) local_unnamed_addr #0 {
  br label %4

4:                                                ; preds = %6, %3
  %.0 = phi i32 [ 0, %3 ], [ %11, %6 ]
  %5 = icmp slt i32 %.0, %1
  br i1 %5, label %6, label %12

6:                                                ; preds = %4
  %7 = zext i32 %.0 to i64
  %8 = getelementptr inbounds i32, i32* %0, i64 %7
  %9 = load i32, i32* %8, align 4
  %10 = mul nsw i32 %9, %2
  store i32 %10, i32* %8, align 4
  %11 = add nuw nsw i32 %.0, 1
  br label %4, !llvm.loop !10

12:                                               ; preds = %4
  ret void
}
*** IR Dump After InlinerPass on (scaleArray) ***
; Function Attrs: nounwind uwtable
define dso_local void @scaleArray(i32* noundef %0, i32 noundef %1, i32 noundef %2) local_unnamed_addr #0 {
  br label %4

4:                                                ; preds = %6, %3
  %.0 = phi i32 [ 0, %3 ], [ %11, %6 ]
  %5 = icmp slt i32 %.0, %1
  br i1 %5, label %6, label %12

6:                                                ; preds = %4
  %7 = zext i32 %.0 to i64
  %8 = getelementptr inbounds i32, i32* %0, i64 %7
  %9 = load i32, i32* %8, align 4
  %10 = mul nsw i32 %9, %2
  store i32 %10, i32* %8, align 4
  %11 = add nuw nsw i32 %.0, 1
  br label %4, !llvm.loop !10

12:                                               ; preds = %4
  ret void
}
*** IR Dump Before InlinerPass on (scaleArray) ***
; Function Attrs: nounwind uwtable
define dso_local void @scaleArray(i32* noundef %0, i32 noundef %1, i32 noundef %2) local_unnamed_addr #0 {
  br label %4

4:                                                ; preds = %6, %3
  %.0 = phi i32 [ 0, %3 ], [ %11, %6 ]
  %5 = icmp slt i32 %.0, %1
  br i1 %5, label %6, label %12

6:                                                ; preds = %4
  %7 = zext i32 %.0 to i64
  %8 = getelementptr inbounds i32, i32* %0, i64 %7
  %9 = load i32, i32* %8, align 4
  %10 = mul nsw i32 %9, %2
  store i32 %10, i32* %8, align 4
  %11 = add nuw nsw i32 %.0, 1
  br label %4, !llvm.loop !10

12:                                               ; preds = %4
  ret void
}
*** IR Dump After InlinerPass on (scaleArray) ***
; Function Attrs: nounwind uwtable
define dso_local void @scaleArray(i32* noundef %0, i32 noundef %1, i32 noundef %2) local_unnamed_addr #0 {
  br label %4

4:                                                ; preds = %6, %3
  %.0 = phi i32 [ 0, %3 ], [ %11, %6 ]
  %5 = icmp slt i32 %.0, %1
  br i1 %5, label %6, label %12

6:                                                ; preds = %4
  %7 = zext i32 %.0 to i64
  %8 = getelementptr inbounds i32, i32* %0, i64 %7
  %9 = load i32, i32* %8, align 4
  %10 = mul nsw i32 %9, %2
  store i32 %10, i32* %8, align 4
  %11 = add nuw nsw i32 %.0, 1
  br label %4, !llvm.loop !10

12:                                               ; preds = %4
  ret void
}
*** IR Dump Before PostOrderFunctionAttrsPass on (scaleArray) ***
; Function Attrs: nounwind uwtable
define dso_local void @scaleArray(i32* noundef %0, i32 noundef %1, i32 noundef %2) local_unnamed_addr #0 {
  br label %4

4:                                                ; preds = %6, %3
  %.0 = phi i32 [ 0, %3 ], [ %11, %6 ]
  %5 = icmp slt i32 %.0, %1
  br i1 %5, label %6, label %12

6:                                                ; preds = %4
  %7 = zext i32 %.0 to i64
  %8 = getelementptr inbounds i32, i32* %0, i64 %7
  %9 = load i32, i32* %8, align 4
  %10 = mul nsw i32 %9, %2
  store i32 %10, i32* %8, align 4
  %11 = add nuw nsw i32 %.0, 1
  br label %4, !llvm.loop !10

12:                                               ; preds = %4
  ret void
}
*** IR Dump After PostOrderFunctionAttrsPass on (scaleArray) ***
; Function Attrs: nofree norecurse nosync nounwind uwtable
define dso_local void @scaleArray(i32* nocapture noundef %0, i32 noundef %1, i32 noundef %2) local_unnamed_addr #0 {
  br label %4

4:                                                ; preds = %6, %3
  %.0 = phi i32 [ 0, %3 ], [ %11, %6 ]
  %5 = icmp slt i32 %.0, %1
  br i1 %5, label %6, label %12

6:                                                ; preds = %4
  %7 = zext i32 %.0 to i64
  %8 = getelementptr inbounds i32, i32* %0, i64 %7
  %9 = load i32, i32* %8, align 4
  %10 = mul nsw i32 %9, %2
  store i32 %10, i32* %8, align 4
  %11 = add nuw nsw i32 %.0, 1
  br label %4, !llvm.loop !10

12:                                               ; preds = %4
  ret void
}
*** IR Dump Before OpenMPOptCGSCCPass on (scaleArray) ***
; Function Attrs: nofree norecurse nosync nounwind uwtable
define dso_local void @scaleArray(i32* nocapture noundef %0, i32 noundef %1, i32 noundef %2) local_unnamed_addr #0 {
  br label %4

4:                                                ; preds = %6, %3
  %.0 = phi i32 [ 0, %3 ], [ %11, %6 ]
  %5 = icmp slt i32 %.0, %1
  br i1 %5, label %6, label %12

6:                                                ; preds = %4
  %7 = zext i32 %.0 to i64
  %8 = getelementptr inbounds i32, i32* %0, i64 %7
  %9 = load i32, i32* %8, align 4
  %10 = mul nsw i32 %9, %2
  store i32 %10, i32* %8, align 4
  %11 = add nuw nsw i32 %.0, 1
  br label %4, !llvm.loop !10

12:                                               ; preds = %4
  ret void
}
*** IR Dump After OpenMPOptCGSCCPass on (scaleArray) ***
; Function Attrs: nofree norecurse nosync nounwind uwtable
define dso_local void @scaleArray(i32* nocapture noundef %0, i32 noundef %1, i32 noundef %2) local_unnamed_addr #0 {
  br label %4

4:                                                ; preds = %6, %3
  %.0 = phi i32 [ 0, %3 ], [ %11, %6 ]
  %5 = icmp slt i32 %.0, %1
  br i1 %5, label %6, label %12

6:                                                ; preds = %4
  %7 = zext i32 %.0 to i64
  %8 = getelementptr inbounds i32, i32* %0, i64 %7
  %9 = load i32, i32* %8, align 4
  %10 = mul nsw i32 %9, %2
  store i32 %10, i32* %8, align 4
  %11 = add nuw nsw i32 %.0, 1
  br label %4, !llvm.loop !10

12:                                               ; preds = %4
  ret void
}
*** IR Dump Before SROAPass on scaleArray ***
; Function Attrs: nofree norecurse nosync nounwind uwtable
define dso_local void @scaleArray(i32* nocapture noundef %0, i32 noundef %1, i32 noundef %2) local_unnamed_addr #0 {
  br label %4

4:                                                ; preds = %6, %3
  %.0 = phi i32 [ 0, %3 ], [ %11, %6 ]
  %5 = icmp slt i32 %.0, %1
  br i1 %5, label %6, label %12

6:                                                ; preds = %4
  %7 = zext i32 %.0 to i64
  %8 = getelementptr inbounds i32, i32* %0, i64 %7
  %9 = load i32, i32* %8, align 4
  %10 = mul nsw i32 %9, %2
  store i32 %10, i32* %8, align 4
  %11 = add nuw nsw i32 %.0, 1
  br label %4, !llvm.loop !10

12:                                               ; preds = %4
  ret void
}
*** IR Dump After SROAPass on scaleArray ***
; Function Attrs: nofree norecurse nosync nounwind uwtable
define dso_local void @scaleArray(i32* nocapture noundef %0, i32 noundef %1, i32 noundef %2) local_unnamed_addr #0 {
  br label %4

4:                                                ; preds = %6, %3
  %.0 = phi i32 [ 0, %3 ], [ %11, %6 ]
  %5 = icmp slt i32 %.0, %1
  br i1 %5, label %6, label %12

6:                                                ; preds = %4
  %7 = zext i32 %.0 to i64
  %8 = getelementptr inbounds i32, i32* %0, i64 %7
  %9 = load i32, i32* %8, align 4
  %10 = mul nsw i32 %9, %2
  store i32 %10, i32* %8, align 4
  %11 = add nuw nsw i32 %.0, 1
  br label %4, !llvm.loop !10

12:                                               ; preds = %4
  ret void
}
*** IR Dump Before EarlyCSEPass on scaleArray ***
; Function Attrs: nofree norecurse nosync nounwind uwtable
define dso_local void @scaleArray(i32* nocapture noundef %0, i32 noundef %1, i32 noundef %2) local_unnamed_addr #0 {
  br label %4

4:                                                ; preds = %6, %3
  %.0 = phi i32 [ 0, %3 ], [ %11, %6 ]
  %5 = icmp slt i32 %.0, %1
  br i1 %5, label %6, label %12

6:                                                ; preds = %4
  %7 = zext i32 %.0 to i64
  %8 = getelementptr inbounds i32, i32* %0, i64 %7
  %9 = load i32, i32* %8, align 4
  %10 = mul nsw i32 %9, %2
  store i32 %10, i32* %8, align 4
  %11 = add nuw nsw i32 %.0, 1
  br label %4, !llvm.loop !10

12:                                               ; preds = %4
  ret void
}
*** IR Dump After EarlyCSEPass on scaleArray ***
; Function Attrs: nofree norecurse nosync nounwind uwtable
define dso_local void @scaleArray(i32* nocapture noundef %0, i32 noundef %1, i32 noundef %2) local_unnamed_addr #0 {
  br label %4

4:                                                ; preds = %6, %3
  %.0 = phi i32 [ 0, %3 ], [ %11, %6 ]
  %5 = icmp slt i32 %.0, %1
  br i1 %5, label %6, label %12

6:                                                ; preds = %4
  %7 = zext i32 %.0 to i64
  %8 = getelementptr inbounds i32, i32* %0, i64 %7
  %9 = load i32, i32* %8, align 4
  %10 = mul nsw i32 %9, %2
  store i32 %10, i32* %8, align 4
  %11 = add nuw nsw i32 %.0, 1
  br label %4, !llvm.loop !10

12:                                               ; preds = %4
  ret void
}
*** IR Dump Before SpeculativeExecutionPass on scaleArray ***
; Function Attrs: nofree norecurse nosync nounwind uwtable
define dso_local void @scaleArray(i32* nocapture noundef %0, i32 noundef %1, i32 noundef %2) local_unnamed_addr #0 {
  br label %4

4:                                                ; preds = %6, %3
  %.0 = phi i32 [ 0, %3 ], [ %11, %6 ]
  %5 = icmp slt i32 %.0, %1
  br i1 %5, label %6, label %12

6:                                                ; preds = %4
  %7 = zext i32 %.0 to i64
  %8 = getelementptr inbounds i32, i32* %0, i64 %7
  %9 = load i32, i32* %8, align 4
  %10 = mul nsw i32 %9, %2
  store i32 %10, i32* %8, align 4
  %11 = add nuw nsw i32 %.0, 1
  br label %4, !llvm.loop !10

12:                                               ; preds = %4
  ret void
}
*** IR Dump After SpeculativeExecutionPass on scaleArray ***
; Function Attrs: nofree norecurse nosync nounwind uwtable
define dso_local void @scaleArray(i32* nocapture noundef %0, i32 noundef %1, i32 noundef %2) local_unnamed_addr #0 {
  br label %4

4:                                                ; preds = %6, %3
  %.0 = phi i32 [ 0, %3 ], [ %11, %6 ]
  %5 = icmp slt i32 %.0, %1
  br i1 %5, label %6, label %12

6:                                                ; preds = %4
  %7 = zext i32 %.0 to i64
  %8 = getelementptr inbounds i32, i32* %0, i64 %7
  %9 = load i32, i32* %8, align 4
  %10 = mul nsw i32 %9, %2
  store i32 %10, i32* %8, align 4
  %11 = add nuw nsw i32 %.0, 1
  br label %4, !llvm.loop !10

12:                                               ; preds = %4
  ret void
}
*** IR Dump Before JumpThreadingPass on scaleArray ***
; Function Attrs: nofree norecurse nosync nounwind uwtable
define dso_local void @scaleArray(i32* nocapture noundef %0, i32 noundef %1, i32 noundef %2) local_unnamed_addr #0 {
  br label %4

4:                                                ; preds = %6, %3
  %.0 = phi i32 [ 0, %3 ], [ %11, %6 ]
  %5 = icmp slt i32 %.0, %1
  br i1 %5, label %6, label %12

6:                                                ; preds = %4
  %7 = zext i32 %.0 to i64
  %8 = getelementptr inbounds i32, i32* %0, i64 %7
  %9 = load i32, i32* %8, align 4
  %10 = mul nsw i32 %9, %2
  store i32 %10, i32* %8, align 4
  %11 = add nuw nsw i32 %.0, 1
  br label %4, !llvm.loop !10

12:                                               ; preds = %4
  ret void
}
*** IR Dump After JumpThreadingPass on scaleArray ***
; Function Attrs: nofree norecurse nosync nounwind uwtable
define dso_local void @scaleArray(i32* nocapture noundef %0, i32 noundef %1, i32 noundef %2) local_unnamed_addr #0 {
  br label %4

4:                                                ; preds = %6, %3
  %.0 = phi i32 [ 0, %3 ], [ %11, %6 ]
  %5 = icmp slt i32 %.0, %1
  br i1 %5, label %6, label %12

6:                                                ; preds = %4
  %7 = zext i32 %.0 to i64
  %8 = getelementptr inbounds i32, i32* %0, i64 %7
  %9 = load i32, i32* %8, align 4
  %10 = mul nsw i32 %9, %2
  store i32 %10, i32* %8, align 4
  %11 = add nuw nsw i32 %.0, 1
  br label %4, !llvm.loop !10

12:                                               ; preds = %4
  ret void
}
*** IR Dump Before CorrelatedValuePropagationPass on scaleArray ***
; Function Attrs: nofree norecurse nosync nounwind uwtable
define dso_local void @scaleArray(i32* nocapture noundef %0, i32 noundef %1, i32 noundef %2) local_unnamed_addr #0 {
  br label %4

4:                                                ; preds = %6, %3
  %.0 = phi i32 [ 0, %3 ], [ %11, %6 ]
  %5 = icmp slt i32 %.0, %1
  br i1 %5, label %6, label %12

6:                                                ; preds = %4
  %7 = zext i32 %.0 to i64
  %8 = getelementptr inbounds i32, i32* %0, i64 %7
  %9 = load i32, i32* %8, align 4
  %10 = mul nsw i32 %9, %2
  store i32 %10, i32* %8, align 4
  %11 = add nuw nsw i32 %.0, 1
  br label %4, !llvm.loop !10

12:                                               ; preds = %4
  ret void
}
*** IR Dump After CorrelatedValuePropagationPass on scaleArray ***
; Function Attrs: nofree norecurse nosync nounwind uwtable
define dso_local void @scaleArray(i32* nocapture noundef %0, i32 noundef %1, i32 noundef %2) local_unnamed_addr #0 {
  br label %4

4:                                                ; preds = %6, %3
  %.0 = phi i32 [ 0, %3 ], [ %11, %6 ]
  %5 = icmp slt i32 %.0, %1
  br i1 %5, label %6, label %12

6:                                                ; preds = %4
  %7 = zext i32 %.0 to i64
  %8 = getelementptr inbounds i32, i32* %0, i64 %7
  %9 = load i32, i32* %8, align 4
  %10 = mul nsw i32 %9, %2
  store i32 %10, i32* %8, align 4
  %11 = add nuw nsw i32 %.0, 1
  br label %4, !llvm.loop !10

12:                                               ; preds = %4
  ret void
}
*** IR Dump Before SimplifyCFGPass on scaleArray ***
; Function Attrs: nofree norecurse nosync nounwind uwtable
define dso_local void @scaleArray(i32* nocapture noundef %0, i32 noundef %1, i32 noundef %2) local_unnamed_addr #0 {
  br label %4

4:                                                ; preds = %6, %3
  %.0 = phi i32 [ 0, %3 ], [ %11, %6 ]
  %5 = icmp slt i32 %.0, %1
  br i1 %5, label %6, label %12

6:                                                ; preds = %4
  %7 = zext i32 %.0 to i64
  %8 = getelementptr inbounds i32, i32* %0, i64 %7
  %9 = load i32, i32* %8, align 4
  %10 = mul nsw i32 %9, %2
  store i32 %10, i32* %8, align 4
  %11 = add nuw nsw i32 %.0, 1
  br label %4, !llvm.loop !10

12:                                               ; preds = %4
  ret void
}
*** IR Dump After SimplifyCFGPass on scaleArray ***
; Function Attrs: nofree norecurse nosync nounwind uwtable
define dso_local void @scaleArray(i32* nocapture noundef %0, i32 noundef %1, i32 noundef %2) local_unnamed_addr #0 {
  br label %4

4:                                                ; preds = %6, %3
  %.0 = phi i32 [ 0, %3 ], [ %11, %6 ]
  %5 = icmp slt i32 %.0, %1
  br i1 %5, label %6, label %12

6:                                                ; preds = %4
  %7 = zext i32 %.0 to i64
  %8 = getelementptr inbounds i32, i32* %0, i64 %7
  %9 = load i32, i32* %8, align 4
  %10 = mul nsw i32 %9, %2
  store i32 %10, i32* %8, align 4
  %11 = add nuw nsw i32 %.0, 1
  br label %4, !llvm.loop !10

12:                                               ; preds = %4
  ret void
}
*** IR Dump Before InstCombinePass on scaleArray ***
; Function Attrs: nofree norecurse nosync nounwind uwtable
define dso_local void @scaleArray(i32* nocapture noundef %0, i32 noundef %1, i32 noundef %2) local_unnamed_addr #0 {
  br label %4

4:                                                ; preds = %6, %3
  %.0 = phi i32 [ 0, %3 ], [ %11, %6 ]
  %5 = icmp slt i32 %.0, %1
  br i1 %5, label %6, label %12

6:                                                ; preds = %4
  %7 = zext i32 %.0 to i64
  %8 = getelementptr inbounds i32, i32* %0, i64 %7
  %9 = load i32, i32* %8, align 4
  %10 = mul nsw i32 %9, %2
  store i32 %10, i32* %8, align 4
  %11 = add nuw nsw i32 %.0, 1
  br label %4, !llvm.loop !10

12:                                               ; preds = %4
  ret void
}
*** IR Dump After InstCombinePass on scaleArray ***
; Function Attrs: nofree norecurse nosync nounwind uwtable
define dso_local void @scaleArray(i32* nocapture noundef %0, i32 noundef %1, i32 noundef %2) local_unnamed_addr #0 {
  br label %4

4:                                                ; preds = %6, %3
  %.0 = phi i32 [ 0, %3 ], [ %11, %6 ]
  %5 = icmp slt i32 %.0, %1
  br i1 %5, label %6, label %12

6:                                                ; preds = %4
  %7 = zext i32 %.0 to i64
  %8 = getelementptr inbounds i32, i32* %0, i64 %7
  %9 = load i32, i32* %8, align 4
  %10 = mul nsw i32 %9, %2
  store i32 %10, i32* %8, align 4
  %11 = add nuw nsw i32 %.0, 1
  br label %4, !llvm.loop !10

12:                                               ; preds = %4
  ret void
}
*** IR Dump Before LibCallsShrinkWrapPass on scaleArray ***
; Function Attrs: nofree norecurse nosync nounwind uwtable
define dso_local void @scaleArray(i32* nocapture noundef %0, i32 noundef %1, i32 noundef %2) local_unnamed_addr #0 {
  br label %4

4:                                                ; preds = %6, %3
  %.0 = phi i32 [ 0, %3 ], [ %11, %6 ]
  %5 = icmp slt i32 %.0, %1
  br i1 %5, label %6, label %12

6:                                                ; preds = %4
  %7 = zext i32 %.0 to i64
  %8 = getelementptr inbounds i32, i32* %0, i64 %7
  %9 = load i32, i32* %8, align 4
  %10 = mul nsw i32 %9, %2
  store i32 %10, i32* %8, align 4
  %11 = add nuw nsw i32 %.0, 1
  br label %4, !llvm.loop !10

12:                                               ; preds = %4
  ret void
}
*** IR Dump After LibCallsShrinkWrapPass on scaleArray ***
; Function Attrs: nofree norecurse nosync nounwind uwtable
define dso_local void @scaleArray(i32* nocapture noundef %0, i32 noundef %1, i32 noundef %2) local_unnamed_addr #0 {
  br label %4

4:                                                ; preds = %6, %3
  %.0 = phi i32 [ 0, %3 ], [ %11, %6 ]
  %5 = icmp slt i32 %.0, %1
  br i1 %5, label %6, label %12

6:                                                ; preds = %4
  %7 = zext i32 %.0 to i64
  %8 = getelementptr inbounds i32, i32* %0, i64 %7
  %9 = load i32, i32* %8, align 4
  %10 = mul nsw i32 %9, %2
  store i32 %10, i32* %8, align 4
  %11 = add nuw nsw i32 %.0, 1
  br label %4, !llvm.loop !10

12:                                               ; preds = %4
  ret void
}
*** IR Dump Before TailCallElimPass on scaleArray ***
; Function Attrs: nofree norecurse nosync nounwind uwtable
define dso_local void @scaleArray(i32* nocapture noundef %0, i32 noundef %1, i32 noundef %2) local_unnamed_addr #0 {
  br label %4

4:                                                ; preds = %6, %3
  %.0 = phi i32 [ 0, %3 ], [ %11, %6 ]
  %5 = icmp slt i32 %.0, %1
  br i1 %5, label %6, label %12

6:                                                ; preds = %4
  %7 = zext i32 %.0 to i64
  %8 = getelementptr inbounds i32, i32* %0, i64 %7
  %9 = load i32, i32* %8, align 4
  %10 = mul nsw i32 %9, %2
  store i32 %10, i32* %8, align 4
  %11 = add nuw nsw i32 %.0, 1
  br label %4, !llvm.loop !10

12:                                               ; preds = %4
  ret void
}
*** IR Dump After TailCallElimPass on scaleArray ***
; Function Attrs: nofree norecurse nosync nounwind uwtable
define dso_local void @scaleArray(i32* nocapture noundef %0, i32 noundef %1, i32 noundef %2) local_unnamed_addr #0 {
  br label %4

4:                                                ; preds = %6, %3
  %.0 = phi i32 [ 0, %3 ], [ %11, %6 ]
  %5 = icmp slt i32 %.0, %1
  br i1 %5, label %6, label %12

6:                                                ; preds = %4
  %7 = zext i32 %.0 to i64
  %8 = getelementptr inbounds i32, i32* %0, i64 %7
  %9 = load i32, i32* %8, align 4
  %10 = mul nsw i32 %9, %2
  store i32 %10, i32* %8, align 4
  %11 = add nuw nsw i32 %.0, 1
  br label %4, !llvm.loop !10

12:                                               ; preds = %4
  ret void
}
*** IR Dump Before SimplifyCFGPass on scaleArray ***
; Function Attrs: nofree norecurse nosync nounwind uwtable
define dso_local void @scaleArray(i32* nocapture noundef %0, i32 noundef %1, i32 noundef %2) local_unnamed_addr #0 {
  br label %4

4:                                                ; preds = %6, %3
  %.0 = phi i32 [ 0, %3 ], [ %11, %6 ]
  %5 = icmp slt i32 %.0, %1
  br i1 %5, label %6, label %12

6:                                                ; preds = %4
  %7 = zext i32 %.0 to i64
  %8 = getelementptr inbounds i32, i32* %0, i64 %7
  %9 = load i32, i32* %8, align 4
  %10 = mul nsw i32 %9, %2
  store i32 %10, i32* %8, align 4
  %11 = add nuw nsw i32 %.0, 1
  br label %4, !llvm.loop !10

12:                                               ; preds = %4
  ret void
}
*** IR Dump After SimplifyCFGPass on scaleArray ***
; Function Attrs: nofree norecurse nosync nounwind uwtable
define dso_local void @scaleArray(i32* nocapture noundef %0, i32 noundef %1, i32 noundef %2) local_unnamed_addr #0 {
  br label %4

4:                                                ; preds = %6, %3
  %.0 = phi i32 [ 0, %3 ], [ %11, %6 ]
  %5 = icmp slt i32 %.0, %1
  br i1 %5, label %6, label %12

6:                                                ; preds = %4
  %7 = zext i32 %.0 to i64
  %8 = getelementptr inbounds i32, i32* %0, i64 %7
  %9 = load i32, i32* %8, align 4
  %10 = mul nsw i32 %9, %2
  store i32 %10, i32* %8, align 4
  %11 = add nuw nsw i32 %.0, 1
  br label %4, !llvm.loop !10

12:                                               ; preds = %4
  ret void
}
*** IR Dump Before ReassociatePass on scaleArray ***
; Function Attrs: nofree norecurse nosync nounwind uwtable
define dso_local void @scaleArray(i32* nocapture noundef %0, i32 noundef %1, i32 noundef %2) local_unnamed_addr #0 {
  br label %4

4:                                                ; preds = %6, %3
  %.0 = phi i32 [ 0, %3 ], [ %11, %6 ]
  %5 = icmp slt i32 %.0, %1
  br i1 %5, label %6, label %12

6:                                                ; preds = %4
  %7 = zext i32 %.0 to i64
  %8 = getelementptr inbounds i32, i32* %0, i64 %7
  %9 = load i32, i32* %8, align 4
  %10 = mul nsw i32 %9, %2
  store i32 %10, i32* %8, align 4
  %11 = add nuw nsw i32 %.0, 1
  br label %4, !llvm.loop !10

12:                                               ; preds = %4
  ret void
}
*** IR Dump After ReassociatePass on scaleArray ***
; Function Attrs: nofree norecurse nosync nounwind uwtable
define dso_local void @scaleArray(i32* nocapture noundef %0, i32 noundef %1, i32 noundef %2) local_unnamed_addr #0 {
  br label %4

4:                                                ; preds = %6, %3
  %.0 = phi i32 [ 0, %3 ], [ %11, %6 ]
  %5 = icmp slt i32 %.0, %1
  br i1 %5, label %6, label %12

6:                                                ; preds = %4
  %7 = zext i32 %.0 to i64
  %8 = getelementptr inbounds i32, i32* %0, i64 %7
  %9 = load i32, i32* %8, align 4
  %10 = mul nsw i32 %9, %2
  store i32 %10, i32* %8, align 4
  %11 = add nuw nsw i32 %.0, 1
  br label %4, !llvm.loop !10

12:                                               ; preds = %4
  ret void
}
*** IR Dump Before RequireAnalysisPass<llvm::OptimizationRemarkEmitterAnalysis, llvm::Function> on scaleArray ***
; Function Attrs: nofree norecurse nosync nounwind uwtable
define dso_local void @scaleArray(i32* nocapture noundef %0, i32 noundef %1, i32 noundef %2) local_unnamed_addr #0 {
  br label %4

4:                                                ; preds = %6, %3
  %.0 = phi i32 [ 0, %3 ], [ %11, %6 ]
  %5 = icmp slt i32 %.0, %1
  br i1 %5, label %6, label %12

6:                                                ; preds = %4
  %7 = zext i32 %.0 to i64
  %8 = getelementptr inbounds i32, i32* %0, i64 %7
  %9 = load i32, i32* %8, align 4
  %10 = mul nsw i32 %9, %2
  store i32 %10, i32* %8, align 4
  %11 = add nuw nsw i32 %.0, 1
  br label %4, !llvm.loop !10

12:                                               ; preds = %4
  ret void
}
*** IR Dump After RequireAnalysisPass<llvm::OptimizationRemarkEmitterAnalysis, llvm::Function> on scaleArray ***
; Function Attrs: nofree norecurse nosync nounwind uwtable
define dso_local void @scaleArray(i32* nocapture noundef %0, i32 noundef %1, i32 noundef %2) local_unnamed_addr #0 {
  br label %4

4:                                                ; preds = %6, %3
  %.0 = phi i32 [ 0, %3 ], [ %11, %6 ]
  %5 = icmp slt i32 %.0, %1
  br i1 %5, label %6, label %12

6:                                                ; preds = %4
  %7 = zext i32 %.0 to i64
  %8 = getelementptr inbounds i32, i32* %0, i64 %7
  %9 = load i32, i32* %8, align 4
  %10 = mul nsw i32 %9, %2
  store i32 %10, i32* %8, align 4
  %11 = add nuw nsw i32 %.0, 1
  br label %4, !llvm.loop !10

12:                                               ; preds = %4
  ret void
}
*** IR Dump Before LoopSimplifyPass on scaleArray ***
; Function Attrs: nofree norecurse nosync nounwind uwtable
define dso_local void @scaleArray(i32* nocapture noundef %0, i32 noundef %1, i32 noundef %2) local_unnamed_addr #0 {
  br label %4

4:                                                ; preds = %6, %3
  %.0 = phi i32 [ 0, %3 ], [ %11, %6 ]
  %5 = icmp slt i32 %.0, %1
  br i1 %5, label %6, label %12

6:                                                ; preds = %4
  %7 = zext i32 %.0 to i64
  %8 = getelementptr inbounds i32, i32* %0, i64 %7
  %9 = load i32, i32* %8, align 4
  %10 = mul nsw i32 %9, %2
  store i32 %10, i32* %8, align 4
  %11 = add nuw nsw i32 %.0, 1
  br label %4, !llvm.loop !10

12:                                               ; preds = %4
  ret void
}
*** IR Dump After LoopSimplifyPass on scaleArray ***
; Function Attrs: nofree norecurse nosync nounwind uwtable
define dso_local void @scaleArray(i32* nocapture noundef %0, i32 noundef %1, i32 noundef %2) local_unnamed_addr #0 {
  br label %4

4:                                                ; preds = %6, %3
  %.0 = phi i32 [ 0, %3 ], [ %11, %6 ]
  %5 = icmp slt i32 %.0, %1
  br i1 %5, label %6, label %12

6:                                                ; preds = %4
  %7 = zext i32 %.0 to i64
  %8 = getelementptr inbounds i32, i32* %0, i64 %7
  %9 = load i32, i32* %8, align 4
  %10 = mul nsw i32 %9, %2
  store i32 %10, i32* %8, align 4
  %11 = add nuw nsw i32 %.0, 1
  br label %4, !llvm.loop !10

12:                                               ; preds = %4
  ret void
}
*** IR Dump Before LCSSAPass on scaleArray ***
; Function Attrs: nofree norecurse nosync nounwind uwtable
define dso_local void @scaleArray(i32* nocapture noundef %0, i32 noundef %1, i32 noundef %2) local_unnamed_addr #0 {
  br label %4

4:                                                ; preds = %6, %3
  %.0 = phi i32 [ 0, %3 ], [ %11, %6 ]
  %5 = icmp slt i32 %.0, %1
  br i1 %5, label %6, label %12

6:                                                ; preds = %4
  %7 = zext i32 %.0 to i64
  %8 = getelementptr inbounds i32, i32* %0, i64 %7
  %9 = load i32, i32* %8, align 4
  %10 = mul nsw i32 %9, %2
  store i32 %10, i32* %8, align 4
  %11 = add nuw nsw i32 %.0, 1
  br label %4, !llvm.loop !10

12:                                               ; preds = %4
  ret void
}
*** IR Dump After LCSSAPass on scaleArray ***
; Function Attrs: nofree norecurse nosync nounwind uwtable
define dso_local void @scaleArray(i32* nocapture noundef %0, i32 noundef %1, i32 noundef %2) local_unnamed_addr #0 {
  br label %4

4:                                                ; preds = %6, %3
  %.0 = phi i32 [ 0, %3 ], [ %11, %6 ]
  %5 = icmp slt i32 %.0, %1
  br i1 %5, label %6, label %12

6:                                                ; preds = %4
  %7 = zext i32 %.0 to i64
  %8 = getelementptr inbounds i32, i32* %0, i64 %7
  %9 = load i32, i32* %8, align 4
  %10 = mul nsw i32 %9, %2
  store i32 %10, i32* %8, align 4
  %11 = add nuw nsw i32 %.0, 1
  br label %4, !llvm.loop !10

12:                                               ; preds = %4
  ret void
}
*** IR Dump Before LoopInstSimplifyPass on Loop at depth 1 containing: %4<header><exiting>,%6<latch> ***

; Preheader:
  br label %4

; Loop:
4:                                                ; preds = %6, %3
  %.0 = phi i32 [ 0, %3 ], [ %11, %6 ]
  %5 = icmp slt i32 %.0, %1
  br i1 %5, label %6, label %12

6:                                                ; preds = %4
  %7 = zext i32 %.0 to i64
  %8 = getelementptr inbounds i32, i32* %0, i64 %7
  %9 = load i32, i32* %8, align 4
  %10 = mul nsw i32 %9, %2
  store i32 %10, i32* %8, align 4
  %11 = add nuw nsw i32 %.0, 1
  br label %4, !llvm.loop !10

; Exit blocks
12:                                               ; preds = %4
  ret void
*** IR Dump After LoopInstSimplifyPass on Loop at depth 1 containing: %4<header><exiting>,%6<latch> ***

; Preheader:
  br label %4

; Loop:
4:                                                ; preds = %6, %3
  %.0 = phi i32 [ 0, %3 ], [ %11, %6 ]
  %5 = icmp slt i32 %.0, %1
  br i1 %5, label %6, label %12

6:                                                ; preds = %4
  %7 = zext i32 %.0 to i64
  %8 = getelementptr inbounds i32, i32* %0, i64 %7
  %9 = load i32, i32* %8, align 4
  %10 = mul nsw i32 %9, %2
  store i32 %10, i32* %8, align 4
  %11 = add nuw nsw i32 %.0, 1
  br label %4, !llvm.loop !10

; Exit blocks
12:                                               ; preds = %4
  ret void
*** IR Dump Before LoopSimplifyCFGPass on Loop at depth 1 containing: %4<header><exiting>,%6<latch> ***

; Preheader:
  br label %4

; Loop:
4:                                                ; preds = %6, %3
  %.0 = phi i32 [ 0, %3 ], [ %11, %6 ]
  %5 = icmp slt i32 %.0, %1
  br i1 %5, label %6, label %12

6:                                                ; preds = %4
  %7 = zext i32 %.0 to i64
  %8 = getelementptr inbounds i32, i32* %0, i64 %7
  %9 = load i32, i32* %8, align 4
  %10 = mul nsw i32 %9, %2
  store i32 %10, i32* %8, align 4
  %11 = add nuw nsw i32 %.0, 1
  br label %4, !llvm.loop !10

; Exit blocks
12:                                               ; preds = %4
  ret void
*** IR Dump After LoopSimplifyCFGPass on Loop at depth 1 containing: %4<header><exiting>,%6<latch> ***

; Preheader:
  br label %4

; Loop:
4:                                                ; preds = %6, %3
  %.0 = phi i32 [ 0, %3 ], [ %11, %6 ]
  %5 = icmp slt i32 %.0, %1
  br i1 %5, label %6, label %12

6:                                                ; preds = %4
  %7 = zext i32 %.0 to i64
  %8 = getelementptr inbounds i32, i32* %0, i64 %7
  %9 = load i32, i32* %8, align 4
  %10 = mul nsw i32 %9, %2
  store i32 %10, i32* %8, align 4
  %11 = add nuw nsw i32 %.0, 1
  br label %4, !llvm.loop !10

; Exit blocks
12:                                               ; preds = %4
  ret void
*** IR Dump Before LICMPass on Loop at depth 1 containing: %4<header><exiting>,%6<latch> ***

; Preheader:
  br label %4

; Loop:
4:                                                ; preds = %6, %3
  %.0 = phi i32 [ 0, %3 ], [ %11, %6 ]
  %5 = icmp slt i32 %.0, %1
  br i1 %5, label %6, label %12

6:                                                ; preds = %4
  %7 = zext i32 %.0 to i64
  %8 = getelementptr inbounds i32, i32* %0, i64 %7
  %9 = load i32, i32* %8, align 4
  %10 = mul nsw i32 %9, %2
  store i32 %10, i32* %8, align 4
  %11 = add nuw nsw i32 %.0, 1
  br label %4, !llvm.loop !10

; Exit blocks
12:                                               ; preds = %4
  ret void
*** IR Dump After LICMPass on Loop at depth 1 containing: %4<header><exiting>,%6<latch> ***

; Preheader:
  br label %4

; Loop:
4:                                                ; preds = %6, %3
  %.0 = phi i32 [ 0, %3 ], [ %11, %6 ]
  %5 = icmp slt i32 %.0, %1
  br i1 %5, label %6, label %12

6:                                                ; preds = %4
  %7 = zext i32 %.0 to i64
  %8 = getelementptr inbounds i32, i32* %0, i64 %7
  %9 = load i32, i32* %8, align 4
  %10 = mul nsw i32 %9, %2
  store i32 %10, i32* %8, align 4
  %11 = add nuw nsw i32 %.0, 1
  br label %4, !llvm.loop !10

; Exit blocks
12:                                               ; preds = %4
  ret void
*** IR Dump Before LoopRotatePass on Loop at depth 1 containing: %4<header><exiting>,%6<latch> ***

; Preheader:
  br label %4

; Loop:
4:                                                ; preds = %6, %3
  %.0 = phi i32 [ 0, %3 ], [ %11, %6 ]
  %5 = icmp slt i32 %.0, %1
  br i1 %5, label %6, label %12

6:                                                ; preds = %4
  %7 = zext i32 %.0 to i64
  %8 = getelementptr inbounds i32, i32* %0, i64 %7
  %9 = load i32, i32* %8, align 4
  %10 = mul nsw i32 %9, %2
  store i32 %10, i32* %8, align 4
  %11 = add nuw nsw i32 %.0, 1
  br label %4, !llvm.loop !10

; Exit blocks
12:                                               ; preds = %4
  ret void
*** IR Dump After LoopRotatePass on Loop at depth 1 containing: %4<header><exiting>,%6<latch> ***

; Preheader:
.lr.ph:                                           ; preds = %3
  br label %5

; Loop:
5:                                                ; preds = %.lr.ph, %5
  %.07 = phi i32 [ 0, %.lr.ph ], [ %10, %5 ]
  %6 = zext i32 %.07 to i64
  %7 = getelementptr inbounds i32, i32* %0, i64 %6
  %8 = load i32, i32* %7, align 4
  %9 = mul nsw i32 %8, %2
  store i32 %9, i32* %7, align 4
  %10 = add nuw nsw i32 %.07, 1
  %11 = icmp slt i32 %10, %1
  br i1 %11, label %5, label %._crit_edge, !llvm.loop !10

; Exit blocks
._crit_edge:                                      ; preds = %5
  br label %12
*** IR Dump Before LICMPass on Loop at depth 1 containing: %5<header><latch><exiting> ***

; Preheader:
.lr.ph:                                           ; preds = %3
  br label %5

; Loop:
5:                                                ; preds = %.lr.ph, %5
  %.07 = phi i32 [ 0, %.lr.ph ], [ %10, %5 ]
  %6 = zext i32 %.07 to i64
  %7 = getelementptr inbounds i32, i32* %0, i64 %6
  %8 = load i32, i32* %7, align 4
  %9 = mul nsw i32 %8, %2
  store i32 %9, i32* %7, align 4
  %10 = add nuw nsw i32 %.07, 1
  %11 = icmp slt i32 %10, %1
  br i1 %11, label %5, label %._crit_edge, !llvm.loop !10

; Exit blocks
._crit_edge:                                      ; preds = %5
  br label %12
*** IR Dump After LICMPass on Loop at depth 1 containing: %5<header><latch><exiting> ***

; Preheader:
.lr.ph:                                           ; preds = %3
  br label %5

; Loop:
5:                                                ; preds = %.lr.ph, %5
  %.07 = phi i32 [ 0, %.lr.ph ], [ %10, %5 ]
  %6 = zext i32 %.07 to i64
  %7 = getelementptr inbounds i32, i32* %0, i64 %6
  %8 = load i32, i32* %7, align 4
  %9 = mul nsw i32 %8, %2
  store i32 %9, i32* %7, align 4
  %10 = add nuw nsw i32 %.07, 1
  %11 = icmp slt i32 %10, %1
  br i1 %11, label %5, label %._crit_edge, !llvm.loop !10

; Exit blocks
._crit_edge:                                      ; preds = %5
  br label %12
*** IR Dump Before SimpleLoopUnswitchPass on Loop at depth 1 containing: %5<header><latch><exiting> ***

; Preheader:
.lr.ph:                                           ; preds = %3
  br label %5

; Loop:
5:                                                ; preds = %.lr.ph, %5
  %.07 = phi i32 [ 0, %.lr.ph ], [ %10, %5 ]
  %6 = zext i32 %.07 to i64
  %7 = getelementptr inbounds i32, i32* %0, i64 %6
  %8 = load i32, i32* %7, align 4
  %9 = mul nsw i32 %8, %2
  store i32 %9, i32* %7, align 4
  %10 = add nuw nsw i32 %.07, 1
  %11 = icmp slt i32 %10, %1
  br i1 %11, label %5, label %._crit_edge, !llvm.loop !10

; Exit blocks
._crit_edge:                                      ; preds = %5
  br label %12
*** IR Dump After SimpleLoopUnswitchPass on Loop at depth 1 containing: %5<header><latch><exiting> ***

; Preheader:
.lr.ph:                                           ; preds = %3
  br label %5

; Loop:
5:                                                ; preds = %.lr.ph, %5
  %.07 = phi i32 [ 0, %.lr.ph ], [ %10, %5 ]
  %6 = zext i32 %.07 to i64
  %7 = getelementptr inbounds i32, i32* %0, i64 %6
  %8 = load i32, i32* %7, align 4
  %9 = mul nsw i32 %8, %2
  store i32 %9, i32* %7, align 4
  %10 = add nuw nsw i32 %.07, 1
  %11 = icmp slt i32 %10, %1
  br i1 %11, label %5, label %._crit_edge, !llvm.loop !10

; Exit blocks
._crit_edge:                                      ; preds = %5
  br label %12
*** IR Dump Before SimplifyCFGPass on scaleArray ***
; Function Attrs: nofree norecurse nosync nounwind uwtable
define dso_local void @scaleArray(i32* nocapture noundef %0, i32 noundef %1, i32 noundef %2) local_unnamed_addr #0 {
  %4 = icmp slt i32 0, %1
  br i1 %4, label %.lr.ph, label %12

.lr.ph:                                           ; preds = %3
  br label %5

5:                                                ; preds = %.lr.ph, %5
  %.07 = phi i32 [ 0, %.lr.ph ], [ %10, %5 ]
  %6 = zext i32 %.07 to i64
  %7 = getelementptr inbounds i32, i32* %0, i64 %6
  %8 = load i32, i32* %7, align 4
  %9 = mul nsw i32 %8, %2
  store i32 %9, i32* %7, align 4
  %10 = add nuw nsw i32 %.07, 1
  %11 = icmp slt i32 %10, %1
  br i1 %11, label %5, label %._crit_edge, !llvm.loop !10

._crit_edge:                                      ; preds = %5
  br label %12

12:                                               ; preds = %._crit_edge, %3
  ret void
}
*** IR Dump After SimplifyCFGPass on scaleArray ***
; Function Attrs: nofree norecurse nosync nounwind uwtable
define dso_local void @scaleArray(i32* nocapture noundef %0, i32 noundef %1, i32 noundef %2) local_unnamed_addr #0 {
  %4 = icmp slt i32 0, %1
  br i1 %4, label %.lr.ph, label %._crit_edge

.lr.ph:                                           ; preds = %3, %.lr.ph
  %.07 = phi i32 [ %9, %.lr.ph ], [ 0, %3 ]
  %5 = zext i32 %.07 to i64
  %6 = getelementptr inbounds i32, i32* %0, i64 %5
  %7 = load i32, i32* %6, align 4
  %8 = mul nsw i32 %7, %2
  store i32 %8, i32* %6, align 4
  %9 = add nuw nsw i32 %.07, 1
  %10 = icmp slt i32 %9, %1
  br i1 %10, label %.lr.ph, label %._crit_edge, !llvm.loop !10

._crit_edge:                                      ; preds = %.lr.ph, %3
  ret void
}
*** IR Dump Before InstCombinePass on scaleArray ***
; Function Attrs: nofree norecurse nosync nounwind uwtable
define dso_local void @scaleArray(i32* nocapture noundef %0, i32 noundef %1, i32 noundef %2) local_unnamed_addr #0 {
  %4 = icmp slt i32 0, %1
  br i1 %4, label %.lr.ph, label %._crit_edge

.lr.ph:                                           ; preds = %3, %.lr.ph
  %.07 = phi i32 [ %9, %.lr.ph ], [ 0, %3 ]
  %5 = zext i32 %.07 to i64
  %6 = getelementptr inbounds i32, i32* %0, i64 %5
  %7 = load i32, i32* %6, align 4
  %8 = mul nsw i32 %7, %2
  store i32 %8, i32* %6, align 4
  %9 = add nuw nsw i32 %.07, 1
  %10 = icmp slt i32 %9, %1
  br i1 %10, label %.lr.ph, label %._crit_edge, !llvm.loop !10

._crit_edge:                                      ; preds = %.lr.ph, %3
  ret void
}
*** IR Dump After InstCombinePass on scaleArray ***
; Function Attrs: nofree norecurse nosync nounwind uwtable
define dso_local void @scaleArray(i32* nocapture noundef %0, i32 noundef %1, i32 noundef %2) local_unnamed_addr #0 {
  %4 = icmp sgt i32 %1, 0
  br i1 %4, label %.lr.ph, label %._crit_edge

.lr.ph:                                           ; preds = %3, %.lr.ph
  %.07 = phi i32 [ %9, %.lr.ph ], [ 0, %3 ]
  %5 = zext i32 %.07 to i64
  %6 = getelementptr inbounds i32, i32* %0, i64 %5
  %7 = load i32, i32* %6, align 4
  %8 = mul nsw i32 %7, %2
  store i32 %8, i32* %6, align 4
  %9 = add nuw nsw i32 %.07, 1
  %10 = icmp slt i32 %9, %1
  br i1 %10, label %.lr.ph, label %._crit_edge, !llvm.loop !10

._crit_edge:                                      ; preds = %.lr.ph, %3
  ret void
}
*** IR Dump Before LoopSimplifyPass on scaleArray ***
; Function Attrs: nofree norecurse nosync nounwind uwtable
define dso_local void @scaleArray(i32* nocapture noundef %0, i32 noundef %1, i32 noundef %2) local_unnamed_addr #0 {
  %4 = icmp sgt i32 %1, 0
  br i1 %4, label %.lr.ph, label %._crit_edge

.lr.ph:                                           ; preds = %3, %.lr.ph
  %.07 = phi i32 [ %9, %.lr.ph ], [ 0, %3 ]
  %5 = zext i32 %.07 to i64
  %6 = getelementptr inbounds i32, i32* %0, i64 %5
  %7 = load i32, i32* %6, align 4
  %8 = mul nsw i32 %7, %2
  store i32 %8, i32* %6, align 4
  %9 = add nuw nsw i32 %.07, 1
  %10 = icmp slt i32 %9, %1
  br i1 %10, label %.lr.ph, label %._crit_edge, !llvm.loop !10

._crit_edge:                                      ; preds = %.lr.ph, %3
  ret void
}
*** IR Dump After LoopSimplifyPass on scaleArray ***
; Function Attrs: nofree norecurse nosync nounwind uwtable
define dso_local void @scaleArray(i32* nocapture noundef %0, i32 noundef %1, i32 noundef %2) local_unnamed_addr #0 {
  %4 = icmp sgt i32 %1, 0
  br i1 %4, label %.lr.ph.preheader, label %._crit_edge

.lr.ph.preheader:                                 ; preds = %3
  br label %.lr.ph

.lr.ph:                                           ; preds = %.lr.ph.preheader, %.lr.ph
  %.07 = phi i32 [ %9, %.lr.ph ], [ 0, %.lr.ph.preheader ]
  %5 = zext i32 %.07 to i64
  %6 = getelementptr inbounds i32, i32* %0, i64 %5
  %7 = load i32, i32* %6, align 4
  %8 = mul nsw i32 %7, %2
  store i32 %8, i32* %6, align 4
  %9 = add nuw nsw i32 %.07, 1
  %10 = icmp slt i32 %9, %1
  br i1 %10, label %.lr.ph, label %._crit_edge.loopexit, !llvm.loop !10

._crit_edge.loopexit:                             ; preds = %.lr.ph
  br label %._crit_edge

._crit_edge:                                      ; preds = %._crit_edge.loopexit, %3
  ret void
}
*** IR Dump Before LCSSAPass on scaleArray ***
; Function Attrs: nofree norecurse nosync nounwind uwtable
define dso_local void @scaleArray(i32* nocapture noundef %0, i32 noundef %1, i32 noundef %2) local_unnamed_addr #0 {
  %4 = icmp sgt i32 %1, 0
  br i1 %4, label %.lr.ph.preheader, label %._crit_edge

.lr.ph.preheader:                                 ; preds = %3
  br label %.lr.ph

.lr.ph:                                           ; preds = %.lr.ph.preheader, %.lr.ph
  %.07 = phi i32 [ %9, %.lr.ph ], [ 0, %.lr.ph.preheader ]
  %5 = zext i32 %.07 to i64
  %6 = getelementptr inbounds i32, i32* %0, i64 %5
  %7 = load i32, i32* %6, align 4
  %8 = mul nsw i32 %7, %2
  store i32 %8, i32* %6, align 4
  %9 = add nuw nsw i32 %.07, 1
  %10 = icmp slt i32 %9, %1
  br i1 %10, label %.lr.ph, label %._crit_edge.loopexit, !llvm.loop !10

._crit_edge.loopexit:                             ; preds = %.lr.ph
  br label %._crit_edge

._crit_edge:                                      ; preds = %._crit_edge.loopexit, %3
  ret void
}
*** IR Dump After LCSSAPass on scaleArray ***
; Function Attrs: nofree norecurse nosync nounwind uwtable
define dso_local void @scaleArray(i32* nocapture noundef %0, i32 noundef %1, i32 noundef %2) local_unnamed_addr #0 {
  %4 = icmp sgt i32 %1, 0
  br i1 %4, label %.lr.ph.preheader, label %._crit_edge

.lr.ph.preheader:                                 ; preds = %3
  br label %.lr.ph

.lr.ph:                                           ; preds = %.lr.ph.preheader, %.lr.ph
  %.07 = phi i32 [ %9, %.lr.ph ], [ 0, %.lr.ph.preheader ]
  %5 = zext i32 %.07 to i64
  %6 = getelementptr inbounds i32, i32* %0, i64 %5
  %7 = load i32, i32* %6, align 4
  %8 = mul nsw i32 %7, %2
  store i32 %8, i32* %6, align 4
  %9 = add nuw nsw i32 %.07, 1
  %10 = icmp slt i32 %9, %1
  br i1 %10, label %.lr.ph, label %._crit_edge.loopexit, !llvm.loop !10

._crit_edge.loopexit:                             ; preds = %.lr.ph
  br label %._crit_edge

._crit_edge:                                      ; preds = %._crit_edge.loopexit, %3
  ret void
}
*** IR Dump Before LoopIdiomRecognizePass on Loop at depth 1 containing: %.lr.ph<header><latch><exiting> ***

; Preheader:
.lr.ph.preheader:                                 ; preds = %3
  br label %.lr.ph

; Loop:
.lr.ph:                                           ; preds = %.lr.ph.preheader, %.lr.ph
  %.07 = phi i32 [ %9, %.lr.ph ], [ 0, %.lr.ph.preheader ]
  %5 = zext i32 %.07 to i64
  %6 = getelementptr inbounds i32, i32* %0, i64 %5
  %7 = load i32, i32* %6, align 4
  %8 = mul nsw i32 %7, %2
  store i32 %8, i32* %6, align 4
  %9 = add nuw nsw i32 %.07, 1
  %10 = icmp slt i32 %9, %1
  br i1 %10, label %.lr.ph, label %._crit_edge.loopexit, !llvm.loop !10

; Exit blocks
._crit_edge.loopexit:                             ; preds = %.lr.ph
  br label %._crit_edge
*** IR Dump After LoopIdiomRecognizePass on Loop at depth 1 containing: %.lr.ph<header><latch><exiting> ***

; Preheader:
.lr.ph.preheader:                                 ; preds = %3
  br label %.lr.ph

; Loop:
.lr.ph:                                           ; preds = %.lr.ph.preheader, %.lr.ph
  %.07 = phi i32 [ %9, %.lr.ph ], [ 0, %.lr.ph.preheader ]
  %5 = zext i32 %.07 to i64
  %6 = getelementptr inbounds i32, i32* %0, i64 %5
  %7 = load i32, i32* %6, align 4
  %8 = mul nsw i32 %7, %2
  store i32 %8, i32* %6, align 4
  %9 = add nuw nsw i32 %.07, 1
  %10 = icmp slt i32 %9, %1
  br i1 %10, label %.lr.ph, label %._crit_edge.loopexit, !llvm.loop !10

; Exit blocks
._crit_edge.loopexit:                             ; preds = %.lr.ph
  br label %._crit_edge
*** IR Dump Before IndVarSimplifyPass on Loop at depth 1 containing: %.lr.ph<header><latch><exiting> ***

; Preheader:
.lr.ph.preheader:                                 ; preds = %3
  br label %.lr.ph

; Loop:
.lr.ph:                                           ; preds = %.lr.ph.preheader, %.lr.ph
  %.07 = phi i32 [ %9, %.lr.ph ], [ 0, %.lr.ph.preheader ]
  %5 = zext i32 %.07 to i64
  %6 = getelementptr inbounds i32, i32* %0, i64 %5
  %7 = load i32, i32* %6, align 4
  %8 = mul nsw i32 %7, %2
  store i32 %8, i32* %6, align 4
  %9 = add nuw nsw i32 %.07, 1
  %10 = icmp slt i32 %9, %1
  br i1 %10, label %.lr.ph, label %._crit_edge.loopexit, !llvm.loop !10

; Exit blocks
._crit_edge.loopexit:                             ; preds = %.lr.ph
  br label %._crit_edge
*** IR Dump After IndVarSimplifyPass on Loop at depth 1 containing: %.lr.ph<header><latch><exiting> ***

; Preheader:
.lr.ph.preheader:                                 ; preds = %3
  %wide.trip.count = zext i32 %1 to i64
  br label %.lr.ph

; Loop:
.lr.ph:                                           ; preds = %.lr.ph.preheader, %.lr.ph
  %indvars.iv = phi i64 [ 0, %.lr.ph.preheader ], [ %indvars.iv.next, %.lr.ph ]
  %5 = getelementptr inbounds i32, i32* %0, i64 %indvars.iv
  %6 = load i32, i32* %5, align 4
  %7 = mul nsw i32 %6, %2
  store i32 %7, i32* %5, align 4
  %indvars.iv.next = add nuw nsw i64 %indvars.iv, 1
  %exitcond = icmp ne i64 %indvars.iv.next, %wide.trip.count
  br i1 %exitcond, label %.lr.ph, label %._crit_edge.loopexit, !llvm.loop !10

; Exit blocks
._crit_edge.loopexit:                             ; preds = %.lr.ph
  br label %._crit_edge
*** IR Dump Before LoopDeletionPass on Loop at depth 1 containing: %.lr.ph<header><latch><exiting> ***

; Preheader:
.lr.ph.preheader:                                 ; preds = %3
  %wide.trip.count = zext i32 %1 to i64
  br label %.lr.ph

; Loop:
.lr.ph:                                           ; preds = %.lr.ph.preheader, %.lr.ph
  %indvars.iv = phi i64 [ 0, %.lr.ph.preheader ], [ %indvars.iv.next, %.lr.ph ]
  %5 = getelementptr inbounds i32, i32* %0, i64 %indvars.iv
  %6 = load i32, i32* %5, align 4
  %7 = mul nsw i32 %6, %2
  store i32 %7, i32* %5, align 4
  %indvars.iv.next = add nuw nsw i64 %indvars.iv, 1
  %exitcond = icmp ne i64 %indvars.iv.next, %wide.trip.count
  br i1 %exitcond, label %.lr.ph, label %._crit_edge.loopexit, !llvm.loop !10

; Exit blocks
._crit_edge.loopexit:                             ; preds = %.lr.ph
  br label %._crit_edge
*** IR Dump After LoopDeletionPass on Loop at depth 1 containing: %.lr.ph<header><latch><exiting> ***

; Preheader:
.lr.ph.preheader:                                 ; preds = %3
  %wide.trip.count = zext i32 %1 to i64
  br label %.lr.ph

; Loop:
.lr.ph:                                           ; preds = %.lr.ph.preheader, %.lr.ph
  %indvars.iv = phi i64 [ 0, %.lr.ph.preheader ], [ %indvars.iv.next, %.lr.ph ]
  %5 = getelementptr inbounds i32, i32* %0, i64 %indvars.iv
  %6 = load i32, i32* %5, align 4
  %7 = mul nsw i32 %6, %2
  store i32 %7, i32* %5, align 4
  %indvars.iv.next = add nuw nsw i64 %indvars.iv, 1
  %exitcond = icmp ne i64 %indvars.iv.next, %wide.trip.count
  br i1 %exitcond, label %.lr.ph, label %._crit_edge.loopexit, !llvm.loop !10

; Exit blocks
._crit_edge.loopexit:                             ; preds = %.lr.ph
  br label %._crit_edge
*** IR Dump Before LoopFullUnrollPass on Loop at depth 1 containing: %.lr.ph<header><latch><exiting> ***

; Preheader:
.lr.ph.preheader:                                 ; preds = %3
  %wide.trip.count = zext i32 %1 to i64
  br label %.lr.ph

; Loop:
.lr.ph:                                           ; preds = %.lr.ph.preheader, %.lr.ph
  %indvars.iv = phi i64 [ 0, %.lr.ph.preheader ], [ %indvars.iv.next, %.lr.ph ]
  %5 = getelementptr inbounds i32, i32* %0, i64 %indvars.iv
  %6 = load i32, i32* %5, align 4
  %7 = mul nsw i32 %6, %2
  store i32 %7, i32* %5, align 4
  %indvars.iv.next = add nuw nsw i64 %indvars.iv, 1
  %exitcond = icmp ne i64 %indvars.iv.next, %wide.trip.count
  br i1 %exitcond, label %.lr.ph, label %._crit_edge.loopexit, !llvm.loop !10

; Exit blocks
._crit_edge.loopexit:                             ; preds = %.lr.ph
  br label %._crit_edge
*** IR Dump After LoopFullUnrollPass on Loop at depth 1 containing: %.lr.ph<header><latch><exiting> ***

; Preheader:
.lr.ph.preheader:                                 ; preds = %3
  %wide.trip.count = zext i32 %1 to i64
  br label %.lr.ph

; Loop:
.lr.ph:                                           ; preds = %.lr.ph.preheader, %.lr.ph
  %indvars.iv = phi i64 [ 0, %.lr.ph.preheader ], [ %indvars.iv.next, %.lr.ph ]
  %5 = getelementptr inbounds i32, i32* %0, i64 %indvars.iv
  %6 = load i32, i32* %5, align 4
  %7 = mul nsw i32 %6, %2
  store i32 %7, i32* %5, align 4
  %indvars.iv.next = add nuw nsw i64 %indvars.iv, 1
  %exitcond = icmp ne i64 %indvars.iv.next, %wide.trip.count
  br i1 %exitcond, label %.lr.ph, label %._crit_edge.loopexit, !llvm.loop !10

; Exit blocks
._crit_edge.loopexit:                             ; preds = %.lr.ph
  br label %._crit_edge
*** IR Dump Before SROAPass on scaleArray ***
; Function Attrs: nofree norecurse nosync nounwind uwtable
define dso_local void @scaleArray(i32* nocapture noundef %0, i32 noundef %1, i32 noundef %2) local_unnamed_addr #0 {
  %4 = icmp sgt i32 %1, 0
  br i1 %4, label %.lr.ph.preheader, label %._crit_edge

.lr.ph.preheader:                                 ; preds = %3
  %wide.trip.count = zext i32 %1 to i64
  br label %.lr.ph

.lr.ph:                                           ; preds = %.lr.ph.preheader, %.lr.ph
  %indvars.iv = phi i64 [ 0, %.lr.ph.preheader ], [ %indvars.iv.next, %.lr.ph ]
  %5 = getelementptr inbounds i32, i32* %0, i64 %indvars.iv
  %6 = load i32, i32* %5, align 4
  %7 = mul nsw i32 %6, %2
  store i32 %7, i32* %5, align 4
  %indvars.iv.next = add nuw nsw i64 %indvars.iv, 1
  %exitcond = icmp ne i64 %indvars.iv.next, %wide.trip.count
  br i1 %exitcond, label %.lr.ph, label %._crit_edge.loopexit, !llvm.loop !10

._crit_edge.loopexit:                             ; preds = %.lr.ph
  br label %._crit_edge

._crit_edge:                                      ; preds = %._crit_edge.loopexit, %3
  ret void
}
*** IR Dump After SROAPass on scaleArray ***
; Function Attrs: nofree norecurse nosync nounwind uwtable
define dso_local void @scaleArray(i32* nocapture noundef %0, i32 noundef %1, i32 noundef %2) local_unnamed_addr #0 {
  %4 = icmp sgt i32 %1, 0
  br i1 %4, label %.lr.ph.preheader, label %._crit_edge

.lr.ph.preheader:                                 ; preds = %3
  %wide.trip.count = zext i32 %1 to i64
  br label %.lr.ph

.lr.ph:                                           ; preds = %.lr.ph.preheader, %.lr.ph
  %indvars.iv = phi i64 [ 0, %.lr.ph.preheader ], [ %indvars.iv.next, %.lr.ph ]
  %5 = getelementptr inbounds i32, i32* %0, i64 %indvars.iv
  %6 = load i32, i32* %5, align 4
  %7 = mul nsw i32 %6, %2
  store i32 %7, i32* %5, align 4
  %indvars.iv.next = add nuw nsw i64 %indvars.iv, 1
  %exitcond = icmp ne i64 %indvars.iv.next, %wide.trip.count
  br i1 %exitcond, label %.lr.ph, label %._crit_edge.loopexit, !llvm.loop !10

._crit_edge.loopexit:                             ; preds = %.lr.ph
  br label %._crit_edge

._crit_edge:                                      ; preds = %._crit_edge.loopexit, %3
  ret void
}
*** IR Dump Before MergedLoadStoreMotionPass on scaleArray ***
; Function Attrs: nofree norecurse nosync nounwind uwtable
define dso_local void @scaleArray(i32* nocapture noundef %0, i32 noundef %1, i32 noundef %2) local_unnamed_addr #0 {
  %4 = icmp sgt i32 %1, 0
  br i1 %4, label %.lr.ph.preheader, label %._crit_edge

.lr.ph.preheader:                                 ; preds = %3
  %wide.trip.count = zext i32 %1 to i64
  br label %.lr.ph

.lr.ph:                                           ; preds = %.lr.ph.preheader, %.lr.ph
  %indvars.iv = phi i64 [ 0, %.lr.ph.preheader ], [ %indvars.iv.next, %.lr.ph ]
  %5 = getelementptr inbounds i32, i32* %0, i64 %indvars.iv
  %6 = load i32, i32* %5, align 4
  %7 = mul nsw i32 %6, %2
  store i32 %7, i32* %5, align 4
  %indvars.iv.next = add nuw nsw i64 %indvars.iv, 1
  %exitcond = icmp ne i64 %indvars.iv.next, %wide.trip.count
  br i1 %exitcond, label %.lr.ph, label %._crit_edge.loopexit, !llvm.loop !10

._crit_edge.loopexit:                             ; preds = %.lr.ph
  br label %._crit_edge

._crit_edge:                                      ; preds = %._crit_edge.loopexit, %3
  ret void
}
*** IR Dump After MergedLoadStoreMotionPass on scaleArray ***
; Function Attrs: nofree norecurse nosync nounwind uwtable
define dso_local void @scaleArray(i32* nocapture noundef %0, i32 noundef %1, i32 noundef %2) local_unnamed_addr #0 {
  %4 = icmp sgt i32 %1, 0
  br i1 %4, label %.lr.ph.preheader, label %._crit_edge

.lr.ph.preheader:                                 ; preds = %3
  %wide.trip.count = zext i32 %1 to i64
  br label %.lr.ph

.lr.ph:                                           ; preds = %.lr.ph.preheader, %.lr.ph
  %indvars.iv = phi i64 [ 0, %.lr.ph.preheader ], [ %indvars.iv.next, %.lr.ph ]
  %5 = getelementptr inbounds i32, i32* %0, i64 %indvars.iv
  %6 = load i32, i32* %5, align 4
  %7 = mul nsw i32 %6, %2
  store i32 %7, i32* %5, align 4
  %indvars.iv.next = add nuw nsw i64 %indvars.iv, 1
  %exitcond = icmp ne i64 %indvars.iv.next, %wide.trip.count
  br i1 %exitcond, label %.lr.ph, label %._crit_edge.loopexit, !llvm.loop !10

._crit_edge.loopexit:                             ; preds = %.lr.ph
  br label %._crit_edge

._crit_edge:                                      ; preds = %._crit_edge.loopexit, %3
  ret void
}
*** IR Dump Before GVNPass on scaleArray ***
; Function Attrs: nofree norecurse nosync nounwind uwtable
define dso_local void @scaleArray(i32* nocapture noundef %0, i32 noundef %1, i32 noundef %2) local_unnamed_addr #0 {
  %4 = icmp sgt i32 %1, 0
  br i1 %4, label %.lr.ph.preheader, label %._crit_edge

.lr.ph.preheader:                                 ; preds = %3
  %wide.trip.count = zext i32 %1 to i64
  br label %.lr.ph

.lr.ph:                                           ; preds = %.lr.ph.preheader, %.lr.ph
  %indvars.iv = phi i64 [ 0, %.lr.ph.preheader ], [ %indvars.iv.next, %.lr.ph ]
  %5 = getelementptr inbounds i32, i32* %0, i64 %indvars.iv
  %6 = load i32, i32* %5, align 4
  %7 = mul nsw i32 %6, %2
  store i32 %7, i32* %5, align 4
  %indvars.iv.next = add nuw nsw i64 %indvars.iv, 1
  %exitcond = icmp ne i64 %indvars.iv.next, %wide.trip.count
  br i1 %exitcond, label %.lr.ph, label %._crit_edge.loopexit, !llvm.loop !10

._crit_edge.loopexit:                             ; preds = %.lr.ph
  br label %._crit_edge

._crit_edge:                                      ; preds = %._crit_edge.loopexit, %3
  ret void
}
*** IR Dump After GVNPass on scaleArray ***
; Function Attrs: nofree norecurse nosync nounwind uwtable
define dso_local void @scaleArray(i32* nocapture noundef %0, i32 noundef %1, i32 noundef %2) local_unnamed_addr #0 {
  %4 = icmp sgt i32 %1, 0
  br i1 %4, label %.lr.ph.preheader, label %._crit_edge

.lr.ph.preheader:                                 ; preds = %3
  %wide.trip.count = zext i32 %1 to i64
  br label %.lr.ph

.lr.ph:                                           ; preds = %.lr.ph.preheader, %.lr.ph
  %indvars.iv = phi i64 [ 0, %.lr.ph.preheader ], [ %indvars.iv.next, %.lr.ph ]
  %5 = getelementptr inbounds i32, i32* %0, i64 %indvars.iv
  %6 = load i32, i32* %5, align 4
  %7 = mul nsw i32 %6, %2
  store i32 %7, i32* %5, align 4
  %indvars.iv.next = add nuw nsw i64 %indvars.iv, 1
  %exitcond = icmp ne i64 %indvars.iv.next, %wide.trip.count
  br i1 %exitcond, label %.lr.ph, label %._crit_edge.loopexit, !llvm.loop !10

._crit_edge.loopexit:                             ; preds = %.lr.ph
  br label %._crit_edge

._crit_edge:                                      ; preds = %._crit_edge.loopexit, %3
  ret void
}
*** IR Dump Before SCCPPass on scaleArray ***
; Function Attrs: nofree norecurse nosync nounwind uwtable
define dso_local void @scaleArray(i32* nocapture noundef %0, i32 noundef %1, i32 noundef %2) local_unnamed_addr #0 {
  %4 = icmp sgt i32 %1, 0
  br i1 %4, label %.lr.ph.preheader, label %._crit_edge

.lr.ph.preheader:                                 ; preds = %3
  %wide.trip.count = zext i32 %1 to i64
  br label %.lr.ph

.lr.ph:                                           ; preds = %.lr.ph.preheader, %.lr.ph
  %indvars.iv = phi i64 [ 0, %.lr.ph.preheader ], [ %indvars.iv.next, %.lr.ph ]
  %5 = getelementptr inbounds i32, i32* %0, i64 %indvars.iv
  %6 = load i32, i32* %5, align 4
  %7 = mul nsw i32 %6, %2
  store i32 %7, i32* %5, align 4
  %indvars.iv.next = add nuw nsw i64 %indvars.iv, 1
  %exitcond = icmp ne i64 %indvars.iv.next, %wide.trip.count
  br i1 %exitcond, label %.lr.ph, label %._crit_edge.loopexit, !llvm.loop !10

._crit_edge.loopexit:                             ; preds = %.lr.ph
  br label %._crit_edge

._crit_edge:                                      ; preds = %._crit_edge.loopexit, %3
  ret void
}
*** IR Dump After SCCPPass on scaleArray ***
; Function Attrs: nofree norecurse nosync nounwind uwtable
define dso_local void @scaleArray(i32* nocapture noundef %0, i32 noundef %1, i32 noundef %2) local_unnamed_addr #0 {
  %4 = icmp sgt i32 %1, 0
  br i1 %4, label %.lr.ph.preheader, label %._crit_edge

.lr.ph.preheader:                                 ; preds = %3
  %wide.trip.count = zext i32 %1 to i64
  br label %.lr.ph

.lr.ph:                                           ; preds = %.lr.ph.preheader, %.lr.ph
  %indvars.iv = phi i64 [ 0, %.lr.ph.preheader ], [ %indvars.iv.next, %.lr.ph ]
  %5 = getelementptr inbounds i32, i32* %0, i64 %indvars.iv
  %6 = load i32, i32* %5, align 4
  %7 = mul nsw i32 %6, %2
  store i32 %7, i32* %5, align 4
  %indvars.iv.next = add nuw nsw i64 %indvars.iv, 1
  %exitcond = icmp ne i64 %indvars.iv.next, %wide.trip.count
  br i1 %exitcond, label %.lr.ph, label %._crit_edge.loopexit, !llvm.loop !10

._crit_edge.loopexit:                             ; preds = %.lr.ph
  br label %._crit_edge

._crit_edge:                                      ; preds = %._crit_edge.loopexit, %3
  ret void
}
*** IR Dump Before BDCEPass on scaleArray ***
; Function Attrs: nofree norecurse nosync nounwind uwtable
define dso_local void @scaleArray(i32* nocapture noundef %0, i32 noundef %1, i32 noundef %2) local_unnamed_addr #0 {
  %4 = icmp sgt i32 %1, 0
  br i1 %4, label %.lr.ph.preheader, label %._crit_edge

.lr.ph.preheader:                                 ; preds = %3
  %wide.trip.count = zext i32 %1 to i64
  br label %.lr.ph

.lr.ph:                                           ; preds = %.lr.ph.preheader, %.lr.ph
  %indvars.iv = phi i64 [ 0, %.lr.ph.preheader ], [ %indvars.iv.next, %.lr.ph ]
  %5 = getelementptr inbounds i32, i32* %0, i64 %indvars.iv
  %6 = load i32, i32* %5, align 4
  %7 = mul nsw i32 %6, %2
  store i32 %7, i32* %5, align 4
  %indvars.iv.next = add nuw nsw i64 %indvars.iv, 1
  %exitcond = icmp ne i64 %indvars.iv.next, %wide.trip.count
  br i1 %exitcond, label %.lr.ph, label %._crit_edge.loopexit, !llvm.loop !10

._crit_edge.loopexit:                             ; preds = %.lr.ph
  br label %._crit_edge

._crit_edge:                                      ; preds = %._crit_edge.loopexit, %3
  ret void
}
*** IR Dump After BDCEPass on scaleArray ***
; Function Attrs: nofree norecurse nosync nounwind uwtable
define dso_local void @scaleArray(i32* nocapture noundef %0, i32 noundef %1, i32 noundef %2) local_unnamed_addr #0 {
  %4 = icmp sgt i32 %1, 0
  br i1 %4, label %.lr.ph.preheader, label %._crit_edge

.lr.ph.preheader:                                 ; preds = %3
  %wide.trip.count = zext i32 %1 to i64
  br label %.lr.ph

.lr.ph:                                           ; preds = %.lr.ph.preheader, %.lr.ph
  %indvars.iv = phi i64 [ 0, %.lr.ph.preheader ], [ %indvars.iv.next, %.lr.ph ]
  %5 = getelementptr inbounds i32, i32* %0, i64 %indvars.iv
  %6 = load i32, i32* %5, align 4
  %7 = mul nsw i32 %6, %2
  store i32 %7, i32* %5, align 4
  %indvars.iv.next = add nuw nsw i64 %indvars.iv, 1
  %exitcond = icmp ne i64 %indvars.iv.next, %wide.trip.count
  br i1 %exitcond, label %.lr.ph, label %._crit_edge.loopexit, !llvm.loop !10

._crit_edge.loopexit:                             ; preds = %.lr.ph
  br label %._crit_edge

._crit_edge:                                      ; preds = %._crit_edge.loopexit, %3
  ret void
}
*** IR Dump Before InstCombinePass on scaleArray ***
; Function Attrs: nofree norecurse nosync nounwind uwtable
define dso_local void @scaleArray(i32* nocapture noundef %0, i32 noundef %1, i32 noundef %2) local_unnamed_addr #0 {
  %4 = icmp sgt i32 %1, 0
  br i1 %4, label %.lr.ph.preheader, label %._crit_edge

.lr.ph.preheader:                                 ; preds = %3
  %wide.trip.count = zext i32 %1 to i64
  br label %.lr.ph

.lr.ph:                                           ; preds = %.lr.ph.preheader, %.lr.ph
  %indvars.iv = phi i64 [ 0, %.lr.ph.preheader ], [ %indvars.iv.next, %.lr.ph ]
  %5 = getelementptr inbounds i32, i32* %0, i64 %indvars.iv
  %6 = load i32, i32* %5, align 4
  %7 = mul nsw i32 %6, %2
  store i32 %7, i32* %5, align 4
  %indvars.iv.next = add nuw nsw i64 %indvars.iv, 1
  %exitcond = icmp ne i64 %indvars.iv.next, %wide.trip.count
  br i1 %exitcond, label %.lr.ph, label %._crit_edge.loopexit, !llvm.loop !10

._crit_edge.loopexit:                             ; preds = %.lr.ph
  br label %._crit_edge

._crit_edge:                                      ; preds = %._crit_edge.loopexit, %3
  ret void
}
*** IR Dump After InstCombinePass on scaleArray ***
; Function Attrs: nofree norecurse nosync nounwind uwtable
define dso_local void @scaleArray(i32* nocapture noundef %0, i32 noundef %1, i32 noundef %2) local_unnamed_addr #0 {
  %4 = icmp sgt i32 %1, 0
  br i1 %4, label %.lr.ph.preheader, label %._crit_edge

.lr.ph.preheader:                                 ; preds = %3
  %wide.trip.count = zext i32 %1 to i64
  br label %.lr.ph

.lr.ph:                                           ; preds = %.lr.ph.preheader, %.lr.ph
  %indvars.iv = phi i64 [ 0, %.lr.ph.preheader ], [ %indvars.iv.next, %.lr.ph ]
  %5 = getelementptr inbounds i32, i32* %0, i64 %indvars.iv
  %6 = load i32, i32* %5, align 4
  %7 = mul nsw i32 %6, %2
  store i32 %7, i32* %5, align 4
  %indvars.iv.next = add nuw nsw i64 %indvars.iv, 1
  %exitcond.not = icmp eq i64 %indvars.iv.next, %wide.trip.count
  br i1 %exitcond.not, label %._crit_edge.loopexit, label %.lr.ph, !llvm.loop !10

._crit_edge.loopexit:                             ; preds = %.lr.ph
  br label %._crit_edge

._crit_edge:                                      ; preds = %._crit_edge.loopexit, %3
  ret void
}
*** IR Dump Before JumpThreadingPass on scaleArray ***
; Function Attrs: nofree norecurse nosync nounwind uwtable
define dso_local void @scaleArray(i32* nocapture noundef %0, i32 noundef %1, i32 noundef %2) local_unnamed_addr #0 {
  %4 = icmp sgt i32 %1, 0
  br i1 %4, label %.lr.ph.preheader, label %._crit_edge

.lr.ph.preheader:                                 ; preds = %3
  %wide.trip.count = zext i32 %1 to i64
  br label %.lr.ph

.lr.ph:                                           ; preds = %.lr.ph.preheader, %.lr.ph
  %indvars.iv = phi i64 [ 0, %.lr.ph.preheader ], [ %indvars.iv.next, %.lr.ph ]
  %5 = getelementptr inbounds i32, i32* %0, i64 %indvars.iv
  %6 = load i32, i32* %5, align 4
  %7 = mul nsw i32 %6, %2
  store i32 %7, i32* %5, align 4
  %indvars.iv.next = add nuw nsw i64 %indvars.iv, 1
  %exitcond.not = icmp eq i64 %indvars.iv.next, %wide.trip.count
  br i1 %exitcond.not, label %._crit_edge.loopexit, label %.lr.ph, !llvm.loop !10

._crit_edge.loopexit:                             ; preds = %.lr.ph
  br label %._crit_edge

._crit_edge:                                      ; preds = %._crit_edge.loopexit, %3
  ret void
}
*** IR Dump After JumpThreadingPass on scaleArray ***
; Function Attrs: nofree norecurse nosync nounwind uwtable
define dso_local void @scaleArray(i32* nocapture noundef %0, i32 noundef %1, i32 noundef %2) local_unnamed_addr #0 {
  %4 = icmp sgt i32 %1, 0
  br i1 %4, label %.lr.ph.preheader, label %._crit_edge

.lr.ph.preheader:                                 ; preds = %3
  %wide.trip.count = zext i32 %1 to i64
  br label %.lr.ph

.lr.ph:                                           ; preds = %.lr.ph.preheader, %.lr.ph
  %indvars.iv = phi i64 [ 0, %.lr.ph.preheader ], [ %indvars.iv.next, %.lr.ph ]
  %5 = getelementptr inbounds i32, i32* %0, i64 %indvars.iv
  %6 = load i32, i32* %5, align 4
  %7 = mul nsw i32 %6, %2
  store i32 %7, i32* %5, align 4
  %indvars.iv.next = add nuw nsw i64 %indvars.iv, 1
  %exitcond.not = icmp eq i64 %indvars.iv.next, %wide.trip.count
  br i1 %exitcond.not, label %._crit_edge, label %.lr.ph, !llvm.loop !10

._crit_edge:                                      ; preds = %.lr.ph, %3
  ret void
}
*** IR Dump Before CorrelatedValuePropagationPass on scaleArray ***
; Function Attrs: nofree norecurse nosync nounwind uwtable
define dso_local void @scaleArray(i32* nocapture noundef %0, i32 noundef %1, i32 noundef %2) local_unnamed_addr #0 {
  %4 = icmp sgt i32 %1, 0
  br i1 %4, label %.lr.ph.preheader, label %._crit_edge

.lr.ph.preheader:                                 ; preds = %3
  %wide.trip.count = zext i32 %1 to i64
  br label %.lr.ph

.lr.ph:                                           ; preds = %.lr.ph.preheader, %.lr.ph
  %indvars.iv = phi i64 [ 0, %.lr.ph.preheader ], [ %indvars.iv.next, %.lr.ph ]
  %5 = getelementptr inbounds i32, i32* %0, i64 %indvars.iv
  %6 = load i32, i32* %5, align 4
  %7 = mul nsw i32 %6, %2
  store i32 %7, i32* %5, align 4
  %indvars.iv.next = add nuw nsw i64 %indvars.iv, 1
  %exitcond.not = icmp eq i64 %indvars.iv.next, %wide.trip.count
  br i1 %exitcond.not, label %._crit_edge, label %.lr.ph, !llvm.loop !10

._crit_edge:                                      ; preds = %.lr.ph, %3
  ret void
}
*** IR Dump After CorrelatedValuePropagationPass on scaleArray ***
; Function Attrs: nofree norecurse nosync nounwind uwtable
define dso_local void @scaleArray(i32* nocapture noundef %0, i32 noundef %1, i32 noundef %2) local_unnamed_addr #0 {
  %4 = icmp sgt i32 %1, 0
  br i1 %4, label %.lr.ph.preheader, label %._crit_edge

.lr.ph.preheader:                                 ; preds = %3
  %wide.trip.count = zext i32 %1 to i64
  br label %.lr.ph

.lr.ph:                                           ; preds = %.lr.ph.preheader, %.lr.ph
  %indvars.iv = phi i64 [ 0, %.lr.ph.preheader ], [ %indvars.iv.next, %.lr.ph ]
  %5 = getelementptr inbounds i32, i32* %0, i64 %indvars.iv
  %6 = load i32, i32* %5, align 4
  %7 = mul nsw i32 %6, %2
  store i32 %7, i32* %5, align 4
  %indvars.iv.next = add nuw nsw i64 %indvars.iv, 1
  %exitcond.not = icmp eq i64 %indvars.iv.next, %wide.trip.count
  br i1 %exitcond.not, label %._crit_edge, label %.lr.ph, !llvm.loop !10

._crit_edge:                                      ; preds = %.lr.ph, %3
  ret void
}
*** IR Dump Before ADCEPass on scaleArray ***
; Function Attrs: nofree norecurse nosync nounwind uwtable
define dso_local void @scaleArray(i32* nocapture noundef %0, i32 noundef %1, i32 noundef %2) local_unnamed_addr #0 {
  %4 = icmp sgt i32 %1, 0
  br i1 %4, label %.lr.ph.preheader, label %._crit_edge

.lr.ph.preheader:                                 ; preds = %3
  %wide.trip.count = zext i32 %1 to i64
  br label %.lr.ph

.lr.ph:                                           ; preds = %.lr.ph.preheader, %.lr.ph
  %indvars.iv = phi i64 [ 0, %.lr.ph.preheader ], [ %indvars.iv.next, %.lr.ph ]
  %5 = getelementptr inbounds i32, i32* %0, i64 %indvars.iv
  %6 = load i32, i32* %5, align 4
  %7 = mul nsw i32 %6, %2
  store i32 %7, i32* %5, align 4
  %indvars.iv.next = add nuw nsw i64 %indvars.iv, 1
  %exitcond.not = icmp eq i64 %indvars.iv.next, %wide.trip.count
  br i1 %exitcond.not, label %._crit_edge, label %.lr.ph, !llvm.loop !10

._crit_edge:                                      ; preds = %.lr.ph, %3
  ret void
}
*** IR Dump After ADCEPass on scaleArray ***
; Function Attrs: nofree norecurse nosync nounwind uwtable
define dso_local void @scaleArray(i32* nocapture noundef %0, i32 noundef %1, i32 noundef %2) local_unnamed_addr #0 {
  %4 = icmp sgt i32 %1, 0
  br i1 %4, label %.lr.ph.preheader, label %._crit_edge

.lr.ph.preheader:                                 ; preds = %3
  %wide.trip.count = zext i32 %1 to i64
  br label %.lr.ph

.lr.ph:                                           ; preds = %.lr.ph.preheader, %.lr.ph
  %indvars.iv = phi i64 [ 0, %.lr.ph.preheader ], [ %indvars.iv.next, %.lr.ph ]
  %5 = getelementptr inbounds i32, i32* %0, i64 %indvars.iv
  %6 = load i32, i32* %5, align 4
  %7 = mul nsw i32 %6, %2
  store i32 %7, i32* %5, align 4
  %indvars.iv.next = add nuw nsw i64 %indvars.iv, 1
  %exitcond.not = icmp eq i64 %indvars.iv.next, %wide.trip.count
  br i1 %exitcond.not, label %._crit_edge, label %.lr.ph, !llvm.loop !10

._crit_edge:                                      ; preds = %.lr.ph, %3
  ret void
}
*** IR Dump Before MemCpyOptPass on scaleArray ***
; Function Attrs: nofree norecurse nosync nounwind uwtable
define dso_local void @scaleArray(i32* nocapture noundef %0, i32 noundef %1, i32 noundef %2) local_unnamed_addr #0 {
  %4 = icmp sgt i32 %1, 0
  br i1 %4, label %.lr.ph.preheader, label %._crit_edge

.lr.ph.preheader:                                 ; preds = %3
  %wide.trip.count = zext i32 %1 to i64
  br label %.lr.ph

.lr.ph:                                           ; preds = %.lr.ph.preheader, %.lr.ph
  %indvars.iv = phi i64 [ 0, %.lr.ph.preheader ], [ %indvars.iv.next, %.lr.ph ]
  %5 = getelementptr inbounds i32, i32* %0, i64 %indvars.iv
  %6 = load i32, i32* %5, align 4
  %7 = mul nsw i32 %6, %2
  store i32 %7, i32* %5, align 4
  %indvars.iv.next = add nuw nsw i64 %indvars.iv, 1
  %exitcond.not = icmp eq i64 %indvars.iv.next, %wide.trip.count
  br i1 %exitcond.not, label %._crit_edge, label %.lr.ph, !llvm.loop !10

._crit_edge:                                      ; preds = %.lr.ph, %3
  ret void
}
*** IR Dump After MemCpyOptPass on scaleArray ***
; Function Attrs: nofree norecurse nosync nounwind uwtable
define dso_local void @scaleArray(i32* nocapture noundef %0, i32 noundef %1, i32 noundef %2) local_unnamed_addr #0 {
  %4 = icmp sgt i32 %1, 0
  br i1 %4, label %.lr.ph.preheader, label %._crit_edge

.lr.ph.preheader:                                 ; preds = %3
  %wide.trip.count = zext i32 %1 to i64
  br label %.lr.ph

.lr.ph:                                           ; preds = %.lr.ph.preheader, %.lr.ph
  %indvars.iv = phi i64 [ 0, %.lr.ph.preheader ], [ %indvars.iv.next, %.lr.ph ]
  %5 = getelementptr inbounds i32, i32* %0, i64 %indvars.iv
  %6 = load i32, i32* %5, align 4
  %7 = mul nsw i32 %6, %2
  store i32 %7, i32* %5, align 4
  %indvars.iv.next = add nuw nsw i64 %indvars.iv, 1
  %exitcond.not = icmp eq i64 %indvars.iv.next, %wide.trip.count
  br i1 %exitcond.not, label %._crit_edge, label %.lr.ph, !llvm.loop !10

._crit_edge:                                      ; preds = %.lr.ph, %3
  ret void
}
*** IR Dump Before DSEPass on scaleArray ***
; Function Attrs: nofree norecurse nosync nounwind uwtable
define dso_local void @scaleArray(i32* nocapture noundef %0, i32 noundef %1, i32 noundef %2) local_unnamed_addr #0 {
  %4 = icmp sgt i32 %1, 0
  br i1 %4, label %.lr.ph.preheader, label %._crit_edge

.lr.ph.preheader:                                 ; preds = %3
  %wide.trip.count = zext i32 %1 to i64
  br label %.lr.ph

.lr.ph:                                           ; preds = %.lr.ph.preheader, %.lr.ph
  %indvars.iv = phi i64 [ 0, %.lr.ph.preheader ], [ %indvars.iv.next, %.lr.ph ]
  %5 = getelementptr inbounds i32, i32* %0, i64 %indvars.iv
  %6 = load i32, i32* %5, align 4
  %7 = mul nsw i32 %6, %2
  store i32 %7, i32* %5, align 4
  %indvars.iv.next = add nuw nsw i64 %indvars.iv, 1
  %exitcond.not = icmp eq i64 %indvars.iv.next, %wide.trip.count
  br i1 %exitcond.not, label %._crit_edge, label %.lr.ph, !llvm.loop !10

._crit_edge:                                      ; preds = %.lr.ph, %3
  ret void
}
*** IR Dump After DSEPass on scaleArray ***
; Function Attrs: nofree norecurse nosync nounwind uwtable
define dso_local void @scaleArray(i32* nocapture noundef %0, i32 noundef %1, i32 noundef %2) local_unnamed_addr #0 {
  %4 = icmp sgt i32 %1, 0
  br i1 %4, label %.lr.ph.preheader, label %._crit_edge

.lr.ph.preheader:                                 ; preds = %3
  %wide.trip.count = zext i32 %1 to i64
  br label %.lr.ph

.lr.ph:                                           ; preds = %.lr.ph.preheader, %.lr.ph
  %indvars.iv = phi i64 [ 0, %.lr.ph.preheader ], [ %indvars.iv.next, %.lr.ph ]
  %5 = getelementptr inbounds i32, i32* %0, i64 %indvars.iv
  %6 = load i32, i32* %5, align 4
  %7 = mul nsw i32 %6, %2
  store i32 %7, i32* %5, align 4
  %indvars.iv.next = add nuw nsw i64 %indvars.iv, 1
  %exitcond.not = icmp eq i64 %indvars.iv.next, %wide.trip.count
  br i1 %exitcond.not, label %._crit_edge, label %.lr.ph, !llvm.loop !10

._crit_edge:                                      ; preds = %.lr.ph, %3
  ret void
}
*** IR Dump Before LoopSimplifyPass on scaleArray ***
; Function Attrs: nofree norecurse nosync nounwind uwtable
define dso_local void @scaleArray(i32* nocapture noundef %0, i32 noundef %1, i32 noundef %2) local_unnamed_addr #0 {
  %4 = icmp sgt i32 %1, 0
  br i1 %4, label %.lr.ph.preheader, label %._crit_edge

.lr.ph.preheader:                                 ; preds = %3
  %wide.trip.count = zext i32 %1 to i64
  br label %.lr.ph

.lr.ph:                                           ; preds = %.lr.ph.preheader, %.lr.ph
  %indvars.iv = phi i64 [ 0, %.lr.ph.preheader ], [ %indvars.iv.next, %.lr.ph ]
  %5 = getelementptr inbounds i32, i32* %0, i64 %indvars.iv
  %6 = load i32, i32* %5, align 4
  %7 = mul nsw i32 %6, %2
  store i32 %7, i32* %5, align 4
  %indvars.iv.next = add nuw nsw i64 %indvars.iv, 1
  %exitcond.not = icmp eq i64 %indvars.iv.next, %wide.trip.count
  br i1 %exitcond.not, label %._crit_edge, label %.lr.ph, !llvm.loop !10

._crit_edge:                                      ; preds = %.lr.ph, %3
  ret void
}
*** IR Dump After LoopSimplifyPass on scaleArray ***
; Function Attrs: nofree norecurse nosync nounwind uwtable
define dso_local void @scaleArray(i32* nocapture noundef %0, i32 noundef %1, i32 noundef %2) local_unnamed_addr #0 {
  %4 = icmp sgt i32 %1, 0
  br i1 %4, label %.lr.ph.preheader, label %._crit_edge

.lr.ph.preheader:                                 ; preds = %3
  %wide.trip.count = zext i32 %1 to i64
  br label %.lr.ph

.lr.ph:                                           ; preds = %.lr.ph.preheader, %.lr.ph
  %indvars.iv = phi i64 [ 0, %.lr.ph.preheader ], [ %indvars.iv.next, %.lr.ph ]
  %5 = getelementptr inbounds i32, i32* %0, i64 %indvars.iv
  %6 = load i32, i32* %5, align 4
  %7 = mul nsw i32 %6, %2
  store i32 %7, i32* %5, align 4
  %indvars.iv.next = add nuw nsw i64 %indvars.iv, 1
  %exitcond.not = icmp eq i64 %indvars.iv.next, %wide.trip.count
  br i1 %exitcond.not, label %._crit_edge.loopexit, label %.lr.ph, !llvm.loop !10

._crit_edge.loopexit:                             ; preds = %.lr.ph
  br label %._crit_edge

._crit_edge:                                      ; preds = %._crit_edge.loopexit, %3
  ret void
}
*** IR Dump Before LCSSAPass on scaleArray ***
; Function Attrs: nofree norecurse nosync nounwind uwtable
define dso_local void @scaleArray(i32* nocapture noundef %0, i32 noundef %1, i32 noundef %2) local_unnamed_addr #0 {
  %4 = icmp sgt i32 %1, 0
  br i1 %4, label %.lr.ph.preheader, label %._crit_edge

.lr.ph.preheader:                                 ; preds = %3
  %wide.trip.count = zext i32 %1 to i64
  br label %.lr.ph

.lr.ph:                                           ; preds = %.lr.ph.preheader, %.lr.ph
  %indvars.iv = phi i64 [ 0, %.lr.ph.preheader ], [ %indvars.iv.next, %.lr.ph ]
  %5 = getelementptr inbounds i32, i32* %0, i64 %indvars.iv
  %6 = load i32, i32* %5, align 4
  %7 = mul nsw i32 %6, %2
  store i32 %7, i32* %5, align 4
  %indvars.iv.next = add nuw nsw i64 %indvars.iv, 1
  %exitcond.not = icmp eq i64 %indvars.iv.next, %wide.trip.count
  br i1 %exitcond.not, label %._crit_edge.loopexit, label %.lr.ph, !llvm.loop !10

._crit_edge.loopexit:                             ; preds = %.lr.ph
  br label %._crit_edge

._crit_edge:                                      ; preds = %._crit_edge.loopexit, %3
  ret void
}
*** IR Dump After LCSSAPass on scaleArray ***
; Function Attrs: nofree norecurse nosync nounwind uwtable
define dso_local void @scaleArray(i32* nocapture noundef %0, i32 noundef %1, i32 noundef %2) local_unnamed_addr #0 {
  %4 = icmp sgt i32 %1, 0
  br i1 %4, label %.lr.ph.preheader, label %._crit_edge

.lr.ph.preheader:                                 ; preds = %3
  %wide.trip.count = zext i32 %1 to i64
  br label %.lr.ph

.lr.ph:                                           ; preds = %.lr.ph.preheader, %.lr.ph
  %indvars.iv = phi i64 [ 0, %.lr.ph.preheader ], [ %indvars.iv.next, %.lr.ph ]
  %5 = getelementptr inbounds i32, i32* %0, i64 %indvars.iv
  %6 = load i32, i32* %5, align 4
  %7 = mul nsw i32 %6, %2
  store i32 %7, i32* %5, align 4
  %indvars.iv.next = add nuw nsw i64 %indvars.iv, 1
  %exitcond.not = icmp eq i64 %indvars.iv.next, %wide.trip.count
  br i1 %exitcond.not, label %._crit_edge.loopexit, label %.lr.ph, !llvm.loop !10

._crit_edge.loopexit:                             ; preds = %.lr.ph
  br label %._crit_edge

._crit_edge:                                      ; preds = %._crit_edge.loopexit, %3
  ret void
}
*** IR Dump Before LICMPass on Loop at depth 1 containing: %.lr.ph<header><latch><exiting> ***

; Preheader:
.lr.ph.preheader:                                 ; preds = %3
  %wide.trip.count = zext i32 %1 to i64
  br label %.lr.ph

; Loop:
.lr.ph:                                           ; preds = %.lr.ph.preheader, %.lr.ph
  %indvars.iv = phi i64 [ 0, %.lr.ph.preheader ], [ %indvars.iv.next, %.lr.ph ]
  %5 = getelementptr inbounds i32, i32* %0, i64 %indvars.iv
  %6 = load i32, i32* %5, align 4
  %7 = mul nsw i32 %6, %2
  store i32 %7, i32* %5, align 4
  %indvars.iv.next = add nuw nsw i64 %indvars.iv, 1
  %exitcond.not = icmp eq i64 %indvars.iv.next, %wide.trip.count
  br i1 %exitcond.not, label %._crit_edge.loopexit, label %.lr.ph, !llvm.loop !10

; Exit blocks
._crit_edge.loopexit:                             ; preds = %.lr.ph
  br label %._crit_edge
*** IR Dump After LICMPass on Loop at depth 1 containing: %.lr.ph<header><latch><exiting> ***

; Preheader:
.lr.ph.preheader:                                 ; preds = %3
  %wide.trip.count = zext i32 %1 to i64
  br label %.lr.ph

; Loop:
.lr.ph:                                           ; preds = %.lr.ph.preheader, %.lr.ph
  %indvars.iv = phi i64 [ 0, %.lr.ph.preheader ], [ %indvars.iv.next, %.lr.ph ]
  %5 = getelementptr inbounds i32, i32* %0, i64 %indvars.iv
  %6 = load i32, i32* %5, align 4
  %7 = mul nsw i32 %6, %2
  store i32 %7, i32* %5, align 4
  %indvars.iv.next = add nuw nsw i64 %indvars.iv, 1
  %exitcond.not = icmp eq i64 %indvars.iv.next, %wide.trip.count
  br i1 %exitcond.not, label %._crit_edge.loopexit, label %.lr.ph, !llvm.loop !10

; Exit blocks
._crit_edge.loopexit:                             ; preds = %.lr.ph
  br label %._crit_edge
*** IR Dump Before CoroElidePass on scaleArray ***
; Function Attrs: nofree norecurse nosync nounwind uwtable
define dso_local void @scaleArray(i32* nocapture noundef %0, i32 noundef %1, i32 noundef %2) local_unnamed_addr #0 {
  %4 = icmp sgt i32 %1, 0
  br i1 %4, label %.lr.ph.preheader, label %._crit_edge

.lr.ph.preheader:                                 ; preds = %3
  %wide.trip.count = zext i32 %1 to i64
  br label %.lr.ph

.lr.ph:                                           ; preds = %.lr.ph.preheader, %.lr.ph
  %indvars.iv = phi i64 [ 0, %.lr.ph.preheader ], [ %indvars.iv.next, %.lr.ph ]
  %5 = getelementptr inbounds i32, i32* %0, i64 %indvars.iv
  %6 = load i32, i32* %5, align 4
  %7 = mul nsw i32 %6, %2
  store i32 %7, i32* %5, align 4
  %indvars.iv.next = add nuw nsw i64 %indvars.iv, 1
  %exitcond.not = icmp eq i64 %indvars.iv.next, %wide.trip.count
  br i1 %exitcond.not, label %._crit_edge.loopexit, label %.lr.ph, !llvm.loop !10

._crit_edge.loopexit:                             ; preds = %.lr.ph
  br label %._crit_edge

._crit_edge:                                      ; preds = %._crit_edge.loopexit, %3
  ret void
}
*** IR Dump After CoroElidePass on scaleArray ***
; Function Attrs: nofree norecurse nosync nounwind uwtable
define dso_local void @scaleArray(i32* nocapture noundef %0, i32 noundef %1, i32 noundef %2) local_unnamed_addr #0 {
  %4 = icmp sgt i32 %1, 0
  br i1 %4, label %.lr.ph.preheader, label %._crit_edge

.lr.ph.preheader:                                 ; preds = %3
  %wide.trip.count = zext i32 %1 to i64
  br label %.lr.ph

.lr.ph:                                           ; preds = %.lr.ph.preheader, %.lr.ph
  %indvars.iv = phi i64 [ 0, %.lr.ph.preheader ], [ %indvars.iv.next, %.lr.ph ]
  %5 = getelementptr inbounds i32, i32* %0, i64 %indvars.iv
  %6 = load i32, i32* %5, align 4
  %7 = mul nsw i32 %6, %2
  store i32 %7, i32* %5, align 4
  %indvars.iv.next = add nuw nsw i64 %indvars.iv, 1
  %exitcond.not = icmp eq i64 %indvars.iv.next, %wide.trip.count
  br i1 %exitcond.not, label %._crit_edge.loopexit, label %.lr.ph, !llvm.loop !10

._crit_edge.loopexit:                             ; preds = %.lr.ph
  br label %._crit_edge

._crit_edge:                                      ; preds = %._crit_edge.loopexit, %3
  ret void
}
*** IR Dump Before SimplifyCFGPass on scaleArray ***
; Function Attrs: nofree norecurse nosync nounwind uwtable
define dso_local void @scaleArray(i32* nocapture noundef %0, i32 noundef %1, i32 noundef %2) local_unnamed_addr #0 {
  %4 = icmp sgt i32 %1, 0
  br i1 %4, label %.lr.ph.preheader, label %._crit_edge

.lr.ph.preheader:                                 ; preds = %3
  %wide.trip.count = zext i32 %1 to i64
  br label %.lr.ph

.lr.ph:                                           ; preds = %.lr.ph.preheader, %.lr.ph
  %indvars.iv = phi i64 [ 0, %.lr.ph.preheader ], [ %indvars.iv.next, %.lr.ph ]
  %5 = getelementptr inbounds i32, i32* %0, i64 %indvars.iv
  %6 = load i32, i32* %5, align 4
  %7 = mul nsw i32 %6, %2
  store i32 %7, i32* %5, align 4
  %indvars.iv.next = add nuw nsw i64 %indvars.iv, 1
  %exitcond.not = icmp eq i64 %indvars.iv.next, %wide.trip.count
  br i1 %exitcond.not, label %._crit_edge.loopexit, label %.lr.ph, !llvm.loop !10

._crit_edge.loopexit:                             ; preds = %.lr.ph
  br label %._crit_edge

._crit_edge:                                      ; preds = %._crit_edge.loopexit, %3
  ret void
}
*** IR Dump After SimplifyCFGPass on scaleArray ***
; Function Attrs: nofree norecurse nosync nounwind uwtable
define dso_local void @scaleArray(i32* nocapture noundef %0, i32 noundef %1, i32 noundef %2) local_unnamed_addr #0 {
  %4 = icmp sgt i32 %1, 0
  br i1 %4, label %.lr.ph.preheader, label %._crit_edge

.lr.ph.preheader:                                 ; preds = %3
  %wide.trip.count = zext i32 %1 to i64
  br label %.lr.ph

.lr.ph:                                           ; preds = %.lr.ph.preheader, %.lr.ph
  %indvars.iv = phi i64 [ 0, %.lr.ph.preheader ], [ %indvars.iv.next, %.lr.ph ]
  %5 = getelementptr inbounds i32, i32* %0, i64 %indvars.iv
  %6 = load i32, i32* %5, align 4
  %7 = mul nsw i32 %6, %2
  store i32 %7, i32* %5, align 4
  %indvars.iv.next = add nuw nsw i64 %indvars.iv, 1
  %exitcond.not = icmp eq i64 %indvars.iv.next, %wide.trip.count
  br i1 %exitcond.not, label %._crit_edge, label %.lr.ph, !llvm.loop !10

._crit_edge:                                      ; preds = %.lr.ph, %3
  ret void
}
*** IR Dump Before InstCombinePass on scaleArray ***
; Function Attrs: nofree norecurse nosync nounwind uwtable
define dso_local void @scaleArray(i32* nocapture noundef %0, i32 noundef %1, i32 noundef %2) local_unnamed_addr #0 {
  %4 = icmp sgt i32 %1, 0
  br i1 %4, label %.lr.ph.preheader, label %._crit_edge

.lr.ph.preheader:                                 ; preds = %3
  %wide.trip.count = zext i32 %1 to i64
  br label %.lr.ph

.lr.ph:                                           ; preds = %.lr.ph.preheader, %.lr.ph
  %indvars.iv = phi i64 [ 0, %.lr.ph.preheader ], [ %indvars.iv.next, %.lr.ph ]
  %5 = getelementptr inbounds i32, i32* %0, i64 %indvars.iv
  %6 = load i32, i32* %5, align 4
  %7 = mul nsw i32 %6, %2
  store i32 %7, i32* %5, align 4
  %indvars.iv.next = add nuw nsw i64 %indvars.iv, 1
  %exitcond.not = icmp eq i64 %indvars.iv.next, %wide.trip.count
  br i1 %exitcond.not, label %._crit_edge, label %.lr.ph, !llvm.loop !10

._crit_edge:                                      ; preds = %.lr.ph, %3
  ret void
}
*** IR Dump After InstCombinePass on scaleArray ***
; Function Attrs: nofree norecurse nosync nounwind uwtable
define dso_local void @scaleArray(i32* nocapture noundef %0, i32 noundef %1, i32 noundef %2) local_unnamed_addr #0 {
  %4 = icmp sgt i32 %1, 0
  br i1 %4, label %.lr.ph.preheader, label %._crit_edge

.lr.ph.preheader:                                 ; preds = %3
  %wide.trip.count = zext i32 %1 to i64
  br label %.lr.ph

.lr.ph:                                           ; preds = %.lr.ph.preheader, %.lr.ph
  %indvars.iv = phi i64 [ 0, %.lr.ph.preheader ], [ %indvars.iv.next, %.lr.ph ]
  %5 = getelementptr inbounds i32, i32* %0, i64 %indvars.iv
  %6 = load i32, i32* %5, align 4
  %7 = mul nsw i32 %6, %2
  store i32 %7, i32* %5, align 4
  %indvars.iv.next = add nuw nsw i64 %indvars.iv, 1
  %exitcond.not = icmp eq i64 %indvars.iv.next, %wide.trip.count
  br i1 %exitcond.not, label %._crit_edge, label %.lr.ph, !llvm.loop !10

._crit_edge:                                      ; preds = %.lr.ph, %3
  ret void
}
*** IR Dump Before CoroSplitPass on (scaleArray) ***
; Function Attrs: nofree norecurse nosync nounwind uwtable
define dso_local void @scaleArray(i32* nocapture noundef %0, i32 noundef %1, i32 noundef %2) local_unnamed_addr #0 {
  %4 = icmp sgt i32 %1, 0
  br i1 %4, label %.lr.ph.preheader, label %._crit_edge

.lr.ph.preheader:                                 ; preds = %3
  %wide.trip.count = zext i32 %1 to i64
  br label %.lr.ph

.lr.ph:                                           ; preds = %.lr.ph.preheader, %.lr.ph
  %indvars.iv = phi i64 [ 0, %.lr.ph.preheader ], [ %indvars.iv.next, %.lr.ph ]
  %5 = getelementptr inbounds i32, i32* %0, i64 %indvars.iv
  %6 = load i32, i32* %5, align 4
  %7 = mul nsw i32 %6, %2
  store i32 %7, i32* %5, align 4
  %indvars.iv.next = add nuw nsw i64 %indvars.iv, 1
  %exitcond.not = icmp eq i64 %indvars.iv.next, %wide.trip.count
  br i1 %exitcond.not, label %._crit_edge, label %.lr.ph, !llvm.loop !10

._crit_edge:                                      ; preds = %.lr.ph, %3
  ret void
}
*** IR Dump After CoroSplitPass on (scaleArray) ***
; Function Attrs: nofree norecurse nosync nounwind uwtable
define dso_local void @scaleArray(i32* nocapture noundef %0, i32 noundef %1, i32 noundef %2) local_unnamed_addr #0 {
  %4 = icmp sgt i32 %1, 0
  br i1 %4, label %.lr.ph.preheader, label %._crit_edge

.lr.ph.preheader:                                 ; preds = %3
  %wide.trip.count = zext i32 %1 to i64
  br label %.lr.ph

.lr.ph:                                           ; preds = %.lr.ph.preheader, %.lr.ph
  %indvars.iv = phi i64 [ 0, %.lr.ph.preheader ], [ %indvars.iv.next, %.lr.ph ]
  %5 = getelementptr inbounds i32, i32* %0, i64 %indvars.iv
  %6 = load i32, i32* %5, align 4
  %7 = mul nsw i32 %6, %2
  store i32 %7, i32* %5, align 4
  %indvars.iv.next = add nuw nsw i64 %indvars.iv, 1
  %exitcond.not = icmp eq i64 %indvars.iv.next, %wide.trip.count
  br i1 %exitcond.not, label %._crit_edge, label %.lr.ph, !llvm.loop !10

._crit_edge:                                      ; preds = %.lr.ph, %3
  ret void
}
*** IR Dump Before GlobalOptPass on [module] ***
; ModuleID = 'scaleArray.in.ll'
source_filename = "scaleArray.c"
target datalayout = "e-m:e-i8:8:32-i16:16:32-i64:64-i128:128-n32:64-S128"
target triple = "aarch64-unknown-linux-gnu"

; Function Attrs: nofree norecurse nosync nounwind uwtable
define dso_local void @scaleArray(i32* nocapture noundef %0, i32 noundef %1, i32 noundef %2) local_unnamed_addr #0 {
  %4 = icmp sgt i32 %1, 0
  br i1 %4, label %.lr.ph.preheader, label %._crit_edge

.lr.ph.preheader:                                 ; preds = %3
  %wide.trip.count = zext i32 %1 to i64
  br label %.lr.ph

.lr.ph:                                           ; preds = %.lr.ph.preheader, %.lr.ph
  %indvars.iv = phi i64 [ 0, %.lr.ph.preheader ], [ %indvars.iv.next, %.lr.ph ]
  %5 = getelementptr inbounds i32, i32* %0, i64 %indvars.iv
  %6 = load i32, i32* %5, align 4
  %7 = mul nsw i32 %6, %2
  store i32 %7, i32* %5, align 4
  %indvars.iv.next = add nuw nsw i64 %indvars.iv, 1
  %exitcond.not = icmp eq i64 %indvars.iv.next, %wide.trip.count
  br i1 %exitcond.not, label %._crit_edge, label %.lr.ph, !llvm.loop !10

._crit_edge:                                      ; preds = %.lr.ph, %3
  ret void
}

attributes #0 = { nofree norecurse nosync nounwind uwtable "frame-pointer"="non-leaf" "min-legal-vector-width"="0" "no-trapping-math"="true" "stack-protector-buffer-size"="8" "target-cpu"="generic" "target-features"="+neon,+outline-atomics,+v8a" }

!llvm.module.flags = !{!0, !1, !2, !3, !4, !5, !6, !7, !8}
!llvm.ident = !{!9}

!0 = !{i32 1, !"wchar_size", i32 4}
!1 = !{i32 1, !"branch-target-enforcement", i32 0}
!2 = !{i32 1, !"sign-return-address", i32 0}
!3 = !{i32 1, !"sign-return-address-all", i32 0}
!4 = !{i32 1, !"sign-return-address-with-bkey", i32 0}
!5 = !{i32 7, !"PIC Level", i32 2}
!6 = !{i32 7, !"PIE Level", i32 2}
!7 = !{i32 7, !"uwtable", i32 1}
!8 = !{i32 7, !"frame-pointer", i32 1}
!9 = !{!"Ubuntu clang version 14.0.0-1ubuntu1.1"}
!10 = distinct !{!10, !11}
!11 = !{!"llvm.loop.mustprogress"}
*** IR Dump After GlobalOptPass on [module] ***
; ModuleID = 'scaleArray.in.ll'
source_filename = "scaleArray.c"
target datalayout = "e-m:e-i8:8:32-i16:16:32-i64:64-i128:128-n32:64-S128"
target triple = "aarch64-unknown-linux-gnu"

; Function Attrs: nofree norecurse nosync nounwind uwtable
define dso_local void @scaleArray(i32* nocapture noundef %0, i32 noundef %1, i32 noundef %2) local_unnamed_addr #0 {
  %4 = icmp sgt i32 %1, 0
  br i1 %4, label %.lr.ph.preheader, label %._crit_edge

.lr.ph.preheader:                                 ; preds = %3
  %wide.trip.count = zext i32 %1 to i64
  br label %.lr.ph

.lr.ph:                                           ; preds = %.lr.ph.preheader, %.lr.ph
  %indvars.iv = phi i64 [ 0, %.lr.ph.preheader ], [ %indvars.iv.next, %.lr.ph ]
  %5 = getelementptr inbounds i32, i32* %0, i64 %indvars.iv
  %6 = load i32, i32* %5, align 4
  %7 = mul nsw i32 %6, %2
  store i32 %7, i32* %5, align 4
  %indvars.iv.next = add nuw nsw i64 %indvars.iv, 1
  %exitcond.not = icmp eq i64 %indvars.iv.next, %wide.trip.count
  br i1 %exitcond.not, label %._crit_edge, label %.lr.ph, !llvm.loop !10

._crit_edge:                                      ; preds = %.lr.ph, %3
  ret void
}

attributes #0 = { nofree norecurse nosync nounwind uwtable "frame-pointer"="non-leaf" "min-legal-vector-width"="0" "no-trapping-math"="true" "stack-protector-buffer-size"="8" "target-cpu"="generic" "target-features"="+neon,+outline-atomics,+v8a" }

!llvm.module.flags = !{!0, !1, !2, !3, !4, !5, !6, !7, !8}
!llvm.ident = !{!9}

!0 = !{i32 1, !"wchar_size", i32 4}
!1 = !{i32 1, !"branch-target-enforcement", i32 0}
!2 = !{i32 1, !"sign-return-address", i32 0}
!3 = !{i32 1, !"sign-return-address-all", i32 0}
!4 = !{i32 1, !"sign-return-address-with-bkey", i32 0}
!5 = !{i32 7, !"PIC Level", i32 2}
!6 = !{i32 7, !"PIE Level", i32 2}
!7 = !{i32 7, !"uwtable", i32 1}
!8 = !{i32 7, !"frame-pointer", i32 1}
!9 = !{!"Ubuntu clang version 14.0.0-1ubuntu1.1"}
!10 = distinct !{!10, !11}
!11 = !{!"llvm.loop.mustprogress"}
*** IR Dump Before GlobalDCEPass on [module] ***
; ModuleID = 'scaleArray.in.ll'
source_filename = "scaleArray.c"
target datalayout = "e-m:e-i8:8:32-i16:16:32-i64:64-i128:128-n32:64-S128"
target triple = "aarch64-unknown-linux-gnu"

; Function Attrs: nofree norecurse nosync nounwind uwtable
define dso_local void @scaleArray(i32* nocapture noundef %0, i32 noundef %1, i32 noundef %2) local_unnamed_addr #0 {
  %4 = icmp sgt i32 %1, 0
  br i1 %4, label %.lr.ph.preheader, label %._crit_edge

.lr.ph.preheader:                                 ; preds = %3
  %wide.trip.count = zext i32 %1 to i64
  br label %.lr.ph

.lr.ph:                                           ; preds = %.lr.ph.preheader, %.lr.ph
  %indvars.iv = phi i64 [ 0, %.lr.ph.preheader ], [ %indvars.iv.next, %.lr.ph ]
  %5 = getelementptr inbounds i32, i32* %0, i64 %indvars.iv
  %6 = load i32, i32* %5, align 4
  %7 = mul nsw i32 %6, %2
  store i32 %7, i32* %5, align 4
  %indvars.iv.next = add nuw nsw i64 %indvars.iv, 1
  %exitcond.not = icmp eq i64 %indvars.iv.next, %wide.trip.count
  br i1 %exitcond.not, label %._crit_edge, label %.lr.ph, !llvm.loop !10

._crit_edge:                                      ; preds = %.lr.ph, %3
  ret void
}

attributes #0 = { nofree norecurse nosync nounwind uwtable "frame-pointer"="non-leaf" "min-legal-vector-width"="0" "no-trapping-math"="true" "stack-protector-buffer-size"="8" "target-cpu"="generic" "target-features"="+neon,+outline-atomics,+v8a" }

!llvm.module.flags = !{!0, !1, !2, !3, !4, !5, !6, !7, !8}
!llvm.ident = !{!9}

!0 = !{i32 1, !"wchar_size", i32 4}
!1 = !{i32 1, !"branch-target-enforcement", i32 0}
!2 = !{i32 1, !"sign-return-address", i32 0}
!3 = !{i32 1, !"sign-return-address-all", i32 0}
!4 = !{i32 1, !"sign-return-address-with-bkey", i32 0}
!5 = !{i32 7, !"PIC Level", i32 2}
!6 = !{i32 7, !"PIE Level", i32 2}
!7 = !{i32 7, !"uwtable", i32 1}
!8 = !{i32 7, !"frame-pointer", i32 1}
!9 = !{!"Ubuntu clang version 14.0.0-1ubuntu1.1"}
!10 = distinct !{!10, !11}
!11 = !{!"llvm.loop.mustprogress"}
*** IR Dump After GlobalDCEPass on [module] ***
; ModuleID = 'scaleArray.in.ll'
source_filename = "scaleArray.c"
target datalayout = "e-m:e-i8:8:32-i16:16:32-i64:64-i128:128-n32:64-S128"
target triple = "aarch64-unknown-linux-gnu"

; Function Attrs: nofree norecurse nosync nounwind uwtable
define dso_local void @scaleArray(i32* nocapture noundef %0, i32 noundef %1, i32 noundef %2) local_unnamed_addr #0 {
  %4 = icmp sgt i32 %1, 0
  br i1 %4, label %.lr.ph.preheader, label %._crit_edge

.lr.ph.preheader:                                 ; preds = %3
  %wide.trip.count = zext i32 %1 to i64
  br label %.lr.ph

.lr.ph:                                           ; preds = %.lr.ph.preheader, %.lr.ph
  %indvars.iv = phi i64 [ 0, %.lr.ph.preheader ], [ %indvars.iv.next, %.lr.ph ]
  %5 = getelementptr inbounds i32, i32* %0, i64 %indvars.iv
  %6 = load i32, i32* %5, align 4
  %7 = mul nsw i32 %6, %2
  store i32 %7, i32* %5, align 4
  %indvars.iv.next = add nuw nsw i64 %indvars.iv, 1
  %exitcond.not = icmp eq i64 %indvars.iv.next, %wide.trip.count
  br i1 %exitcond.not, label %._crit_edge, label %.lr.ph, !llvm.loop !10

._crit_edge:                                      ; preds = %.lr.ph, %3
  ret void
}

attributes #0 = { nofree norecurse nosync nounwind uwtable "frame-pointer"="non-leaf" "min-legal-vector-width"="0" "no-trapping-math"="true" "stack-protector-buffer-size"="8" "target-cpu"="generic" "target-features"="+neon,+outline-atomics,+v8a" }

!llvm.module.flags = !{!0, !1, !2, !3, !4, !5, !6, !7, !8}
!llvm.ident = !{!9}

!0 = !{i32 1, !"wchar_size", i32 4}
!1 = !{i32 1, !"branch-target-enforcement", i32 0}
!2 = !{i32 1, !"sign-return-address", i32 0}
!3 = !{i32 1, !"sign-return-address-all", i32 0}
!4 = !{i32 1, !"sign-return-address-with-bkey", i32 0}
!5 = !{i32 7, !"PIC Level", i32 2}
!6 = !{i32 7, !"PIE Level", i32 2}
!7 = !{i32 7, !"uwtable", i32 1}
!8 = !{i32 7, !"frame-pointer", i32 1}
!9 = !{!"Ubuntu clang version 14.0.0-1ubuntu1.1"}
!10 = distinct !{!10, !11}
!11 = !{!"llvm.loop.mustprogress"}
*** IR Dump Before EliminateAvailableExternallyPass on [module] ***
; ModuleID = 'scaleArray.in.ll'
source_filename = "scaleArray.c"
target datalayout = "e-m:e-i8:8:32-i16:16:32-i64:64-i128:128-n32:64-S128"
target triple = "aarch64-unknown-linux-gnu"

; Function Attrs: nofree norecurse nosync nounwind uwtable
define dso_local void @scaleArray(i32* nocapture noundef %0, i32 noundef %1, i32 noundef %2) local_unnamed_addr #0 {
  %4 = icmp sgt i32 %1, 0
  br i1 %4, label %.lr.ph.preheader, label %._crit_edge

.lr.ph.preheader:                                 ; preds = %3
  %wide.trip.count = zext i32 %1 to i64
  br label %.lr.ph

.lr.ph:                                           ; preds = %.lr.ph.preheader, %.lr.ph
  %indvars.iv = phi i64 [ 0, %.lr.ph.preheader ], [ %indvars.iv.next, %.lr.ph ]
  %5 = getelementptr inbounds i32, i32* %0, i64 %indvars.iv
  %6 = load i32, i32* %5, align 4
  %7 = mul nsw i32 %6, %2
  store i32 %7, i32* %5, align 4
  %indvars.iv.next = add nuw nsw i64 %indvars.iv, 1
  %exitcond.not = icmp eq i64 %indvars.iv.next, %wide.trip.count
  br i1 %exitcond.not, label %._crit_edge, label %.lr.ph, !llvm.loop !10

._crit_edge:                                      ; preds = %.lr.ph, %3
  ret void
}

attributes #0 = { nofree norecurse nosync nounwind uwtable "frame-pointer"="non-leaf" "min-legal-vector-width"="0" "no-trapping-math"="true" "stack-protector-buffer-size"="8" "target-cpu"="generic" "target-features"="+neon,+outline-atomics,+v8a" }

!llvm.module.flags = !{!0, !1, !2, !3, !4, !5, !6, !7, !8}
!llvm.ident = !{!9}

!0 = !{i32 1, !"wchar_size", i32 4}
!1 = !{i32 1, !"branch-target-enforcement", i32 0}
!2 = !{i32 1, !"sign-return-address", i32 0}
!3 = !{i32 1, !"sign-return-address-all", i32 0}
!4 = !{i32 1, !"sign-return-address-with-bkey", i32 0}
!5 = !{i32 7, !"PIC Level", i32 2}
!6 = !{i32 7, !"PIE Level", i32 2}
!7 = !{i32 7, !"uwtable", i32 1}
!8 = !{i32 7, !"frame-pointer", i32 1}
!9 = !{!"Ubuntu clang version 14.0.0-1ubuntu1.1"}
!10 = distinct !{!10, !11}
!11 = !{!"llvm.loop.mustprogress"}
*** IR Dump After EliminateAvailableExternallyPass on [module] ***
; ModuleID = 'scaleArray.in.ll'
source_filename = "scaleArray.c"
target datalayout = "e-m:e-i8:8:32-i16:16:32-i64:64-i128:128-n32:64-S128"
target triple = "aarch64-unknown-linux-gnu"

; Function Attrs: nofree norecurse nosync nounwind uwtable
define dso_local void @scaleArray(i32* nocapture noundef %0, i32 noundef %1, i32 noundef %2) local_unnamed_addr #0 {
  %4 = icmp sgt i32 %1, 0
  br i1 %4, label %.lr.ph.preheader, label %._crit_edge

.lr.ph.preheader:                                 ; preds = %3
  %wide.trip.count = zext i32 %1 to i64
  br label %.lr.ph

.lr.ph:                                           ; preds = %.lr.ph.preheader, %.lr.ph
  %indvars.iv = phi i64 [ 0, %.lr.ph.preheader ], [ %indvars.iv.next, %.lr.ph ]
  %5 = getelementptr inbounds i32, i32* %0, i64 %indvars.iv
  %6 = load i32, i32* %5, align 4
  %7 = mul nsw i32 %6, %2
  store i32 %7, i32* %5, align 4
  %indvars.iv.next = add nuw nsw i64 %indvars.iv, 1
  %exitcond.not = icmp eq i64 %indvars.iv.next, %wide.trip.count
  br i1 %exitcond.not, label %._crit_edge, label %.lr.ph, !llvm.loop !10

._crit_edge:                                      ; preds = %.lr.ph, %3
  ret void
}

attributes #0 = { nofree norecurse nosync nounwind uwtable "frame-pointer"="non-leaf" "min-legal-vector-width"="0" "no-trapping-math"="true" "stack-protector-buffer-size"="8" "target-cpu"="generic" "target-features"="+neon,+outline-atomics,+v8a" }

!llvm.module.flags = !{!0, !1, !2, !3, !4, !5, !6, !7, !8}
!llvm.ident = !{!9}

!0 = !{i32 1, !"wchar_size", i32 4}
!1 = !{i32 1, !"branch-target-enforcement", i32 0}
!2 = !{i32 1, !"sign-return-address", i32 0}
!3 = !{i32 1, !"sign-return-address-all", i32 0}
!4 = !{i32 1, !"sign-return-address-with-bkey", i32 0}
!5 = !{i32 7, !"PIC Level", i32 2}
!6 = !{i32 7, !"PIE Level", i32 2}
!7 = !{i32 7, !"uwtable", i32 1}
!8 = !{i32 7, !"frame-pointer", i32 1}
!9 = !{!"Ubuntu clang version 14.0.0-1ubuntu1.1"}
!10 = distinct !{!10, !11}
!11 = !{!"llvm.loop.mustprogress"}
*** IR Dump Before ReversePostOrderFunctionAttrsPass on [module] ***
; ModuleID = 'scaleArray.in.ll'
source_filename = "scaleArray.c"
target datalayout = "e-m:e-i8:8:32-i16:16:32-i64:64-i128:128-n32:64-S128"
target triple = "aarch64-unknown-linux-gnu"

; Function Attrs: nofree norecurse nosync nounwind uwtable
define dso_local void @scaleArray(i32* nocapture noundef %0, i32 noundef %1, i32 noundef %2) local_unnamed_addr #0 {
  %4 = icmp sgt i32 %1, 0
  br i1 %4, label %.lr.ph.preheader, label %._crit_edge

.lr.ph.preheader:                                 ; preds = %3
  %wide.trip.count = zext i32 %1 to i64
  br label %.lr.ph

.lr.ph:                                           ; preds = %.lr.ph.preheader, %.lr.ph
  %indvars.iv = phi i64 [ 0, %.lr.ph.preheader ], [ %indvars.iv.next, %.lr.ph ]
  %5 = getelementptr inbounds i32, i32* %0, i64 %indvars.iv
  %6 = load i32, i32* %5, align 4
  %7 = mul nsw i32 %6, %2
  store i32 %7, i32* %5, align 4
  %indvars.iv.next = add nuw nsw i64 %indvars.iv, 1
  %exitcond.not = icmp eq i64 %indvars.iv.next, %wide.trip.count
  br i1 %exitcond.not, label %._crit_edge, label %.lr.ph, !llvm.loop !10

._crit_edge:                                      ; preds = %.lr.ph, %3
  ret void
}

attributes #0 = { nofree norecurse nosync nounwind uwtable "frame-pointer"="non-leaf" "min-legal-vector-width"="0" "no-trapping-math"="true" "stack-protector-buffer-size"="8" "target-cpu"="generic" "target-features"="+neon,+outline-atomics,+v8a" }

!llvm.module.flags = !{!0, !1, !2, !3, !4, !5, !6, !7, !8}
!llvm.ident = !{!9}

!0 = !{i32 1, !"wchar_size", i32 4}
!1 = !{i32 1, !"branch-target-enforcement", i32 0}
!2 = !{i32 1, !"sign-return-address", i32 0}
!3 = !{i32 1, !"sign-return-address-all", i32 0}
!4 = !{i32 1, !"sign-return-address-with-bkey", i32 0}
!5 = !{i32 7, !"PIC Level", i32 2}
!6 = !{i32 7, !"PIE Level", i32 2}
!7 = !{i32 7, !"uwtable", i32 1}
!8 = !{i32 7, !"frame-pointer", i32 1}
!9 = !{!"Ubuntu clang version 14.0.0-1ubuntu1.1"}
!10 = distinct !{!10, !11}
!11 = !{!"llvm.loop.mustprogress"}
*** IR Dump After ReversePostOrderFunctionAttrsPass on [module] ***
; ModuleID = 'scaleArray.in.ll'
source_filename = "scaleArray.c"
target datalayout = "e-m:e-i8:8:32-i16:16:32-i64:64-i128:128-n32:64-S128"
target triple = "aarch64-unknown-linux-gnu"

; Function Attrs: nofree norecurse nosync nounwind uwtable
define dso_local void @scaleArray(i32* nocapture noundef %0, i32 noundef %1, i32 noundef %2) local_unnamed_addr #0 {
  %4 = icmp sgt i32 %1, 0
  br i1 %4, label %.lr.ph.preheader, label %._crit_edge

.lr.ph.preheader:                                 ; preds = %3
  %wide.trip.count = zext i32 %1 to i64
  br label %.lr.ph

.lr.ph:                                           ; preds = %.lr.ph.preheader, %.lr.ph
  %indvars.iv = phi i64 [ 0, %.lr.ph.preheader ], [ %indvars.iv.next, %.lr.ph ]
  %5 = getelementptr inbounds i32, i32* %0, i64 %indvars.iv
  %6 = load i32, i32* %5, align 4
  %7 = mul nsw i32 %6, %2
  store i32 %7, i32* %5, align 4
  %indvars.iv.next = add nuw nsw i64 %indvars.iv, 1
  %exitcond.not = icmp eq i64 %indvars.iv.next, %wide.trip.count
  br i1 %exitcond.not, label %._crit_edge, label %.lr.ph, !llvm.loop !10

._crit_edge:                                      ; preds = %.lr.ph, %3
  ret void
}

attributes #0 = { nofree norecurse nosync nounwind uwtable "frame-pointer"="non-leaf" "min-legal-vector-width"="0" "no-trapping-math"="true" "stack-protector-buffer-size"="8" "target-cpu"="generic" "target-features"="+neon,+outline-atomics,+v8a" }

!llvm.module.flags = !{!0, !1, !2, !3, !4, !5, !6, !7, !8}
!llvm.ident = !{!9}

!0 = !{i32 1, !"wchar_size", i32 4}
!1 = !{i32 1, !"branch-target-enforcement", i32 0}
!2 = !{i32 1, !"sign-return-address", i32 0}
!3 = !{i32 1, !"sign-return-address-all", i32 0}
!4 = !{i32 1, !"sign-return-address-with-bkey", i32 0}
!5 = !{i32 7, !"PIC Level", i32 2}
!6 = !{i32 7, !"PIE Level", i32 2}
!7 = !{i32 7, !"uwtable", i32 1}
!8 = !{i32 7, !"frame-pointer", i32 1}
!9 = !{!"Ubuntu clang version 14.0.0-1ubuntu1.1"}
!10 = distinct !{!10, !11}
!11 = !{!"llvm.loop.mustprogress"}
*** IR Dump Before RequireAnalysisPass<llvm::GlobalsAA, llvm::Module> on [module] ***
; ModuleID = 'scaleArray.in.ll'
source_filename = "scaleArray.c"
target datalayout = "e-m:e-i8:8:32-i16:16:32-i64:64-i128:128-n32:64-S128"
target triple = "aarch64-unknown-linux-gnu"

; Function Attrs: nofree norecurse nosync nounwind uwtable
define dso_local void @scaleArray(i32* nocapture noundef %0, i32 noundef %1, i32 noundef %2) local_unnamed_addr #0 {
  %4 = icmp sgt i32 %1, 0
  br i1 %4, label %.lr.ph.preheader, label %._crit_edge

.lr.ph.preheader:                                 ; preds = %3
  %wide.trip.count = zext i32 %1 to i64
  br label %.lr.ph

.lr.ph:                                           ; preds = %.lr.ph.preheader, %.lr.ph
  %indvars.iv = phi i64 [ 0, %.lr.ph.preheader ], [ %indvars.iv.next, %.lr.ph ]
  %5 = getelementptr inbounds i32, i32* %0, i64 %indvars.iv
  %6 = load i32, i32* %5, align 4
  %7 = mul nsw i32 %6, %2
  store i32 %7, i32* %5, align 4
  %indvars.iv.next = add nuw nsw i64 %indvars.iv, 1
  %exitcond.not = icmp eq i64 %indvars.iv.next, %wide.trip.count
  br i1 %exitcond.not, label %._crit_edge, label %.lr.ph, !llvm.loop !10

._crit_edge:                                      ; preds = %.lr.ph, %3
  ret void
}

attributes #0 = { nofree norecurse nosync nounwind uwtable "frame-pointer"="non-leaf" "min-legal-vector-width"="0" "no-trapping-math"="true" "stack-protector-buffer-size"="8" "target-cpu"="generic" "target-features"="+neon,+outline-atomics,+v8a" }

!llvm.module.flags = !{!0, !1, !2, !3, !4, !5, !6, !7, !8}
!llvm.ident = !{!9}

!0 = !{i32 1, !"wchar_size", i32 4}
!1 = !{i32 1, !"branch-target-enforcement", i32 0}
!2 = !{i32 1, !"sign-return-address", i32 0}
!3 = !{i32 1, !"sign-return-address-all", i32 0}
!4 = !{i32 1, !"sign-return-address-with-bkey", i32 0}
!5 = !{i32 7, !"PIC Level", i32 2}
!6 = !{i32 7, !"PIE Level", i32 2}
!7 = !{i32 7, !"uwtable", i32 1}
!8 = !{i32 7, !"frame-pointer", i32 1}
!9 = !{!"Ubuntu clang version 14.0.0-1ubuntu1.1"}
!10 = distinct !{!10, !11}
!11 = !{!"llvm.loop.mustprogress"}
*** IR Dump After RequireAnalysisPass<llvm::GlobalsAA, llvm::Module> on [module] ***
; ModuleID = 'scaleArray.in.ll'
source_filename = "scaleArray.c"
target datalayout = "e-m:e-i8:8:32-i16:16:32-i64:64-i128:128-n32:64-S128"
target triple = "aarch64-unknown-linux-gnu"

; Function Attrs: nofree norecurse nosync nounwind uwtable
define dso_local void @scaleArray(i32* nocapture noundef %0, i32 noundef %1, i32 noundef %2) local_unnamed_addr #0 {
  %4 = icmp sgt i32 %1, 0
  br i1 %4, label %.lr.ph.preheader, label %._crit_edge

.lr.ph.preheader:                                 ; preds = %3
  %wide.trip.count = zext i32 %1 to i64
  br label %.lr.ph

.lr.ph:                                           ; preds = %.lr.ph.preheader, %.lr.ph
  %indvars.iv = phi i64 [ 0, %.lr.ph.preheader ], [ %indvars.iv.next, %.lr.ph ]
  %5 = getelementptr inbounds i32, i32* %0, i64 %indvars.iv
  %6 = load i32, i32* %5, align 4
  %7 = mul nsw i32 %6, %2
  store i32 %7, i32* %5, align 4
  %indvars.iv.next = add nuw nsw i64 %indvars.iv, 1
  %exitcond.not = icmp eq i64 %indvars.iv.next, %wide.trip.count
  br i1 %exitcond.not, label %._crit_edge, label %.lr.ph, !llvm.loop !10

._crit_edge:                                      ; preds = %.lr.ph, %3
  ret void
}

attributes #0 = { nofree norecurse nosync nounwind uwtable "frame-pointer"="non-leaf" "min-legal-vector-width"="0" "no-trapping-math"="true" "stack-protector-buffer-size"="8" "target-cpu"="generic" "target-features"="+neon,+outline-atomics,+v8a" }

!llvm.module.flags = !{!0, !1, !2, !3, !4, !5, !6, !7, !8}
!llvm.ident = !{!9}

!0 = !{i32 1, !"wchar_size", i32 4}
!1 = !{i32 1, !"branch-target-enforcement", i32 0}
!2 = !{i32 1, !"sign-return-address", i32 0}
!3 = !{i32 1, !"sign-return-address-all", i32 0}
!4 = !{i32 1, !"sign-return-address-with-bkey", i32 0}
!5 = !{i32 7, !"PIC Level", i32 2}
!6 = !{i32 7, !"PIE Level", i32 2}
!7 = !{i32 7, !"uwtable", i32 1}
!8 = !{i32 7, !"frame-pointer", i32 1}
!9 = !{!"Ubuntu clang version 14.0.0-1ubuntu1.1"}
!10 = distinct !{!10, !11}
!11 = !{!"llvm.loop.mustprogress"}
*** IR Dump Before Float2IntPass on scaleArray ***
; Function Attrs: nofree norecurse nosync nounwind uwtable
define dso_local void @scaleArray(i32* nocapture noundef %0, i32 noundef %1, i32 noundef %2) local_unnamed_addr #0 {
  %4 = icmp sgt i32 %1, 0
  br i1 %4, label %.lr.ph.preheader, label %._crit_edge

.lr.ph.preheader:                                 ; preds = %3
  %wide.trip.count = zext i32 %1 to i64
  br label %.lr.ph

.lr.ph:                                           ; preds = %.lr.ph.preheader, %.lr.ph
  %indvars.iv = phi i64 [ 0, %.lr.ph.preheader ], [ %indvars.iv.next, %.lr.ph ]
  %5 = getelementptr inbounds i32, i32* %0, i64 %indvars.iv
  %6 = load i32, i32* %5, align 4
  %7 = mul nsw i32 %6, %2
  store i32 %7, i32* %5, align 4
  %indvars.iv.next = add nuw nsw i64 %indvars.iv, 1
  %exitcond.not = icmp eq i64 %indvars.iv.next, %wide.trip.count
  br i1 %exitcond.not, label %._crit_edge, label %.lr.ph, !llvm.loop !10

._crit_edge:                                      ; preds = %.lr.ph, %3
  ret void
}
*** IR Dump After Float2IntPass on scaleArray ***
; Function Attrs: nofree norecurse nosync nounwind uwtable
define dso_local void @scaleArray(i32* nocapture noundef %0, i32 noundef %1, i32 noundef %2) local_unnamed_addr #0 {
  %4 = icmp sgt i32 %1, 0
  br i1 %4, label %.lr.ph.preheader, label %._crit_edge

.lr.ph.preheader:                                 ; preds = %3
  %wide.trip.count = zext i32 %1 to i64
  br label %.lr.ph

.lr.ph:                                           ; preds = %.lr.ph.preheader, %.lr.ph
  %indvars.iv = phi i64 [ 0, %.lr.ph.preheader ], [ %indvars.iv.next, %.lr.ph ]
  %5 = getelementptr inbounds i32, i32* %0, i64 %indvars.iv
  %6 = load i32, i32* %5, align 4
  %7 = mul nsw i32 %6, %2
  store i32 %7, i32* %5, align 4
  %indvars.iv.next = add nuw nsw i64 %indvars.iv, 1
  %exitcond.not = icmp eq i64 %indvars.iv.next, %wide.trip.count
  br i1 %exitcond.not, label %._crit_edge, label %.lr.ph, !llvm.loop !10

._crit_edge:                                      ; preds = %.lr.ph, %3
  ret void
}
*** IR Dump Before LowerConstantIntrinsicsPass on scaleArray ***
; Function Attrs: nofree norecurse nosync nounwind uwtable
define dso_local void @scaleArray(i32* nocapture noundef %0, i32 noundef %1, i32 noundef %2) local_unnamed_addr #0 {
  %4 = icmp sgt i32 %1, 0
  br i1 %4, label %.lr.ph.preheader, label %._crit_edge

.lr.ph.preheader:                                 ; preds = %3
  %wide.trip.count = zext i32 %1 to i64
  br label %.lr.ph

.lr.ph:                                           ; preds = %.lr.ph.preheader, %.lr.ph
  %indvars.iv = phi i64 [ 0, %.lr.ph.preheader ], [ %indvars.iv.next, %.lr.ph ]
  %5 = getelementptr inbounds i32, i32* %0, i64 %indvars.iv
  %6 = load i32, i32* %5, align 4
  %7 = mul nsw i32 %6, %2
  store i32 %7, i32* %5, align 4
  %indvars.iv.next = add nuw nsw i64 %indvars.iv, 1
  %exitcond.not = icmp eq i64 %indvars.iv.next, %wide.trip.count
  br i1 %exitcond.not, label %._crit_edge, label %.lr.ph, !llvm.loop !10

._crit_edge:                                      ; preds = %.lr.ph, %3
  ret void
}
*** IR Dump After LowerConstantIntrinsicsPass on scaleArray ***
; Function Attrs: nofree norecurse nosync nounwind uwtable
define dso_local void @scaleArray(i32* nocapture noundef %0, i32 noundef %1, i32 noundef %2) local_unnamed_addr #0 {
  %4 = icmp sgt i32 %1, 0
  br i1 %4, label %.lr.ph.preheader, label %._crit_edge

.lr.ph.preheader:                                 ; preds = %3
  %wide.trip.count = zext i32 %1 to i64
  br label %.lr.ph

.lr.ph:                                           ; preds = %.lr.ph.preheader, %.lr.ph
  %indvars.iv = phi i64 [ 0, %.lr.ph.preheader ], [ %indvars.iv.next, %.lr.ph ]
  %5 = getelementptr inbounds i32, i32* %0, i64 %indvars.iv
  %6 = load i32, i32* %5, align 4
  %7 = mul nsw i32 %6, %2
  store i32 %7, i32* %5, align 4
  %indvars.iv.next = add nuw nsw i64 %indvars.iv, 1
  %exitcond.not = icmp eq i64 %indvars.iv.next, %wide.trip.count
  br i1 %exitcond.not, label %._crit_edge, label %.lr.ph, !llvm.loop !10

._crit_edge:                                      ; preds = %.lr.ph, %3
  ret void
}
*** IR Dump Before LoopSimplifyPass on scaleArray ***
; Function Attrs: nofree norecurse nosync nounwind uwtable
define dso_local void @scaleArray(i32* nocapture noundef %0, i32 noundef %1, i32 noundef %2) local_unnamed_addr #0 {
  %4 = icmp sgt i32 %1, 0
  br i1 %4, label %.lr.ph.preheader, label %._crit_edge

.lr.ph.preheader:                                 ; preds = %3
  %wide.trip.count = zext i32 %1 to i64
  br label %.lr.ph

.lr.ph:                                           ; preds = %.lr.ph.preheader, %.lr.ph
  %indvars.iv = phi i64 [ 0, %.lr.ph.preheader ], [ %indvars.iv.next, %.lr.ph ]
  %5 = getelementptr inbounds i32, i32* %0, i64 %indvars.iv
  %6 = load i32, i32* %5, align 4
  %7 = mul nsw i32 %6, %2
  store i32 %7, i32* %5, align 4
  %indvars.iv.next = add nuw nsw i64 %indvars.iv, 1
  %exitcond.not = icmp eq i64 %indvars.iv.next, %wide.trip.count
  br i1 %exitcond.not, label %._crit_edge, label %.lr.ph, !llvm.loop !10

._crit_edge:                                      ; preds = %.lr.ph, %3
  ret void
}
*** IR Dump After LoopSimplifyPass on scaleArray ***
; Function Attrs: nofree norecurse nosync nounwind uwtable
define dso_local void @scaleArray(i32* nocapture noundef %0, i32 noundef %1, i32 noundef %2) local_unnamed_addr #0 {
  %4 = icmp sgt i32 %1, 0
  br i1 %4, label %.lr.ph.preheader, label %._crit_edge

.lr.ph.preheader:                                 ; preds = %3
  %wide.trip.count = zext i32 %1 to i64
  br label %.lr.ph

.lr.ph:                                           ; preds = %.lr.ph.preheader, %.lr.ph
  %indvars.iv = phi i64 [ 0, %.lr.ph.preheader ], [ %indvars.iv.next, %.lr.ph ]
  %5 = getelementptr inbounds i32, i32* %0, i64 %indvars.iv
  %6 = load i32, i32* %5, align 4
  %7 = mul nsw i32 %6, %2
  store i32 %7, i32* %5, align 4
  %indvars.iv.next = add nuw nsw i64 %indvars.iv, 1
  %exitcond.not = icmp eq i64 %indvars.iv.next, %wide.trip.count
  br i1 %exitcond.not, label %._crit_edge.loopexit, label %.lr.ph, !llvm.loop !10

._crit_edge.loopexit:                             ; preds = %.lr.ph
  br label %._crit_edge

._crit_edge:                                      ; preds = %._crit_edge.loopexit, %3
  ret void
}
*** IR Dump Before LCSSAPass on scaleArray ***
; Function Attrs: nofree norecurse nosync nounwind uwtable
define dso_local void @scaleArray(i32* nocapture noundef %0, i32 noundef %1, i32 noundef %2) local_unnamed_addr #0 {
  %4 = icmp sgt i32 %1, 0
  br i1 %4, label %.lr.ph.preheader, label %._crit_edge

.lr.ph.preheader:                                 ; preds = %3
  %wide.trip.count = zext i32 %1 to i64
  br label %.lr.ph

.lr.ph:                                           ; preds = %.lr.ph.preheader, %.lr.ph
  %indvars.iv = phi i64 [ 0, %.lr.ph.preheader ], [ %indvars.iv.next, %.lr.ph ]
  %5 = getelementptr inbounds i32, i32* %0, i64 %indvars.iv
  %6 = load i32, i32* %5, align 4
  %7 = mul nsw i32 %6, %2
  store i32 %7, i32* %5, align 4
  %indvars.iv.next = add nuw nsw i64 %indvars.iv, 1
  %exitcond.not = icmp eq i64 %indvars.iv.next, %wide.trip.count
  br i1 %exitcond.not, label %._crit_edge.loopexit, label %.lr.ph, !llvm.loop !10

._crit_edge.loopexit:                             ; preds = %.lr.ph
  br label %._crit_edge

._crit_edge:                                      ; preds = %._crit_edge.loopexit, %3
  ret void
}
*** IR Dump After LCSSAPass on scaleArray ***
; Function Attrs: nofree norecurse nosync nounwind uwtable
define dso_local void @scaleArray(i32* nocapture noundef %0, i32 noundef %1, i32 noundef %2) local_unnamed_addr #0 {
  %4 = icmp sgt i32 %1, 0
  br i1 %4, label %.lr.ph.preheader, label %._crit_edge

.lr.ph.preheader:                                 ; preds = %3
  %wide.trip.count = zext i32 %1 to i64
  br label %.lr.ph

.lr.ph:                                           ; preds = %.lr.ph.preheader, %.lr.ph
  %indvars.iv = phi i64 [ 0, %.lr.ph.preheader ], [ %indvars.iv.next, %.lr.ph ]
  %5 = getelementptr inbounds i32, i32* %0, i64 %indvars.iv
  %6 = load i32, i32* %5, align 4
  %7 = mul nsw i32 %6, %2
  store i32 %7, i32* %5, align 4
  %indvars.iv.next = add nuw nsw i64 %indvars.iv, 1
  %exitcond.not = icmp eq i64 %indvars.iv.next, %wide.trip.count
  br i1 %exitcond.not, label %._crit_edge.loopexit, label %.lr.ph, !llvm.loop !10

._crit_edge.loopexit:                             ; preds = %.lr.ph
  br label %._crit_edge

._crit_edge:                                      ; preds = %._crit_edge.loopexit, %3
  ret void
}
*** IR Dump Before LoopRotatePass on Loop at depth 1 containing: %.lr.ph<header><latch><exiting> ***

; Preheader:
.lr.ph.preheader:                                 ; preds = %3
  %wide.trip.count = zext i32 %1 to i64
  br label %.lr.ph

; Loop:
.lr.ph:                                           ; preds = %.lr.ph.preheader, %.lr.ph
  %indvars.iv = phi i64 [ 0, %.lr.ph.preheader ], [ %indvars.iv.next, %.lr.ph ]
  %5 = getelementptr inbounds i32, i32* %0, i64 %indvars.iv
  %6 = load i32, i32* %5, align 4
  %7 = mul nsw i32 %6, %2
  store i32 %7, i32* %5, align 4
  %indvars.iv.next = add nuw nsw i64 %indvars.iv, 1
  %exitcond.not = icmp eq i64 %indvars.iv.next, %wide.trip.count
  br i1 %exitcond.not, label %._crit_edge.loopexit, label %.lr.ph, !llvm.loop !10

; Exit blocks
._crit_edge.loopexit:                             ; preds = %.lr.ph
  br label %._crit_edge
*** IR Dump After LoopRotatePass on Loop at depth 1 containing: %.lr.ph<header><latch><exiting> ***

; Preheader:
.lr.ph.preheader:                                 ; preds = %3
  %wide.trip.count = zext i32 %1 to i64
  br label %.lr.ph

; Loop:
.lr.ph:                                           ; preds = %.lr.ph.preheader, %.lr.ph
  %indvars.iv = phi i64 [ 0, %.lr.ph.preheader ], [ %indvars.iv.next, %.lr.ph ]
  %5 = getelementptr inbounds i32, i32* %0, i64 %indvars.iv
  %6 = load i32, i32* %5, align 4
  %7 = mul nsw i32 %6, %2
  store i32 %7, i32* %5, align 4
  %indvars.iv.next = add nuw nsw i64 %indvars.iv, 1
  %exitcond.not = icmp eq i64 %indvars.iv.next, %wide.trip.count
  br i1 %exitcond.not, label %._crit_edge.loopexit, label %.lr.ph, !llvm.loop !10

; Exit blocks
._crit_edge.loopexit:                             ; preds = %.lr.ph
  br label %._crit_edge
*** IR Dump Before LoopDeletionPass on Loop at depth 1 containing: %.lr.ph<header><latch><exiting> ***

; Preheader:
.lr.ph.preheader:                                 ; preds = %3
  %wide.trip.count = zext i32 %1 to i64
  br label %.lr.ph

; Loop:
.lr.ph:                                           ; preds = %.lr.ph.preheader, %.lr.ph
  %indvars.iv = phi i64 [ 0, %.lr.ph.preheader ], [ %indvars.iv.next, %.lr.ph ]
  %5 = getelementptr inbounds i32, i32* %0, i64 %indvars.iv
  %6 = load i32, i32* %5, align 4
  %7 = mul nsw i32 %6, %2
  store i32 %7, i32* %5, align 4
  %indvars.iv.next = add nuw nsw i64 %indvars.iv, 1
  %exitcond.not = icmp eq i64 %indvars.iv.next, %wide.trip.count
  br i1 %exitcond.not, label %._crit_edge.loopexit, label %.lr.ph, !llvm.loop !10

; Exit blocks
._crit_edge.loopexit:                             ; preds = %.lr.ph
  br label %._crit_edge
*** IR Dump After LoopDeletionPass on Loop at depth 1 containing: %.lr.ph<header><latch><exiting> ***

; Preheader:
.lr.ph.preheader:                                 ; preds = %3
  %wide.trip.count = zext i32 %1 to i64
  br label %.lr.ph

; Loop:
.lr.ph:                                           ; preds = %.lr.ph.preheader, %.lr.ph
  %indvars.iv = phi i64 [ 0, %.lr.ph.preheader ], [ %indvars.iv.next, %.lr.ph ]
  %5 = getelementptr inbounds i32, i32* %0, i64 %indvars.iv
  %6 = load i32, i32* %5, align 4
  %7 = mul nsw i32 %6, %2
  store i32 %7, i32* %5, align 4
  %indvars.iv.next = add nuw nsw i64 %indvars.iv, 1
  %exitcond.not = icmp eq i64 %indvars.iv.next, %wide.trip.count
  br i1 %exitcond.not, label %._crit_edge.loopexit, label %.lr.ph, !llvm.loop !10

; Exit blocks
._crit_edge.loopexit:                             ; preds = %.lr.ph
  br label %._crit_edge
*** IR Dump Before LoopDistributePass on scaleArray ***
; Function Attrs: nofree norecurse nosync nounwind uwtable
define dso_local void @scaleArray(i32* nocapture noundef %0, i32 noundef %1, i32 noundef %2) local_unnamed_addr #0 {
  %4 = icmp sgt i32 %1, 0
  br i1 %4, label %.lr.ph.preheader, label %._crit_edge

.lr.ph.preheader:                                 ; preds = %3
  %wide.trip.count = zext i32 %1 to i64
  br label %.lr.ph

.lr.ph:                                           ; preds = %.lr.ph.preheader, %.lr.ph
  %indvars.iv = phi i64 [ 0, %.lr.ph.preheader ], [ %indvars.iv.next, %.lr.ph ]
  %5 = getelementptr inbounds i32, i32* %0, i64 %indvars.iv
  %6 = load i32, i32* %5, align 4
  %7 = mul nsw i32 %6, %2
  store i32 %7, i32* %5, align 4
  %indvars.iv.next = add nuw nsw i64 %indvars.iv, 1
  %exitcond.not = icmp eq i64 %indvars.iv.next, %wide.trip.count
  br i1 %exitcond.not, label %._crit_edge.loopexit, label %.lr.ph, !llvm.loop !10

._crit_edge.loopexit:                             ; preds = %.lr.ph
  br label %._crit_edge

._crit_edge:                                      ; preds = %._crit_edge.loopexit, %3
  ret void
}
*** IR Dump After LoopDistributePass on scaleArray ***
; Function Attrs: nofree norecurse nosync nounwind uwtable
define dso_local void @scaleArray(i32* nocapture noundef %0, i32 noundef %1, i32 noundef %2) local_unnamed_addr #0 {
  %4 = icmp sgt i32 %1, 0
  br i1 %4, label %.lr.ph.preheader, label %._crit_edge

.lr.ph.preheader:                                 ; preds = %3
  %wide.trip.count = zext i32 %1 to i64
  br label %.lr.ph

.lr.ph:                                           ; preds = %.lr.ph.preheader, %.lr.ph
  %indvars.iv = phi i64 [ 0, %.lr.ph.preheader ], [ %indvars.iv.next, %.lr.ph ]
  %5 = getelementptr inbounds i32, i32* %0, i64 %indvars.iv
  %6 = load i32, i32* %5, align 4
  %7 = mul nsw i32 %6, %2
  store i32 %7, i32* %5, align 4
  %indvars.iv.next = add nuw nsw i64 %indvars.iv, 1
  %exitcond.not = icmp eq i64 %indvars.iv.next, %wide.trip.count
  br i1 %exitcond.not, label %._crit_edge.loopexit, label %.lr.ph, !llvm.loop !10

._crit_edge.loopexit:                             ; preds = %.lr.ph
  br label %._crit_edge

._crit_edge:                                      ; preds = %._crit_edge.loopexit, %3
  ret void
}
*** IR Dump Before InjectTLIMappings on scaleArray ***
; Function Attrs: nofree norecurse nosync nounwind uwtable
define dso_local void @scaleArray(i32* nocapture noundef %0, i32 noundef %1, i32 noundef %2) local_unnamed_addr #0 {
  %4 = icmp sgt i32 %1, 0
  br i1 %4, label %.lr.ph.preheader, label %._crit_edge

.lr.ph.preheader:                                 ; preds = %3
  %wide.trip.count = zext i32 %1 to i64
  br label %.lr.ph

.lr.ph:                                           ; preds = %.lr.ph.preheader, %.lr.ph
  %indvars.iv = phi i64 [ 0, %.lr.ph.preheader ], [ %indvars.iv.next, %.lr.ph ]
  %5 = getelementptr inbounds i32, i32* %0, i64 %indvars.iv
  %6 = load i32, i32* %5, align 4
  %7 = mul nsw i32 %6, %2
  store i32 %7, i32* %5, align 4
  %indvars.iv.next = add nuw nsw i64 %indvars.iv, 1
  %exitcond.not = icmp eq i64 %indvars.iv.next, %wide.trip.count
  br i1 %exitcond.not, label %._crit_edge.loopexit, label %.lr.ph, !llvm.loop !10

._crit_edge.loopexit:                             ; preds = %.lr.ph
  br label %._crit_edge

._crit_edge:                                      ; preds = %._crit_edge.loopexit, %3
  ret void
}
*** IR Dump After InjectTLIMappings on scaleArray ***
; Function Attrs: nofree norecurse nosync nounwind uwtable
define dso_local void @scaleArray(i32* nocapture noundef %0, i32 noundef %1, i32 noundef %2) local_unnamed_addr #0 {
  %4 = icmp sgt i32 %1, 0
  br i1 %4, label %.lr.ph.preheader, label %._crit_edge

.lr.ph.preheader:                                 ; preds = %3
  %wide.trip.count = zext i32 %1 to i64
  br label %.lr.ph

.lr.ph:                                           ; preds = %.lr.ph.preheader, %.lr.ph
  %indvars.iv = phi i64 [ 0, %.lr.ph.preheader ], [ %indvars.iv.next, %.lr.ph ]
  %5 = getelementptr inbounds i32, i32* %0, i64 %indvars.iv
  %6 = load i32, i32* %5, align 4
  %7 = mul nsw i32 %6, %2
  store i32 %7, i32* %5, align 4
  %indvars.iv.next = add nuw nsw i64 %indvars.iv, 1
  %exitcond.not = icmp eq i64 %indvars.iv.next, %wide.trip.count
  br i1 %exitcond.not, label %._crit_edge.loopexit, label %.lr.ph, !llvm.loop !10

._crit_edge.loopexit:                             ; preds = %.lr.ph
  br label %._crit_edge

._crit_edge:                                      ; preds = %._crit_edge.loopexit, %3
  ret void
}
*** IR Dump Before LoopVectorizePass on scaleArray ***
; Function Attrs: nofree norecurse nosync nounwind uwtable
define dso_local void @scaleArray(i32* nocapture noundef %0, i32 noundef %1, i32 noundef %2) local_unnamed_addr #0 {
  %4 = icmp sgt i32 %1, 0
  br i1 %4, label %.lr.ph.preheader, label %._crit_edge

.lr.ph.preheader:                                 ; preds = %3
  %wide.trip.count = zext i32 %1 to i64
  br label %.lr.ph

.lr.ph:                                           ; preds = %.lr.ph.preheader, %.lr.ph
  %indvars.iv = phi i64 [ 0, %.lr.ph.preheader ], [ %indvars.iv.next, %.lr.ph ]
  %5 = getelementptr inbounds i32, i32* %0, i64 %indvars.iv
  %6 = load i32, i32* %5, align 4
  %7 = mul nsw i32 %6, %2
  store i32 %7, i32* %5, align 4
  %indvars.iv.next = add nuw nsw i64 %indvars.iv, 1
  %exitcond.not = icmp eq i64 %indvars.iv.next, %wide.trip.count
  br i1 %exitcond.not, label %._crit_edge.loopexit, label %.lr.ph, !llvm.loop !10

._crit_edge.loopexit:                             ; preds = %.lr.ph
  br label %._crit_edge

._crit_edge:                                      ; preds = %._crit_edge.loopexit, %3
  ret void
}
*** IR Dump After LoopVectorizePass on scaleArray ***
; Function Attrs: nofree norecurse nosync nounwind uwtable
define dso_local void @scaleArray(i32* nocapture noundef %0, i32 noundef %1, i32 noundef %2) local_unnamed_addr #0 {
  %4 = icmp sgt i32 %1, 0
  br i1 %4, label %.lr.ph.preheader, label %._crit_edge

.lr.ph.preheader:                                 ; preds = %3
  %wide.trip.count = zext i32 %1 to i64
  %min.iters.check = icmp ult i64 %wide.trip.count, 8
  br i1 %min.iters.check, label %scalar.ph, label %vector.ph

vector.ph:                                        ; preds = %.lr.ph.preheader
  %n.mod.vf = urem i64 %wide.trip.count, 8
  %n.vec = sub i64 %wide.trip.count, %n.mod.vf
  %broadcast.splatinsert = insertelement <4 x i32> poison, i32 %2, i32 0
  %broadcast.splat = shufflevector <4 x i32> %broadcast.splatinsert, <4 x i32> poison, <4 x i32> zeroinitializer
  %broadcast.splatinsert10 = insertelement <4 x i32> poison, i32 %2, i32 0
  %broadcast.splat11 = shufflevector <4 x i32> %broadcast.splatinsert10, <4 x i32> poison, <4 x i32> zeroinitializer
  br label %vector.body

vector.body:                                      ; preds = %vector.body, %vector.ph
  %index = phi i64 [ 0, %vector.ph ], [ %index.next, %vector.body ]
  %5 = add i64 %index, 0
  %6 = add i64 %index, 4
  %7 = getelementptr inbounds i32, i32* %0, i64 %5
  %8 = getelementptr inbounds i32, i32* %0, i64 %6
  %9 = getelementptr inbounds i32, i32* %7, i32 0
  %10 = bitcast i32* %9 to <4 x i32>*
  %wide.load = load <4 x i32>, <4 x i32>* %10, align 4
  %11 = getelementptr inbounds i32, i32* %7, i32 4
  %12 = bitcast i32* %11 to <4 x i32>*
  %wide.load9 = load <4 x i32>, <4 x i32>* %12, align 4
  %13 = mul nsw <4 x i32> %wide.load, %broadcast.splat
  %14 = mul nsw <4 x i32> %wide.load9, %broadcast.splat11
  %15 = bitcast i32* %9 to <4 x i32>*
  store <4 x i32> %13, <4 x i32>* %15, align 4
  %16 = bitcast i32* %11 to <4 x i32>*
  store <4 x i32> %14, <4 x i32>* %16, align 4
  %index.next = add nuw i64 %index, 8
  %17 = icmp eq i64 %index.next, %n.vec
  br i1 %17, label %middle.block, label %vector.body, !llvm.loop !10

middle.block:                                     ; preds = %vector.body
  %cmp.n = icmp eq i64 %wide.trip.count, %n.vec
  br i1 %cmp.n, label %._crit_edge.loopexit, label %scalar.ph

scalar.ph:                                        ; preds = %.lr.ph.preheader, %middle.block
  %bc.resume.val = phi i64 [ %n.vec, %middle.block ], [ 0, %.lr.ph.preheader ]
  br label %.lr.ph

.lr.ph:                                           ; preds = %scalar.ph, %.lr.ph
  %indvars.iv = phi i64 [ %bc.resume.val, %scalar.ph ], [ %indvars.iv.next, %.lr.ph ]
  %18 = getelementptr inbounds i32, i32* %0, i64 %indvars.iv
  %19 = load i32, i32* %18, align 4
  %20 = mul nsw i32 %19, %2
  store i32 %20, i32* %18, align 4
  %indvars.iv.next = add nuw nsw i64 %indvars.iv, 1
  %exitcond.not = icmp eq i64 %indvars.iv.next, %wide.trip.count
  br i1 %exitcond.not, label %._crit_edge.loopexit, label %.lr.ph, !llvm.loop !13

._crit_edge.loopexit:                             ; preds = %middle.block, %.lr.ph
  br label %._crit_edge

._crit_edge:                                      ; preds = %._crit_edge.loopexit, %3
  ret void
}
*** IR Dump Before LoopLoadEliminationPass on scaleArray ***
; Function Attrs: nofree norecurse nosync nounwind uwtable
define dso_local void @scaleArray(i32* nocapture noundef %0, i32 noundef %1, i32 noundef %2) local_unnamed_addr #0 {
  %4 = icmp sgt i32 %1, 0
  br i1 %4, label %.lr.ph.preheader, label %._crit_edge

.lr.ph.preheader:                                 ; preds = %3
  %wide.trip.count = zext i32 %1 to i64
  %min.iters.check = icmp ult i64 %wide.trip.count, 8
  br i1 %min.iters.check, label %scalar.ph, label %vector.ph

vector.ph:                                        ; preds = %.lr.ph.preheader
  %n.mod.vf = urem i64 %wide.trip.count, 8
  %n.vec = sub i64 %wide.trip.count, %n.mod.vf
  %broadcast.splatinsert = insertelement <4 x i32> poison, i32 %2, i32 0
  %broadcast.splat = shufflevector <4 x i32> %broadcast.splatinsert, <4 x i32> poison, <4 x i32> zeroinitializer
  %broadcast.splatinsert10 = insertelement <4 x i32> poison, i32 %2, i32 0
  %broadcast.splat11 = shufflevector <4 x i32> %broadcast.splatinsert10, <4 x i32> poison, <4 x i32> zeroinitializer
  br label %vector.body

vector.body:                                      ; preds = %vector.body, %vector.ph
  %index = phi i64 [ 0, %vector.ph ], [ %index.next, %vector.body ]
  %5 = add i64 %index, 0
  %6 = add i64 %index, 4
  %7 = getelementptr inbounds i32, i32* %0, i64 %5
  %8 = getelementptr inbounds i32, i32* %0, i64 %6
  %9 = getelementptr inbounds i32, i32* %7, i32 0
  %10 = bitcast i32* %9 to <4 x i32>*
  %wide.load = load <4 x i32>, <4 x i32>* %10, align 4
  %11 = getelementptr inbounds i32, i32* %7, i32 4
  %12 = bitcast i32* %11 to <4 x i32>*
  %wide.load9 = load <4 x i32>, <4 x i32>* %12, align 4
  %13 = mul nsw <4 x i32> %wide.load, %broadcast.splat
  %14 = mul nsw <4 x i32> %wide.load9, %broadcast.splat11
  %15 = bitcast i32* %9 to <4 x i32>*
  store <4 x i32> %13, <4 x i32>* %15, align 4
  %16 = bitcast i32* %11 to <4 x i32>*
  store <4 x i32> %14, <4 x i32>* %16, align 4
  %index.next = add nuw i64 %index, 8
  %17 = icmp eq i64 %index.next, %n.vec
  br i1 %17, label %middle.block, label %vector.body, !llvm.loop !10

middle.block:                                     ; preds = %vector.body
  %cmp.n = icmp eq i64 %wide.trip.count, %n.vec
  br i1 %cmp.n, label %._crit_edge.loopexit, label %scalar.ph

scalar.ph:                                        ; preds = %.lr.ph.preheader, %middle.block
  %bc.resume.val = phi i64 [ %n.vec, %middle.block ], [ 0, %.lr.ph.preheader ]
  br label %.lr.ph

.lr.ph:                                           ; preds = %scalar.ph, %.lr.ph
  %indvars.iv = phi i64 [ %bc.resume.val, %scalar.ph ], [ %indvars.iv.next, %.lr.ph ]
  %18 = getelementptr inbounds i32, i32* %0, i64 %indvars.iv
  %19 = load i32, i32* %18, align 4
  %20 = mul nsw i32 %19, %2
  store i32 %20, i32* %18, align 4
  %indvars.iv.next = add nuw nsw i64 %indvars.iv, 1
  %exitcond.not = icmp eq i64 %indvars.iv.next, %wide.trip.count
  br i1 %exitcond.not, label %._crit_edge.loopexit, label %.lr.ph, !llvm.loop !13

._crit_edge.loopexit:                             ; preds = %middle.block, %.lr.ph
  br label %._crit_edge

._crit_edge:                                      ; preds = %._crit_edge.loopexit, %3
  ret void
}
*** IR Dump After LoopLoadEliminationPass on scaleArray ***
; Function Attrs: nofree norecurse nosync nounwind uwtable
define dso_local void @scaleArray(i32* nocapture noundef %0, i32 noundef %1, i32 noundef %2) local_unnamed_addr #0 {
  %4 = icmp sgt i32 %1, 0
  br i1 %4, label %.lr.ph.preheader, label %._crit_edge

.lr.ph.preheader:                                 ; preds = %3
  %wide.trip.count = zext i32 %1 to i64
  %min.iters.check = icmp ult i64 %wide.trip.count, 8
  br i1 %min.iters.check, label %scalar.ph, label %vector.ph

vector.ph:                                        ; preds = %.lr.ph.preheader
  %n.mod.vf = urem i64 %wide.trip.count, 8
  %n.vec = sub i64 %wide.trip.count, %n.mod.vf
  %broadcast.splatinsert = insertelement <4 x i32> poison, i32 %2, i32 0
  %broadcast.splat = shufflevector <4 x i32> %broadcast.splatinsert, <4 x i32> poison, <4 x i32> zeroinitializer
  %broadcast.splatinsert10 = insertelement <4 x i32> poison, i32 %2, i32 0
  %broadcast.splat11 = shufflevector <4 x i32> %broadcast.splatinsert10, <4 x i32> poison, <4 x i32> zeroinitializer
  br label %vector.body

vector.body:                                      ; preds = %vector.body, %vector.ph
  %index = phi i64 [ 0, %vector.ph ], [ %index.next, %vector.body ]
  %5 = add i64 %index, 0
  %6 = add i64 %index, 4
  %7 = getelementptr inbounds i32, i32* %0, i64 %5
  %8 = getelementptr inbounds i32, i32* %0, i64 %6
  %9 = getelementptr inbounds i32, i32* %7, i32 0
  %10 = bitcast i32* %9 to <4 x i32>*
  %wide.load = load <4 x i32>, <4 x i32>* %10, align 4
  %11 = getelementptr inbounds i32, i32* %7, i32 4
  %12 = bitcast i32* %11 to <4 x i32>*
  %wide.load9 = load <4 x i32>, <4 x i32>* %12, align 4
  %13 = mul nsw <4 x i32> %wide.load, %broadcast.splat
  %14 = mul nsw <4 x i32> %wide.load9, %broadcast.splat11
  %15 = bitcast i32* %9 to <4 x i32>*
  store <4 x i32> %13, <4 x i32>* %15, align 4
  %16 = bitcast i32* %11 to <4 x i32>*
  store <4 x i32> %14, <4 x i32>* %16, align 4
  %index.next = add nuw i64 %index, 8
  %17 = icmp eq i64 %index.next, %n.vec
  br i1 %17, label %middle.block, label %vector.body, !llvm.loop !10

middle.block:                                     ; preds = %vector.body
  %cmp.n = icmp eq i64 %wide.trip.count, %n.vec
  br i1 %cmp.n, label %._crit_edge.loopexit, label %scalar.ph

scalar.ph:                                        ; preds = %.lr.ph.preheader, %middle.block
  %bc.resume.val = phi i64 [ %n.vec, %middle.block ], [ 0, %.lr.ph.preheader ]
  br label %.lr.ph

.lr.ph:                                           ; preds = %scalar.ph, %.lr.ph
  %indvars.iv = phi i64 [ %bc.resume.val, %scalar.ph ], [ %indvars.iv.next, %.lr.ph ]
  %18 = getelementptr inbounds i32, i32* %0, i64 %indvars.iv
  %19 = load i32, i32* %18, align 4
  %20 = mul nsw i32 %19, %2
  store i32 %20, i32* %18, align 4
  %indvars.iv.next = add nuw nsw i64 %indvars.iv, 1
  %exitcond.not = icmp eq i64 %indvars.iv.next, %wide.trip.count
  br i1 %exitcond.not, label %._crit_edge.loopexit.loopexit, label %.lr.ph, !llvm.loop !13

._crit_edge.loopexit.loopexit:                    ; preds = %.lr.ph
  br label %._crit_edge.loopexit

._crit_edge.loopexit:                             ; preds = %._crit_edge.loopexit.loopexit, %middle.block
  br label %._crit_edge

._crit_edge:                                      ; preds = %._crit_edge.loopexit, %3
  ret void
}
*** IR Dump Before InstCombinePass on scaleArray ***
; Function Attrs: nofree norecurse nosync nounwind uwtable
define dso_local void @scaleArray(i32* nocapture noundef %0, i32 noundef %1, i32 noundef %2) local_unnamed_addr #0 {
  %4 = icmp sgt i32 %1, 0
  br i1 %4, label %.lr.ph.preheader, label %._crit_edge

.lr.ph.preheader:                                 ; preds = %3
  %wide.trip.count = zext i32 %1 to i64
  %min.iters.check = icmp ult i64 %wide.trip.count, 8
  br i1 %min.iters.check, label %scalar.ph, label %vector.ph

vector.ph:                                        ; preds = %.lr.ph.preheader
  %n.mod.vf = urem i64 %wide.trip.count, 8
  %n.vec = sub i64 %wide.trip.count, %n.mod.vf
  %broadcast.splatinsert = insertelement <4 x i32> poison, i32 %2, i32 0
  %broadcast.splat = shufflevector <4 x i32> %broadcast.splatinsert, <4 x i32> poison, <4 x i32> zeroinitializer
  %broadcast.splatinsert10 = insertelement <4 x i32> poison, i32 %2, i32 0
  %broadcast.splat11 = shufflevector <4 x i32> %broadcast.splatinsert10, <4 x i32> poison, <4 x i32> zeroinitializer
  br label %vector.body

vector.body:                                      ; preds = %vector.body, %vector.ph
  %index = phi i64 [ 0, %vector.ph ], [ %index.next, %vector.body ]
  %5 = add i64 %index, 0
  %6 = add i64 %index, 4
  %7 = getelementptr inbounds i32, i32* %0, i64 %5
  %8 = getelementptr inbounds i32, i32* %0, i64 %6
  %9 = getelementptr inbounds i32, i32* %7, i32 0
  %10 = bitcast i32* %9 to <4 x i32>*
  %wide.load = load <4 x i32>, <4 x i32>* %10, align 4
  %11 = getelementptr inbounds i32, i32* %7, i32 4
  %12 = bitcast i32* %11 to <4 x i32>*
  %wide.load9 = load <4 x i32>, <4 x i32>* %12, align 4
  %13 = mul nsw <4 x i32> %wide.load, %broadcast.splat
  %14 = mul nsw <4 x i32> %wide.load9, %broadcast.splat11
  %15 = bitcast i32* %9 to <4 x i32>*
  store <4 x i32> %13, <4 x i32>* %15, align 4
  %16 = bitcast i32* %11 to <4 x i32>*
  store <4 x i32> %14, <4 x i32>* %16, align 4
  %index.next = add nuw i64 %index, 8
  %17 = icmp eq i64 %index.next, %n.vec
  br i1 %17, label %middle.block, label %vector.body, !llvm.loop !10

middle.block:                                     ; preds = %vector.body
  %cmp.n = icmp eq i64 %wide.trip.count, %n.vec
  br i1 %cmp.n, label %._crit_edge.loopexit, label %scalar.ph

scalar.ph:                                        ; preds = %.lr.ph.preheader, %middle.block
  %bc.resume.val = phi i64 [ %n.vec, %middle.block ], [ 0, %.lr.ph.preheader ]
  br label %.lr.ph

.lr.ph:                                           ; preds = %scalar.ph, %.lr.ph
  %indvars.iv = phi i64 [ %bc.resume.val, %scalar.ph ], [ %indvars.iv.next, %.lr.ph ]
  %18 = getelementptr inbounds i32, i32* %0, i64 %indvars.iv
  %19 = load i32, i32* %18, align 4
  %20 = mul nsw i32 %19, %2
  store i32 %20, i32* %18, align 4
  %indvars.iv.next = add nuw nsw i64 %indvars.iv, 1
  %exitcond.not = icmp eq i64 %indvars.iv.next, %wide.trip.count
  br i1 %exitcond.not, label %._crit_edge.loopexit.loopexit, label %.lr.ph, !llvm.loop !13

._crit_edge.loopexit.loopexit:                    ; preds = %.lr.ph
  br label %._crit_edge.loopexit

._crit_edge.loopexit:                             ; preds = %._crit_edge.loopexit.loopexit, %middle.block
  br label %._crit_edge

._crit_edge:                                      ; preds = %._crit_edge.loopexit, %3
  ret void
}
*** IR Dump After InstCombinePass on scaleArray ***
; Function Attrs: nofree norecurse nosync nounwind uwtable
define dso_local void @scaleArray(i32* nocapture noundef %0, i32 noundef %1, i32 noundef %2) local_unnamed_addr #0 {
  %4 = icmp sgt i32 %1, 0
  br i1 %4, label %.lr.ph.preheader, label %._crit_edge

.lr.ph.preheader:                                 ; preds = %3
  %wide.trip.count = zext i32 %1 to i64
  %min.iters.check = icmp ult i32 %1, 8
  br i1 %min.iters.check, label %scalar.ph, label %vector.ph

vector.ph:                                        ; preds = %.lr.ph.preheader
  %n.vec = and i64 %wide.trip.count, 4294967288
  %broadcast.splatinsert = insertelement <4 x i32> poison, i32 %2, i64 0
  %broadcast.splat = shufflevector <4 x i32> %broadcast.splatinsert, <4 x i32> poison, <4 x i32> zeroinitializer
  %broadcast.splatinsert10 = insertelement <4 x i32> poison, i32 %2, i64 0
  %broadcast.splat11 = shufflevector <4 x i32> %broadcast.splatinsert10, <4 x i32> poison, <4 x i32> zeroinitializer
  br label %vector.body

vector.body:                                      ; preds = %vector.body, %vector.ph
  %index = phi i64 [ 0, %vector.ph ], [ %index.next, %vector.body ]
  %5 = getelementptr inbounds i32, i32* %0, i64 %index
  %6 = bitcast i32* %5 to <4 x i32>*
  %wide.load = load <4 x i32>, <4 x i32>* %6, align 4
  %7 = getelementptr inbounds i32, i32* %5, i64 4
  %8 = bitcast i32* %7 to <4 x i32>*
  %wide.load9 = load <4 x i32>, <4 x i32>* %8, align 4
  %9 = mul nsw <4 x i32> %wide.load, %broadcast.splat
  %10 = mul nsw <4 x i32> %wide.load9, %broadcast.splat11
  %11 = bitcast i32* %5 to <4 x i32>*
  store <4 x i32> %9, <4 x i32>* %11, align 4
  %12 = bitcast i32* %7 to <4 x i32>*
  store <4 x i32> %10, <4 x i32>* %12, align 4
  %index.next = add nuw i64 %index, 8
  %13 = icmp eq i64 %index.next, %n.vec
  br i1 %13, label %middle.block, label %vector.body, !llvm.loop !10

middle.block:                                     ; preds = %vector.body
  %cmp.n = icmp eq i64 %n.vec, %wide.trip.count
  br i1 %cmp.n, label %._crit_edge.loopexit, label %scalar.ph

scalar.ph:                                        ; preds = %.lr.ph.preheader, %middle.block
  %bc.resume.val = phi i64 [ %n.vec, %middle.block ], [ 0, %.lr.ph.preheader ]
  br label %.lr.ph

.lr.ph:                                           ; preds = %scalar.ph, %.lr.ph
  %indvars.iv = phi i64 [ %bc.resume.val, %scalar.ph ], [ %indvars.iv.next, %.lr.ph ]
  %14 = getelementptr inbounds i32, i32* %0, i64 %indvars.iv
  %15 = load i32, i32* %14, align 4
  %16 = mul nsw i32 %15, %2
  store i32 %16, i32* %14, align 4
  %indvars.iv.next = add nuw nsw i64 %indvars.iv, 1
  %exitcond.not = icmp eq i64 %indvars.iv.next, %wide.trip.count
  br i1 %exitcond.not, label %._crit_edge.loopexit.loopexit, label %.lr.ph, !llvm.loop !13

._crit_edge.loopexit.loopexit:                    ; preds = %.lr.ph
  br label %._crit_edge.loopexit

._crit_edge.loopexit:                             ; preds = %._crit_edge.loopexit.loopexit, %middle.block
  br label %._crit_edge

._crit_edge:                                      ; preds = %._crit_edge.loopexit, %3
  ret void
}
*** IR Dump Before SimplifyCFGPass on scaleArray ***
; Function Attrs: nofree norecurse nosync nounwind uwtable
define dso_local void @scaleArray(i32* nocapture noundef %0, i32 noundef %1, i32 noundef %2) local_unnamed_addr #0 {
  %4 = icmp sgt i32 %1, 0
  br i1 %4, label %.lr.ph.preheader, label %._crit_edge

.lr.ph.preheader:                                 ; preds = %3
  %wide.trip.count = zext i32 %1 to i64
  %min.iters.check = icmp ult i32 %1, 8
  br i1 %min.iters.check, label %scalar.ph, label %vector.ph

vector.ph:                                        ; preds = %.lr.ph.preheader
  %n.vec = and i64 %wide.trip.count, 4294967288
  %broadcast.splatinsert = insertelement <4 x i32> poison, i32 %2, i64 0
  %broadcast.splat = shufflevector <4 x i32> %broadcast.splatinsert, <4 x i32> poison, <4 x i32> zeroinitializer
  %broadcast.splatinsert10 = insertelement <4 x i32> poison, i32 %2, i64 0
  %broadcast.splat11 = shufflevector <4 x i32> %broadcast.splatinsert10, <4 x i32> poison, <4 x i32> zeroinitializer
  br label %vector.body

vector.body:                                      ; preds = %vector.body, %vector.ph
  %index = phi i64 [ 0, %vector.ph ], [ %index.next, %vector.body ]
  %5 = getelementptr inbounds i32, i32* %0, i64 %index
  %6 = bitcast i32* %5 to <4 x i32>*
  %wide.load = load <4 x i32>, <4 x i32>* %6, align 4
  %7 = getelementptr inbounds i32, i32* %5, i64 4
  %8 = bitcast i32* %7 to <4 x i32>*
  %wide.load9 = load <4 x i32>, <4 x i32>* %8, align 4
  %9 = mul nsw <4 x i32> %wide.load, %broadcast.splat
  %10 = mul nsw <4 x i32> %wide.load9, %broadcast.splat11
  %11 = bitcast i32* %5 to <4 x i32>*
  store <4 x i32> %9, <4 x i32>* %11, align 4
  %12 = bitcast i32* %7 to <4 x i32>*
  store <4 x i32> %10, <4 x i32>* %12, align 4
  %index.next = add nuw i64 %index, 8
  %13 = icmp eq i64 %index.next, %n.vec
  br i1 %13, label %middle.block, label %vector.body, !llvm.loop !10

middle.block:                                     ; preds = %vector.body
  %cmp.n = icmp eq i64 %n.vec, %wide.trip.count
  br i1 %cmp.n, label %._crit_edge.loopexit, label %scalar.ph

scalar.ph:                                        ; preds = %.lr.ph.preheader, %middle.block
  %bc.resume.val = phi i64 [ %n.vec, %middle.block ], [ 0, %.lr.ph.preheader ]
  br label %.lr.ph

.lr.ph:                                           ; preds = %scalar.ph, %.lr.ph
  %indvars.iv = phi i64 [ %bc.resume.val, %scalar.ph ], [ %indvars.iv.next, %.lr.ph ]
  %14 = getelementptr inbounds i32, i32* %0, i64 %indvars.iv
  %15 = load i32, i32* %14, align 4
  %16 = mul nsw i32 %15, %2
  store i32 %16, i32* %14, align 4
  %indvars.iv.next = add nuw nsw i64 %indvars.iv, 1
  %exitcond.not = icmp eq i64 %indvars.iv.next, %wide.trip.count
  br i1 %exitcond.not, label %._crit_edge.loopexit.loopexit, label %.lr.ph, !llvm.loop !13

._crit_edge.loopexit.loopexit:                    ; preds = %.lr.ph
  br label %._crit_edge.loopexit

._crit_edge.loopexit:                             ; preds = %._crit_edge.loopexit.loopexit, %middle.block
  br label %._crit_edge

._crit_edge:                                      ; preds = %._crit_edge.loopexit, %3
  ret void
}
*** IR Dump After SimplifyCFGPass on scaleArray ***
; Function Attrs: nofree norecurse nosync nounwind uwtable
define dso_local void @scaleArray(i32* nocapture noundef %0, i32 noundef %1, i32 noundef %2) local_unnamed_addr #0 {
  %4 = icmp sgt i32 %1, 0
  br i1 %4, label %.lr.ph.preheader, label %._crit_edge

.lr.ph.preheader:                                 ; preds = %3
  %wide.trip.count = zext i32 %1 to i64
  %min.iters.check = icmp ult i32 %1, 8
  br i1 %min.iters.check, label %.lr.ph, label %vector.ph

vector.ph:                                        ; preds = %.lr.ph.preheader
  %n.vec = and i64 %wide.trip.count, 4294967288
  %broadcast.splatinsert = insertelement <4 x i32> poison, i32 %2, i64 0
  %broadcast.splat = shufflevector <4 x i32> %broadcast.splatinsert, <4 x i32> poison, <4 x i32> zeroinitializer
  %broadcast.splatinsert10 = insertelement <4 x i32> poison, i32 %2, i64 0
  %broadcast.splat11 = shufflevector <4 x i32> %broadcast.splatinsert10, <4 x i32> poison, <4 x i32> zeroinitializer
  br label %vector.body

vector.body:                                      ; preds = %vector.body, %vector.ph
  %index = phi i64 [ 0, %vector.ph ], [ %index.next, %vector.body ]
  %5 = getelementptr inbounds i32, i32* %0, i64 %index
  %6 = bitcast i32* %5 to <4 x i32>*
  %wide.load = load <4 x i32>, <4 x i32>* %6, align 4
  %7 = getelementptr inbounds i32, i32* %5, i64 4
  %8 = bitcast i32* %7 to <4 x i32>*
  %wide.load9 = load <4 x i32>, <4 x i32>* %8, align 4
  %9 = mul nsw <4 x i32> %wide.load, %broadcast.splat
  %10 = mul nsw <4 x i32> %wide.load9, %broadcast.splat11
  %11 = bitcast i32* %5 to <4 x i32>*
  store <4 x i32> %9, <4 x i32>* %11, align 4
  %12 = bitcast i32* %7 to <4 x i32>*
  store <4 x i32> %10, <4 x i32>* %12, align 4
  %index.next = add nuw i64 %index, 8
  %13 = icmp eq i64 %index.next, %n.vec
  br i1 %13, label %middle.block, label %vector.body, !llvm.loop !10

middle.block:                                     ; preds = %vector.body
  %cmp.n = icmp eq i64 %n.vec, %wide.trip.count
  br i1 %cmp.n, label %._crit_edge, label %.lr.ph

.lr.ph:                                           ; preds = %middle.block, %.lr.ph.preheader, %.lr.ph
  %indvars.iv = phi i64 [ %indvars.iv.next, %.lr.ph ], [ %n.vec, %middle.block ], [ 0, %.lr.ph.preheader ]
  %14 = getelementptr inbounds i32, i32* %0, i64 %indvars.iv
  %15 = load i32, i32* %14, align 4
  %16 = mul nsw i32 %15, %2
  store i32 %16, i32* %14, align 4
  %indvars.iv.next = add nuw nsw i64 %indvars.iv, 1
  %exitcond.not = icmp eq i64 %indvars.iv.next, %wide.trip.count
  br i1 %exitcond.not, label %._crit_edge, label %.lr.ph, !llvm.loop !13

._crit_edge:                                      ; preds = %middle.block, %.lr.ph, %3
  ret void
}
*** IR Dump Before SLPVectorizerPass on scaleArray ***
; Function Attrs: nofree norecurse nosync nounwind uwtable
define dso_local void @scaleArray(i32* nocapture noundef %0, i32 noundef %1, i32 noundef %2) local_unnamed_addr #0 {
  %4 = icmp sgt i32 %1, 0
  br i1 %4, label %.lr.ph.preheader, label %._crit_edge

.lr.ph.preheader:                                 ; preds = %3
  %wide.trip.count = zext i32 %1 to i64
  %min.iters.check = icmp ult i32 %1, 8
  br i1 %min.iters.check, label %.lr.ph, label %vector.ph

vector.ph:                                        ; preds = %.lr.ph.preheader
  %n.vec = and i64 %wide.trip.count, 4294967288
  %broadcast.splatinsert = insertelement <4 x i32> poison, i32 %2, i64 0
  %broadcast.splat = shufflevector <4 x i32> %broadcast.splatinsert, <4 x i32> poison, <4 x i32> zeroinitializer
  %broadcast.splatinsert10 = insertelement <4 x i32> poison, i32 %2, i64 0
  %broadcast.splat11 = shufflevector <4 x i32> %broadcast.splatinsert10, <4 x i32> poison, <4 x i32> zeroinitializer
  br label %vector.body

vector.body:                                      ; preds = %vector.body, %vector.ph
  %index = phi i64 [ 0, %vector.ph ], [ %index.next, %vector.body ]
  %5 = getelementptr inbounds i32, i32* %0, i64 %index
  %6 = bitcast i32* %5 to <4 x i32>*
  %wide.load = load <4 x i32>, <4 x i32>* %6, align 4
  %7 = getelementptr inbounds i32, i32* %5, i64 4
  %8 = bitcast i32* %7 to <4 x i32>*
  %wide.load9 = load <4 x i32>, <4 x i32>* %8, align 4
  %9 = mul nsw <4 x i32> %wide.load, %broadcast.splat
  %10 = mul nsw <4 x i32> %wide.load9, %broadcast.splat11
  %11 = bitcast i32* %5 to <4 x i32>*
  store <4 x i32> %9, <4 x i32>* %11, align 4
  %12 = bitcast i32* %7 to <4 x i32>*
  store <4 x i32> %10, <4 x i32>* %12, align 4
  %index.next = add nuw i64 %index, 8
  %13 = icmp eq i64 %index.next, %n.vec
  br i1 %13, label %middle.block, label %vector.body, !llvm.loop !10

middle.block:                                     ; preds = %vector.body
  %cmp.n = icmp eq i64 %n.vec, %wide.trip.count
  br i1 %cmp.n, label %._crit_edge, label %.lr.ph

.lr.ph:                                           ; preds = %middle.block, %.lr.ph.preheader, %.lr.ph
  %indvars.iv = phi i64 [ %indvars.iv.next, %.lr.ph ], [ %n.vec, %middle.block ], [ 0, %.lr.ph.preheader ]
  %14 = getelementptr inbounds i32, i32* %0, i64 %indvars.iv
  %15 = load i32, i32* %14, align 4
  %16 = mul nsw i32 %15, %2
  store i32 %16, i32* %14, align 4
  %indvars.iv.next = add nuw nsw i64 %indvars.iv, 1
  %exitcond.not = icmp eq i64 %indvars.iv.next, %wide.trip.count
  br i1 %exitcond.not, label %._crit_edge, label %.lr.ph, !llvm.loop !13

._crit_edge:                                      ; preds = %middle.block, %.lr.ph, %3
  ret void
}
*** IR Dump After SLPVectorizerPass on scaleArray ***
; Function Attrs: nofree norecurse nosync nounwind uwtable
define dso_local void @scaleArray(i32* nocapture noundef %0, i32 noundef %1, i32 noundef %2) local_unnamed_addr #0 {
  %4 = icmp sgt i32 %1, 0
  br i1 %4, label %.lr.ph.preheader, label %._crit_edge

.lr.ph.preheader:                                 ; preds = %3
  %wide.trip.count = zext i32 %1 to i64
  %min.iters.check = icmp ult i32 %1, 8
  br i1 %min.iters.check, label %.lr.ph, label %vector.ph

vector.ph:                                        ; preds = %.lr.ph.preheader
  %n.vec = and i64 %wide.trip.count, 4294967288
  %broadcast.splatinsert = insertelement <4 x i32> poison, i32 %2, i64 0
  %broadcast.splat = shufflevector <4 x i32> %broadcast.splatinsert, <4 x i32> poison, <4 x i32> zeroinitializer
  %broadcast.splatinsert10 = insertelement <4 x i32> poison, i32 %2, i64 0
  %broadcast.splat11 = shufflevector <4 x i32> %broadcast.splatinsert10, <4 x i32> poison, <4 x i32> zeroinitializer
  br label %vector.body

vector.body:                                      ; preds = %vector.body, %vector.ph
  %index = phi i64 [ 0, %vector.ph ], [ %index.next, %vector.body ]
  %5 = getelementptr inbounds i32, i32* %0, i64 %index
  %6 = bitcast i32* %5 to <4 x i32>*
  %wide.load = load <4 x i32>, <4 x i32>* %6, align 4
  %7 = getelementptr inbounds i32, i32* %5, i64 4
  %8 = bitcast i32* %7 to <4 x i32>*
  %wide.load9 = load <4 x i32>, <4 x i32>* %8, align 4
  %9 = mul nsw <4 x i32> %wide.load, %broadcast.splat
  %10 = mul nsw <4 x i32> %wide.load9, %broadcast.splat11
  %11 = bitcast i32* %5 to <4 x i32>*
  store <4 x i32> %9, <4 x i32>* %11, align 4
  %12 = bitcast i32* %7 to <4 x i32>*
  store <4 x i32> %10, <4 x i32>* %12, align 4
  %index.next = add nuw i64 %index, 8
  %13 = icmp eq i64 %index.next, %n.vec
  br i1 %13, label %middle.block, label %vector.body, !llvm.loop !10

middle.block:                                     ; preds = %vector.body
  %cmp.n = icmp eq i64 %n.vec, %wide.trip.count
  br i1 %cmp.n, label %._crit_edge, label %.lr.ph

.lr.ph:                                           ; preds = %middle.block, %.lr.ph.preheader, %.lr.ph
  %indvars.iv = phi i64 [ %indvars.iv.next, %.lr.ph ], [ %n.vec, %middle.block ], [ 0, %.lr.ph.preheader ]
  %14 = getelementptr inbounds i32, i32* %0, i64 %indvars.iv
  %15 = load i32, i32* %14, align 4
  %16 = mul nsw i32 %15, %2
  store i32 %16, i32* %14, align 4
  %indvars.iv.next = add nuw nsw i64 %indvars.iv, 1
  %exitcond.not = icmp eq i64 %indvars.iv.next, %wide.trip.count
  br i1 %exitcond.not, label %._crit_edge, label %.lr.ph, !llvm.loop !13

._crit_edge:                                      ; preds = %middle.block, %.lr.ph, %3
  ret void
}
*** IR Dump Before VectorCombinePass on scaleArray ***
; Function Attrs: nofree norecurse nosync nounwind uwtable
define dso_local void @scaleArray(i32* nocapture noundef %0, i32 noundef %1, i32 noundef %2) local_unnamed_addr #0 {
  %4 = icmp sgt i32 %1, 0
  br i1 %4, label %.lr.ph.preheader, label %._crit_edge

.lr.ph.preheader:                                 ; preds = %3
  %wide.trip.count = zext i32 %1 to i64
  %min.iters.check = icmp ult i32 %1, 8
  br i1 %min.iters.check, label %.lr.ph, label %vector.ph

vector.ph:                                        ; preds = %.lr.ph.preheader
  %n.vec = and i64 %wide.trip.count, 4294967288
  %broadcast.splatinsert = insertelement <4 x i32> poison, i32 %2, i64 0
  %broadcast.splat = shufflevector <4 x i32> %broadcast.splatinsert, <4 x i32> poison, <4 x i32> zeroinitializer
  %broadcast.splatinsert10 = insertelement <4 x i32> poison, i32 %2, i64 0
  %broadcast.splat11 = shufflevector <4 x i32> %broadcast.splatinsert10, <4 x i32> poison, <4 x i32> zeroinitializer
  br label %vector.body

vector.body:                                      ; preds = %vector.body, %vector.ph
  %index = phi i64 [ 0, %vector.ph ], [ %index.next, %vector.body ]
  %5 = getelementptr inbounds i32, i32* %0, i64 %index
  %6 = bitcast i32* %5 to <4 x i32>*
  %wide.load = load <4 x i32>, <4 x i32>* %6, align 4
  %7 = getelementptr inbounds i32, i32* %5, i64 4
  %8 = bitcast i32* %7 to <4 x i32>*
  %wide.load9 = load <4 x i32>, <4 x i32>* %8, align 4
  %9 = mul nsw <4 x i32> %wide.load, %broadcast.splat
  %10 = mul nsw <4 x i32> %wide.load9, %broadcast.splat11
  %11 = bitcast i32* %5 to <4 x i32>*
  store <4 x i32> %9, <4 x i32>* %11, align 4
  %12 = bitcast i32* %7 to <4 x i32>*
  store <4 x i32> %10, <4 x i32>* %12, align 4
  %index.next = add nuw i64 %index, 8
  %13 = icmp eq i64 %index.next, %n.vec
  br i1 %13, label %middle.block, label %vector.body, !llvm.loop !10

middle.block:                                     ; preds = %vector.body
  %cmp.n = icmp eq i64 %n.vec, %wide.trip.count
  br i1 %cmp.n, label %._crit_edge, label %.lr.ph

.lr.ph:                                           ; preds = %middle.block, %.lr.ph.preheader, %.lr.ph
  %indvars.iv = phi i64 [ %indvars.iv.next, %.lr.ph ], [ %n.vec, %middle.block ], [ 0, %.lr.ph.preheader ]
  %14 = getelementptr inbounds i32, i32* %0, i64 %indvars.iv
  %15 = load i32, i32* %14, align 4
  %16 = mul nsw i32 %15, %2
  store i32 %16, i32* %14, align 4
  %indvars.iv.next = add nuw nsw i64 %indvars.iv, 1
  %exitcond.not = icmp eq i64 %indvars.iv.next, %wide.trip.count
  br i1 %exitcond.not, label %._crit_edge, label %.lr.ph, !llvm.loop !13

._crit_edge:                                      ; preds = %middle.block, %.lr.ph, %3
  ret void
}
*** IR Dump After VectorCombinePass on scaleArray ***
; Function Attrs: nofree norecurse nosync nounwind uwtable
define dso_local void @scaleArray(i32* nocapture noundef %0, i32 noundef %1, i32 noundef %2) local_unnamed_addr #0 {
  %4 = icmp sgt i32 %1, 0
  br i1 %4, label %.lr.ph.preheader, label %._crit_edge

.lr.ph.preheader:                                 ; preds = %3
  %wide.trip.count = zext i32 %1 to i64
  %min.iters.check = icmp ult i32 %1, 8
  br i1 %min.iters.check, label %.lr.ph, label %vector.ph

vector.ph:                                        ; preds = %.lr.ph.preheader
  %n.vec = and i64 %wide.trip.count, 4294967288
  %broadcast.splatinsert = insertelement <4 x i32> poison, i32 %2, i64 0
  %broadcast.splat = shufflevector <4 x i32> %broadcast.splatinsert, <4 x i32> poison, <4 x i32> zeroinitializer
  %broadcast.splatinsert10 = insertelement <4 x i32> poison, i32 %2, i64 0
  %broadcast.splat11 = shufflevector <4 x i32> %broadcast.splatinsert10, <4 x i32> poison, <4 x i32> zeroinitializer
  br label %vector.body

vector.body:                                      ; preds = %vector.body, %vector.ph
  %index = phi i64 [ 0, %vector.ph ], [ %index.next, %vector.body ]
  %5 = getelementptr inbounds i32, i32* %0, i64 %index
  %6 = bitcast i32* %5 to <4 x i32>*
  %wide.load = load <4 x i32>, <4 x i32>* %6, align 4
  %7 = getelementptr inbounds i32, i32* %5, i64 4
  %8 = bitcast i32* %7 to <4 x i32>*
  %wide.load9 = load <4 x i32>, <4 x i32>* %8, align 4
  %9 = mul nsw <4 x i32> %wide.load, %broadcast.splat
  %10 = mul nsw <4 x i32> %wide.load9, %broadcast.splat11
  %11 = bitcast i32* %5 to <4 x i32>*
  store <4 x i32> %9, <4 x i32>* %11, align 4
  %12 = bitcast i32* %7 to <4 x i32>*
  store <4 x i32> %10, <4 x i32>* %12, align 4
  %index.next = add nuw i64 %index, 8
  %13 = icmp eq i64 %index.next, %n.vec
  br i1 %13, label %middle.block, label %vector.body, !llvm.loop !10

middle.block:                                     ; preds = %vector.body
  %cmp.n = icmp eq i64 %n.vec, %wide.trip.count
  br i1 %cmp.n, label %._crit_edge, label %.lr.ph

.lr.ph:                                           ; preds = %middle.block, %.lr.ph.preheader, %.lr.ph
  %indvars.iv = phi i64 [ %indvars.iv.next, %.lr.ph ], [ %n.vec, %middle.block ], [ 0, %.lr.ph.preheader ]
  %14 = getelementptr inbounds i32, i32* %0, i64 %indvars.iv
  %15 = load i32, i32* %14, align 4
  %16 = mul nsw i32 %15, %2
  store i32 %16, i32* %14, align 4
  %indvars.iv.next = add nuw nsw i64 %indvars.iv, 1
  %exitcond.not = icmp eq i64 %indvars.iv.next, %wide.trip.count
  br i1 %exitcond.not, label %._crit_edge, label %.lr.ph, !llvm.loop !13

._crit_edge:                                      ; preds = %middle.block, %.lr.ph, %3
  ret void
}
*** IR Dump Before InstCombinePass on scaleArray ***
; Function Attrs: nofree norecurse nosync nounwind uwtable
define dso_local void @scaleArray(i32* nocapture noundef %0, i32 noundef %1, i32 noundef %2) local_unnamed_addr #0 {
  %4 = icmp sgt i32 %1, 0
  br i1 %4, label %.lr.ph.preheader, label %._crit_edge

.lr.ph.preheader:                                 ; preds = %3
  %wide.trip.count = zext i32 %1 to i64
  %min.iters.check = icmp ult i32 %1, 8
  br i1 %min.iters.check, label %.lr.ph, label %vector.ph

vector.ph:                                        ; preds = %.lr.ph.preheader
  %n.vec = and i64 %wide.trip.count, 4294967288
  %broadcast.splatinsert = insertelement <4 x i32> poison, i32 %2, i64 0
  %broadcast.splat = shufflevector <4 x i32> %broadcast.splatinsert, <4 x i32> poison, <4 x i32> zeroinitializer
  %broadcast.splatinsert10 = insertelement <4 x i32> poison, i32 %2, i64 0
  %broadcast.splat11 = shufflevector <4 x i32> %broadcast.splatinsert10, <4 x i32> poison, <4 x i32> zeroinitializer
  br label %vector.body

vector.body:                                      ; preds = %vector.body, %vector.ph
  %index = phi i64 [ 0, %vector.ph ], [ %index.next, %vector.body ]
  %5 = getelementptr inbounds i32, i32* %0, i64 %index
  %6 = bitcast i32* %5 to <4 x i32>*
  %wide.load = load <4 x i32>, <4 x i32>* %6, align 4
  %7 = getelementptr inbounds i32, i32* %5, i64 4
  %8 = bitcast i32* %7 to <4 x i32>*
  %wide.load9 = load <4 x i32>, <4 x i32>* %8, align 4
  %9 = mul nsw <4 x i32> %wide.load, %broadcast.splat
  %10 = mul nsw <4 x i32> %wide.load9, %broadcast.splat11
  %11 = bitcast i32* %5 to <4 x i32>*
  store <4 x i32> %9, <4 x i32>* %11, align 4
  %12 = bitcast i32* %7 to <4 x i32>*
  store <4 x i32> %10, <4 x i32>* %12, align 4
  %index.next = add nuw i64 %index, 8
  %13 = icmp eq i64 %index.next, %n.vec
  br i1 %13, label %middle.block, label %vector.body, !llvm.loop !10

middle.block:                                     ; preds = %vector.body
  %cmp.n = icmp eq i64 %n.vec, %wide.trip.count
  br i1 %cmp.n, label %._crit_edge, label %.lr.ph

.lr.ph:                                           ; preds = %middle.block, %.lr.ph.preheader, %.lr.ph
  %indvars.iv = phi i64 [ %indvars.iv.next, %.lr.ph ], [ %n.vec, %middle.block ], [ 0, %.lr.ph.preheader ]
  %14 = getelementptr inbounds i32, i32* %0, i64 %indvars.iv
  %15 = load i32, i32* %14, align 4
  %16 = mul nsw i32 %15, %2
  store i32 %16, i32* %14, align 4
  %indvars.iv.next = add nuw nsw i64 %indvars.iv, 1
  %exitcond.not = icmp eq i64 %indvars.iv.next, %wide.trip.count
  br i1 %exitcond.not, label %._crit_edge, label %.lr.ph, !llvm.loop !13

._crit_edge:                                      ; preds = %middle.block, %.lr.ph, %3
  ret void
}
*** IR Dump After InstCombinePass on scaleArray ***
; Function Attrs: nofree norecurse nosync nounwind uwtable
define dso_local void @scaleArray(i32* nocapture noundef %0, i32 noundef %1, i32 noundef %2) local_unnamed_addr #0 {
  %4 = icmp sgt i32 %1, 0
  br i1 %4, label %.lr.ph.preheader, label %._crit_edge

.lr.ph.preheader:                                 ; preds = %3
  %wide.trip.count = zext i32 %1 to i64
  %min.iters.check = icmp ult i32 %1, 8
  br i1 %min.iters.check, label %.lr.ph, label %vector.ph

vector.ph:                                        ; preds = %.lr.ph.preheader
  %n.vec = and i64 %wide.trip.count, 4294967288
  %broadcast.splatinsert = insertelement <4 x i32> poison, i32 %2, i64 0
  %broadcast.splat = shufflevector <4 x i32> %broadcast.splatinsert, <4 x i32> poison, <4 x i32> zeroinitializer
  %broadcast.splatinsert10 = insertelement <4 x i32> poison, i32 %2, i64 0
  %broadcast.splat11 = shufflevector <4 x i32> %broadcast.splatinsert10, <4 x i32> poison, <4 x i32> zeroinitializer
  br label %vector.body

vector.body:                                      ; preds = %vector.body, %vector.ph
  %index = phi i64 [ 0, %vector.ph ], [ %index.next, %vector.body ]
  %5 = getelementptr inbounds i32, i32* %0, i64 %index
  %6 = bitcast i32* %5 to <4 x i32>*
  %wide.load = load <4 x i32>, <4 x i32>* %6, align 4
  %7 = getelementptr inbounds i32, i32* %5, i64 4
  %8 = bitcast i32* %7 to <4 x i32>*
  %wide.load9 = load <4 x i32>, <4 x i32>* %8, align 4
  %9 = mul nsw <4 x i32> %wide.load, %broadcast.splat
  %10 = mul nsw <4 x i32> %wide.load9, %broadcast.splat11
  %11 = bitcast i32* %5 to <4 x i32>*
  store <4 x i32> %9, <4 x i32>* %11, align 4
  %12 = bitcast i32* %7 to <4 x i32>*
  store <4 x i32> %10, <4 x i32>* %12, align 4
  %index.next = add nuw i64 %index, 8
  %13 = icmp eq i64 %index.next, %n.vec
  br i1 %13, label %middle.block, label %vector.body, !llvm.loop !10

middle.block:                                     ; preds = %vector.body
  %cmp.n = icmp eq i64 %n.vec, %wide.trip.count
  br i1 %cmp.n, label %._crit_edge, label %.lr.ph

.lr.ph:                                           ; preds = %middle.block, %.lr.ph.preheader, %.lr.ph
  %indvars.iv = phi i64 [ %indvars.iv.next, %.lr.ph ], [ %n.vec, %middle.block ], [ 0, %.lr.ph.preheader ]
  %14 = getelementptr inbounds i32, i32* %0, i64 %indvars.iv
  %15 = load i32, i32* %14, align 4
  %16 = mul nsw i32 %15, %2
  store i32 %16, i32* %14, align 4
  %indvars.iv.next = add nuw nsw i64 %indvars.iv, 1
  %exitcond.not = icmp eq i64 %indvars.iv.next, %wide.trip.count
  br i1 %exitcond.not, label %._crit_edge, label %.lr.ph, !llvm.loop !13

._crit_edge:                                      ; preds = %middle.block, %.lr.ph, %3
  ret void
}
*** IR Dump Before LoopUnrollPass on scaleArray ***
; Function Attrs: nofree norecurse nosync nounwind uwtable
define dso_local void @scaleArray(i32* nocapture noundef %0, i32 noundef %1, i32 noundef %2) local_unnamed_addr #0 {
  %4 = icmp sgt i32 %1, 0
  br i1 %4, label %.lr.ph.preheader, label %._crit_edge

.lr.ph.preheader:                                 ; preds = %3
  %wide.trip.count = zext i32 %1 to i64
  %min.iters.check = icmp ult i32 %1, 8
  br i1 %min.iters.check, label %.lr.ph, label %vector.ph

vector.ph:                                        ; preds = %.lr.ph.preheader
  %n.vec = and i64 %wide.trip.count, 4294967288
  %broadcast.splatinsert = insertelement <4 x i32> poison, i32 %2, i64 0
  %broadcast.splat = shufflevector <4 x i32> %broadcast.splatinsert, <4 x i32> poison, <4 x i32> zeroinitializer
  %broadcast.splatinsert10 = insertelement <4 x i32> poison, i32 %2, i64 0
  %broadcast.splat11 = shufflevector <4 x i32> %broadcast.splatinsert10, <4 x i32> poison, <4 x i32> zeroinitializer
  br label %vector.body

vector.body:                                      ; preds = %vector.body, %vector.ph
  %index = phi i64 [ 0, %vector.ph ], [ %index.next, %vector.body ]
  %5 = getelementptr inbounds i32, i32* %0, i64 %index
  %6 = bitcast i32* %5 to <4 x i32>*
  %wide.load = load <4 x i32>, <4 x i32>* %6, align 4
  %7 = getelementptr inbounds i32, i32* %5, i64 4
  %8 = bitcast i32* %7 to <4 x i32>*
  %wide.load9 = load <4 x i32>, <4 x i32>* %8, align 4
  %9 = mul nsw <4 x i32> %wide.load, %broadcast.splat
  %10 = mul nsw <4 x i32> %wide.load9, %broadcast.splat11
  %11 = bitcast i32* %5 to <4 x i32>*
  store <4 x i32> %9, <4 x i32>* %11, align 4
  %12 = bitcast i32* %7 to <4 x i32>*
  store <4 x i32> %10, <4 x i32>* %12, align 4
  %index.next = add nuw i64 %index, 8
  %13 = icmp eq i64 %index.next, %n.vec
  br i1 %13, label %middle.block, label %vector.body, !llvm.loop !10

middle.block:                                     ; preds = %vector.body
  %cmp.n = icmp eq i64 %n.vec, %wide.trip.count
  br i1 %cmp.n, label %._crit_edge, label %.lr.ph

.lr.ph:                                           ; preds = %middle.block, %.lr.ph.preheader, %.lr.ph
  %indvars.iv = phi i64 [ %indvars.iv.next, %.lr.ph ], [ %n.vec, %middle.block ], [ 0, %.lr.ph.preheader ]
  %14 = getelementptr inbounds i32, i32* %0, i64 %indvars.iv
  %15 = load i32, i32* %14, align 4
  %16 = mul nsw i32 %15, %2
  store i32 %16, i32* %14, align 4
  %indvars.iv.next = add nuw nsw i64 %indvars.iv, 1
  %exitcond.not = icmp eq i64 %indvars.iv.next, %wide.trip.count
  br i1 %exitcond.not, label %._crit_edge, label %.lr.ph, !llvm.loop !13

._crit_edge:                                      ; preds = %middle.block, %.lr.ph, %3
  ret void
}
*** IR Dump After LoopUnrollPass on scaleArray ***
; Function Attrs: nofree norecurse nosync nounwind uwtable
define dso_local void @scaleArray(i32* nocapture noundef %0, i32 noundef %1, i32 noundef %2) local_unnamed_addr #0 {
  %4 = icmp sgt i32 %1, 0
  br i1 %4, label %.lr.ph.preheader, label %._crit_edge

.lr.ph.preheader:                                 ; preds = %3
  %wide.trip.count = zext i32 %1 to i64
  %min.iters.check = icmp ult i32 %1, 8
  br i1 %min.iters.check, label %.lr.ph.preheader12, label %vector.ph

vector.ph:                                        ; preds = %.lr.ph.preheader
  %n.vec = and i64 %wide.trip.count, 4294967288
  %broadcast.splatinsert = insertelement <4 x i32> poison, i32 %2, i64 0
  %broadcast.splat = shufflevector <4 x i32> %broadcast.splatinsert, <4 x i32> poison, <4 x i32> zeroinitializer
  %broadcast.splatinsert10 = insertelement <4 x i32> poison, i32 %2, i64 0
  %broadcast.splat11 = shufflevector <4 x i32> %broadcast.splatinsert10, <4 x i32> poison, <4 x i32> zeroinitializer
  br label %vector.body

vector.body:                                      ; preds = %vector.body, %vector.ph
  %index = phi i64 [ 0, %vector.ph ], [ %index.next, %vector.body ]
  %5 = getelementptr inbounds i32, i32* %0, i64 %index
  %6 = bitcast i32* %5 to <4 x i32>*
  %wide.load = load <4 x i32>, <4 x i32>* %6, align 4
  %7 = getelementptr inbounds i32, i32* %5, i64 4
  %8 = bitcast i32* %7 to <4 x i32>*
  %wide.load9 = load <4 x i32>, <4 x i32>* %8, align 4
  %9 = mul nsw <4 x i32> %wide.load, %broadcast.splat
  %10 = mul nsw <4 x i32> %wide.load9, %broadcast.splat11
  %11 = bitcast i32* %5 to <4 x i32>*
  store <4 x i32> %9, <4 x i32>* %11, align 4
  %12 = bitcast i32* %7 to <4 x i32>*
  store <4 x i32> %10, <4 x i32>* %12, align 4
  %index.next = add nuw i64 %index, 8
  %13 = icmp eq i64 %index.next, %n.vec
  br i1 %13, label %middle.block, label %vector.body, !llvm.loop !10

middle.block:                                     ; preds = %vector.body
  %cmp.n = icmp eq i64 %n.vec, %wide.trip.count
  br i1 %cmp.n, label %._crit_edge, label %.lr.ph.preheader12

.lr.ph.preheader12:                               ; preds = %.lr.ph.preheader, %middle.block
  %indvars.iv.ph = phi i64 [ 0, %.lr.ph.preheader ], [ %n.vec, %middle.block ]
  br label %.lr.ph

.lr.ph:                                           ; preds = %.lr.ph.preheader12, %.lr.ph
  %indvars.iv = phi i64 [ %indvars.iv.next, %.lr.ph ], [ %indvars.iv.ph, %.lr.ph.preheader12 ]
  %14 = getelementptr inbounds i32, i32* %0, i64 %indvars.iv
  %15 = load i32, i32* %14, align 4
  %16 = mul nsw i32 %15, %2
  store i32 %16, i32* %14, align 4
  %indvars.iv.next = add nuw nsw i64 %indvars.iv, 1
  %exitcond.not = icmp eq i64 %indvars.iv.next, %wide.trip.count
  br i1 %exitcond.not, label %._crit_edge.loopexit, label %.lr.ph, !llvm.loop !13

._crit_edge.loopexit:                             ; preds = %.lr.ph
  br label %._crit_edge

._crit_edge:                                      ; preds = %._crit_edge.loopexit, %middle.block, %3
  ret void
}
*** IR Dump Before WarnMissedTransformationsPass on scaleArray ***
; Function Attrs: nofree norecurse nosync nounwind uwtable
define dso_local void @scaleArray(i32* nocapture noundef %0, i32 noundef %1, i32 noundef %2) local_unnamed_addr #0 {
  %4 = icmp sgt i32 %1, 0
  br i1 %4, label %.lr.ph.preheader, label %._crit_edge

.lr.ph.preheader:                                 ; preds = %3
  %wide.trip.count = zext i32 %1 to i64
  %min.iters.check = icmp ult i32 %1, 8
  br i1 %min.iters.check, label %.lr.ph.preheader12, label %vector.ph

vector.ph:                                        ; preds = %.lr.ph.preheader
  %n.vec = and i64 %wide.trip.count, 4294967288
  %broadcast.splatinsert = insertelement <4 x i32> poison, i32 %2, i64 0
  %broadcast.splat = shufflevector <4 x i32> %broadcast.splatinsert, <4 x i32> poison, <4 x i32> zeroinitializer
  %broadcast.splatinsert10 = insertelement <4 x i32> poison, i32 %2, i64 0
  %broadcast.splat11 = shufflevector <4 x i32> %broadcast.splatinsert10, <4 x i32> poison, <4 x i32> zeroinitializer
  br label %vector.body

vector.body:                                      ; preds = %vector.body, %vector.ph
  %index = phi i64 [ 0, %vector.ph ], [ %index.next, %vector.body ]
  %5 = getelementptr inbounds i32, i32* %0, i64 %index
  %6 = bitcast i32* %5 to <4 x i32>*
  %wide.load = load <4 x i32>, <4 x i32>* %6, align 4
  %7 = getelementptr inbounds i32, i32* %5, i64 4
  %8 = bitcast i32* %7 to <4 x i32>*
  %wide.load9 = load <4 x i32>, <4 x i32>* %8, align 4
  %9 = mul nsw <4 x i32> %wide.load, %broadcast.splat
  %10 = mul nsw <4 x i32> %wide.load9, %broadcast.splat11
  %11 = bitcast i32* %5 to <4 x i32>*
  store <4 x i32> %9, <4 x i32>* %11, align 4
  %12 = bitcast i32* %7 to <4 x i32>*
  store <4 x i32> %10, <4 x i32>* %12, align 4
  %index.next = add nuw i64 %index, 8
  %13 = icmp eq i64 %index.next, %n.vec
  br i1 %13, label %middle.block, label %vector.body, !llvm.loop !10

middle.block:                                     ; preds = %vector.body
  %cmp.n = icmp eq i64 %n.vec, %wide.trip.count
  br i1 %cmp.n, label %._crit_edge, label %.lr.ph.preheader12

.lr.ph.preheader12:                               ; preds = %.lr.ph.preheader, %middle.block
  %indvars.iv.ph = phi i64 [ 0, %.lr.ph.preheader ], [ %n.vec, %middle.block ]
  br label %.lr.ph

.lr.ph:                                           ; preds = %.lr.ph.preheader12, %.lr.ph
  %indvars.iv = phi i64 [ %indvars.iv.next, %.lr.ph ], [ %indvars.iv.ph, %.lr.ph.preheader12 ]
  %14 = getelementptr inbounds i32, i32* %0, i64 %indvars.iv
  %15 = load i32, i32* %14, align 4
  %16 = mul nsw i32 %15, %2
  store i32 %16, i32* %14, align 4
  %indvars.iv.next = add nuw nsw i64 %indvars.iv, 1
  %exitcond.not = icmp eq i64 %indvars.iv.next, %wide.trip.count
  br i1 %exitcond.not, label %._crit_edge.loopexit, label %.lr.ph, !llvm.loop !13

._crit_edge.loopexit:                             ; preds = %.lr.ph
  br label %._crit_edge

._crit_edge:                                      ; preds = %._crit_edge.loopexit, %middle.block, %3
  ret void
}
*** IR Dump After WarnMissedTransformationsPass on scaleArray ***
; Function Attrs: nofree norecurse nosync nounwind uwtable
define dso_local void @scaleArray(i32* nocapture noundef %0, i32 noundef %1, i32 noundef %2) local_unnamed_addr #0 {
  %4 = icmp sgt i32 %1, 0
  br i1 %4, label %.lr.ph.preheader, label %._crit_edge

.lr.ph.preheader:                                 ; preds = %3
  %wide.trip.count = zext i32 %1 to i64
  %min.iters.check = icmp ult i32 %1, 8
  br i1 %min.iters.check, label %.lr.ph.preheader12, label %vector.ph

vector.ph:                                        ; preds = %.lr.ph.preheader
  %n.vec = and i64 %wide.trip.count, 4294967288
  %broadcast.splatinsert = insertelement <4 x i32> poison, i32 %2, i64 0
  %broadcast.splat = shufflevector <4 x i32> %broadcast.splatinsert, <4 x i32> poison, <4 x i32> zeroinitializer
  %broadcast.splatinsert10 = insertelement <4 x i32> poison, i32 %2, i64 0
  %broadcast.splat11 = shufflevector <4 x i32> %broadcast.splatinsert10, <4 x i32> poison, <4 x i32> zeroinitializer
  br label %vector.body

vector.body:                                      ; preds = %vector.body, %vector.ph
  %index = phi i64 [ 0, %vector.ph ], [ %index.next, %vector.body ]
  %5 = getelementptr inbounds i32, i32* %0, i64 %index
  %6 = bitcast i32* %5 to <4 x i32>*
  %wide.load = load <4 x i32>, <4 x i32>* %6, align 4
  %7 = getelementptr inbounds i32, i32* %5, i64 4
  %8 = bitcast i32* %7 to <4 x i32>*
  %wide.load9 = load <4 x i32>, <4 x i32>* %8, align 4
  %9 = mul nsw <4 x i32> %wide.load, %broadcast.splat
  %10 = mul nsw <4 x i32> %wide.load9, %broadcast.splat11
  %11 = bitcast i32* %5 to <4 x i32>*
  store <4 x i32> %9, <4 x i32>* %11, align 4
  %12 = bitcast i32* %7 to <4 x i32>*
  store <4 x i32> %10, <4 x i32>* %12, align 4
  %index.next = add nuw i64 %index, 8
  %13 = icmp eq i64 %index.next, %n.vec
  br i1 %13, label %middle.block, label %vector.body, !llvm.loop !10

middle.block:                                     ; preds = %vector.body
  %cmp.n = icmp eq i64 %n.vec, %wide.trip.count
  br i1 %cmp.n, label %._crit_edge, label %.lr.ph.preheader12

.lr.ph.preheader12:                               ; preds = %.lr.ph.preheader, %middle.block
  %indvars.iv.ph = phi i64 [ 0, %.lr.ph.preheader ], [ %n.vec, %middle.block ]
  br label %.lr.ph

.lr.ph:                                           ; preds = %.lr.ph.preheader12, %.lr.ph
  %indvars.iv = phi i64 [ %indvars.iv.next, %.lr.ph ], [ %indvars.iv.ph, %.lr.ph.preheader12 ]
  %14 = getelementptr inbounds i32, i32* %0, i64 %indvars.iv
  %15 = load i32, i32* %14, align 4
  %16 = mul nsw i32 %15, %2
  store i32 %16, i32* %14, align 4
  %indvars.iv.next = add nuw nsw i64 %indvars.iv, 1
  %exitcond.not = icmp eq i64 %indvars.iv.next, %wide.trip.count
  br i1 %exitcond.not, label %._crit_edge.loopexit, label %.lr.ph, !llvm.loop !13

._crit_edge.loopexit:                             ; preds = %.lr.ph
  br label %._crit_edge

._crit_edge:                                      ; preds = %._crit_edge.loopexit, %middle.block, %3
  ret void
}
*** IR Dump Before InstCombinePass on scaleArray ***
; Function Attrs: nofree norecurse nosync nounwind uwtable
define dso_local void @scaleArray(i32* nocapture noundef %0, i32 noundef %1, i32 noundef %2) local_unnamed_addr #0 {
  %4 = icmp sgt i32 %1, 0
  br i1 %4, label %.lr.ph.preheader, label %._crit_edge

.lr.ph.preheader:                                 ; preds = %3
  %wide.trip.count = zext i32 %1 to i64
  %min.iters.check = icmp ult i32 %1, 8
  br i1 %min.iters.check, label %.lr.ph.preheader12, label %vector.ph

vector.ph:                                        ; preds = %.lr.ph.preheader
  %n.vec = and i64 %wide.trip.count, 4294967288
  %broadcast.splatinsert = insertelement <4 x i32> poison, i32 %2, i64 0
  %broadcast.splat = shufflevector <4 x i32> %broadcast.splatinsert, <4 x i32> poison, <4 x i32> zeroinitializer
  %broadcast.splatinsert10 = insertelement <4 x i32> poison, i32 %2, i64 0
  %broadcast.splat11 = shufflevector <4 x i32> %broadcast.splatinsert10, <4 x i32> poison, <4 x i32> zeroinitializer
  br label %vector.body

vector.body:                                      ; preds = %vector.body, %vector.ph
  %index = phi i64 [ 0, %vector.ph ], [ %index.next, %vector.body ]
  %5 = getelementptr inbounds i32, i32* %0, i64 %index
  %6 = bitcast i32* %5 to <4 x i32>*
  %wide.load = load <4 x i32>, <4 x i32>* %6, align 4
  %7 = getelementptr inbounds i32, i32* %5, i64 4
  %8 = bitcast i32* %7 to <4 x i32>*
  %wide.load9 = load <4 x i32>, <4 x i32>* %8, align 4
  %9 = mul nsw <4 x i32> %wide.load, %broadcast.splat
  %10 = mul nsw <4 x i32> %wide.load9, %broadcast.splat11
  %11 = bitcast i32* %5 to <4 x i32>*
  store <4 x i32> %9, <4 x i32>* %11, align 4
  %12 = bitcast i32* %7 to <4 x i32>*
  store <4 x i32> %10, <4 x i32>* %12, align 4
  %index.next = add nuw i64 %index, 8
  %13 = icmp eq i64 %index.next, %n.vec
  br i1 %13, label %middle.block, label %vector.body, !llvm.loop !10

middle.block:                                     ; preds = %vector.body
  %cmp.n = icmp eq i64 %n.vec, %wide.trip.count
  br i1 %cmp.n, label %._crit_edge, label %.lr.ph.preheader12

.lr.ph.preheader12:                               ; preds = %.lr.ph.preheader, %middle.block
  %indvars.iv.ph = phi i64 [ 0, %.lr.ph.preheader ], [ %n.vec, %middle.block ]
  br label %.lr.ph

.lr.ph:                                           ; preds = %.lr.ph.preheader12, %.lr.ph
  %indvars.iv = phi i64 [ %indvars.iv.next, %.lr.ph ], [ %indvars.iv.ph, %.lr.ph.preheader12 ]
  %14 = getelementptr inbounds i32, i32* %0, i64 %indvars.iv
  %15 = load i32, i32* %14, align 4
  %16 = mul nsw i32 %15, %2
  store i32 %16, i32* %14, align 4
  %indvars.iv.next = add nuw nsw i64 %indvars.iv, 1
  %exitcond.not = icmp eq i64 %indvars.iv.next, %wide.trip.count
  br i1 %exitcond.not, label %._crit_edge.loopexit, label %.lr.ph, !llvm.loop !13

._crit_edge.loopexit:                             ; preds = %.lr.ph
  br label %._crit_edge

._crit_edge:                                      ; preds = %._crit_edge.loopexit, %middle.block, %3
  ret void
}
*** IR Dump After InstCombinePass on scaleArray ***
; Function Attrs: nofree norecurse nosync nounwind uwtable
define dso_local void @scaleArray(i32* nocapture noundef %0, i32 noundef %1, i32 noundef %2) local_unnamed_addr #0 {
  %4 = icmp sgt i32 %1, 0
  br i1 %4, label %.lr.ph.preheader, label %._crit_edge

.lr.ph.preheader:                                 ; preds = %3
  %wide.trip.count = zext i32 %1 to i64
  %min.iters.check = icmp ult i32 %1, 8
  br i1 %min.iters.check, label %.lr.ph.preheader12, label %vector.ph

vector.ph:                                        ; preds = %.lr.ph.preheader
  %n.vec = and i64 %wide.trip.count, 4294967288
  %broadcast.splatinsert = insertelement <4 x i32> poison, i32 %2, i64 0
  %broadcast.splat = shufflevector <4 x i32> %broadcast.splatinsert, <4 x i32> poison, <4 x i32> zeroinitializer
  %broadcast.splatinsert10 = insertelement <4 x i32> poison, i32 %2, i64 0
  %broadcast.splat11 = shufflevector <4 x i32> %broadcast.splatinsert10, <4 x i32> poison, <4 x i32> zeroinitializer
  br label %vector.body

vector.body:                                      ; preds = %vector.body, %vector.ph
  %index = phi i64 [ 0, %vector.ph ], [ %index.next, %vector.body ]
  %5 = getelementptr inbounds i32, i32* %0, i64 %index
  %6 = bitcast i32* %5 to <4 x i32>*
  %wide.load = load <4 x i32>, <4 x i32>* %6, align 4
  %7 = getelementptr inbounds i32, i32* %5, i64 4
  %8 = bitcast i32* %7 to <4 x i32>*
  %wide.load9 = load <4 x i32>, <4 x i32>* %8, align 4
  %9 = mul nsw <4 x i32> %wide.load, %broadcast.splat
  %10 = mul nsw <4 x i32> %wide.load9, %broadcast.splat11
  %11 = bitcast i32* %5 to <4 x i32>*
  store <4 x i32> %9, <4 x i32>* %11, align 4
  %12 = bitcast i32* %7 to <4 x i32>*
  store <4 x i32> %10, <4 x i32>* %12, align 4
  %index.next = add nuw i64 %index, 8
  %13 = icmp eq i64 %index.next, %n.vec
  br i1 %13, label %middle.block, label %vector.body, !llvm.loop !10

middle.block:                                     ; preds = %vector.body
  %cmp.n = icmp eq i64 %n.vec, %wide.trip.count
  br i1 %cmp.n, label %._crit_edge, label %.lr.ph.preheader12

.lr.ph.preheader12:                               ; preds = %.lr.ph.preheader, %middle.block
  %indvars.iv.ph = phi i64 [ 0, %.lr.ph.preheader ], [ %n.vec, %middle.block ]
  br label %.lr.ph

.lr.ph:                                           ; preds = %.lr.ph.preheader12, %.lr.ph
  %indvars.iv = phi i64 [ %indvars.iv.next, %.lr.ph ], [ %indvars.iv.ph, %.lr.ph.preheader12 ]
  %14 = getelementptr inbounds i32, i32* %0, i64 %indvars.iv
  %15 = load i32, i32* %14, align 4
  %16 = mul nsw i32 %15, %2
  store i32 %16, i32* %14, align 4
  %indvars.iv.next = add nuw nsw i64 %indvars.iv, 1
  %exitcond.not = icmp eq i64 %indvars.iv.next, %wide.trip.count
  br i1 %exitcond.not, label %._crit_edge.loopexit, label %.lr.ph, !llvm.loop !13

._crit_edge.loopexit:                             ; preds = %.lr.ph
  br label %._crit_edge

._crit_edge:                                      ; preds = %._crit_edge.loopexit, %middle.block, %3
  ret void
}
*** IR Dump Before RequireAnalysisPass<llvm::OptimizationRemarkEmitterAnalysis, llvm::Function> on scaleArray ***
; Function Attrs: nofree norecurse nosync nounwind uwtable
define dso_local void @scaleArray(i32* nocapture noundef %0, i32 noundef %1, i32 noundef %2) local_unnamed_addr #0 {
  %4 = icmp sgt i32 %1, 0
  br i1 %4, label %.lr.ph.preheader, label %._crit_edge

.lr.ph.preheader:                                 ; preds = %3
  %wide.trip.count = zext i32 %1 to i64
  %min.iters.check = icmp ult i32 %1, 8
  br i1 %min.iters.check, label %.lr.ph.preheader12, label %vector.ph

vector.ph:                                        ; preds = %.lr.ph.preheader
  %n.vec = and i64 %wide.trip.count, 4294967288
  %broadcast.splatinsert = insertelement <4 x i32> poison, i32 %2, i64 0
  %broadcast.splat = shufflevector <4 x i32> %broadcast.splatinsert, <4 x i32> poison, <4 x i32> zeroinitializer
  %broadcast.splatinsert10 = insertelement <4 x i32> poison, i32 %2, i64 0
  %broadcast.splat11 = shufflevector <4 x i32> %broadcast.splatinsert10, <4 x i32> poison, <4 x i32> zeroinitializer
  br label %vector.body

vector.body:                                      ; preds = %vector.body, %vector.ph
  %index = phi i64 [ 0, %vector.ph ], [ %index.next, %vector.body ]
  %5 = getelementptr inbounds i32, i32* %0, i64 %index
  %6 = bitcast i32* %5 to <4 x i32>*
  %wide.load = load <4 x i32>, <4 x i32>* %6, align 4
  %7 = getelementptr inbounds i32, i32* %5, i64 4
  %8 = bitcast i32* %7 to <4 x i32>*
  %wide.load9 = load <4 x i32>, <4 x i32>* %8, align 4
  %9 = mul nsw <4 x i32> %wide.load, %broadcast.splat
  %10 = mul nsw <4 x i32> %wide.load9, %broadcast.splat11
  %11 = bitcast i32* %5 to <4 x i32>*
  store <4 x i32> %9, <4 x i32>* %11, align 4
  %12 = bitcast i32* %7 to <4 x i32>*
  store <4 x i32> %10, <4 x i32>* %12, align 4
  %index.next = add nuw i64 %index, 8
  %13 = icmp eq i64 %index.next, %n.vec
  br i1 %13, label %middle.block, label %vector.body, !llvm.loop !10

middle.block:                                     ; preds = %vector.body
  %cmp.n = icmp eq i64 %n.vec, %wide.trip.count
  br i1 %cmp.n, label %._crit_edge, label %.lr.ph.preheader12

.lr.ph.preheader12:                               ; preds = %.lr.ph.preheader, %middle.block
  %indvars.iv.ph = phi i64 [ 0, %.lr.ph.preheader ], [ %n.vec, %middle.block ]
  br label %.lr.ph

.lr.ph:                                           ; preds = %.lr.ph.preheader12, %.lr.ph
  %indvars.iv = phi i64 [ %indvars.iv.next, %.lr.ph ], [ %indvars.iv.ph, %.lr.ph.preheader12 ]
  %14 = getelementptr inbounds i32, i32* %0, i64 %indvars.iv
  %15 = load i32, i32* %14, align 4
  %16 = mul nsw i32 %15, %2
  store i32 %16, i32* %14, align 4
  %indvars.iv.next = add nuw nsw i64 %indvars.iv, 1
  %exitcond.not = icmp eq i64 %indvars.iv.next, %wide.trip.count
  br i1 %exitcond.not, label %._crit_edge.loopexit, label %.lr.ph, !llvm.loop !13

._crit_edge.loopexit:                             ; preds = %.lr.ph
  br label %._crit_edge

._crit_edge:                                      ; preds = %._crit_edge.loopexit, %middle.block, %3
  ret void
}
*** IR Dump After RequireAnalysisPass<llvm::OptimizationRemarkEmitterAnalysis, llvm::Function> on scaleArray ***
; Function Attrs: nofree norecurse nosync nounwind uwtable
define dso_local void @scaleArray(i32* nocapture noundef %0, i32 noundef %1, i32 noundef %2) local_unnamed_addr #0 {
  %4 = icmp sgt i32 %1, 0
  br i1 %4, label %.lr.ph.preheader, label %._crit_edge

.lr.ph.preheader:                                 ; preds = %3
  %wide.trip.count = zext i32 %1 to i64
  %min.iters.check = icmp ult i32 %1, 8
  br i1 %min.iters.check, label %.lr.ph.preheader12, label %vector.ph

vector.ph:                                        ; preds = %.lr.ph.preheader
  %n.vec = and i64 %wide.trip.count, 4294967288
  %broadcast.splatinsert = insertelement <4 x i32> poison, i32 %2, i64 0
  %broadcast.splat = shufflevector <4 x i32> %broadcast.splatinsert, <4 x i32> poison, <4 x i32> zeroinitializer
  %broadcast.splatinsert10 = insertelement <4 x i32> poison, i32 %2, i64 0
  %broadcast.splat11 = shufflevector <4 x i32> %broadcast.splatinsert10, <4 x i32> poison, <4 x i32> zeroinitializer
  br label %vector.body

vector.body:                                      ; preds = %vector.body, %vector.ph
  %index = phi i64 [ 0, %vector.ph ], [ %index.next, %vector.body ]
  %5 = getelementptr inbounds i32, i32* %0, i64 %index
  %6 = bitcast i32* %5 to <4 x i32>*
  %wide.load = load <4 x i32>, <4 x i32>* %6, align 4
  %7 = getelementptr inbounds i32, i32* %5, i64 4
  %8 = bitcast i32* %7 to <4 x i32>*
  %wide.load9 = load <4 x i32>, <4 x i32>* %8, align 4
  %9 = mul nsw <4 x i32> %wide.load, %broadcast.splat
  %10 = mul nsw <4 x i32> %wide.load9, %broadcast.splat11
  %11 = bitcast i32* %5 to <4 x i32>*
  store <4 x i32> %9, <4 x i32>* %11, align 4
  %12 = bitcast i32* %7 to <4 x i32>*
  store <4 x i32> %10, <4 x i32>* %12, align 4
  %index.next = add nuw i64 %index, 8
  %13 = icmp eq i64 %index.next, %n.vec
  br i1 %13, label %middle.block, label %vector.body, !llvm.loop !10

middle.block:                                     ; preds = %vector.body
  %cmp.n = icmp eq i64 %n.vec, %wide.trip.count
  br i1 %cmp.n, label %._crit_edge, label %.lr.ph.preheader12

.lr.ph.preheader12:                               ; preds = %.lr.ph.preheader, %middle.block
  %indvars.iv.ph = phi i64 [ 0, %.lr.ph.preheader ], [ %n.vec, %middle.block ]
  br label %.lr.ph

.lr.ph:                                           ; preds = %.lr.ph.preheader12, %.lr.ph
  %indvars.iv = phi i64 [ %indvars.iv.next, %.lr.ph ], [ %indvars.iv.ph, %.lr.ph.preheader12 ]
  %14 = getelementptr inbounds i32, i32* %0, i64 %indvars.iv
  %15 = load i32, i32* %14, align 4
  %16 = mul nsw i32 %15, %2
  store i32 %16, i32* %14, align 4
  %indvars.iv.next = add nuw nsw i64 %indvars.iv, 1
  %exitcond.not = icmp eq i64 %indvars.iv.next, %wide.trip.count
  br i1 %exitcond.not, label %._crit_edge.loopexit, label %.lr.ph, !llvm.loop !13

._crit_edge.loopexit:                             ; preds = %.lr.ph
  br label %._crit_edge

._crit_edge:                                      ; preds = %._crit_edge.loopexit, %middle.block, %3
  ret void
}
*** IR Dump Before LoopSimplifyPass on scaleArray ***
; Function Attrs: nofree norecurse nosync nounwind uwtable
define dso_local void @scaleArray(i32* nocapture noundef %0, i32 noundef %1, i32 noundef %2) local_unnamed_addr #0 {
  %4 = icmp sgt i32 %1, 0
  br i1 %4, label %.lr.ph.preheader, label %._crit_edge

.lr.ph.preheader:                                 ; preds = %3
  %wide.trip.count = zext i32 %1 to i64
  %min.iters.check = icmp ult i32 %1, 8
  br i1 %min.iters.check, label %.lr.ph.preheader12, label %vector.ph

vector.ph:                                        ; preds = %.lr.ph.preheader
  %n.vec = and i64 %wide.trip.count, 4294967288
  %broadcast.splatinsert = insertelement <4 x i32> poison, i32 %2, i64 0
  %broadcast.splat = shufflevector <4 x i32> %broadcast.splatinsert, <4 x i32> poison, <4 x i32> zeroinitializer
  %broadcast.splatinsert10 = insertelement <4 x i32> poison, i32 %2, i64 0
  %broadcast.splat11 = shufflevector <4 x i32> %broadcast.splatinsert10, <4 x i32> poison, <4 x i32> zeroinitializer
  br label %vector.body

vector.body:                                      ; preds = %vector.body, %vector.ph
  %index = phi i64 [ 0, %vector.ph ], [ %index.next, %vector.body ]
  %5 = getelementptr inbounds i32, i32* %0, i64 %index
  %6 = bitcast i32* %5 to <4 x i32>*
  %wide.load = load <4 x i32>, <4 x i32>* %6, align 4
  %7 = getelementptr inbounds i32, i32* %5, i64 4
  %8 = bitcast i32* %7 to <4 x i32>*
  %wide.load9 = load <4 x i32>, <4 x i32>* %8, align 4
  %9 = mul nsw <4 x i32> %wide.load, %broadcast.splat
  %10 = mul nsw <4 x i32> %wide.load9, %broadcast.splat11
  %11 = bitcast i32* %5 to <4 x i32>*
  store <4 x i32> %9, <4 x i32>* %11, align 4
  %12 = bitcast i32* %7 to <4 x i32>*
  store <4 x i32> %10, <4 x i32>* %12, align 4
  %index.next = add nuw i64 %index, 8
  %13 = icmp eq i64 %index.next, %n.vec
  br i1 %13, label %middle.block, label %vector.body, !llvm.loop !10

middle.block:                                     ; preds = %vector.body
  %cmp.n = icmp eq i64 %n.vec, %wide.trip.count
  br i1 %cmp.n, label %._crit_edge, label %.lr.ph.preheader12

.lr.ph.preheader12:                               ; preds = %.lr.ph.preheader, %middle.block
  %indvars.iv.ph = phi i64 [ 0, %.lr.ph.preheader ], [ %n.vec, %middle.block ]
  br label %.lr.ph

.lr.ph:                                           ; preds = %.lr.ph.preheader12, %.lr.ph
  %indvars.iv = phi i64 [ %indvars.iv.next, %.lr.ph ], [ %indvars.iv.ph, %.lr.ph.preheader12 ]
  %14 = getelementptr inbounds i32, i32* %0, i64 %indvars.iv
  %15 = load i32, i32* %14, align 4
  %16 = mul nsw i32 %15, %2
  store i32 %16, i32* %14, align 4
  %indvars.iv.next = add nuw nsw i64 %indvars.iv, 1
  %exitcond.not = icmp eq i64 %indvars.iv.next, %wide.trip.count
  br i1 %exitcond.not, label %._crit_edge.loopexit, label %.lr.ph, !llvm.loop !13

._crit_edge.loopexit:                             ; preds = %.lr.ph
  br label %._crit_edge

._crit_edge:                                      ; preds = %._crit_edge.loopexit, %middle.block, %3
  ret void
}
*** IR Dump After LoopSimplifyPass on scaleArray ***
; Function Attrs: nofree norecurse nosync nounwind uwtable
define dso_local void @scaleArray(i32* nocapture noundef %0, i32 noundef %1, i32 noundef %2) local_unnamed_addr #0 {
  %4 = icmp sgt i32 %1, 0
  br i1 %4, label %.lr.ph.preheader, label %._crit_edge

.lr.ph.preheader:                                 ; preds = %3
  %wide.trip.count = zext i32 %1 to i64
  %min.iters.check = icmp ult i32 %1, 8
  br i1 %min.iters.check, label %.lr.ph.preheader12, label %vector.ph

vector.ph:                                        ; preds = %.lr.ph.preheader
  %n.vec = and i64 %wide.trip.count, 4294967288
  %broadcast.splatinsert = insertelement <4 x i32> poison, i32 %2, i64 0
  %broadcast.splat = shufflevector <4 x i32> %broadcast.splatinsert, <4 x i32> poison, <4 x i32> zeroinitializer
  %broadcast.splatinsert10 = insertelement <4 x i32> poison, i32 %2, i64 0
  %broadcast.splat11 = shufflevector <4 x i32> %broadcast.splatinsert10, <4 x i32> poison, <4 x i32> zeroinitializer
  br label %vector.body

vector.body:                                      ; preds = %vector.body, %vector.ph
  %index = phi i64 [ 0, %vector.ph ], [ %index.next, %vector.body ]
  %5 = getelementptr inbounds i32, i32* %0, i64 %index
  %6 = bitcast i32* %5 to <4 x i32>*
  %wide.load = load <4 x i32>, <4 x i32>* %6, align 4
  %7 = getelementptr inbounds i32, i32* %5, i64 4
  %8 = bitcast i32* %7 to <4 x i32>*
  %wide.load9 = load <4 x i32>, <4 x i32>* %8, align 4
  %9 = mul nsw <4 x i32> %wide.load, %broadcast.splat
  %10 = mul nsw <4 x i32> %wide.load9, %broadcast.splat11
  %11 = bitcast i32* %5 to <4 x i32>*
  store <4 x i32> %9, <4 x i32>* %11, align 4
  %12 = bitcast i32* %7 to <4 x i32>*
  store <4 x i32> %10, <4 x i32>* %12, align 4
  %index.next = add nuw i64 %index, 8
  %13 = icmp eq i64 %index.next, %n.vec
  br i1 %13, label %middle.block, label %vector.body, !llvm.loop !10

middle.block:                                     ; preds = %vector.body
  %cmp.n = icmp eq i64 %n.vec, %wide.trip.count
  br i1 %cmp.n, label %._crit_edge, label %.lr.ph.preheader12

.lr.ph.preheader12:                               ; preds = %.lr.ph.preheader, %middle.block
  %indvars.iv.ph = phi i64 [ 0, %.lr.ph.preheader ], [ %n.vec, %middle.block ]
  br label %.lr.ph

.lr.ph:                                           ; preds = %.lr.ph.preheader12, %.lr.ph
  %indvars.iv = phi i64 [ %indvars.iv.next, %.lr.ph ], [ %indvars.iv.ph, %.lr.ph.preheader12 ]
  %14 = getelementptr inbounds i32, i32* %0, i64 %indvars.iv
  %15 = load i32, i32* %14, align 4
  %16 = mul nsw i32 %15, %2
  store i32 %16, i32* %14, align 4
  %indvars.iv.next = add nuw nsw i64 %indvars.iv, 1
  %exitcond.not = icmp eq i64 %indvars.iv.next, %wide.trip.count
  br i1 %exitcond.not, label %._crit_edge.loopexit, label %.lr.ph, !llvm.loop !13

._crit_edge.loopexit:                             ; preds = %.lr.ph
  br label %._crit_edge

._crit_edge:                                      ; preds = %._crit_edge.loopexit, %middle.block, %3
  ret void
}
*** IR Dump Before LCSSAPass on scaleArray ***
; Function Attrs: nofree norecurse nosync nounwind uwtable
define dso_local void @scaleArray(i32* nocapture noundef %0, i32 noundef %1, i32 noundef %2) local_unnamed_addr #0 {
  %4 = icmp sgt i32 %1, 0
  br i1 %4, label %.lr.ph.preheader, label %._crit_edge

.lr.ph.preheader:                                 ; preds = %3
  %wide.trip.count = zext i32 %1 to i64
  %min.iters.check = icmp ult i32 %1, 8
  br i1 %min.iters.check, label %.lr.ph.preheader12, label %vector.ph

vector.ph:                                        ; preds = %.lr.ph.preheader
  %n.vec = and i64 %wide.trip.count, 4294967288
  %broadcast.splatinsert = insertelement <4 x i32> poison, i32 %2, i64 0
  %broadcast.splat = shufflevector <4 x i32> %broadcast.splatinsert, <4 x i32> poison, <4 x i32> zeroinitializer
  %broadcast.splatinsert10 = insertelement <4 x i32> poison, i32 %2, i64 0
  %broadcast.splat11 = shufflevector <4 x i32> %broadcast.splatinsert10, <4 x i32> poison, <4 x i32> zeroinitializer
  br label %vector.body

vector.body:                                      ; preds = %vector.body, %vector.ph
  %index = phi i64 [ 0, %vector.ph ], [ %index.next, %vector.body ]
  %5 = getelementptr inbounds i32, i32* %0, i64 %index
  %6 = bitcast i32* %5 to <4 x i32>*
  %wide.load = load <4 x i32>, <4 x i32>* %6, align 4
  %7 = getelementptr inbounds i32, i32* %5, i64 4
  %8 = bitcast i32* %7 to <4 x i32>*
  %wide.load9 = load <4 x i32>, <4 x i32>* %8, align 4
  %9 = mul nsw <4 x i32> %wide.load, %broadcast.splat
  %10 = mul nsw <4 x i32> %wide.load9, %broadcast.splat11
  %11 = bitcast i32* %5 to <4 x i32>*
  store <4 x i32> %9, <4 x i32>* %11, align 4
  %12 = bitcast i32* %7 to <4 x i32>*
  store <4 x i32> %10, <4 x i32>* %12, align 4
  %index.next = add nuw i64 %index, 8
  %13 = icmp eq i64 %index.next, %n.vec
  br i1 %13, label %middle.block, label %vector.body, !llvm.loop !10

middle.block:                                     ; preds = %vector.body
  %cmp.n = icmp eq i64 %n.vec, %wide.trip.count
  br i1 %cmp.n, label %._crit_edge, label %.lr.ph.preheader12

.lr.ph.preheader12:                               ; preds = %.lr.ph.preheader, %middle.block
  %indvars.iv.ph = phi i64 [ 0, %.lr.ph.preheader ], [ %n.vec, %middle.block ]
  br label %.lr.ph

.lr.ph:                                           ; preds = %.lr.ph.preheader12, %.lr.ph
  %indvars.iv = phi i64 [ %indvars.iv.next, %.lr.ph ], [ %indvars.iv.ph, %.lr.ph.preheader12 ]
  %14 = getelementptr inbounds i32, i32* %0, i64 %indvars.iv
  %15 = load i32, i32* %14, align 4
  %16 = mul nsw i32 %15, %2
  store i32 %16, i32* %14, align 4
  %indvars.iv.next = add nuw nsw i64 %indvars.iv, 1
  %exitcond.not = icmp eq i64 %indvars.iv.next, %wide.trip.count
  br i1 %exitcond.not, label %._crit_edge.loopexit, label %.lr.ph, !llvm.loop !13

._crit_edge.loopexit:                             ; preds = %.lr.ph
  br label %._crit_edge

._crit_edge:                                      ; preds = %._crit_edge.loopexit, %middle.block, %3
  ret void
}
*** IR Dump After LCSSAPass on scaleArray ***
; Function Attrs: nofree norecurse nosync nounwind uwtable
define dso_local void @scaleArray(i32* nocapture noundef %0, i32 noundef %1, i32 noundef %2) local_unnamed_addr #0 {
  %4 = icmp sgt i32 %1, 0
  br i1 %4, label %.lr.ph.preheader, label %._crit_edge

.lr.ph.preheader:                                 ; preds = %3
  %wide.trip.count = zext i32 %1 to i64
  %min.iters.check = icmp ult i32 %1, 8
  br i1 %min.iters.check, label %.lr.ph.preheader12, label %vector.ph

vector.ph:                                        ; preds = %.lr.ph.preheader
  %n.vec = and i64 %wide.trip.count, 4294967288
  %broadcast.splatinsert = insertelement <4 x i32> poison, i32 %2, i64 0
  %broadcast.splat = shufflevector <4 x i32> %broadcast.splatinsert, <4 x i32> poison, <4 x i32> zeroinitializer
  %broadcast.splatinsert10 = insertelement <4 x i32> poison, i32 %2, i64 0
  %broadcast.splat11 = shufflevector <4 x i32> %broadcast.splatinsert10, <4 x i32> poison, <4 x i32> zeroinitializer
  br label %vector.body

vector.body:                                      ; preds = %vector.body, %vector.ph
  %index = phi i64 [ 0, %vector.ph ], [ %index.next, %vector.body ]
  %5 = getelementptr inbounds i32, i32* %0, i64 %index
  %6 = bitcast i32* %5 to <4 x i32>*
  %wide.load = load <4 x i32>, <4 x i32>* %6, align 4
  %7 = getelementptr inbounds i32, i32* %5, i64 4
  %8 = bitcast i32* %7 to <4 x i32>*
  %wide.load9 = load <4 x i32>, <4 x i32>* %8, align 4
  %9 = mul nsw <4 x i32> %wide.load, %broadcast.splat
  %10 = mul nsw <4 x i32> %wide.load9, %broadcast.splat11
  %11 = bitcast i32* %5 to <4 x i32>*
  store <4 x i32> %9, <4 x i32>* %11, align 4
  %12 = bitcast i32* %7 to <4 x i32>*
  store <4 x i32> %10, <4 x i32>* %12, align 4
  %index.next = add nuw i64 %index, 8
  %13 = icmp eq i64 %index.next, %n.vec
  br i1 %13, label %middle.block, label %vector.body, !llvm.loop !10

middle.block:                                     ; preds = %vector.body
  %cmp.n = icmp eq i64 %n.vec, %wide.trip.count
  br i1 %cmp.n, label %._crit_edge, label %.lr.ph.preheader12

.lr.ph.preheader12:                               ; preds = %.lr.ph.preheader, %middle.block
  %indvars.iv.ph = phi i64 [ 0, %.lr.ph.preheader ], [ %n.vec, %middle.block ]
  br label %.lr.ph

.lr.ph:                                           ; preds = %.lr.ph.preheader12, %.lr.ph
  %indvars.iv = phi i64 [ %indvars.iv.next, %.lr.ph ], [ %indvars.iv.ph, %.lr.ph.preheader12 ]
  %14 = getelementptr inbounds i32, i32* %0, i64 %indvars.iv
  %15 = load i32, i32* %14, align 4
  %16 = mul nsw i32 %15, %2
  store i32 %16, i32* %14, align 4
  %indvars.iv.next = add nuw nsw i64 %indvars.iv, 1
  %exitcond.not = icmp eq i64 %indvars.iv.next, %wide.trip.count
  br i1 %exitcond.not, label %._crit_edge.loopexit, label %.lr.ph, !llvm.loop !13

._crit_edge.loopexit:                             ; preds = %.lr.ph
  br label %._crit_edge

._crit_edge:                                      ; preds = %._crit_edge.loopexit, %middle.block, %3
  ret void
}
*** IR Dump Before LICMPass on Loop at depth 1 containing: %vector.body<header><latch><exiting> ***

; Preheader:
vector.ph:                                        ; preds = %.lr.ph.preheader
  %n.vec = and i64 %wide.trip.count, 4294967288
  %broadcast.splatinsert = insertelement <4 x i32> poison, i32 %2, i64 0
  %broadcast.splat = shufflevector <4 x i32> %broadcast.splatinsert, <4 x i32> poison, <4 x i32> zeroinitializer
  %broadcast.splatinsert10 = insertelement <4 x i32> poison, i32 %2, i64 0
  %broadcast.splat11 = shufflevector <4 x i32> %broadcast.splatinsert10, <4 x i32> poison, <4 x i32> zeroinitializer
  br label %vector.body

; Loop:
vector.body:                                      ; preds = %vector.body, %vector.ph
  %index = phi i64 [ 0, %vector.ph ], [ %index.next, %vector.body ]
  %5 = getelementptr inbounds i32, i32* %0, i64 %index
  %6 = bitcast i32* %5 to <4 x i32>*
  %wide.load = load <4 x i32>, <4 x i32>* %6, align 4
  %7 = getelementptr inbounds i32, i32* %5, i64 4
  %8 = bitcast i32* %7 to <4 x i32>*
  %wide.load9 = load <4 x i32>, <4 x i32>* %8, align 4
  %9 = mul nsw <4 x i32> %wide.load, %broadcast.splat
  %10 = mul nsw <4 x i32> %wide.load9, %broadcast.splat11
  %11 = bitcast i32* %5 to <4 x i32>*
  store <4 x i32> %9, <4 x i32>* %11, align 4
  %12 = bitcast i32* %7 to <4 x i32>*
  store <4 x i32> %10, <4 x i32>* %12, align 4
  %index.next = add nuw i64 %index, 8
  %13 = icmp eq i64 %index.next, %n.vec
  br i1 %13, label %middle.block, label %vector.body, !llvm.loop !10

; Exit blocks
middle.block:                                     ; preds = %vector.body
  %cmp.n = icmp eq i64 %n.vec, %wide.trip.count
  br i1 %cmp.n, label %._crit_edge, label %.lr.ph.preheader12
*** IR Dump After LICMPass on Loop at depth 1 containing: %vector.body<header><latch><exiting> ***

; Preheader:
vector.ph:                                        ; preds = %.lr.ph.preheader
  %n.vec = and i64 %wide.trip.count, 4294967288
  %broadcast.splatinsert = insertelement <4 x i32> poison, i32 %2, i64 0
  %broadcast.splat = shufflevector <4 x i32> %broadcast.splatinsert, <4 x i32> poison, <4 x i32> zeroinitializer
  %broadcast.splatinsert10 = insertelement <4 x i32> poison, i32 %2, i64 0
  %broadcast.splat11 = shufflevector <4 x i32> %broadcast.splatinsert10, <4 x i32> poison, <4 x i32> zeroinitializer
  br label %vector.body

; Loop:
vector.body:                                      ; preds = %vector.body, %vector.ph
  %index = phi i64 [ 0, %vector.ph ], [ %index.next, %vector.body ]
  %5 = getelementptr inbounds i32, i32* %0, i64 %index
  %6 = bitcast i32* %5 to <4 x i32>*
  %wide.load = load <4 x i32>, <4 x i32>* %6, align 4
  %7 = getelementptr inbounds i32, i32* %5, i64 4
  %8 = bitcast i32* %7 to <4 x i32>*
  %wide.load9 = load <4 x i32>, <4 x i32>* %8, align 4
  %9 = mul nsw <4 x i32> %wide.load, %broadcast.splat
  %10 = mul nsw <4 x i32> %wide.load9, %broadcast.splat11
  %11 = bitcast i32* %5 to <4 x i32>*
  store <4 x i32> %9, <4 x i32>* %11, align 4
  %12 = bitcast i32* %7 to <4 x i32>*
  store <4 x i32> %10, <4 x i32>* %12, align 4
  %index.next = add nuw i64 %index, 8
  %13 = icmp eq i64 %index.next, %n.vec
  br i1 %13, label %middle.block, label %vector.body, !llvm.loop !10

; Exit blocks
middle.block:                                     ; preds = %vector.body
  %cmp.n = icmp eq i64 %n.vec, %wide.trip.count
  br i1 %cmp.n, label %._crit_edge, label %.lr.ph.preheader12
*** IR Dump Before LICMPass on Loop at depth 1 containing: %.lr.ph<header><latch><exiting> ***

; Preheader:
.lr.ph.preheader12:                               ; preds = %.lr.ph.preheader, %middle.block
  %indvars.iv.ph = phi i64 [ 0, %.lr.ph.preheader ], [ %n.vec, %middle.block ]
  br label %.lr.ph

; Loop:
.lr.ph:                                           ; preds = %.lr.ph.preheader12, %.lr.ph
  %indvars.iv = phi i64 [ %indvars.iv.next, %.lr.ph ], [ %indvars.iv.ph, %.lr.ph.preheader12 ]
  %14 = getelementptr inbounds i32, i32* %0, i64 %indvars.iv
  %15 = load i32, i32* %14, align 4
  %16 = mul nsw i32 %15, %2
  store i32 %16, i32* %14, align 4
  %indvars.iv.next = add nuw nsw i64 %indvars.iv, 1
  %exitcond.not = icmp eq i64 %indvars.iv.next, %wide.trip.count
  br i1 %exitcond.not, label %._crit_edge.loopexit, label %.lr.ph, !llvm.loop !13

; Exit blocks
._crit_edge.loopexit:                             ; preds = %.lr.ph
  br label %._crit_edge
*** IR Dump After LICMPass on Loop at depth 1 containing: %.lr.ph<header><latch><exiting> ***

; Preheader:
.lr.ph.preheader12:                               ; preds = %.lr.ph.preheader, %middle.block
  %indvars.iv.ph = phi i64 [ 0, %.lr.ph.preheader ], [ %n.vec, %middle.block ]
  br label %.lr.ph

; Loop:
.lr.ph:                                           ; preds = %.lr.ph.preheader12, %.lr.ph
  %indvars.iv = phi i64 [ %indvars.iv.next, %.lr.ph ], [ %indvars.iv.ph, %.lr.ph.preheader12 ]
  %14 = getelementptr inbounds i32, i32* %0, i64 %indvars.iv
  %15 = load i32, i32* %14, align 4
  %16 = mul nsw i32 %15, %2
  store i32 %16, i32* %14, align 4
  %indvars.iv.next = add nuw nsw i64 %indvars.iv, 1
  %exitcond.not = icmp eq i64 %indvars.iv.next, %wide.trip.count
  br i1 %exitcond.not, label %._crit_edge.loopexit, label %.lr.ph, !llvm.loop !13

; Exit blocks
._crit_edge.loopexit:                             ; preds = %.lr.ph
  br label %._crit_edge
*** IR Dump Before AlignmentFromAssumptionsPass on scaleArray ***
; Function Attrs: nofree norecurse nosync nounwind uwtable
define dso_local void @scaleArray(i32* nocapture noundef %0, i32 noundef %1, i32 noundef %2) local_unnamed_addr #0 {
  %4 = icmp sgt i32 %1, 0
  br i1 %4, label %.lr.ph.preheader, label %._crit_edge

.lr.ph.preheader:                                 ; preds = %3
  %wide.trip.count = zext i32 %1 to i64
  %min.iters.check = icmp ult i32 %1, 8
  br i1 %min.iters.check, label %.lr.ph.preheader12, label %vector.ph

vector.ph:                                        ; preds = %.lr.ph.preheader
  %n.vec = and i64 %wide.trip.count, 4294967288
  %broadcast.splatinsert = insertelement <4 x i32> poison, i32 %2, i64 0
  %broadcast.splat = shufflevector <4 x i32> %broadcast.splatinsert, <4 x i32> poison, <4 x i32> zeroinitializer
  %broadcast.splatinsert10 = insertelement <4 x i32> poison, i32 %2, i64 0
  %broadcast.splat11 = shufflevector <4 x i32> %broadcast.splatinsert10, <4 x i32> poison, <4 x i32> zeroinitializer
  br label %vector.body

vector.body:                                      ; preds = %vector.body, %vector.ph
  %index = phi i64 [ 0, %vector.ph ], [ %index.next, %vector.body ]
  %5 = getelementptr inbounds i32, i32* %0, i64 %index
  %6 = bitcast i32* %5 to <4 x i32>*
  %wide.load = load <4 x i32>, <4 x i32>* %6, align 4
  %7 = getelementptr inbounds i32, i32* %5, i64 4
  %8 = bitcast i32* %7 to <4 x i32>*
  %wide.load9 = load <4 x i32>, <4 x i32>* %8, align 4
  %9 = mul nsw <4 x i32> %wide.load, %broadcast.splat
  %10 = mul nsw <4 x i32> %wide.load9, %broadcast.splat11
  %11 = bitcast i32* %5 to <4 x i32>*
  store <4 x i32> %9, <4 x i32>* %11, align 4
  %12 = bitcast i32* %7 to <4 x i32>*
  store <4 x i32> %10, <4 x i32>* %12, align 4
  %index.next = add nuw i64 %index, 8
  %13 = icmp eq i64 %index.next, %n.vec
  br i1 %13, label %middle.block, label %vector.body, !llvm.loop !10

middle.block:                                     ; preds = %vector.body
  %cmp.n = icmp eq i64 %n.vec, %wide.trip.count
  br i1 %cmp.n, label %._crit_edge, label %.lr.ph.preheader12

.lr.ph.preheader12:                               ; preds = %.lr.ph.preheader, %middle.block
  %indvars.iv.ph = phi i64 [ 0, %.lr.ph.preheader ], [ %n.vec, %middle.block ]
  br label %.lr.ph

.lr.ph:                                           ; preds = %.lr.ph.preheader12, %.lr.ph
  %indvars.iv = phi i64 [ %indvars.iv.next, %.lr.ph ], [ %indvars.iv.ph, %.lr.ph.preheader12 ]
  %14 = getelementptr inbounds i32, i32* %0, i64 %indvars.iv
  %15 = load i32, i32* %14, align 4
  %16 = mul nsw i32 %15, %2
  store i32 %16, i32* %14, align 4
  %indvars.iv.next = add nuw nsw i64 %indvars.iv, 1
  %exitcond.not = icmp eq i64 %indvars.iv.next, %wide.trip.count
  br i1 %exitcond.not, label %._crit_edge.loopexit, label %.lr.ph, !llvm.loop !13

._crit_edge.loopexit:                             ; preds = %.lr.ph
  br label %._crit_edge

._crit_edge:                                      ; preds = %._crit_edge.loopexit, %middle.block, %3
  ret void
}
*** IR Dump After AlignmentFromAssumptionsPass on scaleArray ***
; Function Attrs: nofree norecurse nosync nounwind uwtable
define dso_local void @scaleArray(i32* nocapture noundef %0, i32 noundef %1, i32 noundef %2) local_unnamed_addr #0 {
  %4 = icmp sgt i32 %1, 0
  br i1 %4, label %.lr.ph.preheader, label %._crit_edge

.lr.ph.preheader:                                 ; preds = %3
  %wide.trip.count = zext i32 %1 to i64
  %min.iters.check = icmp ult i32 %1, 8
  br i1 %min.iters.check, label %.lr.ph.preheader12, label %vector.ph

vector.ph:                                        ; preds = %.lr.ph.preheader
  %n.vec = and i64 %wide.trip.count, 4294967288
  %broadcast.splatinsert = insertelement <4 x i32> poison, i32 %2, i64 0
  %broadcast.splat = shufflevector <4 x i32> %broadcast.splatinsert, <4 x i32> poison, <4 x i32> zeroinitializer
  %broadcast.splatinsert10 = insertelement <4 x i32> poison, i32 %2, i64 0
  %broadcast.splat11 = shufflevector <4 x i32> %broadcast.splatinsert10, <4 x i32> poison, <4 x i32> zeroinitializer
  br label %vector.body

vector.body:                                      ; preds = %vector.body, %vector.ph
  %index = phi i64 [ 0, %vector.ph ], [ %index.next, %vector.body ]
  %5 = getelementptr inbounds i32, i32* %0, i64 %index
  %6 = bitcast i32* %5 to <4 x i32>*
  %wide.load = load <4 x i32>, <4 x i32>* %6, align 4
  %7 = getelementptr inbounds i32, i32* %5, i64 4
  %8 = bitcast i32* %7 to <4 x i32>*
  %wide.load9 = load <4 x i32>, <4 x i32>* %8, align 4
  %9 = mul nsw <4 x i32> %wide.load, %broadcast.splat
  %10 = mul nsw <4 x i32> %wide.load9, %broadcast.splat11
  %11 = bitcast i32* %5 to <4 x i32>*
  store <4 x i32> %9, <4 x i32>* %11, align 4
  %12 = bitcast i32* %7 to <4 x i32>*
  store <4 x i32> %10, <4 x i32>* %12, align 4
  %index.next = add nuw i64 %index, 8
  %13 = icmp eq i64 %index.next, %n.vec
  br i1 %13, label %middle.block, label %vector.body, !llvm.loop !10

middle.block:                                     ; preds = %vector.body
  %cmp.n = icmp eq i64 %n.vec, %wide.trip.count
  br i1 %cmp.n, label %._crit_edge, label %.lr.ph.preheader12

.lr.ph.preheader12:                               ; preds = %.lr.ph.preheader, %middle.block
  %indvars.iv.ph = phi i64 [ 0, %.lr.ph.preheader ], [ %n.vec, %middle.block ]
  br label %.lr.ph

.lr.ph:                                           ; preds = %.lr.ph.preheader12, %.lr.ph
  %indvars.iv = phi i64 [ %indvars.iv.next, %.lr.ph ], [ %indvars.iv.ph, %.lr.ph.preheader12 ]
  %14 = getelementptr inbounds i32, i32* %0, i64 %indvars.iv
  %15 = load i32, i32* %14, align 4
  %16 = mul nsw i32 %15, %2
  store i32 %16, i32* %14, align 4
  %indvars.iv.next = add nuw nsw i64 %indvars.iv, 1
  %exitcond.not = icmp eq i64 %indvars.iv.next, %wide.trip.count
  br i1 %exitcond.not, label %._crit_edge.loopexit, label %.lr.ph, !llvm.loop !13

._crit_edge.loopexit:                             ; preds = %.lr.ph
  br label %._crit_edge

._crit_edge:                                      ; preds = %._crit_edge.loopexit, %middle.block, %3
  ret void
}
*** IR Dump Before LoopSinkPass on scaleArray ***
; Function Attrs: nofree norecurse nosync nounwind uwtable
define dso_local void @scaleArray(i32* nocapture noundef %0, i32 noundef %1, i32 noundef %2) local_unnamed_addr #0 {
  %4 = icmp sgt i32 %1, 0
  br i1 %4, label %.lr.ph.preheader, label %._crit_edge

.lr.ph.preheader:                                 ; preds = %3
  %wide.trip.count = zext i32 %1 to i64
  %min.iters.check = icmp ult i32 %1, 8
  br i1 %min.iters.check, label %.lr.ph.preheader12, label %vector.ph

vector.ph:                                        ; preds = %.lr.ph.preheader
  %n.vec = and i64 %wide.trip.count, 4294967288
  %broadcast.splatinsert = insertelement <4 x i32> poison, i32 %2, i64 0
  %broadcast.splat = shufflevector <4 x i32> %broadcast.splatinsert, <4 x i32> poison, <4 x i32> zeroinitializer
  %broadcast.splatinsert10 = insertelement <4 x i32> poison, i32 %2, i64 0
  %broadcast.splat11 = shufflevector <4 x i32> %broadcast.splatinsert10, <4 x i32> poison, <4 x i32> zeroinitializer
  br label %vector.body

vector.body:                                      ; preds = %vector.body, %vector.ph
  %index = phi i64 [ 0, %vector.ph ], [ %index.next, %vector.body ]
  %5 = getelementptr inbounds i32, i32* %0, i64 %index
  %6 = bitcast i32* %5 to <4 x i32>*
  %wide.load = load <4 x i32>, <4 x i32>* %6, align 4
  %7 = getelementptr inbounds i32, i32* %5, i64 4
  %8 = bitcast i32* %7 to <4 x i32>*
  %wide.load9 = load <4 x i32>, <4 x i32>* %8, align 4
  %9 = mul nsw <4 x i32> %wide.load, %broadcast.splat
  %10 = mul nsw <4 x i32> %wide.load9, %broadcast.splat11
  %11 = bitcast i32* %5 to <4 x i32>*
  store <4 x i32> %9, <4 x i32>* %11, align 4
  %12 = bitcast i32* %7 to <4 x i32>*
  store <4 x i32> %10, <4 x i32>* %12, align 4
  %index.next = add nuw i64 %index, 8
  %13 = icmp eq i64 %index.next, %n.vec
  br i1 %13, label %middle.block, label %vector.body, !llvm.loop !10

middle.block:                                     ; preds = %vector.body
  %cmp.n = icmp eq i64 %n.vec, %wide.trip.count
  br i1 %cmp.n, label %._crit_edge, label %.lr.ph.preheader12

.lr.ph.preheader12:                               ; preds = %.lr.ph.preheader, %middle.block
  %indvars.iv.ph = phi i64 [ 0, %.lr.ph.preheader ], [ %n.vec, %middle.block ]
  br label %.lr.ph

.lr.ph:                                           ; preds = %.lr.ph.preheader12, %.lr.ph
  %indvars.iv = phi i64 [ %indvars.iv.next, %.lr.ph ], [ %indvars.iv.ph, %.lr.ph.preheader12 ]
  %14 = getelementptr inbounds i32, i32* %0, i64 %indvars.iv
  %15 = load i32, i32* %14, align 4
  %16 = mul nsw i32 %15, %2
  store i32 %16, i32* %14, align 4
  %indvars.iv.next = add nuw nsw i64 %indvars.iv, 1
  %exitcond.not = icmp eq i64 %indvars.iv.next, %wide.trip.count
  br i1 %exitcond.not, label %._crit_edge.loopexit, label %.lr.ph, !llvm.loop !13

._crit_edge.loopexit:                             ; preds = %.lr.ph
  br label %._crit_edge

._crit_edge:                                      ; preds = %._crit_edge.loopexit, %middle.block, %3
  ret void
}
*** IR Dump After LoopSinkPass on scaleArray ***
; Function Attrs: nofree norecurse nosync nounwind uwtable
define dso_local void @scaleArray(i32* nocapture noundef %0, i32 noundef %1, i32 noundef %2) local_unnamed_addr #0 {
  %4 = icmp sgt i32 %1, 0
  br i1 %4, label %.lr.ph.preheader, label %._crit_edge

.lr.ph.preheader:                                 ; preds = %3
  %wide.trip.count = zext i32 %1 to i64
  %min.iters.check = icmp ult i32 %1, 8
  br i1 %min.iters.check, label %.lr.ph.preheader12, label %vector.ph

vector.ph:                                        ; preds = %.lr.ph.preheader
  %n.vec = and i64 %wide.trip.count, 4294967288
  %broadcast.splatinsert = insertelement <4 x i32> poison, i32 %2, i64 0
  %broadcast.splat = shufflevector <4 x i32> %broadcast.splatinsert, <4 x i32> poison, <4 x i32> zeroinitializer
  %broadcast.splatinsert10 = insertelement <4 x i32> poison, i32 %2, i64 0
  %broadcast.splat11 = shufflevector <4 x i32> %broadcast.splatinsert10, <4 x i32> poison, <4 x i32> zeroinitializer
  br label %vector.body

vector.body:                                      ; preds = %vector.body, %vector.ph
  %index = phi i64 [ 0, %vector.ph ], [ %index.next, %vector.body ]
  %5 = getelementptr inbounds i32, i32* %0, i64 %index
  %6 = bitcast i32* %5 to <4 x i32>*
  %wide.load = load <4 x i32>, <4 x i32>* %6, align 4
  %7 = getelementptr inbounds i32, i32* %5, i64 4
  %8 = bitcast i32* %7 to <4 x i32>*
  %wide.load9 = load <4 x i32>, <4 x i32>* %8, align 4
  %9 = mul nsw <4 x i32> %wide.load, %broadcast.splat
  %10 = mul nsw <4 x i32> %wide.load9, %broadcast.splat11
  %11 = bitcast i32* %5 to <4 x i32>*
  store <4 x i32> %9, <4 x i32>* %11, align 4
  %12 = bitcast i32* %7 to <4 x i32>*
  store <4 x i32> %10, <4 x i32>* %12, align 4
  %index.next = add nuw i64 %index, 8
  %13 = icmp eq i64 %index.next, %n.vec
  br i1 %13, label %middle.block, label %vector.body, !llvm.loop !10

middle.block:                                     ; preds = %vector.body
  %cmp.n = icmp eq i64 %n.vec, %wide.trip.count
  br i1 %cmp.n, label %._crit_edge, label %.lr.ph.preheader12

.lr.ph.preheader12:                               ; preds = %.lr.ph.preheader, %middle.block
  %indvars.iv.ph = phi i64 [ 0, %.lr.ph.preheader ], [ %n.vec, %middle.block ]
  br label %.lr.ph

.lr.ph:                                           ; preds = %.lr.ph.preheader12, %.lr.ph
  %indvars.iv = phi i64 [ %indvars.iv.next, %.lr.ph ], [ %indvars.iv.ph, %.lr.ph.preheader12 ]
  %14 = getelementptr inbounds i32, i32* %0, i64 %indvars.iv
  %15 = load i32, i32* %14, align 4
  %16 = mul nsw i32 %15, %2
  store i32 %16, i32* %14, align 4
  %indvars.iv.next = add nuw nsw i64 %indvars.iv, 1
  %exitcond.not = icmp eq i64 %indvars.iv.next, %wide.trip.count
  br i1 %exitcond.not, label %._crit_edge.loopexit, label %.lr.ph, !llvm.loop !13

._crit_edge.loopexit:                             ; preds = %.lr.ph
  br label %._crit_edge

._crit_edge:                                      ; preds = %._crit_edge.loopexit, %middle.block, %3
  ret void
}
*** IR Dump Before InstSimplifyPass on scaleArray ***
; Function Attrs: nofree norecurse nosync nounwind uwtable
define dso_local void @scaleArray(i32* nocapture noundef %0, i32 noundef %1, i32 noundef %2) local_unnamed_addr #0 {
  %4 = icmp sgt i32 %1, 0
  br i1 %4, label %.lr.ph.preheader, label %._crit_edge

.lr.ph.preheader:                                 ; preds = %3
  %wide.trip.count = zext i32 %1 to i64
  %min.iters.check = icmp ult i32 %1, 8
  br i1 %min.iters.check, label %.lr.ph.preheader12, label %vector.ph

vector.ph:                                        ; preds = %.lr.ph.preheader
  %n.vec = and i64 %wide.trip.count, 4294967288
  %broadcast.splatinsert = insertelement <4 x i32> poison, i32 %2, i64 0
  %broadcast.splat = shufflevector <4 x i32> %broadcast.splatinsert, <4 x i32> poison, <4 x i32> zeroinitializer
  %broadcast.splatinsert10 = insertelement <4 x i32> poison, i32 %2, i64 0
  %broadcast.splat11 = shufflevector <4 x i32> %broadcast.splatinsert10, <4 x i32> poison, <4 x i32> zeroinitializer
  br label %vector.body

vector.body:                                      ; preds = %vector.body, %vector.ph
  %index = phi i64 [ 0, %vector.ph ], [ %index.next, %vector.body ]
  %5 = getelementptr inbounds i32, i32* %0, i64 %index
  %6 = bitcast i32* %5 to <4 x i32>*
  %wide.load = load <4 x i32>, <4 x i32>* %6, align 4
  %7 = getelementptr inbounds i32, i32* %5, i64 4
  %8 = bitcast i32* %7 to <4 x i32>*
  %wide.load9 = load <4 x i32>, <4 x i32>* %8, align 4
  %9 = mul nsw <4 x i32> %wide.load, %broadcast.splat
  %10 = mul nsw <4 x i32> %wide.load9, %broadcast.splat11
  %11 = bitcast i32* %5 to <4 x i32>*
  store <4 x i32> %9, <4 x i32>* %11, align 4
  %12 = bitcast i32* %7 to <4 x i32>*
  store <4 x i32> %10, <4 x i32>* %12, align 4
  %index.next = add nuw i64 %index, 8
  %13 = icmp eq i64 %index.next, %n.vec
  br i1 %13, label %middle.block, label %vector.body, !llvm.loop !10

middle.block:                                     ; preds = %vector.body
  %cmp.n = icmp eq i64 %n.vec, %wide.trip.count
  br i1 %cmp.n, label %._crit_edge, label %.lr.ph.preheader12

.lr.ph.preheader12:                               ; preds = %.lr.ph.preheader, %middle.block
  %indvars.iv.ph = phi i64 [ 0, %.lr.ph.preheader ], [ %n.vec, %middle.block ]
  br label %.lr.ph

.lr.ph:                                           ; preds = %.lr.ph.preheader12, %.lr.ph
  %indvars.iv = phi i64 [ %indvars.iv.next, %.lr.ph ], [ %indvars.iv.ph, %.lr.ph.preheader12 ]
  %14 = getelementptr inbounds i32, i32* %0, i64 %indvars.iv
  %15 = load i32, i32* %14, align 4
  %16 = mul nsw i32 %15, %2
  store i32 %16, i32* %14, align 4
  %indvars.iv.next = add nuw nsw i64 %indvars.iv, 1
  %exitcond.not = icmp eq i64 %indvars.iv.next, %wide.trip.count
  br i1 %exitcond.not, label %._crit_edge.loopexit, label %.lr.ph, !llvm.loop !13

._crit_edge.loopexit:                             ; preds = %.lr.ph
  br label %._crit_edge

._crit_edge:                                      ; preds = %._crit_edge.loopexit, %middle.block, %3
  ret void
}
*** IR Dump After InstSimplifyPass on scaleArray ***
; Function Attrs: nofree norecurse nosync nounwind uwtable
define dso_local void @scaleArray(i32* nocapture noundef %0, i32 noundef %1, i32 noundef %2) local_unnamed_addr #0 {
  %4 = icmp sgt i32 %1, 0
  br i1 %4, label %.lr.ph.preheader, label %._crit_edge

.lr.ph.preheader:                                 ; preds = %3
  %wide.trip.count = zext i32 %1 to i64
  %min.iters.check = icmp ult i32 %1, 8
  br i1 %min.iters.check, label %.lr.ph.preheader12, label %vector.ph

vector.ph:                                        ; preds = %.lr.ph.preheader
  %n.vec = and i64 %wide.trip.count, 4294967288
  %broadcast.splatinsert = insertelement <4 x i32> poison, i32 %2, i64 0
  %broadcast.splat = shufflevector <4 x i32> %broadcast.splatinsert, <4 x i32> poison, <4 x i32> zeroinitializer
  %broadcast.splatinsert10 = insertelement <4 x i32> poison, i32 %2, i64 0
  %broadcast.splat11 = shufflevector <4 x i32> %broadcast.splatinsert10, <4 x i32> poison, <4 x i32> zeroinitializer
  br label %vector.body

vector.body:                                      ; preds = %vector.body, %vector.ph
  %index = phi i64 [ 0, %vector.ph ], [ %index.next, %vector.body ]
  %5 = getelementptr inbounds i32, i32* %0, i64 %index
  %6 = bitcast i32* %5 to <4 x i32>*
  %wide.load = load <4 x i32>, <4 x i32>* %6, align 4
  %7 = getelementptr inbounds i32, i32* %5, i64 4
  %8 = bitcast i32* %7 to <4 x i32>*
  %wide.load9 = load <4 x i32>, <4 x i32>* %8, align 4
  %9 = mul nsw <4 x i32> %wide.load, %broadcast.splat
  %10 = mul nsw <4 x i32> %wide.load9, %broadcast.splat11
  %11 = bitcast i32* %5 to <4 x i32>*
  store <4 x i32> %9, <4 x i32>* %11, align 4
  %12 = bitcast i32* %7 to <4 x i32>*
  store <4 x i32> %10, <4 x i32>* %12, align 4
  %index.next = add nuw i64 %index, 8
  %13 = icmp eq i64 %index.next, %n.vec
  br i1 %13, label %middle.block, label %vector.body, !llvm.loop !10

middle.block:                                     ; preds = %vector.body
  %cmp.n = icmp eq i64 %n.vec, %wide.trip.count
  br i1 %cmp.n, label %._crit_edge, label %.lr.ph.preheader12

.lr.ph.preheader12:                               ; preds = %.lr.ph.preheader, %middle.block
  %indvars.iv.ph = phi i64 [ 0, %.lr.ph.preheader ], [ %n.vec, %middle.block ]
  br label %.lr.ph

.lr.ph:                                           ; preds = %.lr.ph.preheader12, %.lr.ph
  %indvars.iv = phi i64 [ %indvars.iv.next, %.lr.ph ], [ %indvars.iv.ph, %.lr.ph.preheader12 ]
  %14 = getelementptr inbounds i32, i32* %0, i64 %indvars.iv
  %15 = load i32, i32* %14, align 4
  %16 = mul nsw i32 %15, %2
  store i32 %16, i32* %14, align 4
  %indvars.iv.next = add nuw nsw i64 %indvars.iv, 1
  %exitcond.not = icmp eq i64 %indvars.iv.next, %wide.trip.count
  br i1 %exitcond.not, label %._crit_edge.loopexit, label %.lr.ph, !llvm.loop !13

._crit_edge.loopexit:                             ; preds = %.lr.ph
  br label %._crit_edge

._crit_edge:                                      ; preds = %._crit_edge.loopexit, %middle.block, %3
  ret void
}
*** IR Dump Before DivRemPairsPass on scaleArray ***
; Function Attrs: nofree norecurse nosync nounwind uwtable
define dso_local void @scaleArray(i32* nocapture noundef %0, i32 noundef %1, i32 noundef %2) local_unnamed_addr #0 {
  %4 = icmp sgt i32 %1, 0
  br i1 %4, label %.lr.ph.preheader, label %._crit_edge

.lr.ph.preheader:                                 ; preds = %3
  %wide.trip.count = zext i32 %1 to i64
  %min.iters.check = icmp ult i32 %1, 8
  br i1 %min.iters.check, label %.lr.ph.preheader12, label %vector.ph

vector.ph:                                        ; preds = %.lr.ph.preheader
  %n.vec = and i64 %wide.trip.count, 4294967288
  %broadcast.splatinsert = insertelement <4 x i32> poison, i32 %2, i64 0
  %broadcast.splat = shufflevector <4 x i32> %broadcast.splatinsert, <4 x i32> poison, <4 x i32> zeroinitializer
  %broadcast.splatinsert10 = insertelement <4 x i32> poison, i32 %2, i64 0
  %broadcast.splat11 = shufflevector <4 x i32> %broadcast.splatinsert10, <4 x i32> poison, <4 x i32> zeroinitializer
  br label %vector.body

vector.body:                                      ; preds = %vector.body, %vector.ph
  %index = phi i64 [ 0, %vector.ph ], [ %index.next, %vector.body ]
  %5 = getelementptr inbounds i32, i32* %0, i64 %index
  %6 = bitcast i32* %5 to <4 x i32>*
  %wide.load = load <4 x i32>, <4 x i32>* %6, align 4
  %7 = getelementptr inbounds i32, i32* %5, i64 4
  %8 = bitcast i32* %7 to <4 x i32>*
  %wide.load9 = load <4 x i32>, <4 x i32>* %8, align 4
  %9 = mul nsw <4 x i32> %wide.load, %broadcast.splat
  %10 = mul nsw <4 x i32> %wide.load9, %broadcast.splat11
  %11 = bitcast i32* %5 to <4 x i32>*
  store <4 x i32> %9, <4 x i32>* %11, align 4
  %12 = bitcast i32* %7 to <4 x i32>*
  store <4 x i32> %10, <4 x i32>* %12, align 4
  %index.next = add nuw i64 %index, 8
  %13 = icmp eq i64 %index.next, %n.vec
  br i1 %13, label %middle.block, label %vector.body, !llvm.loop !10

middle.block:                                     ; preds = %vector.body
  %cmp.n = icmp eq i64 %n.vec, %wide.trip.count
  br i1 %cmp.n, label %._crit_edge, label %.lr.ph.preheader12

.lr.ph.preheader12:                               ; preds = %.lr.ph.preheader, %middle.block
  %indvars.iv.ph = phi i64 [ 0, %.lr.ph.preheader ], [ %n.vec, %middle.block ]
  br label %.lr.ph

.lr.ph:                                           ; preds = %.lr.ph.preheader12, %.lr.ph
  %indvars.iv = phi i64 [ %indvars.iv.next, %.lr.ph ], [ %indvars.iv.ph, %.lr.ph.preheader12 ]
  %14 = getelementptr inbounds i32, i32* %0, i64 %indvars.iv
  %15 = load i32, i32* %14, align 4
  %16 = mul nsw i32 %15, %2
  store i32 %16, i32* %14, align 4
  %indvars.iv.next = add nuw nsw i64 %indvars.iv, 1
  %exitcond.not = icmp eq i64 %indvars.iv.next, %wide.trip.count
  br i1 %exitcond.not, label %._crit_edge.loopexit, label %.lr.ph, !llvm.loop !13

._crit_edge.loopexit:                             ; preds = %.lr.ph
  br label %._crit_edge

._crit_edge:                                      ; preds = %._crit_edge.loopexit, %middle.block, %3
  ret void
}
*** IR Dump After DivRemPairsPass on scaleArray ***
; Function Attrs: nofree norecurse nosync nounwind uwtable
define dso_local void @scaleArray(i32* nocapture noundef %0, i32 noundef %1, i32 noundef %2) local_unnamed_addr #0 {
  %4 = icmp sgt i32 %1, 0
  br i1 %4, label %.lr.ph.preheader, label %._crit_edge

.lr.ph.preheader:                                 ; preds = %3
  %wide.trip.count = zext i32 %1 to i64
  %min.iters.check = icmp ult i32 %1, 8
  br i1 %min.iters.check, label %.lr.ph.preheader12, label %vector.ph

vector.ph:                                        ; preds = %.lr.ph.preheader
  %n.vec = and i64 %wide.trip.count, 4294967288
  %broadcast.splatinsert = insertelement <4 x i32> poison, i32 %2, i64 0
  %broadcast.splat = shufflevector <4 x i32> %broadcast.splatinsert, <4 x i32> poison, <4 x i32> zeroinitializer
  %broadcast.splatinsert10 = insertelement <4 x i32> poison, i32 %2, i64 0
  %broadcast.splat11 = shufflevector <4 x i32> %broadcast.splatinsert10, <4 x i32> poison, <4 x i32> zeroinitializer
  br label %vector.body

vector.body:                                      ; preds = %vector.body, %vector.ph
  %index = phi i64 [ 0, %vector.ph ], [ %index.next, %vector.body ]
  %5 = getelementptr inbounds i32, i32* %0, i64 %index
  %6 = bitcast i32* %5 to <4 x i32>*
  %wide.load = load <4 x i32>, <4 x i32>* %6, align 4
  %7 = getelementptr inbounds i32, i32* %5, i64 4
  %8 = bitcast i32* %7 to <4 x i32>*
  %wide.load9 = load <4 x i32>, <4 x i32>* %8, align 4
  %9 = mul nsw <4 x i32> %wide.load, %broadcast.splat
  %10 = mul nsw <4 x i32> %wide.load9, %broadcast.splat11
  %11 = bitcast i32* %5 to <4 x i32>*
  store <4 x i32> %9, <4 x i32>* %11, align 4
  %12 = bitcast i32* %7 to <4 x i32>*
  store <4 x i32> %10, <4 x i32>* %12, align 4
  %index.next = add nuw i64 %index, 8
  %13 = icmp eq i64 %index.next, %n.vec
  br i1 %13, label %middle.block, label %vector.body, !llvm.loop !10

middle.block:                                     ; preds = %vector.body
  %cmp.n = icmp eq i64 %n.vec, %wide.trip.count
  br i1 %cmp.n, label %._crit_edge, label %.lr.ph.preheader12

.lr.ph.preheader12:                               ; preds = %.lr.ph.preheader, %middle.block
  %indvars.iv.ph = phi i64 [ 0, %.lr.ph.preheader ], [ %n.vec, %middle.block ]
  br label %.lr.ph

.lr.ph:                                           ; preds = %.lr.ph.preheader12, %.lr.ph
  %indvars.iv = phi i64 [ %indvars.iv.next, %.lr.ph ], [ %indvars.iv.ph, %.lr.ph.preheader12 ]
  %14 = getelementptr inbounds i32, i32* %0, i64 %indvars.iv
  %15 = load i32, i32* %14, align 4
  %16 = mul nsw i32 %15, %2
  store i32 %16, i32* %14, align 4
  %indvars.iv.next = add nuw nsw i64 %indvars.iv, 1
  %exitcond.not = icmp eq i64 %indvars.iv.next, %wide.trip.count
  br i1 %exitcond.not, label %._crit_edge.loopexit, label %.lr.ph, !llvm.loop !13

._crit_edge.loopexit:                             ; preds = %.lr.ph
  br label %._crit_edge

._crit_edge:                                      ; preds = %._crit_edge.loopexit, %middle.block, %3
  ret void
}
*** IR Dump Before SimplifyCFGPass on scaleArray ***
; Function Attrs: nofree norecurse nosync nounwind uwtable
define dso_local void @scaleArray(i32* nocapture noundef %0, i32 noundef %1, i32 noundef %2) local_unnamed_addr #0 {
  %4 = icmp sgt i32 %1, 0
  br i1 %4, label %.lr.ph.preheader, label %._crit_edge

.lr.ph.preheader:                                 ; preds = %3
  %wide.trip.count = zext i32 %1 to i64
  %min.iters.check = icmp ult i32 %1, 8
  br i1 %min.iters.check, label %.lr.ph.preheader12, label %vector.ph

vector.ph:                                        ; preds = %.lr.ph.preheader
  %n.vec = and i64 %wide.trip.count, 4294967288
  %broadcast.splatinsert = insertelement <4 x i32> poison, i32 %2, i64 0
  %broadcast.splat = shufflevector <4 x i32> %broadcast.splatinsert, <4 x i32> poison, <4 x i32> zeroinitializer
  %broadcast.splatinsert10 = insertelement <4 x i32> poison, i32 %2, i64 0
  %broadcast.splat11 = shufflevector <4 x i32> %broadcast.splatinsert10, <4 x i32> poison, <4 x i32> zeroinitializer
  br label %vector.body

vector.body:                                      ; preds = %vector.body, %vector.ph
  %index = phi i64 [ 0, %vector.ph ], [ %index.next, %vector.body ]
  %5 = getelementptr inbounds i32, i32* %0, i64 %index
  %6 = bitcast i32* %5 to <4 x i32>*
  %wide.load = load <4 x i32>, <4 x i32>* %6, align 4
  %7 = getelementptr inbounds i32, i32* %5, i64 4
  %8 = bitcast i32* %7 to <4 x i32>*
  %wide.load9 = load <4 x i32>, <4 x i32>* %8, align 4
  %9 = mul nsw <4 x i32> %wide.load, %broadcast.splat
  %10 = mul nsw <4 x i32> %wide.load9, %broadcast.splat11
  %11 = bitcast i32* %5 to <4 x i32>*
  store <4 x i32> %9, <4 x i32>* %11, align 4
  %12 = bitcast i32* %7 to <4 x i32>*
  store <4 x i32> %10, <4 x i32>* %12, align 4
  %index.next = add nuw i64 %index, 8
  %13 = icmp eq i64 %index.next, %n.vec
  br i1 %13, label %middle.block, label %vector.body, !llvm.loop !10

middle.block:                                     ; preds = %vector.body
  %cmp.n = icmp eq i64 %n.vec, %wide.trip.count
  br i1 %cmp.n, label %._crit_edge, label %.lr.ph.preheader12

.lr.ph.preheader12:                               ; preds = %.lr.ph.preheader, %middle.block
  %indvars.iv.ph = phi i64 [ 0, %.lr.ph.preheader ], [ %n.vec, %middle.block ]
  br label %.lr.ph

.lr.ph:                                           ; preds = %.lr.ph.preheader12, %.lr.ph
  %indvars.iv = phi i64 [ %indvars.iv.next, %.lr.ph ], [ %indvars.iv.ph, %.lr.ph.preheader12 ]
  %14 = getelementptr inbounds i32, i32* %0, i64 %indvars.iv
  %15 = load i32, i32* %14, align 4
  %16 = mul nsw i32 %15, %2
  store i32 %16, i32* %14, align 4
  %indvars.iv.next = add nuw nsw i64 %indvars.iv, 1
  %exitcond.not = icmp eq i64 %indvars.iv.next, %wide.trip.count
  br i1 %exitcond.not, label %._crit_edge.loopexit, label %.lr.ph, !llvm.loop !13

._crit_edge.loopexit:                             ; preds = %.lr.ph
  br label %._crit_edge

._crit_edge:                                      ; preds = %._crit_edge.loopexit, %middle.block, %3
  ret void
}
*** IR Dump After SimplifyCFGPass on scaleArray ***
; Function Attrs: nofree norecurse nosync nounwind uwtable
define dso_local void @scaleArray(i32* nocapture noundef %0, i32 noundef %1, i32 noundef %2) local_unnamed_addr #0 {
  %4 = icmp sgt i32 %1, 0
  br i1 %4, label %.lr.ph.preheader, label %._crit_edge

.lr.ph.preheader:                                 ; preds = %3
  %wide.trip.count = zext i32 %1 to i64
  %min.iters.check = icmp ult i32 %1, 8
  br i1 %min.iters.check, label %.lr.ph.preheader12, label %vector.ph

vector.ph:                                        ; preds = %.lr.ph.preheader
  %n.vec = and i64 %wide.trip.count, 4294967288
  %broadcast.splatinsert = insertelement <4 x i32> poison, i32 %2, i64 0
  %broadcast.splat = shufflevector <4 x i32> %broadcast.splatinsert, <4 x i32> poison, <4 x i32> zeroinitializer
  %broadcast.splatinsert10 = insertelement <4 x i32> poison, i32 %2, i64 0
  %broadcast.splat11 = shufflevector <4 x i32> %broadcast.splatinsert10, <4 x i32> poison, <4 x i32> zeroinitializer
  br label %vector.body

vector.body:                                      ; preds = %vector.body, %vector.ph
  %index = phi i64 [ 0, %vector.ph ], [ %index.next, %vector.body ]
  %5 = getelementptr inbounds i32, i32* %0, i64 %index
  %6 = bitcast i32* %5 to <4 x i32>*
  %wide.load = load <4 x i32>, <4 x i32>* %6, align 4
  %7 = getelementptr inbounds i32, i32* %5, i64 4
  %8 = bitcast i32* %7 to <4 x i32>*
  %wide.load9 = load <4 x i32>, <4 x i32>* %8, align 4
  %9 = mul nsw <4 x i32> %wide.load, %broadcast.splat
  %10 = mul nsw <4 x i32> %wide.load9, %broadcast.splat11
  %11 = bitcast i32* %5 to <4 x i32>*
  store <4 x i32> %9, <4 x i32>* %11, align 4
  %12 = bitcast i32* %7 to <4 x i32>*
  store <4 x i32> %10, <4 x i32>* %12, align 4
  %index.next = add nuw i64 %index, 8
  %13 = icmp eq i64 %index.next, %n.vec
  br i1 %13, label %middle.block, label %vector.body, !llvm.loop !10

middle.block:                                     ; preds = %vector.body
  %cmp.n = icmp eq i64 %n.vec, %wide.trip.count
  br i1 %cmp.n, label %._crit_edge, label %.lr.ph.preheader12

.lr.ph.preheader12:                               ; preds = %.lr.ph.preheader, %middle.block
  %indvars.iv.ph = phi i64 [ 0, %.lr.ph.preheader ], [ %n.vec, %middle.block ]
  br label %.lr.ph

.lr.ph:                                           ; preds = %.lr.ph.preheader12, %.lr.ph
  %indvars.iv = phi i64 [ %indvars.iv.next, %.lr.ph ], [ %indvars.iv.ph, %.lr.ph.preheader12 ]
  %14 = getelementptr inbounds i32, i32* %0, i64 %indvars.iv
  %15 = load i32, i32* %14, align 4
  %16 = mul nsw i32 %15, %2
  store i32 %16, i32* %14, align 4
  %indvars.iv.next = add nuw nsw i64 %indvars.iv, 1
  %exitcond.not = icmp eq i64 %indvars.iv.next, %wide.trip.count
  br i1 %exitcond.not, label %._crit_edge, label %.lr.ph, !llvm.loop !13

._crit_edge:                                      ; preds = %.lr.ph, %middle.block, %3
  ret void
}
*** IR Dump Before CoroCleanupPass on scaleArray ***
; Function Attrs: nofree norecurse nosync nounwind uwtable
define dso_local void @scaleArray(i32* nocapture noundef %0, i32 noundef %1, i32 noundef %2) local_unnamed_addr #0 {
  %4 = icmp sgt i32 %1, 0
  br i1 %4, label %.lr.ph.preheader, label %._crit_edge

.lr.ph.preheader:                                 ; preds = %3
  %wide.trip.count = zext i32 %1 to i64
  %min.iters.check = icmp ult i32 %1, 8
  br i1 %min.iters.check, label %.lr.ph.preheader12, label %vector.ph

vector.ph:                                        ; preds = %.lr.ph.preheader
  %n.vec = and i64 %wide.trip.count, 4294967288
  %broadcast.splatinsert = insertelement <4 x i32> poison, i32 %2, i64 0
  %broadcast.splat = shufflevector <4 x i32> %broadcast.splatinsert, <4 x i32> poison, <4 x i32> zeroinitializer
  %broadcast.splatinsert10 = insertelement <4 x i32> poison, i32 %2, i64 0
  %broadcast.splat11 = shufflevector <4 x i32> %broadcast.splatinsert10, <4 x i32> poison, <4 x i32> zeroinitializer
  br label %vector.body

vector.body:                                      ; preds = %vector.body, %vector.ph
  %index = phi i64 [ 0, %vector.ph ], [ %index.next, %vector.body ]
  %5 = getelementptr inbounds i32, i32* %0, i64 %index
  %6 = bitcast i32* %5 to <4 x i32>*
  %wide.load = load <4 x i32>, <4 x i32>* %6, align 4
  %7 = getelementptr inbounds i32, i32* %5, i64 4
  %8 = bitcast i32* %7 to <4 x i32>*
  %wide.load9 = load <4 x i32>, <4 x i32>* %8, align 4
  %9 = mul nsw <4 x i32> %wide.load, %broadcast.splat
  %10 = mul nsw <4 x i32> %wide.load9, %broadcast.splat11
  %11 = bitcast i32* %5 to <4 x i32>*
  store <4 x i32> %9, <4 x i32>* %11, align 4
  %12 = bitcast i32* %7 to <4 x i32>*
  store <4 x i32> %10, <4 x i32>* %12, align 4
  %index.next = add nuw i64 %index, 8
  %13 = icmp eq i64 %index.next, %n.vec
  br i1 %13, label %middle.block, label %vector.body, !llvm.loop !10

middle.block:                                     ; preds = %vector.body
  %cmp.n = icmp eq i64 %n.vec, %wide.trip.count
  br i1 %cmp.n, label %._crit_edge, label %.lr.ph.preheader12

.lr.ph.preheader12:                               ; preds = %.lr.ph.preheader, %middle.block
  %indvars.iv.ph = phi i64 [ 0, %.lr.ph.preheader ], [ %n.vec, %middle.block ]
  br label %.lr.ph

.lr.ph:                                           ; preds = %.lr.ph.preheader12, %.lr.ph
  %indvars.iv = phi i64 [ %indvars.iv.next, %.lr.ph ], [ %indvars.iv.ph, %.lr.ph.preheader12 ]
  %14 = getelementptr inbounds i32, i32* %0, i64 %indvars.iv
  %15 = load i32, i32* %14, align 4
  %16 = mul nsw i32 %15, %2
  store i32 %16, i32* %14, align 4
  %indvars.iv.next = add nuw nsw i64 %indvars.iv, 1
  %exitcond.not = icmp eq i64 %indvars.iv.next, %wide.trip.count
  br i1 %exitcond.not, label %._crit_edge, label %.lr.ph, !llvm.loop !13

._crit_edge:                                      ; preds = %.lr.ph, %middle.block, %3
  ret void
}
*** IR Dump After CoroCleanupPass on scaleArray ***
; Function Attrs: nofree norecurse nosync nounwind uwtable
define dso_local void @scaleArray(i32* nocapture noundef %0, i32 noundef %1, i32 noundef %2) local_unnamed_addr #0 {
  %4 = icmp sgt i32 %1, 0
  br i1 %4, label %.lr.ph.preheader, label %._crit_edge

.lr.ph.preheader:                                 ; preds = %3
  %wide.trip.count = zext i32 %1 to i64
  %min.iters.check = icmp ult i32 %1, 8
  br i1 %min.iters.check, label %.lr.ph.preheader12, label %vector.ph

vector.ph:                                        ; preds = %.lr.ph.preheader
  %n.vec = and i64 %wide.trip.count, 4294967288
  %broadcast.splatinsert = insertelement <4 x i32> poison, i32 %2, i64 0
  %broadcast.splat = shufflevector <4 x i32> %broadcast.splatinsert, <4 x i32> poison, <4 x i32> zeroinitializer
  %broadcast.splatinsert10 = insertelement <4 x i32> poison, i32 %2, i64 0
  %broadcast.splat11 = shufflevector <4 x i32> %broadcast.splatinsert10, <4 x i32> poison, <4 x i32> zeroinitializer
  br label %vector.body

vector.body:                                      ; preds = %vector.body, %vector.ph
  %index = phi i64 [ 0, %vector.ph ], [ %index.next, %vector.body ]
  %5 = getelementptr inbounds i32, i32* %0, i64 %index
  %6 = bitcast i32* %5 to <4 x i32>*
  %wide.load = load <4 x i32>, <4 x i32>* %6, align 4
  %7 = getelementptr inbounds i32, i32* %5, i64 4
  %8 = bitcast i32* %7 to <4 x i32>*
  %wide.load9 = load <4 x i32>, <4 x i32>* %8, align 4
  %9 = mul nsw <4 x i32> %wide.load, %broadcast.splat
  %10 = mul nsw <4 x i32> %wide.load9, %broadcast.splat11
  %11 = bitcast i32* %5 to <4 x i32>*
  store <4 x i32> %9, <4 x i32>* %11, align 4
  %12 = bitcast i32* %7 to <4 x i32>*
  store <4 x i32> %10, <4 x i32>* %12, align 4
  %index.next = add nuw i64 %index, 8
  %13 = icmp eq i64 %index.next, %n.vec
  br i1 %13, label %middle.block, label %vector.body, !llvm.loop !10

middle.block:                                     ; preds = %vector.body
  %cmp.n = icmp eq i64 %n.vec, %wide.trip.count
  br i1 %cmp.n, label %._crit_edge, label %.lr.ph.preheader12

.lr.ph.preheader12:                               ; preds = %.lr.ph.preheader, %middle.block
  %indvars.iv.ph = phi i64 [ 0, %.lr.ph.preheader ], [ %n.vec, %middle.block ]
  br label %.lr.ph

.lr.ph:                                           ; preds = %.lr.ph.preheader12, %.lr.ph
  %indvars.iv = phi i64 [ %indvars.iv.next, %.lr.ph ], [ %indvars.iv.ph, %.lr.ph.preheader12 ]
  %14 = getelementptr inbounds i32, i32* %0, i64 %indvars.iv
  %15 = load i32, i32* %14, align 4
  %16 = mul nsw i32 %15, %2
  store i32 %16, i32* %14, align 4
  %indvars.iv.next = add nuw nsw i64 %indvars.iv, 1
  %exitcond.not = icmp eq i64 %indvars.iv.next, %wide.trip.count
  br i1 %exitcond.not, label %._crit_edge, label %.lr.ph, !llvm.loop !13

._crit_edge:                                      ; preds = %.lr.ph, %middle.block, %3
  ret void
}
*** IR Dump Before CGProfilePass on [module] ***
; ModuleID = 'scaleArray.in.ll'
source_filename = "scaleArray.c"
target datalayout = "e-m:e-i8:8:32-i16:16:32-i64:64-i128:128-n32:64-S128"
target triple = "aarch64-unknown-linux-gnu"

; Function Attrs: nofree norecurse nosync nounwind uwtable
define dso_local void @scaleArray(i32* nocapture noundef %0, i32 noundef %1, i32 noundef %2) local_unnamed_addr #0 {
  %4 = icmp sgt i32 %1, 0
  br i1 %4, label %.lr.ph.preheader, label %._crit_edge

.lr.ph.preheader:                                 ; preds = %3
  %wide.trip.count = zext i32 %1 to i64
  %min.iters.check = icmp ult i32 %1, 8
  br i1 %min.iters.check, label %.lr.ph.preheader12, label %vector.ph

vector.ph:                                        ; preds = %.lr.ph.preheader
  %n.vec = and i64 %wide.trip.count, 4294967288
  %broadcast.splatinsert = insertelement <4 x i32> poison, i32 %2, i64 0
  %broadcast.splat = shufflevector <4 x i32> %broadcast.splatinsert, <4 x i32> poison, <4 x i32> zeroinitializer
  %broadcast.splatinsert10 = insertelement <4 x i32> poison, i32 %2, i64 0
  %broadcast.splat11 = shufflevector <4 x i32> %broadcast.splatinsert10, <4 x i32> poison, <4 x i32> zeroinitializer
  br label %vector.body

vector.body:                                      ; preds = %vector.body, %vector.ph
  %index = phi i64 [ 0, %vector.ph ], [ %index.next, %vector.body ]
  %5 = getelementptr inbounds i32, i32* %0, i64 %index
  %6 = bitcast i32* %5 to <4 x i32>*
  %wide.load = load <4 x i32>, <4 x i32>* %6, align 4
  %7 = getelementptr inbounds i32, i32* %5, i64 4
  %8 = bitcast i32* %7 to <4 x i32>*
  %wide.load9 = load <4 x i32>, <4 x i32>* %8, align 4
  %9 = mul nsw <4 x i32> %wide.load, %broadcast.splat
  %10 = mul nsw <4 x i32> %wide.load9, %broadcast.splat11
  %11 = bitcast i32* %5 to <4 x i32>*
  store <4 x i32> %9, <4 x i32>* %11, align 4
  %12 = bitcast i32* %7 to <4 x i32>*
  store <4 x i32> %10, <4 x i32>* %12, align 4
  %index.next = add nuw i64 %index, 8
  %13 = icmp eq i64 %index.next, %n.vec
  br i1 %13, label %middle.block, label %vector.body, !llvm.loop !10

middle.block:                                     ; preds = %vector.body
  %cmp.n = icmp eq i64 %n.vec, %wide.trip.count
  br i1 %cmp.n, label %._crit_edge, label %.lr.ph.preheader12

.lr.ph.preheader12:                               ; preds = %.lr.ph.preheader, %middle.block
  %indvars.iv.ph = phi i64 [ 0, %.lr.ph.preheader ], [ %n.vec, %middle.block ]
  br label %.lr.ph

.lr.ph:                                           ; preds = %.lr.ph.preheader12, %.lr.ph
  %indvars.iv = phi i64 [ %indvars.iv.next, %.lr.ph ], [ %indvars.iv.ph, %.lr.ph.preheader12 ]
  %14 = getelementptr inbounds i32, i32* %0, i64 %indvars.iv
  %15 = load i32, i32* %14, align 4
  %16 = mul nsw i32 %15, %2
  store i32 %16, i32* %14, align 4
  %indvars.iv.next = add nuw nsw i64 %indvars.iv, 1
  %exitcond.not = icmp eq i64 %indvars.iv.next, %wide.trip.count
  br i1 %exitcond.not, label %._crit_edge, label %.lr.ph, !llvm.loop !13

._crit_edge:                                      ; preds = %.lr.ph, %middle.block, %3
  ret void
}

attributes #0 = { nofree norecurse nosync nounwind uwtable "frame-pointer"="non-leaf" "min-legal-vector-width"="0" "no-trapping-math"="true" "stack-protector-buffer-size"="8" "target-cpu"="generic" "target-features"="+neon,+outline-atomics,+v8a" }

!llvm.module.flags = !{!0, !1, !2, !3, !4, !5, !6, !7, !8}
!llvm.ident = !{!9}

!0 = !{i32 1, !"wchar_size", i32 4}
!1 = !{i32 1, !"branch-target-enforcement", i32 0}
!2 = !{i32 1, !"sign-return-address", i32 0}
!3 = !{i32 1, !"sign-return-address-all", i32 0}
!4 = !{i32 1, !"sign-return-address-with-bkey", i32 0}
!5 = !{i32 7, !"PIC Level", i32 2}
!6 = !{i32 7, !"PIE Level", i32 2}
!7 = !{i32 7, !"uwtable", i32 1}
!8 = !{i32 7, !"frame-pointer", i32 1}
!9 = !{!"Ubuntu clang version 14.0.0-1ubuntu1.1"}
!10 = distinct !{!10, !11, !12}
!11 = !{!"llvm.loop.mustprogress"}
!12 = !{!"llvm.loop.isvectorized", i32 1}
!13 = distinct !{!13, !11, !14, !12}
!14 = !{!"llvm.loop.unroll.runtime.disable"}
*** IR Dump After CGProfilePass on [module] ***
; ModuleID = 'scaleArray.in.ll'
source_filename = "scaleArray.c"
target datalayout = "e-m:e-i8:8:32-i16:16:32-i64:64-i128:128-n32:64-S128"
target triple = "aarch64-unknown-linux-gnu"

; Function Attrs: nofree norecurse nosync nounwind uwtable
define dso_local void @scaleArray(i32* nocapture noundef %0, i32 noundef %1, i32 noundef %2) local_unnamed_addr #0 {
  %4 = icmp sgt i32 %1, 0
  br i1 %4, label %.lr.ph.preheader, label %._crit_edge

.lr.ph.preheader:                                 ; preds = %3
  %wide.trip.count = zext i32 %1 to i64
  %min.iters.check = icmp ult i32 %1, 8
  br i1 %min.iters.check, label %.lr.ph.preheader12, label %vector.ph

vector.ph:                                        ; preds = %.lr.ph.preheader
  %n.vec = and i64 %wide.trip.count, 4294967288
  %broadcast.splatinsert = insertelement <4 x i32> poison, i32 %2, i64 0
  %broadcast.splat = shufflevector <4 x i32> %broadcast.splatinsert, <4 x i32> poison, <4 x i32> zeroinitializer
  %broadcast.splatinsert10 = insertelement <4 x i32> poison, i32 %2, i64 0
  %broadcast.splat11 = shufflevector <4 x i32> %broadcast.splatinsert10, <4 x i32> poison, <4 x i32> zeroinitializer
  br label %vector.body

vector.body:                                      ; preds = %vector.body, %vector.ph
  %index = phi i64 [ 0, %vector.ph ], [ %index.next, %vector.body ]
  %5 = getelementptr inbounds i32, i32* %0, i64 %index
  %6 = bitcast i32* %5 to <4 x i32>*
  %wide.load = load <4 x i32>, <4 x i32>* %6, align 4
  %7 = getelementptr inbounds i32, i32* %5, i64 4
  %8 = bitcast i32* %7 to <4 x i32>*
  %wide.load9 = load <4 x i32>, <4 x i32>* %8, align 4
  %9 = mul nsw <4 x i32> %wide.load, %broadcast.splat
  %10 = mul nsw <4 x i32> %wide.load9, %broadcast.splat11
  %11 = bitcast i32* %5 to <4 x i32>*
  store <4 x i32> %9, <4 x i32>* %11, align 4
  %12 = bitcast i32* %7 to <4 x i32>*
  store <4 x i32> %10, <4 x i32>* %12, align 4
  %index.next = add nuw i64 %index, 8
  %13 = icmp eq i64 %index.next, %n.vec
  br i1 %13, label %middle.block, label %vector.body, !llvm.loop !10

middle.block:                                     ; preds = %vector.body
  %cmp.n = icmp eq i64 %n.vec, %wide.trip.count
  br i1 %cmp.n, label %._crit_edge, label %.lr.ph.preheader12

.lr.ph.preheader12:                               ; preds = %.lr.ph.preheader, %middle.block
  %indvars.iv.ph = phi i64 [ 0, %.lr.ph.preheader ], [ %n.vec, %middle.block ]
  br label %.lr.ph

.lr.ph:                                           ; preds = %.lr.ph.preheader12, %.lr.ph
  %indvars.iv = phi i64 [ %indvars.iv.next, %.lr.ph ], [ %indvars.iv.ph, %.lr.ph.preheader12 ]
  %14 = getelementptr inbounds i32, i32* %0, i64 %indvars.iv
  %15 = load i32, i32* %14, align 4
  %16 = mul nsw i32 %15, %2
  store i32 %16, i32* %14, align 4
  %indvars.iv.next = add nuw nsw i64 %indvars.iv, 1
  %exitcond.not = icmp eq i64 %indvars.iv.next, %wide.trip.count
  br i1 %exitcond.not, label %._crit_edge, label %.lr.ph, !llvm.loop !13

._crit_edge:                                      ; preds = %.lr.ph, %middle.block, %3
  ret void
}

attributes #0 = { nofree norecurse nosync nounwind uwtable "frame-pointer"="non-leaf" "min-legal-vector-width"="0" "no-trapping-math"="true" "stack-protector-buffer-size"="8" "target-cpu"="generic" "target-features"="+neon,+outline-atomics,+v8a" }

!llvm.module.flags = !{!0, !1, !2, !3, !4, !5, !6, !7, !8}
!llvm.ident = !{!9}

!0 = !{i32 1, !"wchar_size", i32 4}
!1 = !{i32 1, !"branch-target-enforcement", i32 0}
!2 = !{i32 1, !"sign-return-address", i32 0}
!3 = !{i32 1, !"sign-return-address-all", i32 0}
!4 = !{i32 1, !"sign-return-address-with-bkey", i32 0}
!5 = !{i32 7, !"PIC Level", i32 2}
!6 = !{i32 7, !"PIE Level", i32 2}
!7 = !{i32 7, !"uwtable", i32 1}
!8 = !{i32 7, !"frame-pointer", i32 1}
!9 = !{!"Ubuntu clang version 14.0.0-1ubuntu1.1"}
!10 = distinct !{!10, !11, !12}
!11 = !{!"llvm.loop.mustprogress"}
!12 = !{!"llvm.loop.isvectorized", i32 1}
!13 = distinct !{!13, !11, !14, !12}
!14 = !{!"llvm.loop.unroll.runtime.disable"}
*** IR Dump Before GlobalDCEPass on [module] ***
; ModuleID = 'scaleArray.in.ll'
source_filename = "scaleArray.c"
target datalayout = "e-m:e-i8:8:32-i16:16:32-i64:64-i128:128-n32:64-S128"
target triple = "aarch64-unknown-linux-gnu"

; Function Attrs: nofree norecurse nosync nounwind uwtable
define dso_local void @scaleArray(i32* nocapture noundef %0, i32 noundef %1, i32 noundef %2) local_unnamed_addr #0 {
  %4 = icmp sgt i32 %1, 0
  br i1 %4, label %.lr.ph.preheader, label %._crit_edge

.lr.ph.preheader:                                 ; preds = %3
  %wide.trip.count = zext i32 %1 to i64
  %min.iters.check = icmp ult i32 %1, 8
  br i1 %min.iters.check, label %.lr.ph.preheader12, label %vector.ph

vector.ph:                                        ; preds = %.lr.ph.preheader
  %n.vec = and i64 %wide.trip.count, 4294967288
  %broadcast.splatinsert = insertelement <4 x i32> poison, i32 %2, i64 0
  %broadcast.splat = shufflevector <4 x i32> %broadcast.splatinsert, <4 x i32> poison, <4 x i32> zeroinitializer
  %broadcast.splatinsert10 = insertelement <4 x i32> poison, i32 %2, i64 0
  %broadcast.splat11 = shufflevector <4 x i32> %broadcast.splatinsert10, <4 x i32> poison, <4 x i32> zeroinitializer
  br label %vector.body

vector.body:                                      ; preds = %vector.body, %vector.ph
  %index = phi i64 [ 0, %vector.ph ], [ %index.next, %vector.body ]
  %5 = getelementptr inbounds i32, i32* %0, i64 %index
  %6 = bitcast i32* %5 to <4 x i32>*
  %wide.load = load <4 x i32>, <4 x i32>* %6, align 4
  %7 = getelementptr inbounds i32, i32* %5, i64 4
  %8 = bitcast i32* %7 to <4 x i32>*
  %wide.load9 = load <4 x i32>, <4 x i32>* %8, align 4
  %9 = mul nsw <4 x i32> %wide.load, %broadcast.splat
  %10 = mul nsw <4 x i32> %wide.load9, %broadcast.splat11
  %11 = bitcast i32* %5 to <4 x i32>*
  store <4 x i32> %9, <4 x i32>* %11, align 4
  %12 = bitcast i32* %7 to <4 x i32>*
  store <4 x i32> %10, <4 x i32>* %12, align 4
  %index.next = add nuw i64 %index, 8
  %13 = icmp eq i64 %index.next, %n.vec
  br i1 %13, label %middle.block, label %vector.body, !llvm.loop !10

middle.block:                                     ; preds = %vector.body
  %cmp.n = icmp eq i64 %n.vec, %wide.trip.count
  br i1 %cmp.n, label %._crit_edge, label %.lr.ph.preheader12

.lr.ph.preheader12:                               ; preds = %.lr.ph.preheader, %middle.block
  %indvars.iv.ph = phi i64 [ 0, %.lr.ph.preheader ], [ %n.vec, %middle.block ]
  br label %.lr.ph

.lr.ph:                                           ; preds = %.lr.ph.preheader12, %.lr.ph
  %indvars.iv = phi i64 [ %indvars.iv.next, %.lr.ph ], [ %indvars.iv.ph, %.lr.ph.preheader12 ]
  %14 = getelementptr inbounds i32, i32* %0, i64 %indvars.iv
  %15 = load i32, i32* %14, align 4
  %16 = mul nsw i32 %15, %2
  store i32 %16, i32* %14, align 4
  %indvars.iv.next = add nuw nsw i64 %indvars.iv, 1
  %exitcond.not = icmp eq i64 %indvars.iv.next, %wide.trip.count
  br i1 %exitcond.not, label %._crit_edge, label %.lr.ph, !llvm.loop !13

._crit_edge:                                      ; preds = %.lr.ph, %middle.block, %3
  ret void
}

attributes #0 = { nofree norecurse nosync nounwind uwtable "frame-pointer"="non-leaf" "min-legal-vector-width"="0" "no-trapping-math"="true" "stack-protector-buffer-size"="8" "target-cpu"="generic" "target-features"="+neon,+outline-atomics,+v8a" }

!llvm.module.flags = !{!0, !1, !2, !3, !4, !5, !6, !7, !8}
!llvm.ident = !{!9}

!0 = !{i32 1, !"wchar_size", i32 4}
!1 = !{i32 1, !"branch-target-enforcement", i32 0}
!2 = !{i32 1, !"sign-return-address", i32 0}
!3 = !{i32 1, !"sign-return-address-all", i32 0}
!4 = !{i32 1, !"sign-return-address-with-bkey", i32 0}
!5 = !{i32 7, !"PIC Level", i32 2}
!6 = !{i32 7, !"PIE Level", i32 2}
!7 = !{i32 7, !"uwtable", i32 1}
!8 = !{i32 7, !"frame-pointer", i32 1}
!9 = !{!"Ubuntu clang version 14.0.0-1ubuntu1.1"}
!10 = distinct !{!10, !11, !12}
!11 = !{!"llvm.loop.mustprogress"}
!12 = !{!"llvm.loop.isvectorized", i32 1}
!13 = distinct !{!13, !11, !14, !12}
!14 = !{!"llvm.loop.unroll.runtime.disable"}
*** IR Dump After GlobalDCEPass on [module] ***
; ModuleID = 'scaleArray.in.ll'
source_filename = "scaleArray.c"
target datalayout = "e-m:e-i8:8:32-i16:16:32-i64:64-i128:128-n32:64-S128"
target triple = "aarch64-unknown-linux-gnu"

; Function Attrs: nofree norecurse nosync nounwind uwtable
define dso_local void @scaleArray(i32* nocapture noundef %0, i32 noundef %1, i32 noundef %2) local_unnamed_addr #0 {
  %4 = icmp sgt i32 %1, 0
  br i1 %4, label %.lr.ph.preheader, label %._crit_edge

.lr.ph.preheader:                                 ; preds = %3
  %wide.trip.count = zext i32 %1 to i64
  %min.iters.check = icmp ult i32 %1, 8
  br i1 %min.iters.check, label %.lr.ph.preheader12, label %vector.ph

vector.ph:                                        ; preds = %.lr.ph.preheader
  %n.vec = and i64 %wide.trip.count, 4294967288
  %broadcast.splatinsert = insertelement <4 x i32> poison, i32 %2, i64 0
  %broadcast.splat = shufflevector <4 x i32> %broadcast.splatinsert, <4 x i32> poison, <4 x i32> zeroinitializer
  %broadcast.splatinsert10 = insertelement <4 x i32> poison, i32 %2, i64 0
  %broadcast.splat11 = shufflevector <4 x i32> %broadcast.splatinsert10, <4 x i32> poison, <4 x i32> zeroinitializer
  br label %vector.body

vector.body:                                      ; preds = %vector.body, %vector.ph
  %index = phi i64 [ 0, %vector.ph ], [ %index.next, %vector.body ]
  %5 = getelementptr inbounds i32, i32* %0, i64 %index
  %6 = bitcast i32* %5 to <4 x i32>*
  %wide.load = load <4 x i32>, <4 x i32>* %6, align 4
  %7 = getelementptr inbounds i32, i32* %5, i64 4
  %8 = bitcast i32* %7 to <4 x i32>*
  %wide.load9 = load <4 x i32>, <4 x i32>* %8, align 4
  %9 = mul nsw <4 x i32> %wide.load, %broadcast.splat
  %10 = mul nsw <4 x i32> %wide.load9, %broadcast.splat11
  %11 = bitcast i32* %5 to <4 x i32>*
  store <4 x i32> %9, <4 x i32>* %11, align 4
  %12 = bitcast i32* %7 to <4 x i32>*
  store <4 x i32> %10, <4 x i32>* %12, align 4
  %index.next = add nuw i64 %index, 8
  %13 = icmp eq i64 %index.next, %n.vec
  br i1 %13, label %middle.block, label %vector.body, !llvm.loop !10

middle.block:                                     ; preds = %vector.body
  %cmp.n = icmp eq i64 %n.vec, %wide.trip.count
  br i1 %cmp.n, label %._crit_edge, label %.lr.ph.preheader12

.lr.ph.preheader12:                               ; preds = %.lr.ph.preheader, %middle.block
  %indvars.iv.ph = phi i64 [ 0, %.lr.ph.preheader ], [ %n.vec, %middle.block ]
  br label %.lr.ph

.lr.ph:                                           ; preds = %.lr.ph.preheader12, %.lr.ph
  %indvars.iv = phi i64 [ %indvars.iv.next, %.lr.ph ], [ %indvars.iv.ph, %.lr.ph.preheader12 ]
  %14 = getelementptr inbounds i32, i32* %0, i64 %indvars.iv
  %15 = load i32, i32* %14, align 4
  %16 = mul nsw i32 %15, %2
  store i32 %16, i32* %14, align 4
  %indvars.iv.next = add nuw nsw i64 %indvars.iv, 1
  %exitcond.not = icmp eq i64 %indvars.iv.next, %wide.trip.count
  br i1 %exitcond.not, label %._crit_edge, label %.lr.ph, !llvm.loop !13

._crit_edge:                                      ; preds = %.lr.ph, %middle.block, %3
  ret void
}

attributes #0 = { nofree norecurse nosync nounwind uwtable "frame-pointer"="non-leaf" "min-legal-vector-width"="0" "no-trapping-math"="true" "stack-protector-buffer-size"="8" "target-cpu"="generic" "target-features"="+neon,+outline-atomics,+v8a" }

!llvm.module.flags = !{!0, !1, !2, !3, !4, !5, !6, !7, !8}
!llvm.ident = !{!9}

!0 = !{i32 1, !"wchar_size", i32 4}
!1 = !{i32 1, !"branch-target-enforcement", i32 0}
!2 = !{i32 1, !"sign-return-address", i32 0}
!3 = !{i32 1, !"sign-return-address-all", i32 0}
!4 = !{i32 1, !"sign-return-address-with-bkey", i32 0}
!5 = !{i32 7, !"PIC Level", i32 2}
!6 = !{i32 7, !"PIE Level", i32 2}
!7 = !{i32 7, !"uwtable", i32 1}
!8 = !{i32 7, !"frame-pointer", i32 1}
!9 = !{!"Ubuntu clang version 14.0.0-1ubuntu1.1"}
!10 = distinct !{!10, !11, !12}
!11 = !{!"llvm.loop.mustprogress"}
!12 = !{!"llvm.loop.isvectorized", i32 1}
!13 = distinct !{!13, !11, !14, !12}
!14 = !{!"llvm.loop.unroll.runtime.disable"}
*** IR Dump Before ConstantMergePass on [module] ***
; ModuleID = 'scaleArray.in.ll'
source_filename = "scaleArray.c"
target datalayout = "e-m:e-i8:8:32-i16:16:32-i64:64-i128:128-n32:64-S128"
target triple = "aarch64-unknown-linux-gnu"

; Function Attrs: nofree norecurse nosync nounwind uwtable
define dso_local void @scaleArray(i32* nocapture noundef %0, i32 noundef %1, i32 noundef %2) local_unnamed_addr #0 {
  %4 = icmp sgt i32 %1, 0
  br i1 %4, label %.lr.ph.preheader, label %._crit_edge

.lr.ph.preheader:                                 ; preds = %3
  %wide.trip.count = zext i32 %1 to i64
  %min.iters.check = icmp ult i32 %1, 8
  br i1 %min.iters.check, label %.lr.ph.preheader12, label %vector.ph

vector.ph:                                        ; preds = %.lr.ph.preheader
  %n.vec = and i64 %wide.trip.count, 4294967288
  %broadcast.splatinsert = insertelement <4 x i32> poison, i32 %2, i64 0
  %broadcast.splat = shufflevector <4 x i32> %broadcast.splatinsert, <4 x i32> poison, <4 x i32> zeroinitializer
  %broadcast.splatinsert10 = insertelement <4 x i32> poison, i32 %2, i64 0
  %broadcast.splat11 = shufflevector <4 x i32> %broadcast.splatinsert10, <4 x i32> poison, <4 x i32> zeroinitializer
  br label %vector.body

vector.body:                                      ; preds = %vector.body, %vector.ph
  %index = phi i64 [ 0, %vector.ph ], [ %index.next, %vector.body ]
  %5 = getelementptr inbounds i32, i32* %0, i64 %index
  %6 = bitcast i32* %5 to <4 x i32>*
  %wide.load = load <4 x i32>, <4 x i32>* %6, align 4
  %7 = getelementptr inbounds i32, i32* %5, i64 4
  %8 = bitcast i32* %7 to <4 x i32>*
  %wide.load9 = load <4 x i32>, <4 x i32>* %8, align 4
  %9 = mul nsw <4 x i32> %wide.load, %broadcast.splat
  %10 = mul nsw <4 x i32> %wide.load9, %broadcast.splat11
  %11 = bitcast i32* %5 to <4 x i32>*
  store <4 x i32> %9, <4 x i32>* %11, align 4
  %12 = bitcast i32* %7 to <4 x i32>*
  store <4 x i32> %10, <4 x i32>* %12, align 4
  %index.next = add nuw i64 %index, 8
  %13 = icmp eq i64 %index.next, %n.vec
  br i1 %13, label %middle.block, label %vector.body, !llvm.loop !10

middle.block:                                     ; preds = %vector.body
  %cmp.n = icmp eq i64 %n.vec, %wide.trip.count
  br i1 %cmp.n, label %._crit_edge, label %.lr.ph.preheader12

.lr.ph.preheader12:                               ; preds = %.lr.ph.preheader, %middle.block
  %indvars.iv.ph = phi i64 [ 0, %.lr.ph.preheader ], [ %n.vec, %middle.block ]
  br label %.lr.ph

.lr.ph:                                           ; preds = %.lr.ph.preheader12, %.lr.ph
  %indvars.iv = phi i64 [ %indvars.iv.next, %.lr.ph ], [ %indvars.iv.ph, %.lr.ph.preheader12 ]
  %14 = getelementptr inbounds i32, i32* %0, i64 %indvars.iv
  %15 = load i32, i32* %14, align 4
  %16 = mul nsw i32 %15, %2
  store i32 %16, i32* %14, align 4
  %indvars.iv.next = add nuw nsw i64 %indvars.iv, 1
  %exitcond.not = icmp eq i64 %indvars.iv.next, %wide.trip.count
  br i1 %exitcond.not, label %._crit_edge, label %.lr.ph, !llvm.loop !13

._crit_edge:                                      ; preds = %.lr.ph, %middle.block, %3
  ret void
}

attributes #0 = { nofree norecurse nosync nounwind uwtable "frame-pointer"="non-leaf" "min-legal-vector-width"="0" "no-trapping-math"="true" "stack-protector-buffer-size"="8" "target-cpu"="generic" "target-features"="+neon,+outline-atomics,+v8a" }

!llvm.module.flags = !{!0, !1, !2, !3, !4, !5, !6, !7, !8}
!llvm.ident = !{!9}

!0 = !{i32 1, !"wchar_size", i32 4}
!1 = !{i32 1, !"branch-target-enforcement", i32 0}
!2 = !{i32 1, !"sign-return-address", i32 0}
!3 = !{i32 1, !"sign-return-address-all", i32 0}
!4 = !{i32 1, !"sign-return-address-with-bkey", i32 0}
!5 = !{i32 7, !"PIC Level", i32 2}
!6 = !{i32 7, !"PIE Level", i32 2}
!7 = !{i32 7, !"uwtable", i32 1}
!8 = !{i32 7, !"frame-pointer", i32 1}
!9 = !{!"Ubuntu clang version 14.0.0-1ubuntu1.1"}
!10 = distinct !{!10, !11, !12}
!11 = !{!"llvm.loop.mustprogress"}
!12 = !{!"llvm.loop.isvectorized", i32 1}
!13 = distinct !{!13, !11, !14, !12}
!14 = !{!"llvm.loop.unroll.runtime.disable"}
*** IR Dump After ConstantMergePass on [module] ***
; ModuleID = 'scaleArray.in.ll'
source_filename = "scaleArray.c"
target datalayout = "e-m:e-i8:8:32-i16:16:32-i64:64-i128:128-n32:64-S128"
target triple = "aarch64-unknown-linux-gnu"

; Function Attrs: nofree norecurse nosync nounwind uwtable
define dso_local void @scaleArray(i32* nocapture noundef %0, i32 noundef %1, i32 noundef %2) local_unnamed_addr #0 {
  %4 = icmp sgt i32 %1, 0
  br i1 %4, label %.lr.ph.preheader, label %._crit_edge

.lr.ph.preheader:                                 ; preds = %3
  %wide.trip.count = zext i32 %1 to i64
  %min.iters.check = icmp ult i32 %1, 8
  br i1 %min.iters.check, label %.lr.ph.preheader12, label %vector.ph

vector.ph:                                        ; preds = %.lr.ph.preheader
  %n.vec = and i64 %wide.trip.count, 4294967288
  %broadcast.splatinsert = insertelement <4 x i32> poison, i32 %2, i64 0
  %broadcast.splat = shufflevector <4 x i32> %broadcast.splatinsert, <4 x i32> poison, <4 x i32> zeroinitializer
  %broadcast.splatinsert10 = insertelement <4 x i32> poison, i32 %2, i64 0
  %broadcast.splat11 = shufflevector <4 x i32> %broadcast.splatinsert10, <4 x i32> poison, <4 x i32> zeroinitializer
  br label %vector.body

vector.body:                                      ; preds = %vector.body, %vector.ph
  %index = phi i64 [ 0, %vector.ph ], [ %index.next, %vector.body ]
  %5 = getelementptr inbounds i32, i32* %0, i64 %index
  %6 = bitcast i32* %5 to <4 x i32>*
  %wide.load = load <4 x i32>, <4 x i32>* %6, align 4
  %7 = getelementptr inbounds i32, i32* %5, i64 4
  %8 = bitcast i32* %7 to <4 x i32>*
  %wide.load9 = load <4 x i32>, <4 x i32>* %8, align 4
  %9 = mul nsw <4 x i32> %wide.load, %broadcast.splat
  %10 = mul nsw <4 x i32> %wide.load9, %broadcast.splat11
  %11 = bitcast i32* %5 to <4 x i32>*
  store <4 x i32> %9, <4 x i32>* %11, align 4
  %12 = bitcast i32* %7 to <4 x i32>*
  store <4 x i32> %10, <4 x i32>* %12, align 4
  %index.next = add nuw i64 %index, 8
  %13 = icmp eq i64 %index.next, %n.vec
  br i1 %13, label %middle.block, label %vector.body, !llvm.loop !10

middle.block:                                     ; preds = %vector.body
  %cmp.n = icmp eq i64 %n.vec, %wide.trip.count
  br i1 %cmp.n, label %._crit_edge, label %.lr.ph.preheader12

.lr.ph.preheader12:                               ; preds = %.lr.ph.preheader, %middle.block
  %indvars.iv.ph = phi i64 [ 0, %.lr.ph.preheader ], [ %n.vec, %middle.block ]
  br label %.lr.ph

.lr.ph:                                           ; preds = %.lr.ph.preheader12, %.lr.ph
  %indvars.iv = phi i64 [ %indvars.iv.next, %.lr.ph ], [ %indvars.iv.ph, %.lr.ph.preheader12 ]
  %14 = getelementptr inbounds i32, i32* %0, i64 %indvars.iv
  %15 = load i32, i32* %14, align 4
  %16 = mul nsw i32 %15, %2
  store i32 %16, i32* %14, align 4
  %indvars.iv.next = add nuw nsw i64 %indvars.iv, 1
  %exitcond.not = icmp eq i64 %indvars.iv.next, %wide.trip.count
  br i1 %exitcond.not, label %._crit_edge, label %.lr.ph, !llvm.loop !13

._crit_edge:                                      ; preds = %.lr.ph, %middle.block, %3
  ret void
}

attributes #0 = { nofree norecurse nosync nounwind uwtable "frame-pointer"="non-leaf" "min-legal-vector-width"="0" "no-trapping-math"="true" "stack-protector-buffer-size"="8" "target-cpu"="generic" "target-features"="+neon,+outline-atomics,+v8a" }

!llvm.module.flags = !{!0, !1, !2, !3, !4, !5, !6, !7, !8}
!llvm.ident = !{!9}

!0 = !{i32 1, !"wchar_size", i32 4}
!1 = !{i32 1, !"branch-target-enforcement", i32 0}
!2 = !{i32 1, !"sign-return-address", i32 0}
!3 = !{i32 1, !"sign-return-address-all", i32 0}
!4 = !{i32 1, !"sign-return-address-with-bkey", i32 0}
!5 = !{i32 7, !"PIC Level", i32 2}
!6 = !{i32 7, !"PIE Level", i32 2}
!7 = !{i32 7, !"uwtable", i32 1}
!8 = !{i32 7, !"frame-pointer", i32 1}
!9 = !{!"Ubuntu clang version 14.0.0-1ubuntu1.1"}
!10 = distinct !{!10, !11, !12}
!11 = !{!"llvm.loop.mustprogress"}
!12 = !{!"llvm.loop.isvectorized", i32 1}
!13 = distinct !{!13, !11, !14, !12}
!14 = !{!"llvm.loop.unroll.runtime.disable"}
*** IR Dump Before RelLookupTableConverterPass on [module] ***
; ModuleID = 'scaleArray.in.ll'
source_filename = "scaleArray.c"
target datalayout = "e-m:e-i8:8:32-i16:16:32-i64:64-i128:128-n32:64-S128"
target triple = "aarch64-unknown-linux-gnu"

; Function Attrs: nofree norecurse nosync nounwind uwtable
define dso_local void @scaleArray(i32* nocapture noundef %0, i32 noundef %1, i32 noundef %2) local_unnamed_addr #0 {
  %4 = icmp sgt i32 %1, 0
  br i1 %4, label %.lr.ph.preheader, label %._crit_edge

.lr.ph.preheader:                                 ; preds = %3
  %wide.trip.count = zext i32 %1 to i64
  %min.iters.check = icmp ult i32 %1, 8
  br i1 %min.iters.check, label %.lr.ph.preheader12, label %vector.ph

vector.ph:                                        ; preds = %.lr.ph.preheader
  %n.vec = and i64 %wide.trip.count, 4294967288
  %broadcast.splatinsert = insertelement <4 x i32> poison, i32 %2, i64 0
  %broadcast.splat = shufflevector <4 x i32> %broadcast.splatinsert, <4 x i32> poison, <4 x i32> zeroinitializer
  %broadcast.splatinsert10 = insertelement <4 x i32> poison, i32 %2, i64 0
  %broadcast.splat11 = shufflevector <4 x i32> %broadcast.splatinsert10, <4 x i32> poison, <4 x i32> zeroinitializer
  br label %vector.body

vector.body:                                      ; preds = %vector.body, %vector.ph
  %index = phi i64 [ 0, %vector.ph ], [ %index.next, %vector.body ]
  %5 = getelementptr inbounds i32, i32* %0, i64 %index
  %6 = bitcast i32* %5 to <4 x i32>*
  %wide.load = load <4 x i32>, <4 x i32>* %6, align 4
  %7 = getelementptr inbounds i32, i32* %5, i64 4
  %8 = bitcast i32* %7 to <4 x i32>*
  %wide.load9 = load <4 x i32>, <4 x i32>* %8, align 4
  %9 = mul nsw <4 x i32> %wide.load, %broadcast.splat
  %10 = mul nsw <4 x i32> %wide.load9, %broadcast.splat11
  %11 = bitcast i32* %5 to <4 x i32>*
  store <4 x i32> %9, <4 x i32>* %11, align 4
  %12 = bitcast i32* %7 to <4 x i32>*
  store <4 x i32> %10, <4 x i32>* %12, align 4
  %index.next = add nuw i64 %index, 8
  %13 = icmp eq i64 %index.next, %n.vec
  br i1 %13, label %middle.block, label %vector.body, !llvm.loop !10

middle.block:                                     ; preds = %vector.body
  %cmp.n = icmp eq i64 %n.vec, %wide.trip.count
  br i1 %cmp.n, label %._crit_edge, label %.lr.ph.preheader12

.lr.ph.preheader12:                               ; preds = %.lr.ph.preheader, %middle.block
  %indvars.iv.ph = phi i64 [ 0, %.lr.ph.preheader ], [ %n.vec, %middle.block ]
  br label %.lr.ph

.lr.ph:                                           ; preds = %.lr.ph.preheader12, %.lr.ph
  %indvars.iv = phi i64 [ %indvars.iv.next, %.lr.ph ], [ %indvars.iv.ph, %.lr.ph.preheader12 ]
  %14 = getelementptr inbounds i32, i32* %0, i64 %indvars.iv
  %15 = load i32, i32* %14, align 4
  %16 = mul nsw i32 %15, %2
  store i32 %16, i32* %14, align 4
  %indvars.iv.next = add nuw nsw i64 %indvars.iv, 1
  %exitcond.not = icmp eq i64 %indvars.iv.next, %wide.trip.count
  br i1 %exitcond.not, label %._crit_edge, label %.lr.ph, !llvm.loop !13

._crit_edge:                                      ; preds = %.lr.ph, %middle.block, %3
  ret void
}

attributes #0 = { nofree norecurse nosync nounwind uwtable "frame-pointer"="non-leaf" "min-legal-vector-width"="0" "no-trapping-math"="true" "stack-protector-buffer-size"="8" "target-cpu"="generic" "target-features"="+neon,+outline-atomics,+v8a" }

!llvm.module.flags = !{!0, !1, !2, !3, !4, !5, !6, !7, !8}
!llvm.ident = !{!9}

!0 = !{i32 1, !"wchar_size", i32 4}
!1 = !{i32 1, !"branch-target-enforcement", i32 0}
!2 = !{i32 1, !"sign-return-address", i32 0}
!3 = !{i32 1, !"sign-return-address-all", i32 0}
!4 = !{i32 1, !"sign-return-address-with-bkey", i32 0}
!5 = !{i32 7, !"PIC Level", i32 2}
!6 = !{i32 7, !"PIE Level", i32 2}
!7 = !{i32 7, !"uwtable", i32 1}
!8 = !{i32 7, !"frame-pointer", i32 1}
!9 = !{!"Ubuntu clang version 14.0.0-1ubuntu1.1"}
!10 = distinct !{!10, !11, !12}
!11 = !{!"llvm.loop.mustprogress"}
!12 = !{!"llvm.loop.isvectorized", i32 1}
!13 = distinct !{!13, !11, !14, !12}
!14 = !{!"llvm.loop.unroll.runtime.disable"}
*** IR Dump After RelLookupTableConverterPass on [module] ***
; ModuleID = 'scaleArray.in.ll'
source_filename = "scaleArray.c"
target datalayout = "e-m:e-i8:8:32-i16:16:32-i64:64-i128:128-n32:64-S128"
target triple = "aarch64-unknown-linux-gnu"

; Function Attrs: nofree norecurse nosync nounwind uwtable
define dso_local void @scaleArray(i32* nocapture noundef %0, i32 noundef %1, i32 noundef %2) local_unnamed_addr #0 {
  %4 = icmp sgt i32 %1, 0
  br i1 %4, label %.lr.ph.preheader, label %._crit_edge

.lr.ph.preheader:                                 ; preds = %3
  %wide.trip.count = zext i32 %1 to i64
  %min.iters.check = icmp ult i32 %1, 8
  br i1 %min.iters.check, label %.lr.ph.preheader12, label %vector.ph

vector.ph:                                        ; preds = %.lr.ph.preheader
  %n.vec = and i64 %wide.trip.count, 4294967288
  %broadcast.splatinsert = insertelement <4 x i32> poison, i32 %2, i64 0
  %broadcast.splat = shufflevector <4 x i32> %broadcast.splatinsert, <4 x i32> poison, <4 x i32> zeroinitializer
  %broadcast.splatinsert10 = insertelement <4 x i32> poison, i32 %2, i64 0
  %broadcast.splat11 = shufflevector <4 x i32> %broadcast.splatinsert10, <4 x i32> poison, <4 x i32> zeroinitializer
  br label %vector.body

vector.body:                                      ; preds = %vector.body, %vector.ph
  %index = phi i64 [ 0, %vector.ph ], [ %index.next, %vector.body ]
  %5 = getelementptr inbounds i32, i32* %0, i64 %index
  %6 = bitcast i32* %5 to <4 x i32>*
  %wide.load = load <4 x i32>, <4 x i32>* %6, align 4
  %7 = getelementptr inbounds i32, i32* %5, i64 4
  %8 = bitcast i32* %7 to <4 x i32>*
  %wide.load9 = load <4 x i32>, <4 x i32>* %8, align 4
  %9 = mul nsw <4 x i32> %wide.load, %broadcast.splat
  %10 = mul nsw <4 x i32> %wide.load9, %broadcast.splat11
  %11 = bitcast i32* %5 to <4 x i32>*
  store <4 x i32> %9, <4 x i32>* %11, align 4
  %12 = bitcast i32* %7 to <4 x i32>*
  store <4 x i32> %10, <4 x i32>* %12, align 4
  %index.next = add nuw i64 %index, 8
  %13 = icmp eq i64 %index.next, %n.vec
  br i1 %13, label %middle.block, label %vector.body, !llvm.loop !10

middle.block:                                     ; preds = %vector.body
  %cmp.n = icmp eq i64 %n.vec, %wide.trip.count
  br i1 %cmp.n, label %._crit_edge, label %.lr.ph.preheader12

.lr.ph.preheader12:                               ; preds = %.lr.ph.preheader, %middle.block
  %indvars.iv.ph = phi i64 [ 0, %.lr.ph.preheader ], [ %n.vec, %middle.block ]
  br label %.lr.ph

.lr.ph:                                           ; preds = %.lr.ph.preheader12, %.lr.ph
  %indvars.iv = phi i64 [ %indvars.iv.next, %.lr.ph ], [ %indvars.iv.ph, %.lr.ph.preheader12 ]
  %14 = getelementptr inbounds i32, i32* %0, i64 %indvars.iv
  %15 = load i32, i32* %14, align 4
  %16 = mul nsw i32 %15, %2
  store i32 %16, i32* %14, align 4
  %indvars.iv.next = add nuw nsw i64 %indvars.iv, 1
  %exitcond.not = icmp eq i64 %indvars.iv.next, %wide.trip.count
  br i1 %exitcond.not, label %._crit_edge, label %.lr.ph, !llvm.loop !13

._crit_edge:                                      ; preds = %.lr.ph, %middle.block, %3
  ret void
}

attributes #0 = { nofree norecurse nosync nounwind uwtable "frame-pointer"="non-leaf" "min-legal-vector-width"="0" "no-trapping-math"="true" "stack-protector-buffer-size"="8" "target-cpu"="generic" "target-features"="+neon,+outline-atomics,+v8a" }

!llvm.module.flags = !{!0, !1, !2, !3, !4, !5, !6, !7, !8}
!llvm.ident = !{!9}

!0 = !{i32 1, !"wchar_size", i32 4}
!1 = !{i32 1, !"branch-target-enforcement", i32 0}
!2 = !{i32 1, !"sign-return-address", i32 0}
!3 = !{i32 1, !"sign-return-address-all", i32 0}
!4 = !{i32 1, !"sign-return-address-with-bkey", i32 0}
!5 = !{i32 7, !"PIC Level", i32 2}
!6 = !{i32 7, !"PIE Level", i32 2}
!7 = !{i32 7, !"uwtable", i32 1}
!8 = !{i32 7, !"frame-pointer", i32 1}
!9 = !{!"Ubuntu clang version 14.0.0-1ubuntu1.1"}
!10 = distinct !{!10, !11, !12}
!11 = !{!"llvm.loop.mustprogress"}
!12 = !{!"llvm.loop.isvectorized", i32 1}
!13 = distinct !{!13, !11, !14, !12}
!14 = !{!"llvm.loop.unroll.runtime.disable"}
*** IR Dump Before AnnotationRemarksPass on scaleArray ***
; Function Attrs: nofree norecurse nosync nounwind uwtable
define dso_local void @scaleArray(i32* nocapture noundef %0, i32 noundef %1, i32 noundef %2) local_unnamed_addr #0 {
  %4 = icmp sgt i32 %1, 0
  br i1 %4, label %.lr.ph.preheader, label %._crit_edge

.lr.ph.preheader:                                 ; preds = %3
  %wide.trip.count = zext i32 %1 to i64
  %min.iters.check = icmp ult i32 %1, 8
  br i1 %min.iters.check, label %.lr.ph.preheader12, label %vector.ph

vector.ph:                                        ; preds = %.lr.ph.preheader
  %n.vec = and i64 %wide.trip.count, 4294967288
  %broadcast.splatinsert = insertelement <4 x i32> poison, i32 %2, i64 0
  %broadcast.splat = shufflevector <4 x i32> %broadcast.splatinsert, <4 x i32> poison, <4 x i32> zeroinitializer
  %broadcast.splatinsert10 = insertelement <4 x i32> poison, i32 %2, i64 0
  %broadcast.splat11 = shufflevector <4 x i32> %broadcast.splatinsert10, <4 x i32> poison, <4 x i32> zeroinitializer
  br label %vector.body

vector.body:                                      ; preds = %vector.body, %vector.ph
  %index = phi i64 [ 0, %vector.ph ], [ %index.next, %vector.body ]
  %5 = getelementptr inbounds i32, i32* %0, i64 %index
  %6 = bitcast i32* %5 to <4 x i32>*
  %wide.load = load <4 x i32>, <4 x i32>* %6, align 4
  %7 = getelementptr inbounds i32, i32* %5, i64 4
  %8 = bitcast i32* %7 to <4 x i32>*
  %wide.load9 = load <4 x i32>, <4 x i32>* %8, align 4
  %9 = mul nsw <4 x i32> %wide.load, %broadcast.splat
  %10 = mul nsw <4 x i32> %wide.load9, %broadcast.splat11
  %11 = bitcast i32* %5 to <4 x i32>*
  store <4 x i32> %9, <4 x i32>* %11, align 4
  %12 = bitcast i32* %7 to <4 x i32>*
  store <4 x i32> %10, <4 x i32>* %12, align 4
  %index.next = add nuw i64 %index, 8
  %13 = icmp eq i64 %index.next, %n.vec
  br i1 %13, label %middle.block, label %vector.body, !llvm.loop !10

middle.block:                                     ; preds = %vector.body
  %cmp.n = icmp eq i64 %n.vec, %wide.trip.count
  br i1 %cmp.n, label %._crit_edge, label %.lr.ph.preheader12

.lr.ph.preheader12:                               ; preds = %.lr.ph.preheader, %middle.block
  %indvars.iv.ph = phi i64 [ 0, %.lr.ph.preheader ], [ %n.vec, %middle.block ]
  br label %.lr.ph

.lr.ph:                                           ; preds = %.lr.ph.preheader12, %.lr.ph
  %indvars.iv = phi i64 [ %indvars.iv.next, %.lr.ph ], [ %indvars.iv.ph, %.lr.ph.preheader12 ]
  %14 = getelementptr inbounds i32, i32* %0, i64 %indvars.iv
  %15 = load i32, i32* %14, align 4
  %16 = mul nsw i32 %15, %2
  store i32 %16, i32* %14, align 4
  %indvars.iv.next = add nuw nsw i64 %indvars.iv, 1
  %exitcond.not = icmp eq i64 %indvars.iv.next, %wide.trip.count
  br i1 %exitcond.not, label %._crit_edge, label %.lr.ph, !llvm.loop !13

._crit_edge:                                      ; preds = %.lr.ph, %middle.block, %3
  ret void
}
*** IR Dump After AnnotationRemarksPass on scaleArray ***
; Function Attrs: nofree norecurse nosync nounwind uwtable
define dso_local void @scaleArray(i32* nocapture noundef %0, i32 noundef %1, i32 noundef %2) local_unnamed_addr #0 {
  %4 = icmp sgt i32 %1, 0
  br i1 %4, label %.lr.ph.preheader, label %._crit_edge

.lr.ph.preheader:                                 ; preds = %3
  %wide.trip.count = zext i32 %1 to i64
  %min.iters.check = icmp ult i32 %1, 8
  br i1 %min.iters.check, label %.lr.ph.preheader12, label %vector.ph

vector.ph:                                        ; preds = %.lr.ph.preheader
  %n.vec = and i64 %wide.trip.count, 4294967288
  %broadcast.splatinsert = insertelement <4 x i32> poison, i32 %2, i64 0
  %broadcast.splat = shufflevector <4 x i32> %broadcast.splatinsert, <4 x i32> poison, <4 x i32> zeroinitializer
  %broadcast.splatinsert10 = insertelement <4 x i32> poison, i32 %2, i64 0
  %broadcast.splat11 = shufflevector <4 x i32> %broadcast.splatinsert10, <4 x i32> poison, <4 x i32> zeroinitializer
  br label %vector.body

vector.body:                                      ; preds = %vector.body, %vector.ph
  %index = phi i64 [ 0, %vector.ph ], [ %index.next, %vector.body ]
  %5 = getelementptr inbounds i32, i32* %0, i64 %index
  %6 = bitcast i32* %5 to <4 x i32>*
  %wide.load = load <4 x i32>, <4 x i32>* %6, align 4
  %7 = getelementptr inbounds i32, i32* %5, i64 4
  %8 = bitcast i32* %7 to <4 x i32>*
  %wide.load9 = load <4 x i32>, <4 x i32>* %8, align 4
  %9 = mul nsw <4 x i32> %wide.load, %broadcast.splat
  %10 = mul nsw <4 x i32> %wide.load9, %broadcast.splat11
  %11 = bitcast i32* %5 to <4 x i32>*
  store <4 x i32> %9, <4 x i32>* %11, align 4
  %12 = bitcast i32* %7 to <4 x i32>*
  store <4 x i32> %10, <4 x i32>* %12, align 4
  %index.next = add nuw i64 %index, 8
  %13 = icmp eq i64 %index.next, %n.vec
  br i1 %13, label %middle.block, label %vector.body, !llvm.loop !10

middle.block:                                     ; preds = %vector.body
  %cmp.n = icmp eq i64 %n.vec, %wide.trip.count
  br i1 %cmp.n, label %._crit_edge, label %.lr.ph.preheader12

.lr.ph.preheader12:                               ; preds = %.lr.ph.preheader, %middle.block
  %indvars.iv.ph = phi i64 [ 0, %.lr.ph.preheader ], [ %n.vec, %middle.block ]
  br label %.lr.ph

.lr.ph:                                           ; preds = %.lr.ph.preheader12, %.lr.ph
  %indvars.iv = phi i64 [ %indvars.iv.next, %.lr.ph ], [ %indvars.iv.ph, %.lr.ph.preheader12 ]
  %14 = getelementptr inbounds i32, i32* %0, i64 %indvars.iv
  %15 = load i32, i32* %14, align 4
  %16 = mul nsw i32 %15, %2
  store i32 %16, i32* %14, align 4
  %indvars.iv.next = add nuw nsw i64 %indvars.iv, 1
  %exitcond.not = icmp eq i64 %indvars.iv.next, %wide.trip.count
  br i1 %exitcond.not, label %._crit_edge, label %.lr.ph, !llvm.loop !13

._crit_edge:                                      ; preds = %.lr.ph, %middle.block, %3
  ret void
}
*** IR Dump Before VerifierPass on [module] ***
; ModuleID = 'scaleArray.in.ll'
source_filename = "scaleArray.c"
target datalayout = "e-m:e-i8:8:32-i16:16:32-i64:64-i128:128-n32:64-S128"
target triple = "aarch64-unknown-linux-gnu"

; Function Attrs: nofree norecurse nosync nounwind uwtable
define dso_local void @scaleArray(i32* nocapture noundef %0, i32 noundef %1, i32 noundef %2) local_unnamed_addr #0 {
  %4 = icmp sgt i32 %1, 0
  br i1 %4, label %.lr.ph.preheader, label %._crit_edge

.lr.ph.preheader:                                 ; preds = %3
  %wide.trip.count = zext i32 %1 to i64
  %min.iters.check = icmp ult i32 %1, 8
  br i1 %min.iters.check, label %.lr.ph.preheader12, label %vector.ph

vector.ph:                                        ; preds = %.lr.ph.preheader
  %n.vec = and i64 %wide.trip.count, 4294967288
  %broadcast.splatinsert = insertelement <4 x i32> poison, i32 %2, i64 0
  %broadcast.splat = shufflevector <4 x i32> %broadcast.splatinsert, <4 x i32> poison, <4 x i32> zeroinitializer
  %broadcast.splatinsert10 = insertelement <4 x i32> poison, i32 %2, i64 0
  %broadcast.splat11 = shufflevector <4 x i32> %broadcast.splatinsert10, <4 x i32> poison, <4 x i32> zeroinitializer
  br label %vector.body

vector.body:                                      ; preds = %vector.body, %vector.ph
  %index = phi i64 [ 0, %vector.ph ], [ %index.next, %vector.body ]
  %5 = getelementptr inbounds i32, i32* %0, i64 %index
  %6 = bitcast i32* %5 to <4 x i32>*
  %wide.load = load <4 x i32>, <4 x i32>* %6, align 4
  %7 = getelementptr inbounds i32, i32* %5, i64 4
  %8 = bitcast i32* %7 to <4 x i32>*
  %wide.load9 = load <4 x i32>, <4 x i32>* %8, align 4
  %9 = mul nsw <4 x i32> %wide.load, %broadcast.splat
  %10 = mul nsw <4 x i32> %wide.load9, %broadcast.splat11
  %11 = bitcast i32* %5 to <4 x i32>*
  store <4 x i32> %9, <4 x i32>* %11, align 4
  %12 = bitcast i32* %7 to <4 x i32>*
  store <4 x i32> %10, <4 x i32>* %12, align 4
  %index.next = add nuw i64 %index, 8
  %13 = icmp eq i64 %index.next, %n.vec
  br i1 %13, label %middle.block, label %vector.body, !llvm.loop !10

middle.block:                                     ; preds = %vector.body
  %cmp.n = icmp eq i64 %n.vec, %wide.trip.count
  br i1 %cmp.n, label %._crit_edge, label %.lr.ph.preheader12

.lr.ph.preheader12:                               ; preds = %.lr.ph.preheader, %middle.block
  %indvars.iv.ph = phi i64 [ 0, %.lr.ph.preheader ], [ %n.vec, %middle.block ]
  br label %.lr.ph

.lr.ph:                                           ; preds = %.lr.ph.preheader12, %.lr.ph
  %indvars.iv = phi i64 [ %indvars.iv.next, %.lr.ph ], [ %indvars.iv.ph, %.lr.ph.preheader12 ]
  %14 = getelementptr inbounds i32, i32* %0, i64 %indvars.iv
  %15 = load i32, i32* %14, align 4
  %16 = mul nsw i32 %15, %2
  store i32 %16, i32* %14, align 4
  %indvars.iv.next = add nuw nsw i64 %indvars.iv, 1
  %exitcond.not = icmp eq i64 %indvars.iv.next, %wide.trip.count
  br i1 %exitcond.not, label %._crit_edge, label %.lr.ph, !llvm.loop !13

._crit_edge:                                      ; preds = %.lr.ph, %middle.block, %3
  ret void
}

attributes #0 = { nofree norecurse nosync nounwind uwtable "frame-pointer"="non-leaf" "min-legal-vector-width"="0" "no-trapping-math"="true" "stack-protector-buffer-size"="8" "target-cpu"="generic" "target-features"="+neon,+outline-atomics,+v8a" }

!llvm.module.flags = !{!0, !1, !2, !3, !4, !5, !6, !7, !8}
!llvm.ident = !{!9}

!0 = !{i32 1, !"wchar_size", i32 4}
!1 = !{i32 1, !"branch-target-enforcement", i32 0}
!2 = !{i32 1, !"sign-return-address", i32 0}
!3 = !{i32 1, !"sign-return-address-all", i32 0}
!4 = !{i32 1, !"sign-return-address-with-bkey", i32 0}
!5 = !{i32 7, !"PIC Level", i32 2}
!6 = !{i32 7, !"PIE Level", i32 2}
!7 = !{i32 7, !"uwtable", i32 1}
!8 = !{i32 7, !"frame-pointer", i32 1}
!9 = !{!"Ubuntu clang version 14.0.0-1ubuntu1.1"}
!10 = distinct !{!10, !11, !12}
!11 = !{!"llvm.loop.mustprogress"}
!12 = !{!"llvm.loop.isvectorized", i32 1}
!13 = distinct !{!13, !11, !14, !12}
!14 = !{!"llvm.loop.unroll.runtime.disable"}
*** IR Dump After VerifierPass on [module] ***
; ModuleID = 'scaleArray.in.ll'
source_filename = "scaleArray.c"
target datalayout = "e-m:e-i8:8:32-i16:16:32-i64:64-i128:128-n32:64-S128"
target triple = "aarch64-unknown-linux-gnu"

; Function Attrs: nofree norecurse nosync nounwind uwtable
define dso_local void @scaleArray(i32* nocapture noundef %0, i32 noundef %1, i32 noundef %2) local_unnamed_addr #0 {
  %4 = icmp sgt i32 %1, 0
  br i1 %4, label %.lr.ph.preheader, label %._crit_edge

.lr.ph.preheader:                                 ; preds = %3
  %wide.trip.count = zext i32 %1 to i64
  %min.iters.check = icmp ult i32 %1, 8
  br i1 %min.iters.check, label %.lr.ph.preheader12, label %vector.ph

vector.ph:                                        ; preds = %.lr.ph.preheader
  %n.vec = and i64 %wide.trip.count, 4294967288
  %broadcast.splatinsert = insertelement <4 x i32> poison, i32 %2, i64 0
  %broadcast.splat = shufflevector <4 x i32> %broadcast.splatinsert, <4 x i32> poison, <4 x i32> zeroinitializer
  %broadcast.splatinsert10 = insertelement <4 x i32> poison, i32 %2, i64 0
  %broadcast.splat11 = shufflevector <4 x i32> %broadcast.splatinsert10, <4 x i32> poison, <4 x i32> zeroinitializer
  br label %vector.body

vector.body:                                      ; preds = %vector.body, %vector.ph
  %index = phi i64 [ 0, %vector.ph ], [ %index.next, %vector.body ]
  %5 = getelementptr inbounds i32, i32* %0, i64 %index
  %6 = bitcast i32* %5 to <4 x i32>*
  %wide.load = load <4 x i32>, <4 x i32>* %6, align 4
  %7 = getelementptr inbounds i32, i32* %5, i64 4
  %8 = bitcast i32* %7 to <4 x i32>*
  %wide.load9 = load <4 x i32>, <4 x i32>* %8, align 4
  %9 = mul nsw <4 x i32> %wide.load, %broadcast.splat
  %10 = mul nsw <4 x i32> %wide.load9, %broadcast.splat11
  %11 = bitcast i32* %5 to <4 x i32>*
  store <4 x i32> %9, <4 x i32>* %11, align 4
  %12 = bitcast i32* %7 to <4 x i32>*
  store <4 x i32> %10, <4 x i32>* %12, align 4
  %index.next = add nuw i64 %index, 8
  %13 = icmp eq i64 %index.next, %n.vec
  br i1 %13, label %middle.block, label %vector.body, !llvm.loop !10

middle.block:                                     ; preds = %vector.body
  %cmp.n = icmp eq i64 %n.vec, %wide.trip.count
  br i1 %cmp.n, label %._crit_edge, label %.lr.ph.preheader12

.lr.ph.preheader12:                               ; preds = %.lr.ph.preheader, %middle.block
  %indvars.iv.ph = phi i64 [ 0, %.lr.ph.preheader ], [ %n.vec, %middle.block ]
  br label %.lr.ph

.lr.ph:                                           ; preds = %.lr.ph.preheader12, %.lr.ph
  %indvars.iv = phi i64 [ %indvars.iv.next, %.lr.ph ], [ %indvars.iv.ph, %.lr.ph.preheader12 ]
  %14 = getelementptr inbounds i32, i32* %0, i64 %indvars.iv
  %15 = load i32, i32* %14, align 4
  %16 = mul nsw i32 %15, %2
  store i32 %16, i32* %14, align 4
  %indvars.iv.next = add nuw nsw i64 %indvars.iv, 1
  %exitcond.not = icmp eq i64 %indvars.iv.next, %wide.trip.count
  br i1 %exitcond.not, label %._crit_edge, label %.lr.ph, !llvm.loop !13

._crit_edge:                                      ; preds = %.lr.ph, %middle.block, %3
  ret void
}

attributes #0 = { nofree norecurse nosync nounwind uwtable "frame-pointer"="non-leaf" "min-legal-vector-width"="0" "no-trapping-math"="true" "stack-protector-buffer-size"="8" "target-cpu"="generic" "target-features"="+neon,+outline-atomics,+v8a" }

!llvm.module.flags = !{!0, !1, !2, !3, !4, !5, !6, !7, !8}
!llvm.ident = !{!9}

!0 = !{i32 1, !"wchar_size", i32 4}
!1 = !{i32 1, !"branch-target-enforcement", i32 0}
!2 = !{i32 1, !"sign-return-address", i32 0}
!3 = !{i32 1, !"sign-return-address-all", i32 0}
!4 = !{i32 1, !"sign-return-address-with-bkey", i32 0}
!5 = !{i32 7, !"PIC Level", i32 2}
!6 = !{i32 7, !"PIE Level", i32 2}
!7 = !{i32 7, !"uwtable", i32 1}
!8 = !{i32 7, !"frame-pointer", i32 1}
!9 = !{!"Ubuntu clang version 14.0.0-1ubuntu1.1"}
!10 = distinct !{!10, !11, !12}
!11 = !{!"llvm.loop.mustprogress"}
!12 = !{!"llvm.loop.isvectorized", i32 1}
!13 = distinct !{!13, !11, !14, !12}
!14 = !{!"llvm.loop.unroll.runtime.disable"}
*** IR Dump Before PrintModulePass on [module] ***
; ModuleID = 'scaleArray.in.ll'
source_filename = "scaleArray.c"
target datalayout = "e-m:e-i8:8:32-i16:16:32-i64:64-i128:128-n32:64-S128"
target triple = "aarch64-unknown-linux-gnu"

; Function Attrs: nofree norecurse nosync nounwind uwtable
define dso_local void @scaleArray(i32* nocapture noundef %0, i32 noundef %1, i32 noundef %2) local_unnamed_addr #0 {
  %4 = icmp sgt i32 %1, 0
  br i1 %4, label %.lr.ph.preheader, label %._crit_edge

.lr.ph.preheader:                                 ; preds = %3
  %wide.trip.count = zext i32 %1 to i64
  %min.iters.check = icmp ult i32 %1, 8
  br i1 %min.iters.check, label %.lr.ph.preheader12, label %vector.ph

vector.ph:                                        ; preds = %.lr.ph.preheader
  %n.vec = and i64 %wide.trip.count, 4294967288
  %broadcast.splatinsert = insertelement <4 x i32> poison, i32 %2, i64 0
  %broadcast.splat = shufflevector <4 x i32> %broadcast.splatinsert, <4 x i32> poison, <4 x i32> zeroinitializer
  %broadcast.splatinsert10 = insertelement <4 x i32> poison, i32 %2, i64 0
  %broadcast.splat11 = shufflevector <4 x i32> %broadcast.splatinsert10, <4 x i32> poison, <4 x i32> zeroinitializer
  br label %vector.body

vector.body:                                      ; preds = %vector.body, %vector.ph
  %index = phi i64 [ 0, %vector.ph ], [ %index.next, %vector.body ]
  %5 = getelementptr inbounds i32, i32* %0, i64 %index
  %6 = bitcast i32* %5 to <4 x i32>*
  %wide.load = load <4 x i32>, <4 x i32>* %6, align 4
  %7 = getelementptr inbounds i32, i32* %5, i64 4
  %8 = bitcast i32* %7 to <4 x i32>*
  %wide.load9 = load <4 x i32>, <4 x i32>* %8, align 4
  %9 = mul nsw <4 x i32> %wide.load, %broadcast.splat
  %10 = mul nsw <4 x i32> %wide.load9, %broadcast.splat11
  %11 = bitcast i32* %5 to <4 x i32>*
  store <4 x i32> %9, <4 x i32>* %11, align 4
  %12 = bitcast i32* %7 to <4 x i32>*
  store <4 x i32> %10, <4 x i32>* %12, align 4
  %index.next = add nuw i64 %index, 8
  %13 = icmp eq i64 %index.next, %n.vec
  br i1 %13, label %middle.block, label %vector.body, !llvm.loop !10

middle.block:                                     ; preds = %vector.body
  %cmp.n = icmp eq i64 %n.vec, %wide.trip.count
  br i1 %cmp.n, label %._crit_edge, label %.lr.ph.preheader12

.lr.ph.preheader12:                               ; preds = %.lr.ph.preheader, %middle.block
  %indvars.iv.ph = phi i64 [ 0, %.lr.ph.preheader ], [ %n.vec, %middle.block ]
  br label %.lr.ph

.lr.ph:                                           ; preds = %.lr.ph.preheader12, %.lr.ph
  %indvars.iv = phi i64 [ %indvars.iv.next, %.lr.ph ], [ %indvars.iv.ph, %.lr.ph.preheader12 ]
  %14 = getelementptr inbounds i32, i32* %0, i64 %indvars.iv
  %15 = load i32, i32* %14, align 4
  %16 = mul nsw i32 %15, %2
  store i32 %16, i32* %14, align 4
  %indvars.iv.next = add nuw nsw i64 %indvars.iv, 1
  %exitcond.not = icmp eq i64 %indvars.iv.next, %wide.trip.count
  br i1 %exitcond.not, label %._crit_edge, label %.lr.ph, !llvm.loop !13

._crit_edge:                                      ; preds = %.lr.ph, %middle.block, %3
  ret void
}

attributes #0 = { nofree norecurse nosync nounwind uwtable "frame-pointer"="non-leaf" "min-legal-vector-width"="0" "no-trapping-math"="true" "stack-protector-buffer-size"="8" "target-cpu"="generic" "target-features"="+neon,+outline-atomics,+v8a" }

!llvm.module.flags = !{!0, !1, !2, !3, !4, !5, !6, !7, !8}
!llvm.ident = !{!9}

!0 = !{i32 1, !"wchar_size", i32 4}
!1 = !{i32 1, !"branch-target-enforcement", i32 0}
!2 = !{i32 1, !"sign-return-address", i32 0}
!3 = !{i32 1, !"sign-return-address-all", i32 0}
!4 = !{i32 1, !"sign-return-address-with-bkey", i32 0}
!5 = !{i32 7, !"PIC Level", i32 2}
!6 = !{i32 7, !"PIE Level", i32 2}
!7 = !{i32 7, !"uwtable", i32 1}
!8 = !{i32 7, !"frame-pointer", i32 1}
!9 = !{!"Ubuntu clang version 14.0.0-1ubuntu1.1"}
!10 = distinct !{!10, !11, !12}
!11 = !{!"llvm.loop.mustprogress"}
!12 = !{!"llvm.loop.isvectorized", i32 1}
!13 = distinct !{!13, !11, !14, !12}
!14 = !{!"llvm.loop.unroll.runtime.disable"}
*** IR Dump After PrintModulePass on [module] ***
; ModuleID = 'scaleArray.in.ll'
source_filename = "scaleArray.c"
target datalayout = "e-m:e-i8:8:32-i16:16:32-i64:64-i128:128-n32:64-S128"
target triple = "aarch64-unknown-linux-gnu"

; Function Attrs: nofree norecurse nosync nounwind uwtable
define dso_local void @scaleArray(i32* nocapture noundef %0, i32 noundef %1, i32 noundef %2) local_unnamed_addr #0 {
  %4 = icmp sgt i32 %1, 0
  br i1 %4, label %.lr.ph.preheader, label %._crit_edge

.lr.ph.preheader:                                 ; preds = %3
  %wide.trip.count = zext i32 %1 to i64
  %min.iters.check = icmp ult i32 %1, 8
  br i1 %min.iters.check, label %.lr.ph.preheader12, label %vector.ph

vector.ph:                                        ; preds = %.lr.ph.preheader
  %n.vec = and i64 %wide.trip.count, 4294967288
  %broadcast.splatinsert = insertelement <4 x i32> poison, i32 %2, i64 0
  %broadcast.splat = shufflevector <4 x i32> %broadcast.splatinsert, <4 x i32> poison, <4 x i32> zeroinitializer
  %broadcast.splatinsert10 = insertelement <4 x i32> poison, i32 %2, i64 0
  %broadcast.splat11 = shufflevector <4 x i32> %broadcast.splatinsert10, <4 x i32> poison, <4 x i32> zeroinitializer
  br label %vector.body

vector.body:                                      ; preds = %vector.body, %vector.ph
  %index = phi i64 [ 0, %vector.ph ], [ %index.next, %vector.body ]
  %5 = getelementptr inbounds i32, i32* %0, i64 %index
  %6 = bitcast i32* %5 to <4 x i32>*
  %wide.load = load <4 x i32>, <4 x i32>* %6, align 4
  %7 = getelementptr inbounds i32, i32* %5, i64 4
  %8 = bitcast i32* %7 to <4 x i32>*
  %wide.load9 = load <4 x i32>, <4 x i32>* %8, align 4
  %9 = mul nsw <4 x i32> %wide.load, %broadcast.splat
  %10 = mul nsw <4 x i32> %wide.load9, %broadcast.splat11
  %11 = bitcast i32* %5 to <4 x i32>*
  store <4 x i32> %9, <4 x i32>* %11, align 4
  %12 = bitcast i32* %7 to <4 x i32>*
  store <4 x i32> %10, <4 x i32>* %12, align 4
  %index.next = add nuw i64 %index, 8
  %13 = icmp eq i64 %index.next, %n.vec
  br i1 %13, label %middle.block, label %vector.body, !llvm.loop !10

middle.block:                                     ; preds = %vector.body
  %cmp.n = icmp eq i64 %n.vec, %wide.trip.count
  br i1 %cmp.n, label %._crit_edge, label %.lr.ph.preheader12

.lr.ph.preheader12:                               ; preds = %.lr.ph.preheader, %middle.block
  %indvars.iv.ph = phi i64 [ 0, %.lr.ph.preheader ], [ %n.vec, %middle.block ]
  br label %.lr.ph

.lr.ph:                                           ; preds = %.lr.ph.preheader12, %.lr.ph
  %indvars.iv = phi i64 [ %indvars.iv.next, %.lr.ph ], [ %indvars.iv.ph, %.lr.ph.preheader12 ]
  %14 = getelementptr inbounds i32, i32* %0, i64 %indvars.iv
  %15 = load i32, i32* %14, align 4
  %16 = mul nsw i32 %15, %2
  store i32 %16, i32* %14, align 4
  %indvars.iv.next = add nuw nsw i64 %indvars.iv, 1
  %exitcond.not = icmp eq i64 %indvars.iv.next, %wide.trip.count
  br i1 %exitcond.not, label %._crit_edge, label %.lr.ph, !llvm.loop !13

._crit_edge:                                      ; preds = %.lr.ph, %middle.block, %3
  ret void
}

attributes #0 = { nofree norecurse nosync nounwind uwtable "frame-pointer"="non-leaf" "min-legal-vector-width"="0" "no-trapping-math"="true" "stack-protector-buffer-size"="8" "target-cpu"="generic" "target-features"="+neon,+outline-atomics,+v8a" }

!llvm.module.flags = !{!0, !1, !2, !3, !4, !5, !6, !7, !8}
!llvm.ident = !{!9}

!0 = !{i32 1, !"wchar_size", i32 4}
!1 = !{i32 1, !"branch-target-enforcement", i32 0}
!2 = !{i32 1, !"sign-return-address", i32 0}
!3 = !{i32 1, !"sign-return-address-all", i32 0}
!4 = !{i32 1, !"sign-return-address-with-bkey", i32 0}
!5 = !{i32 7, !"PIC Level", i32 2}
!6 = !{i32 7, !"PIE Level", i32 2}
!7 = !{i32 7, !"uwtable", i32 1}
!8 = !{i32 7, !"frame-pointer", i32 1}
!9 = !{!"Ubuntu clang version 14.0.0-1ubuntu1.1"}
!10 = distinct !{!10, !11, !12}
!11 = !{!"llvm.loop.mustprogress"}
!12 = !{!"llvm.loop.isvectorized", i32 1}
!13 = distinct !{!13, !11, !14, !12}
!14 = !{!"llvm.loop.unroll.runtime.disable"}
