*** IR Dump Before VerifierPass on [module] ***
; ModuleID = 'sumArray.in.ll'
source_filename = "sumArray.c"
target datalayout = "e-m:e-i8:8:32-i16:16:32-i64:64-i128:128-n32:64-S128"
target triple = "aarch64-unknown-linux-gnu"

; Function Attrs: nounwind uwtable
define dso_local i32 @sumArray(i32* noundef %0, i32 noundef %1) #0 {
  %3 = alloca i32*, align 8
  %4 = alloca i32, align 4
  %5 = alloca i32, align 4
  %6 = alloca i32, align 4
  store i32* %0, i32** %3, align 8
  store i32 %1, i32* %4, align 4
  store i32 0, i32* %5, align 4
  store i32 0, i32* %6, align 4
  br label %7

7:                                                ; preds = %19, %2
  %8 = load i32, i32* %6, align 4
  %9 = load i32, i32* %4, align 4
  %10 = icmp slt i32 %8, %9
  br i1 %10, label %11, label %22

11:                                               ; preds = %7
  %12 = load i32*, i32** %3, align 8
  %13 = load i32, i32* %6, align 4
  %14 = sext i32 %13 to i64
  %15 = getelementptr inbounds i32, i32* %12, i64 %14
  %16 = load i32, i32* %15, align 4
  %17 = load i32, i32* %5, align 4
  %18 = add nsw i32 %17, %16
  store i32 %18, i32* %5, align 4
  br label %19

19:                                               ; preds = %11
  %20 = load i32, i32* %6, align 4
  %21 = add nsw i32 %20, 1
  store i32 %21, i32* %6, align 4
  br label %7, !llvm.loop !10

22:                                               ; preds = %7
  %23 = load i32, i32* %5, align 4
  ret i32 %23
}

attributes #0 = { nounwind uwtable "frame-pointer"="non-leaf" "min-legal-vector-width"="0" "no-trapping-math"="true" "stack-protector-buffer-size"="8" "target-cpu"="generic" "target-features"="+neon,+outline-atomics,+v8a" }

!llvm.module.flags = !{!0, !1, !2, !3, !4, !5, !6, !7, !8}
!llvm.ident = !{!9}

!0 = !{i32 1, !"wchar_size", i32 4}
!1 = !{i32 1, !"branch-target-enforcement", i32 0}
!2 = !{i32 1, !"sign-return-address", i32 0}
!3 = !{i32 1, !"sign-return-address-all", i32 0}
!4 = !{i32 1, !"sign-return-address-with-bkey", i32 0}
!5 = !{i32 7, !"PIC Level", i32 2}
!6 = !{i32 7, !"PIE Level", i32 2}
!7 = !{i32 7, !"uwtable", i32 1}
!8 = !{i32 7, !"frame-pointer", i32 1}
!9 = !{!"Ubuntu clang version 14.0.0-1ubuntu1.1"}
!10 = distinct !{!10, !11}
!11 = !{!"llvm.loop.mustprogress"}
*** IR Dump After VerifierPass on [module] ***
; ModuleID = 'sumArray.in.ll'
source_filename = "sumArray.c"
target datalayout = "e-m:e-i8:8:32-i16:16:32-i64:64-i128:128-n32:64-S128"
target triple = "aarch64-unknown-linux-gnu"

; Function Attrs: nounwind uwtable
define dso_local i32 @sumArray(i32* noundef %0, i32 noundef %1) #0 {
  %3 = alloca i32*, align 8
  %4 = alloca i32, align 4
  %5 = alloca i32, align 4
  %6 = alloca i32, align 4
  store i32* %0, i32** %3, align 8
  store i32 %1, i32* %4, align 4
  store i32 0, i32* %5, align 4
  store i32 0, i32* %6, align 4
  br label %7

7:                                                ; preds = %19, %2
  %8 = load i32, i32* %6, align 4
  %9 = load i32, i32* %4, align 4
  %10 = icmp slt i32 %8, %9
  br i1 %10, label %11, label %22

11:                                               ; preds = %7
  %12 = load i32*, i32** %3, align 8
  %13 = load i32, i32* %6, align 4
  %14 = sext i32 %13 to i64
  %15 = getelementptr inbounds i32, i32* %12, i64 %14
  %16 = load i32, i32* %15, align 4
  %17 = load i32, i32* %5, align 4
  %18 = add nsw i32 %17, %16
  store i32 %18, i32* %5, align 4
  br label %19

19:                                               ; preds = %11
  %20 = load i32, i32* %6, align 4
  %21 = add nsw i32 %20, 1
  store i32 %21, i32* %6, align 4
  br label %7, !llvm.loop !10

22:                                               ; preds = %7
  %23 = load i32, i32* %5, align 4
  ret i32 %23
}

attributes #0 = { nounwind uwtable "frame-pointer"="non-leaf" "min-legal-vector-width"="0" "no-trapping-math"="true" "stack-protector-buffer-size"="8" "target-cpu"="generic" "target-features"="+neon,+outline-atomics,+v8a" }

!llvm.module.flags = !{!0, !1, !2, !3, !4, !5, !6, !7, !8}
!llvm.ident = !{!9}

!0 = !{i32 1, !"wchar_size", i32 4}
!1 = !{i32 1, !"branch-target-enforcement", i32 0}
!2 = !{i32 1, !"sign-return-address", i32 0}
!3 = !{i32 1, !"sign-return-address-all", i32 0}
!4 = !{i32 1, !"sign-return-address-with-bkey", i32 0}
!5 = !{i32 7, !"PIC Level", i32 2}
!6 = !{i32 7, !"PIE Level", i32 2}
!7 = !{i32 7, !"uwtable", i32 1}
!8 = !{i32 7, !"frame-pointer", i32 1}
!9 = !{!"Ubuntu clang version 14.0.0-1ubuntu1.1"}
!10 = distinct !{!10, !11}
!11 = !{!"llvm.loop.mustprogress"}
*** IR Dump Before Annotation2MetadataPass on [module] ***
; ModuleID = 'sumArray.in.ll'
source_filename = "sumArray.c"
target datalayout = "e-m:e-i8:8:32-i16:16:32-i64:64-i128:128-n32:64-S128"
target triple = "aarch64-unknown-linux-gnu"

; Function Attrs: nounwind uwtable
define dso_local i32 @sumArray(i32* noundef %0, i32 noundef %1) #0 {
  %3 = alloca i32*, align 8
  %4 = alloca i32, align 4
  %5 = alloca i32, align 4
  %6 = alloca i32, align 4
  store i32* %0, i32** %3, align 8
  store i32 %1, i32* %4, align 4
  store i32 0, i32* %5, align 4
  store i32 0, i32* %6, align 4
  br label %7

7:                                                ; preds = %19, %2
  %8 = load i32, i32* %6, align 4
  %9 = load i32, i32* %4, align 4
  %10 = icmp slt i32 %8, %9
  br i1 %10, label %11, label %22

11:                                               ; preds = %7
  %12 = load i32*, i32** %3, align 8
  %13 = load i32, i32* %6, align 4
  %14 = sext i32 %13 to i64
  %15 = getelementptr inbounds i32, i32* %12, i64 %14
  %16 = load i32, i32* %15, align 4
  %17 = load i32, i32* %5, align 4
  %18 = add nsw i32 %17, %16
  store i32 %18, i32* %5, align 4
  br label %19

19:                                               ; preds = %11
  %20 = load i32, i32* %6, align 4
  %21 = add nsw i32 %20, 1
  store i32 %21, i32* %6, align 4
  br label %7, !llvm.loop !10

22:                                               ; preds = %7
  %23 = load i32, i32* %5, align 4
  ret i32 %23
}

attributes #0 = { nounwind uwtable "frame-pointer"="non-leaf" "min-legal-vector-width"="0" "no-trapping-math"="true" "stack-protector-buffer-size"="8" "target-cpu"="generic" "target-features"="+neon,+outline-atomics,+v8a" }

!llvm.module.flags = !{!0, !1, !2, !3, !4, !5, !6, !7, !8}
!llvm.ident = !{!9}

!0 = !{i32 1, !"wchar_size", i32 4}
!1 = !{i32 1, !"branch-target-enforcement", i32 0}
!2 = !{i32 1, !"sign-return-address", i32 0}
!3 = !{i32 1, !"sign-return-address-all", i32 0}
!4 = !{i32 1, !"sign-return-address-with-bkey", i32 0}
!5 = !{i32 7, !"PIC Level", i32 2}
!6 = !{i32 7, !"PIE Level", i32 2}
!7 = !{i32 7, !"uwtable", i32 1}
!8 = !{i32 7, !"frame-pointer", i32 1}
!9 = !{!"Ubuntu clang version 14.0.0-1ubuntu1.1"}
!10 = distinct !{!10, !11}
!11 = !{!"llvm.loop.mustprogress"}
*** IR Dump After Annotation2MetadataPass on [module] ***
; ModuleID = 'sumArray.in.ll'
source_filename = "sumArray.c"
target datalayout = "e-m:e-i8:8:32-i16:16:32-i64:64-i128:128-n32:64-S128"
target triple = "aarch64-unknown-linux-gnu"

; Function Attrs: nounwind uwtable
define dso_local i32 @sumArray(i32* noundef %0, i32 noundef %1) #0 {
  %3 = alloca i32*, align 8
  %4 = alloca i32, align 4
  %5 = alloca i32, align 4
  %6 = alloca i32, align 4
  store i32* %0, i32** %3, align 8
  store i32 %1, i32* %4, align 4
  store i32 0, i32* %5, align 4
  store i32 0, i32* %6, align 4
  br label %7

7:                                                ; preds = %19, %2
  %8 = load i32, i32* %6, align 4
  %9 = load i32, i32* %4, align 4
  %10 = icmp slt i32 %8, %9
  br i1 %10, label %11, label %22

11:                                               ; preds = %7
  %12 = load i32*, i32** %3, align 8
  %13 = load i32, i32* %6, align 4
  %14 = sext i32 %13 to i64
  %15 = getelementptr inbounds i32, i32* %12, i64 %14
  %16 = load i32, i32* %15, align 4
  %17 = load i32, i32* %5, align 4
  %18 = add nsw i32 %17, %16
  store i32 %18, i32* %5, align 4
  br label %19

19:                                               ; preds = %11
  %20 = load i32, i32* %6, align 4
  %21 = add nsw i32 %20, 1
  store i32 %21, i32* %6, align 4
  br label %7, !llvm.loop !10

22:                                               ; preds = %7
  %23 = load i32, i32* %5, align 4
  ret i32 %23
}

attributes #0 = { nounwind uwtable "frame-pointer"="non-leaf" "min-legal-vector-width"="0" "no-trapping-math"="true" "stack-protector-buffer-size"="8" "target-cpu"="generic" "target-features"="+neon,+outline-atomics,+v8a" }

!llvm.module.flags = !{!0, !1, !2, !3, !4, !5, !6, !7, !8}
!llvm.ident = !{!9}

!0 = !{i32 1, !"wchar_size", i32 4}
!1 = !{i32 1, !"branch-target-enforcement", i32 0}
!2 = !{i32 1, !"sign-return-address", i32 0}
!3 = !{i32 1, !"sign-return-address-all", i32 0}
!4 = !{i32 1, !"sign-return-address-with-bkey", i32 0}
!5 = !{i32 7, !"PIC Level", i32 2}
!6 = !{i32 7, !"PIE Level", i32 2}
!7 = !{i32 7, !"uwtable", i32 1}
!8 = !{i32 7, !"frame-pointer", i32 1}
!9 = !{!"Ubuntu clang version 14.0.0-1ubuntu1.1"}
!10 = distinct !{!10, !11}
!11 = !{!"llvm.loop.mustprogress"}
*** IR Dump Before ForceFunctionAttrsPass on [module] ***
; ModuleID = 'sumArray.in.ll'
source_filename = "sumArray.c"
target datalayout = "e-m:e-i8:8:32-i16:16:32-i64:64-i128:128-n32:64-S128"
target triple = "aarch64-unknown-linux-gnu"

; Function Attrs: nounwind uwtable
define dso_local i32 @sumArray(i32* noundef %0, i32 noundef %1) #0 {
  %3 = alloca i32*, align 8
  %4 = alloca i32, align 4
  %5 = alloca i32, align 4
  %6 = alloca i32, align 4
  store i32* %0, i32** %3, align 8
  store i32 %1, i32* %4, align 4
  store i32 0, i32* %5, align 4
  store i32 0, i32* %6, align 4
  br label %7

7:                                                ; preds = %19, %2
  %8 = load i32, i32* %6, align 4
  %9 = load i32, i32* %4, align 4
  %10 = icmp slt i32 %8, %9
  br i1 %10, label %11, label %22

11:                                               ; preds = %7
  %12 = load i32*, i32** %3, align 8
  %13 = load i32, i32* %6, align 4
  %14 = sext i32 %13 to i64
  %15 = getelementptr inbounds i32, i32* %12, i64 %14
  %16 = load i32, i32* %15, align 4
  %17 = load i32, i32* %5, align 4
  %18 = add nsw i32 %17, %16
  store i32 %18, i32* %5, align 4
  br label %19

19:                                               ; preds = %11
  %20 = load i32, i32* %6, align 4
  %21 = add nsw i32 %20, 1
  store i32 %21, i32* %6, align 4
  br label %7, !llvm.loop !10

22:                                               ; preds = %7
  %23 = load i32, i32* %5, align 4
  ret i32 %23
}

attributes #0 = { nounwind uwtable "frame-pointer"="non-leaf" "min-legal-vector-width"="0" "no-trapping-math"="true" "stack-protector-buffer-size"="8" "target-cpu"="generic" "target-features"="+neon,+outline-atomics,+v8a" }

!llvm.module.flags = !{!0, !1, !2, !3, !4, !5, !6, !7, !8}
!llvm.ident = !{!9}

!0 = !{i32 1, !"wchar_size", i32 4}
!1 = !{i32 1, !"branch-target-enforcement", i32 0}
!2 = !{i32 1, !"sign-return-address", i32 0}
!3 = !{i32 1, !"sign-return-address-all", i32 0}
!4 = !{i32 1, !"sign-return-address-with-bkey", i32 0}
!5 = !{i32 7, !"PIC Level", i32 2}
!6 = !{i32 7, !"PIE Level", i32 2}
!7 = !{i32 7, !"uwtable", i32 1}
!8 = !{i32 7, !"frame-pointer", i32 1}
!9 = !{!"Ubuntu clang version 14.0.0-1ubuntu1.1"}
!10 = distinct !{!10, !11}
!11 = !{!"llvm.loop.mustprogress"}
*** IR Dump After ForceFunctionAttrsPass on [module] ***
; ModuleID = 'sumArray.in.ll'
source_filename = "sumArray.c"
target datalayout = "e-m:e-i8:8:32-i16:16:32-i64:64-i128:128-n32:64-S128"
target triple = "aarch64-unknown-linux-gnu"

; Function Attrs: nounwind uwtable
define dso_local i32 @sumArray(i32* noundef %0, i32 noundef %1) #0 {
  %3 = alloca i32*, align 8
  %4 = alloca i32, align 4
  %5 = alloca i32, align 4
  %6 = alloca i32, align 4
  store i32* %0, i32** %3, align 8
  store i32 %1, i32* %4, align 4
  store i32 0, i32* %5, align 4
  store i32 0, i32* %6, align 4
  br label %7

7:                                                ; preds = %19, %2
  %8 = load i32, i32* %6, align 4
  %9 = load i32, i32* %4, align 4
  %10 = icmp slt i32 %8, %9
  br i1 %10, label %11, label %22

11:                                               ; preds = %7
  %12 = load i32*, i32** %3, align 8
  %13 = load i32, i32* %6, align 4
  %14 = sext i32 %13 to i64
  %15 = getelementptr inbounds i32, i32* %12, i64 %14
  %16 = load i32, i32* %15, align 4
  %17 = load i32, i32* %5, align 4
  %18 = add nsw i32 %17, %16
  store i32 %18, i32* %5, align 4
  br label %19

19:                                               ; preds = %11
  %20 = load i32, i32* %6, align 4
  %21 = add nsw i32 %20, 1
  store i32 %21, i32* %6, align 4
  br label %7, !llvm.loop !10

22:                                               ; preds = %7
  %23 = load i32, i32* %5, align 4
  ret i32 %23
}

attributes #0 = { nounwind uwtable "frame-pointer"="non-leaf" "min-legal-vector-width"="0" "no-trapping-math"="true" "stack-protector-buffer-size"="8" "target-cpu"="generic" "target-features"="+neon,+outline-atomics,+v8a" }

!llvm.module.flags = !{!0, !1, !2, !3, !4, !5, !6, !7, !8}
!llvm.ident = !{!9}

!0 = !{i32 1, !"wchar_size", i32 4}
!1 = !{i32 1, !"branch-target-enforcement", i32 0}
!2 = !{i32 1, !"sign-return-address", i32 0}
!3 = !{i32 1, !"sign-return-address-all", i32 0}
!4 = !{i32 1, !"sign-return-address-with-bkey", i32 0}
!5 = !{i32 7, !"PIC Level", i32 2}
!6 = !{i32 7, !"PIE Level", i32 2}
!7 = !{i32 7, !"uwtable", i32 1}
!8 = !{i32 7, !"frame-pointer", i32 1}
!9 = !{!"Ubuntu clang version 14.0.0-1ubuntu1.1"}
!10 = distinct !{!10, !11}
!11 = !{!"llvm.loop.mustprogress"}
*** IR Dump Before InferFunctionAttrsPass on [module] ***
; ModuleID = 'sumArray.in.ll'
source_filename = "sumArray.c"
target datalayout = "e-m:e-i8:8:32-i16:16:32-i64:64-i128:128-n32:64-S128"
target triple = "aarch64-unknown-linux-gnu"

; Function Attrs: nounwind uwtable
define dso_local i32 @sumArray(i32* noundef %0, i32 noundef %1) #0 {
  %3 = alloca i32*, align 8
  %4 = alloca i32, align 4
  %5 = alloca i32, align 4
  %6 = alloca i32, align 4
  store i32* %0, i32** %3, align 8
  store i32 %1, i32* %4, align 4
  store i32 0, i32* %5, align 4
  store i32 0, i32* %6, align 4
  br label %7

7:                                                ; preds = %19, %2
  %8 = load i32, i32* %6, align 4
  %9 = load i32, i32* %4, align 4
  %10 = icmp slt i32 %8, %9
  br i1 %10, label %11, label %22

11:                                               ; preds = %7
  %12 = load i32*, i32** %3, align 8
  %13 = load i32, i32* %6, align 4
  %14 = sext i32 %13 to i64
  %15 = getelementptr inbounds i32, i32* %12, i64 %14
  %16 = load i32, i32* %15, align 4
  %17 = load i32, i32* %5, align 4
  %18 = add nsw i32 %17, %16
  store i32 %18, i32* %5, align 4
  br label %19

19:                                               ; preds = %11
  %20 = load i32, i32* %6, align 4
  %21 = add nsw i32 %20, 1
  store i32 %21, i32* %6, align 4
  br label %7, !llvm.loop !10

22:                                               ; preds = %7
  %23 = load i32, i32* %5, align 4
  ret i32 %23
}

attributes #0 = { nounwind uwtable "frame-pointer"="non-leaf" "min-legal-vector-width"="0" "no-trapping-math"="true" "stack-protector-buffer-size"="8" "target-cpu"="generic" "target-features"="+neon,+outline-atomics,+v8a" }

!llvm.module.flags = !{!0, !1, !2, !3, !4, !5, !6, !7, !8}
!llvm.ident = !{!9}

!0 = !{i32 1, !"wchar_size", i32 4}
!1 = !{i32 1, !"branch-target-enforcement", i32 0}
!2 = !{i32 1, !"sign-return-address", i32 0}
!3 = !{i32 1, !"sign-return-address-all", i32 0}
!4 = !{i32 1, !"sign-return-address-with-bkey", i32 0}
!5 = !{i32 7, !"PIC Level", i32 2}
!6 = !{i32 7, !"PIE Level", i32 2}
!7 = !{i32 7, !"uwtable", i32 1}
!8 = !{i32 7, !"frame-pointer", i32 1}
!9 = !{!"Ubuntu clang version 14.0.0-1ubuntu1.1"}
!10 = distinct !{!10, !11}
!11 = !{!"llvm.loop.mustprogress"}
*** IR Dump After InferFunctionAttrsPass on [module] ***
; ModuleID = 'sumArray.in.ll'
source_filename = "sumArray.c"
target datalayout = "e-m:e-i8:8:32-i16:16:32-i64:64-i128:128-n32:64-S128"
target triple = "aarch64-unknown-linux-gnu"

; Function Attrs: nounwind uwtable
define dso_local i32 @sumArray(i32* noundef %0, i32 noundef %1) #0 {
  %3 = alloca i32*, align 8
  %4 = alloca i32, align 4
  %5 = alloca i32, align 4
  %6 = alloca i32, align 4
  store i32* %0, i32** %3, align 8
  store i32 %1, i32* %4, align 4
  store i32 0, i32* %5, align 4
  store i32 0, i32* %6, align 4
  br label %7

7:                                                ; preds = %19, %2
  %8 = load i32, i32* %6, align 4
  %9 = load i32, i32* %4, align 4
  %10 = icmp slt i32 %8, %9
  br i1 %10, label %11, label %22

11:                                               ; preds = %7
  %12 = load i32*, i32** %3, align 8
  %13 = load i32, i32* %6, align 4
  %14 = sext i32 %13 to i64
  %15 = getelementptr inbounds i32, i32* %12, i64 %14
  %16 = load i32, i32* %15, align 4
  %17 = load i32, i32* %5, align 4
  %18 = add nsw i32 %17, %16
  store i32 %18, i32* %5, align 4
  br label %19

19:                                               ; preds = %11
  %20 = load i32, i32* %6, align 4
  %21 = add nsw i32 %20, 1
  store i32 %21, i32* %6, align 4
  br label %7, !llvm.loop !10

22:                                               ; preds = %7
  %23 = load i32, i32* %5, align 4
  ret i32 %23
}

attributes #0 = { nounwind uwtable "frame-pointer"="non-leaf" "min-legal-vector-width"="0" "no-trapping-math"="true" "stack-protector-buffer-size"="8" "target-cpu"="generic" "target-features"="+neon,+outline-atomics,+v8a" }

!llvm.module.flags = !{!0, !1, !2, !3, !4, !5, !6, !7, !8}
!llvm.ident = !{!9}

!0 = !{i32 1, !"wchar_size", i32 4}
!1 = !{i32 1, !"branch-target-enforcement", i32 0}
!2 = !{i32 1, !"sign-return-address", i32 0}
!3 = !{i32 1, !"sign-return-address-all", i32 0}
!4 = !{i32 1, !"sign-return-address-with-bkey", i32 0}
!5 = !{i32 7, !"PIC Level", i32 2}
!6 = !{i32 7, !"PIE Level", i32 2}
!7 = !{i32 7, !"uwtable", i32 1}
!8 = !{i32 7, !"frame-pointer", i32 1}
!9 = !{!"Ubuntu clang version 14.0.0-1ubuntu1.1"}
!10 = distinct !{!10, !11}
!11 = !{!"llvm.loop.mustprogress"}
*** IR Dump Before LowerExpectIntrinsicPass on sumArray ***
; Function Attrs: nounwind uwtable
define dso_local i32 @sumArray(i32* noundef %0, i32 noundef %1) #0 {
  %3 = alloca i32*, align 8
  %4 = alloca i32, align 4
  %5 = alloca i32, align 4
  %6 = alloca i32, align 4
  store i32* %0, i32** %3, align 8
  store i32 %1, i32* %4, align 4
  store i32 0, i32* %5, align 4
  store i32 0, i32* %6, align 4
  br label %7

7:                                                ; preds = %19, %2
  %8 = load i32, i32* %6, align 4
  %9 = load i32, i32* %4, align 4
  %10 = icmp slt i32 %8, %9
  br i1 %10, label %11, label %22

11:                                               ; preds = %7
  %12 = load i32*, i32** %3, align 8
  %13 = load i32, i32* %6, align 4
  %14 = sext i32 %13 to i64
  %15 = getelementptr inbounds i32, i32* %12, i64 %14
  %16 = load i32, i32* %15, align 4
  %17 = load i32, i32* %5, align 4
  %18 = add nsw i32 %17, %16
  store i32 %18, i32* %5, align 4
  br label %19

19:                                               ; preds = %11
  %20 = load i32, i32* %6, align 4
  %21 = add nsw i32 %20, 1
  store i32 %21, i32* %6, align 4
  br label %7, !llvm.loop !10

22:                                               ; preds = %7
  %23 = load i32, i32* %5, align 4
  ret i32 %23
}
*** IR Dump After LowerExpectIntrinsicPass on sumArray ***
; Function Attrs: nounwind uwtable
define dso_local i32 @sumArray(i32* noundef %0, i32 noundef %1) #0 {
  %3 = alloca i32*, align 8
  %4 = alloca i32, align 4
  %5 = alloca i32, align 4
  %6 = alloca i32, align 4
  store i32* %0, i32** %3, align 8
  store i32 %1, i32* %4, align 4
  store i32 0, i32* %5, align 4
  store i32 0, i32* %6, align 4
  br label %7

7:                                                ; preds = %19, %2
  %8 = load i32, i32* %6, align 4
  %9 = load i32, i32* %4, align 4
  %10 = icmp slt i32 %8, %9
  br i1 %10, label %11, label %22

11:                                               ; preds = %7
  %12 = load i32*, i32** %3, align 8
  %13 = load i32, i32* %6, align 4
  %14 = sext i32 %13 to i64
  %15 = getelementptr inbounds i32, i32* %12, i64 %14
  %16 = load i32, i32* %15, align 4
  %17 = load i32, i32* %5, align 4
  %18 = add nsw i32 %17, %16
  store i32 %18, i32* %5, align 4
  br label %19

19:                                               ; preds = %11
  %20 = load i32, i32* %6, align 4
  %21 = add nsw i32 %20, 1
  store i32 %21, i32* %6, align 4
  br label %7, !llvm.loop !10

22:                                               ; preds = %7
  %23 = load i32, i32* %5, align 4
  ret i32 %23
}
*** IR Dump Before SimplifyCFGPass on sumArray ***
; Function Attrs: nounwind uwtable
define dso_local i32 @sumArray(i32* noundef %0, i32 noundef %1) #0 {
  %3 = alloca i32*, align 8
  %4 = alloca i32, align 4
  %5 = alloca i32, align 4
  %6 = alloca i32, align 4
  store i32* %0, i32** %3, align 8
  store i32 %1, i32* %4, align 4
  store i32 0, i32* %5, align 4
  store i32 0, i32* %6, align 4
  br label %7

7:                                                ; preds = %19, %2
  %8 = load i32, i32* %6, align 4
  %9 = load i32, i32* %4, align 4
  %10 = icmp slt i32 %8, %9
  br i1 %10, label %11, label %22

11:                                               ; preds = %7
  %12 = load i32*, i32** %3, align 8
  %13 = load i32, i32* %6, align 4
  %14 = sext i32 %13 to i64
  %15 = getelementptr inbounds i32, i32* %12, i64 %14
  %16 = load i32, i32* %15, align 4
  %17 = load i32, i32* %5, align 4
  %18 = add nsw i32 %17, %16
  store i32 %18, i32* %5, align 4
  br label %19

19:                                               ; preds = %11
  %20 = load i32, i32* %6, align 4
  %21 = add nsw i32 %20, 1
  store i32 %21, i32* %6, align 4
  br label %7, !llvm.loop !10

22:                                               ; preds = %7
  %23 = load i32, i32* %5, align 4
  ret i32 %23
}
*** IR Dump After SimplifyCFGPass on sumArray ***
; Function Attrs: nounwind uwtable
define dso_local i32 @sumArray(i32* noundef %0, i32 noundef %1) #0 {
  %3 = alloca i32*, align 8
  %4 = alloca i32, align 4
  %5 = alloca i32, align 4
  %6 = alloca i32, align 4
  store i32* %0, i32** %3, align 8
  store i32 %1, i32* %4, align 4
  store i32 0, i32* %5, align 4
  store i32 0, i32* %6, align 4
  br label %7

7:                                                ; preds = %11, %2
  %8 = load i32, i32* %6, align 4
  %9 = load i32, i32* %4, align 4
  %10 = icmp slt i32 %8, %9
  br i1 %10, label %11, label %21

11:                                               ; preds = %7
  %12 = load i32*, i32** %3, align 8
  %13 = load i32, i32* %6, align 4
  %14 = sext i32 %13 to i64
  %15 = getelementptr inbounds i32, i32* %12, i64 %14
  %16 = load i32, i32* %15, align 4
  %17 = load i32, i32* %5, align 4
  %18 = add nsw i32 %17, %16
  store i32 %18, i32* %5, align 4
  %19 = load i32, i32* %6, align 4
  %20 = add nsw i32 %19, 1
  store i32 %20, i32* %6, align 4
  br label %7, !llvm.loop !10

21:                                               ; preds = %7
  %22 = load i32, i32* %5, align 4
  ret i32 %22
}
*** IR Dump Before SROAPass on sumArray ***
; Function Attrs: nounwind uwtable
define dso_local i32 @sumArray(i32* noundef %0, i32 noundef %1) #0 {
  %3 = alloca i32*, align 8
  %4 = alloca i32, align 4
  %5 = alloca i32, align 4
  %6 = alloca i32, align 4
  store i32* %0, i32** %3, align 8
  store i32 %1, i32* %4, align 4
  store i32 0, i32* %5, align 4
  store i32 0, i32* %6, align 4
  br label %7

7:                                                ; preds = %11, %2
  %8 = load i32, i32* %6, align 4
  %9 = load i32, i32* %4, align 4
  %10 = icmp slt i32 %8, %9
  br i1 %10, label %11, label %21

11:                                               ; preds = %7
  %12 = load i32*, i32** %3, align 8
  %13 = load i32, i32* %6, align 4
  %14 = sext i32 %13 to i64
  %15 = getelementptr inbounds i32, i32* %12, i64 %14
  %16 = load i32, i32* %15, align 4
  %17 = load i32, i32* %5, align 4
  %18 = add nsw i32 %17, %16
  store i32 %18, i32* %5, align 4
  %19 = load i32, i32* %6, align 4
  %20 = add nsw i32 %19, 1
  store i32 %20, i32* %6, align 4
  br label %7, !llvm.loop !10

21:                                               ; preds = %7
  %22 = load i32, i32* %5, align 4
  ret i32 %22
}
*** IR Dump After SROAPass on sumArray ***
; Function Attrs: nounwind uwtable
define dso_local i32 @sumArray(i32* noundef %0, i32 noundef %1) #0 {
  br label %3

3:                                                ; preds = %5, %2
  %.06 = phi i32 [ 0, %2 ], [ %9, %5 ]
  %.0 = phi i32 [ 0, %2 ], [ %10, %5 ]
  %4 = icmp slt i32 %.0, %1
  br i1 %4, label %5, label %11

5:                                                ; preds = %3
  %6 = sext i32 %.0 to i64
  %7 = getelementptr inbounds i32, i32* %0, i64 %6
  %8 = load i32, i32* %7, align 4
  %9 = add nsw i32 %.06, %8
  %10 = add nsw i32 %.0, 1
  br label %3, !llvm.loop !10

11:                                               ; preds = %3
  ret i32 %.06
}
*** IR Dump Before EarlyCSEPass on sumArray ***
; Function Attrs: nounwind uwtable
define dso_local i32 @sumArray(i32* noundef %0, i32 noundef %1) #0 {
  br label %3

3:                                                ; preds = %5, %2
  %.06 = phi i32 [ 0, %2 ], [ %9, %5 ]
  %.0 = phi i32 [ 0, %2 ], [ %10, %5 ]
  %4 = icmp slt i32 %.0, %1
  br i1 %4, label %5, label %11

5:                                                ; preds = %3
  %6 = sext i32 %.0 to i64
  %7 = getelementptr inbounds i32, i32* %0, i64 %6
  %8 = load i32, i32* %7, align 4
  %9 = add nsw i32 %.06, %8
  %10 = add nsw i32 %.0, 1
  br label %3, !llvm.loop !10

11:                                               ; preds = %3
  ret i32 %.06
}
*** IR Dump After EarlyCSEPass on sumArray ***
; Function Attrs: nounwind uwtable
define dso_local i32 @sumArray(i32* noundef %0, i32 noundef %1) #0 {
  br label %3

3:                                                ; preds = %5, %2
  %.06 = phi i32 [ 0, %2 ], [ %9, %5 ]
  %.0 = phi i32 [ 0, %2 ], [ %10, %5 ]
  %4 = icmp slt i32 %.0, %1
  br i1 %4, label %5, label %11

5:                                                ; preds = %3
  %6 = sext i32 %.0 to i64
  %7 = getelementptr inbounds i32, i32* %0, i64 %6
  %8 = load i32, i32* %7, align 4
  %9 = add nsw i32 %.06, %8
  %10 = add nsw i32 %.0, 1
  br label %3, !llvm.loop !10

11:                                               ; preds = %3
  ret i32 %.06
}
*** IR Dump Before CoroEarlyPass on sumArray ***
; Function Attrs: nounwind uwtable
define dso_local i32 @sumArray(i32* noundef %0, i32 noundef %1) #0 {
  br label %3

3:                                                ; preds = %5, %2
  %.06 = phi i32 [ 0, %2 ], [ %9, %5 ]
  %.0 = phi i32 [ 0, %2 ], [ %10, %5 ]
  %4 = icmp slt i32 %.0, %1
  br i1 %4, label %5, label %11

5:                                                ; preds = %3
  %6 = sext i32 %.0 to i64
  %7 = getelementptr inbounds i32, i32* %0, i64 %6
  %8 = load i32, i32* %7, align 4
  %9 = add nsw i32 %.06, %8
  %10 = add nsw i32 %.0, 1
  br label %3, !llvm.loop !10

11:                                               ; preds = %3
  ret i32 %.06
}
*** IR Dump After CoroEarlyPass on sumArray ***
; Function Attrs: nounwind uwtable
define dso_local i32 @sumArray(i32* noundef %0, i32 noundef %1) #0 {
  br label %3

3:                                                ; preds = %5, %2
  %.06 = phi i32 [ 0, %2 ], [ %9, %5 ]
  %.0 = phi i32 [ 0, %2 ], [ %10, %5 ]
  %4 = icmp slt i32 %.0, %1
  br i1 %4, label %5, label %11

5:                                                ; preds = %3
  %6 = sext i32 %.0 to i64
  %7 = getelementptr inbounds i32, i32* %0, i64 %6
  %8 = load i32, i32* %7, align 4
  %9 = add nsw i32 %.06, %8
  %10 = add nsw i32 %.0, 1
  br label %3, !llvm.loop !10

11:                                               ; preds = %3
  ret i32 %.06
}
*** IR Dump Before OpenMPOptPass on [module] ***
; ModuleID = 'sumArray.in.ll'
source_filename = "sumArray.c"
target datalayout = "e-m:e-i8:8:32-i16:16:32-i64:64-i128:128-n32:64-S128"
target triple = "aarch64-unknown-linux-gnu"

; Function Attrs: nounwind uwtable
define dso_local i32 @sumArray(i32* noundef %0, i32 noundef %1) #0 {
  br label %3

3:                                                ; preds = %5, %2
  %.06 = phi i32 [ 0, %2 ], [ %9, %5 ]
  %.0 = phi i32 [ 0, %2 ], [ %10, %5 ]
  %4 = icmp slt i32 %.0, %1
  br i1 %4, label %5, label %11

5:                                                ; preds = %3
  %6 = sext i32 %.0 to i64
  %7 = getelementptr inbounds i32, i32* %0, i64 %6
  %8 = load i32, i32* %7, align 4
  %9 = add nsw i32 %.06, %8
  %10 = add nsw i32 %.0, 1
  br label %3, !llvm.loop !10

11:                                               ; preds = %3
  ret i32 %.06
}

attributes #0 = { nounwind uwtable "frame-pointer"="non-leaf" "min-legal-vector-width"="0" "no-trapping-math"="true" "stack-protector-buffer-size"="8" "target-cpu"="generic" "target-features"="+neon,+outline-atomics,+v8a" }

!llvm.module.flags = !{!0, !1, !2, !3, !4, !5, !6, !7, !8}
!llvm.ident = !{!9}

!0 = !{i32 1, !"wchar_size", i32 4}
!1 = !{i32 1, !"branch-target-enforcement", i32 0}
!2 = !{i32 1, !"sign-return-address", i32 0}
!3 = !{i32 1, !"sign-return-address-all", i32 0}
!4 = !{i32 1, !"sign-return-address-with-bkey", i32 0}
!5 = !{i32 7, !"PIC Level", i32 2}
!6 = !{i32 7, !"PIE Level", i32 2}
!7 = !{i32 7, !"uwtable", i32 1}
!8 = !{i32 7, !"frame-pointer", i32 1}
!9 = !{!"Ubuntu clang version 14.0.0-1ubuntu1.1"}
!10 = distinct !{!10, !11}
!11 = !{!"llvm.loop.mustprogress"}
*** IR Dump After OpenMPOptPass on [module] ***
; ModuleID = 'sumArray.in.ll'
source_filename = "sumArray.c"
target datalayout = "e-m:e-i8:8:32-i16:16:32-i64:64-i128:128-n32:64-S128"
target triple = "aarch64-unknown-linux-gnu"

; Function Attrs: nounwind uwtable
define dso_local i32 @sumArray(i32* noundef %0, i32 noundef %1) #0 {
  br label %3

3:                                                ; preds = %5, %2
  %.06 = phi i32 [ 0, %2 ], [ %9, %5 ]
  %.0 = phi i32 [ 0, %2 ], [ %10, %5 ]
  %4 = icmp slt i32 %.0, %1
  br i1 %4, label %5, label %11

5:                                                ; preds = %3
  %6 = sext i32 %.0 to i64
  %7 = getelementptr inbounds i32, i32* %0, i64 %6
  %8 = load i32, i32* %7, align 4
  %9 = add nsw i32 %.06, %8
  %10 = add nsw i32 %.0, 1
  br label %3, !llvm.loop !10

11:                                               ; preds = %3
  ret i32 %.06
}

attributes #0 = { nounwind uwtable "frame-pointer"="non-leaf" "min-legal-vector-width"="0" "no-trapping-math"="true" "stack-protector-buffer-size"="8" "target-cpu"="generic" "target-features"="+neon,+outline-atomics,+v8a" }

!llvm.module.flags = !{!0, !1, !2, !3, !4, !5, !6, !7, !8}
!llvm.ident = !{!9}

!0 = !{i32 1, !"wchar_size", i32 4}
!1 = !{i32 1, !"branch-target-enforcement", i32 0}
!2 = !{i32 1, !"sign-return-address", i32 0}
!3 = !{i32 1, !"sign-return-address-all", i32 0}
!4 = !{i32 1, !"sign-return-address-with-bkey", i32 0}
!5 = !{i32 7, !"PIC Level", i32 2}
!6 = !{i32 7, !"PIE Level", i32 2}
!7 = !{i32 7, !"uwtable", i32 1}
!8 = !{i32 7, !"frame-pointer", i32 1}
!9 = !{!"Ubuntu clang version 14.0.0-1ubuntu1.1"}
!10 = distinct !{!10, !11}
!11 = !{!"llvm.loop.mustprogress"}
*** IR Dump Before IPSCCPPass on [module] ***
; ModuleID = 'sumArray.in.ll'
source_filename = "sumArray.c"
target datalayout = "e-m:e-i8:8:32-i16:16:32-i64:64-i128:128-n32:64-S128"
target triple = "aarch64-unknown-linux-gnu"

; Function Attrs: nounwind uwtable
define dso_local i32 @sumArray(i32* noundef %0, i32 noundef %1) #0 {
  br label %3

3:                                                ; preds = %5, %2
  %.06 = phi i32 [ 0, %2 ], [ %9, %5 ]
  %.0 = phi i32 [ 0, %2 ], [ %10, %5 ]
  %4 = icmp slt i32 %.0, %1
  br i1 %4, label %5, label %11

5:                                                ; preds = %3
  %6 = sext i32 %.0 to i64
  %7 = getelementptr inbounds i32, i32* %0, i64 %6
  %8 = load i32, i32* %7, align 4
  %9 = add nsw i32 %.06, %8
  %10 = add nsw i32 %.0, 1
  br label %3, !llvm.loop !10

11:                                               ; preds = %3
  ret i32 %.06
}

attributes #0 = { nounwind uwtable "frame-pointer"="non-leaf" "min-legal-vector-width"="0" "no-trapping-math"="true" "stack-protector-buffer-size"="8" "target-cpu"="generic" "target-features"="+neon,+outline-atomics,+v8a" }

!llvm.module.flags = !{!0, !1, !2, !3, !4, !5, !6, !7, !8}
!llvm.ident = !{!9}

!0 = !{i32 1, !"wchar_size", i32 4}
!1 = !{i32 1, !"branch-target-enforcement", i32 0}
!2 = !{i32 1, !"sign-return-address", i32 0}
!3 = !{i32 1, !"sign-return-address-all", i32 0}
!4 = !{i32 1, !"sign-return-address-with-bkey", i32 0}
!5 = !{i32 7, !"PIC Level", i32 2}
!6 = !{i32 7, !"PIE Level", i32 2}
!7 = !{i32 7, !"uwtable", i32 1}
!8 = !{i32 7, !"frame-pointer", i32 1}
!9 = !{!"Ubuntu clang version 14.0.0-1ubuntu1.1"}
!10 = distinct !{!10, !11}
!11 = !{!"llvm.loop.mustprogress"}
*** IR Dump After IPSCCPPass on [module] ***
; ModuleID = 'sumArray.in.ll'
source_filename = "sumArray.c"
target datalayout = "e-m:e-i8:8:32-i16:16:32-i64:64-i128:128-n32:64-S128"
target triple = "aarch64-unknown-linux-gnu"

; Function Attrs: nounwind uwtable
define dso_local i32 @sumArray(i32* noundef %0, i32 noundef %1) #0 {
  br label %3

3:                                                ; preds = %5, %2
  %.06 = phi i32 [ 0, %2 ], [ %9, %5 ]
  %.0 = phi i32 [ 0, %2 ], [ %10, %5 ]
  %4 = icmp slt i32 %.0, %1
  br i1 %4, label %5, label %11

5:                                                ; preds = %3
  %6 = sext i32 %.0 to i64
  %7 = getelementptr inbounds i32, i32* %0, i64 %6
  %8 = load i32, i32* %7, align 4
  %9 = add nsw i32 %.06, %8
  %10 = add nsw i32 %.0, 1
  br label %3, !llvm.loop !10

11:                                               ; preds = %3
  ret i32 %.06
}

attributes #0 = { nounwind uwtable "frame-pointer"="non-leaf" "min-legal-vector-width"="0" "no-trapping-math"="true" "stack-protector-buffer-size"="8" "target-cpu"="generic" "target-features"="+neon,+outline-atomics,+v8a" }

!llvm.module.flags = !{!0, !1, !2, !3, !4, !5, !6, !7, !8}
!llvm.ident = !{!9}

!0 = !{i32 1, !"wchar_size", i32 4}
!1 = !{i32 1, !"branch-target-enforcement", i32 0}
!2 = !{i32 1, !"sign-return-address", i32 0}
!3 = !{i32 1, !"sign-return-address-all", i32 0}
!4 = !{i32 1, !"sign-return-address-with-bkey", i32 0}
!5 = !{i32 7, !"PIC Level", i32 2}
!6 = !{i32 7, !"PIE Level", i32 2}
!7 = !{i32 7, !"uwtable", i32 1}
!8 = !{i32 7, !"frame-pointer", i32 1}
!9 = !{!"Ubuntu clang version 14.0.0-1ubuntu1.1"}
!10 = distinct !{!10, !11}
!11 = !{!"llvm.loop.mustprogress"}
*** IR Dump Before CalledValuePropagationPass on [module] ***
; ModuleID = 'sumArray.in.ll'
source_filename = "sumArray.c"
target datalayout = "e-m:e-i8:8:32-i16:16:32-i64:64-i128:128-n32:64-S128"
target triple = "aarch64-unknown-linux-gnu"

; Function Attrs: nounwind uwtable
define dso_local i32 @sumArray(i32* noundef %0, i32 noundef %1) #0 {
  br label %3

3:                                                ; preds = %5, %2
  %.06 = phi i32 [ 0, %2 ], [ %9, %5 ]
  %.0 = phi i32 [ 0, %2 ], [ %10, %5 ]
  %4 = icmp slt i32 %.0, %1
  br i1 %4, label %5, label %11

5:                                                ; preds = %3
  %6 = sext i32 %.0 to i64
  %7 = getelementptr inbounds i32, i32* %0, i64 %6
  %8 = load i32, i32* %7, align 4
  %9 = add nsw i32 %.06, %8
  %10 = add nsw i32 %.0, 1
  br label %3, !llvm.loop !10

11:                                               ; preds = %3
  ret i32 %.06
}

attributes #0 = { nounwind uwtable "frame-pointer"="non-leaf" "min-legal-vector-width"="0" "no-trapping-math"="true" "stack-protector-buffer-size"="8" "target-cpu"="generic" "target-features"="+neon,+outline-atomics,+v8a" }

!llvm.module.flags = !{!0, !1, !2, !3, !4, !5, !6, !7, !8}
!llvm.ident = !{!9}

!0 = !{i32 1, !"wchar_size", i32 4}
!1 = !{i32 1, !"branch-target-enforcement", i32 0}
!2 = !{i32 1, !"sign-return-address", i32 0}
!3 = !{i32 1, !"sign-return-address-all", i32 0}
!4 = !{i32 1, !"sign-return-address-with-bkey", i32 0}
!5 = !{i32 7, !"PIC Level", i32 2}
!6 = !{i32 7, !"PIE Level", i32 2}
!7 = !{i32 7, !"uwtable", i32 1}
!8 = !{i32 7, !"frame-pointer", i32 1}
!9 = !{!"Ubuntu clang version 14.0.0-1ubuntu1.1"}
!10 = distinct !{!10, !11}
!11 = !{!"llvm.loop.mustprogress"}
*** IR Dump After CalledValuePropagationPass on [module] ***
; ModuleID = 'sumArray.in.ll'
source_filename = "sumArray.c"
target datalayout = "e-m:e-i8:8:32-i16:16:32-i64:64-i128:128-n32:64-S128"
target triple = "aarch64-unknown-linux-gnu"

; Function Attrs: nounwind uwtable
define dso_local i32 @sumArray(i32* noundef %0, i32 noundef %1) #0 {
  br label %3

3:                                                ; preds = %5, %2
  %.06 = phi i32 [ 0, %2 ], [ %9, %5 ]
  %.0 = phi i32 [ 0, %2 ], [ %10, %5 ]
  %4 = icmp slt i32 %.0, %1
  br i1 %4, label %5, label %11

5:                                                ; preds = %3
  %6 = sext i32 %.0 to i64
  %7 = getelementptr inbounds i32, i32* %0, i64 %6
  %8 = load i32, i32* %7, align 4
  %9 = add nsw i32 %.06, %8
  %10 = add nsw i32 %.0, 1
  br label %3, !llvm.loop !10

11:                                               ; preds = %3
  ret i32 %.06
}

attributes #0 = { nounwind uwtable "frame-pointer"="non-leaf" "min-legal-vector-width"="0" "no-trapping-math"="true" "stack-protector-buffer-size"="8" "target-cpu"="generic" "target-features"="+neon,+outline-atomics,+v8a" }

!llvm.module.flags = !{!0, !1, !2, !3, !4, !5, !6, !7, !8}
!llvm.ident = !{!9}

!0 = !{i32 1, !"wchar_size", i32 4}
!1 = !{i32 1, !"branch-target-enforcement", i32 0}
!2 = !{i32 1, !"sign-return-address", i32 0}
!3 = !{i32 1, !"sign-return-address-all", i32 0}
!4 = !{i32 1, !"sign-return-address-with-bkey", i32 0}
!5 = !{i32 7, !"PIC Level", i32 2}
!6 = !{i32 7, !"PIE Level", i32 2}
!7 = !{i32 7, !"uwtable", i32 1}
!8 = !{i32 7, !"frame-pointer", i32 1}
!9 = !{!"Ubuntu clang version 14.0.0-1ubuntu1.1"}
!10 = distinct !{!10, !11}
!11 = !{!"llvm.loop.mustprogress"}
*** IR Dump Before GlobalOptPass on [module] ***
; ModuleID = 'sumArray.in.ll'
source_filename = "sumArray.c"
target datalayout = "e-m:e-i8:8:32-i16:16:32-i64:64-i128:128-n32:64-S128"
target triple = "aarch64-unknown-linux-gnu"

; Function Attrs: nounwind uwtable
define dso_local i32 @sumArray(i32* noundef %0, i32 noundef %1) #0 {
  br label %3

3:                                                ; preds = %5, %2
  %.06 = phi i32 [ 0, %2 ], [ %9, %5 ]
  %.0 = phi i32 [ 0, %2 ], [ %10, %5 ]
  %4 = icmp slt i32 %.0, %1
  br i1 %4, label %5, label %11

5:                                                ; preds = %3
  %6 = sext i32 %.0 to i64
  %7 = getelementptr inbounds i32, i32* %0, i64 %6
  %8 = load i32, i32* %7, align 4
  %9 = add nsw i32 %.06, %8
  %10 = add nsw i32 %.0, 1
  br label %3, !llvm.loop !10

11:                                               ; preds = %3
  ret i32 %.06
}

attributes #0 = { nounwind uwtable "frame-pointer"="non-leaf" "min-legal-vector-width"="0" "no-trapping-math"="true" "stack-protector-buffer-size"="8" "target-cpu"="generic" "target-features"="+neon,+outline-atomics,+v8a" }

!llvm.module.flags = !{!0, !1, !2, !3, !4, !5, !6, !7, !8}
!llvm.ident = !{!9}

!0 = !{i32 1, !"wchar_size", i32 4}
!1 = !{i32 1, !"branch-target-enforcement", i32 0}
!2 = !{i32 1, !"sign-return-address", i32 0}
!3 = !{i32 1, !"sign-return-address-all", i32 0}
!4 = !{i32 1, !"sign-return-address-with-bkey", i32 0}
!5 = !{i32 7, !"PIC Level", i32 2}
!6 = !{i32 7, !"PIE Level", i32 2}
!7 = !{i32 7, !"uwtable", i32 1}
!8 = !{i32 7, !"frame-pointer", i32 1}
!9 = !{!"Ubuntu clang version 14.0.0-1ubuntu1.1"}
!10 = distinct !{!10, !11}
!11 = !{!"llvm.loop.mustprogress"}
*** IR Dump After GlobalOptPass on [module] ***
; ModuleID = 'sumArray.in.ll'
source_filename = "sumArray.c"
target datalayout = "e-m:e-i8:8:32-i16:16:32-i64:64-i128:128-n32:64-S128"
target triple = "aarch64-unknown-linux-gnu"

; Function Attrs: nounwind uwtable
define dso_local i32 @sumArray(i32* noundef %0, i32 noundef %1) local_unnamed_addr #0 {
  br label %3

3:                                                ; preds = %5, %2
  %.06 = phi i32 [ 0, %2 ], [ %9, %5 ]
  %.0 = phi i32 [ 0, %2 ], [ %10, %5 ]
  %4 = icmp slt i32 %.0, %1
  br i1 %4, label %5, label %11

5:                                                ; preds = %3
  %6 = sext i32 %.0 to i64
  %7 = getelementptr inbounds i32, i32* %0, i64 %6
  %8 = load i32, i32* %7, align 4
  %9 = add nsw i32 %.06, %8
  %10 = add nsw i32 %.0, 1
  br label %3, !llvm.loop !10

11:                                               ; preds = %3
  ret i32 %.06
}

attributes #0 = { nounwind uwtable "frame-pointer"="non-leaf" "min-legal-vector-width"="0" "no-trapping-math"="true" "stack-protector-buffer-size"="8" "target-cpu"="generic" "target-features"="+neon,+outline-atomics,+v8a" }

!llvm.module.flags = !{!0, !1, !2, !3, !4, !5, !6, !7, !8}
!llvm.ident = !{!9}

!0 = !{i32 1, !"wchar_size", i32 4}
!1 = !{i32 1, !"branch-target-enforcement", i32 0}
!2 = !{i32 1, !"sign-return-address", i32 0}
!3 = !{i32 1, !"sign-return-address-all", i32 0}
!4 = !{i32 1, !"sign-return-address-with-bkey", i32 0}
!5 = !{i32 7, !"PIC Level", i32 2}
!6 = !{i32 7, !"PIE Level", i32 2}
!7 = !{i32 7, !"uwtable", i32 1}
!8 = !{i32 7, !"frame-pointer", i32 1}
!9 = !{!"Ubuntu clang version 14.0.0-1ubuntu1.1"}
!10 = distinct !{!10, !11}
!11 = !{!"llvm.loop.mustprogress"}
*** IR Dump Before PromotePass on sumArray ***
; Function Attrs: nounwind uwtable
define dso_local i32 @sumArray(i32* noundef %0, i32 noundef %1) local_unnamed_addr #0 {
  br label %3

3:                                                ; preds = %5, %2
  %.06 = phi i32 [ 0, %2 ], [ %9, %5 ]
  %.0 = phi i32 [ 0, %2 ], [ %10, %5 ]
  %4 = icmp slt i32 %.0, %1
  br i1 %4, label %5, label %11

5:                                                ; preds = %3
  %6 = sext i32 %.0 to i64
  %7 = getelementptr inbounds i32, i32* %0, i64 %6
  %8 = load i32, i32* %7, align 4
  %9 = add nsw i32 %.06, %8
  %10 = add nsw i32 %.0, 1
  br label %3, !llvm.loop !10

11:                                               ; preds = %3
  ret i32 %.06
}
*** IR Dump After PromotePass on sumArray ***
; Function Attrs: nounwind uwtable
define dso_local i32 @sumArray(i32* noundef %0, i32 noundef %1) local_unnamed_addr #0 {
  br label %3

3:                                                ; preds = %5, %2
  %.06 = phi i32 [ 0, %2 ], [ %9, %5 ]
  %.0 = phi i32 [ 0, %2 ], [ %10, %5 ]
  %4 = icmp slt i32 %.0, %1
  br i1 %4, label %5, label %11

5:                                                ; preds = %3
  %6 = sext i32 %.0 to i64
  %7 = getelementptr inbounds i32, i32* %0, i64 %6
  %8 = load i32, i32* %7, align 4
  %9 = add nsw i32 %.06, %8
  %10 = add nsw i32 %.0, 1
  br label %3, !llvm.loop !10

11:                                               ; preds = %3
  ret i32 %.06
}
*** IR Dump Before DeadArgumentEliminationPass on [module] ***
; ModuleID = 'sumArray.in.ll'
source_filename = "sumArray.c"
target datalayout = "e-m:e-i8:8:32-i16:16:32-i64:64-i128:128-n32:64-S128"
target triple = "aarch64-unknown-linux-gnu"

; Function Attrs: nounwind uwtable
define dso_local i32 @sumArray(i32* noundef %0, i32 noundef %1) local_unnamed_addr #0 {
  br label %3

3:                                                ; preds = %5, %2
  %.06 = phi i32 [ 0, %2 ], [ %9, %5 ]
  %.0 = phi i32 [ 0, %2 ], [ %10, %5 ]
  %4 = icmp slt i32 %.0, %1
  br i1 %4, label %5, label %11

5:                                                ; preds = %3
  %6 = sext i32 %.0 to i64
  %7 = getelementptr inbounds i32, i32* %0, i64 %6
  %8 = load i32, i32* %7, align 4
  %9 = add nsw i32 %.06, %8
  %10 = add nsw i32 %.0, 1
  br label %3, !llvm.loop !10

11:                                               ; preds = %3
  ret i32 %.06
}

attributes #0 = { nounwind uwtable "frame-pointer"="non-leaf" "min-legal-vector-width"="0" "no-trapping-math"="true" "stack-protector-buffer-size"="8" "target-cpu"="generic" "target-features"="+neon,+outline-atomics,+v8a" }

!llvm.module.flags = !{!0, !1, !2, !3, !4, !5, !6, !7, !8}
!llvm.ident = !{!9}

!0 = !{i32 1, !"wchar_size", i32 4}
!1 = !{i32 1, !"branch-target-enforcement", i32 0}
!2 = !{i32 1, !"sign-return-address", i32 0}
!3 = !{i32 1, !"sign-return-address-all", i32 0}
!4 = !{i32 1, !"sign-return-address-with-bkey", i32 0}
!5 = !{i32 7, !"PIC Level", i32 2}
!6 = !{i32 7, !"PIE Level", i32 2}
!7 = !{i32 7, !"uwtable", i32 1}
!8 = !{i32 7, !"frame-pointer", i32 1}
!9 = !{!"Ubuntu clang version 14.0.0-1ubuntu1.1"}
!10 = distinct !{!10, !11}
!11 = !{!"llvm.loop.mustprogress"}
*** IR Dump After DeadArgumentEliminationPass on [module] ***
; ModuleID = 'sumArray.in.ll'
source_filename = "sumArray.c"
target datalayout = "e-m:e-i8:8:32-i16:16:32-i64:64-i128:128-n32:64-S128"
target triple = "aarch64-unknown-linux-gnu"

; Function Attrs: nounwind uwtable
define dso_local i32 @sumArray(i32* noundef %0, i32 noundef %1) local_unnamed_addr #0 {
  br label %3

3:                                                ; preds = %5, %2
  %.06 = phi i32 [ 0, %2 ], [ %9, %5 ]
  %.0 = phi i32 [ 0, %2 ], [ %10, %5 ]
  %4 = icmp slt i32 %.0, %1
  br i1 %4, label %5, label %11

5:                                                ; preds = %3
  %6 = sext i32 %.0 to i64
  %7 = getelementptr inbounds i32, i32* %0, i64 %6
  %8 = load i32, i32* %7, align 4
  %9 = add nsw i32 %.06, %8
  %10 = add nsw i32 %.0, 1
  br label %3, !llvm.loop !10

11:                                               ; preds = %3
  ret i32 %.06
}

attributes #0 = { nounwind uwtable "frame-pointer"="non-leaf" "min-legal-vector-width"="0" "no-trapping-math"="true" "stack-protector-buffer-size"="8" "target-cpu"="generic" "target-features"="+neon,+outline-atomics,+v8a" }

!llvm.module.flags = !{!0, !1, !2, !3, !4, !5, !6, !7, !8}
!llvm.ident = !{!9}

!0 = !{i32 1, !"wchar_size", i32 4}
!1 = !{i32 1, !"branch-target-enforcement", i32 0}
!2 = !{i32 1, !"sign-return-address", i32 0}
!3 = !{i32 1, !"sign-return-address-all", i32 0}
!4 = !{i32 1, !"sign-return-address-with-bkey", i32 0}
!5 = !{i32 7, !"PIC Level", i32 2}
!6 = !{i32 7, !"PIE Level", i32 2}
!7 = !{i32 7, !"uwtable", i32 1}
!8 = !{i32 7, !"frame-pointer", i32 1}
!9 = !{!"Ubuntu clang version 14.0.0-1ubuntu1.1"}
!10 = distinct !{!10, !11}
!11 = !{!"llvm.loop.mustprogress"}
*** IR Dump Before InstCombinePass on sumArray ***
; Function Attrs: nounwind uwtable
define dso_local i32 @sumArray(i32* noundef %0, i32 noundef %1) local_unnamed_addr #0 {
  br label %3

3:                                                ; preds = %5, %2
  %.06 = phi i32 [ 0, %2 ], [ %9, %5 ]
  %.0 = phi i32 [ 0, %2 ], [ %10, %5 ]
  %4 = icmp slt i32 %.0, %1
  br i1 %4, label %5, label %11

5:                                                ; preds = %3
  %6 = sext i32 %.0 to i64
  %7 = getelementptr inbounds i32, i32* %0, i64 %6
  %8 = load i32, i32* %7, align 4
  %9 = add nsw i32 %.06, %8
  %10 = add nsw i32 %.0, 1
  br label %3, !llvm.loop !10

11:                                               ; preds = %3
  ret i32 %.06
}
*** IR Dump After InstCombinePass on sumArray ***
; Function Attrs: nounwind uwtable
define dso_local i32 @sumArray(i32* noundef %0, i32 noundef %1) local_unnamed_addr #0 {
  br label %3

3:                                                ; preds = %5, %2
  %.06 = phi i32 [ 0, %2 ], [ %9, %5 ]
  %.0 = phi i32 [ 0, %2 ], [ %10, %5 ]
  %4 = icmp slt i32 %.0, %1
  br i1 %4, label %5, label %11

5:                                                ; preds = %3
  %6 = zext i32 %.0 to i64
  %7 = getelementptr inbounds i32, i32* %0, i64 %6
  %8 = load i32, i32* %7, align 4
  %9 = add nsw i32 %.06, %8
  %10 = add nuw nsw i32 %.0, 1
  br label %3, !llvm.loop !10

11:                                               ; preds = %3
  ret i32 %.06
}
*** IR Dump Before SimplifyCFGPass on sumArray ***
; Function Attrs: nounwind uwtable
define dso_local i32 @sumArray(i32* noundef %0, i32 noundef %1) local_unnamed_addr #0 {
  br label %3

3:                                                ; preds = %5, %2
  %.06 = phi i32 [ 0, %2 ], [ %9, %5 ]
  %.0 = phi i32 [ 0, %2 ], [ %10, %5 ]
  %4 = icmp slt i32 %.0, %1
  br i1 %4, label %5, label %11

5:                                                ; preds = %3
  %6 = zext i32 %.0 to i64
  %7 = getelementptr inbounds i32, i32* %0, i64 %6
  %8 = load i32, i32* %7, align 4
  %9 = add nsw i32 %.06, %8
  %10 = add nuw nsw i32 %.0, 1
  br label %3, !llvm.loop !10

11:                                               ; preds = %3
  ret i32 %.06
}
*** IR Dump After SimplifyCFGPass on sumArray ***
; Function Attrs: nounwind uwtable
define dso_local i32 @sumArray(i32* noundef %0, i32 noundef %1) local_unnamed_addr #0 {
  br label %3

3:                                                ; preds = %5, %2
  %.06 = phi i32 [ 0, %2 ], [ %9, %5 ]
  %.0 = phi i32 [ 0, %2 ], [ %10, %5 ]
  %4 = icmp slt i32 %.0, %1
  br i1 %4, label %5, label %11

5:                                                ; preds = %3
  %6 = zext i32 %.0 to i64
  %7 = getelementptr inbounds i32, i32* %0, i64 %6
  %8 = load i32, i32* %7, align 4
  %9 = add nsw i32 %.06, %8
  %10 = add nuw nsw i32 %.0, 1
  br label %3, !llvm.loop !10

11:                                               ; preds = %3
  ret i32 %.06
}
*** IR Dump Before RequireAnalysisPass<llvm::GlobalsAA, llvm::Module> on [module] ***
; ModuleID = 'sumArray.in.ll'
source_filename = "sumArray.c"
target datalayout = "e-m:e-i8:8:32-i16:16:32-i64:64-i128:128-n32:64-S128"
target triple = "aarch64-unknown-linux-gnu"

; Function Attrs: nounwind uwtable
define dso_local i32 @sumArray(i32* noundef %0, i32 noundef %1) local_unnamed_addr #0 {
  br label %3

3:                                                ; preds = %5, %2
  %.06 = phi i32 [ 0, %2 ], [ %9, %5 ]
  %.0 = phi i32 [ 0, %2 ], [ %10, %5 ]
  %4 = icmp slt i32 %.0, %1
  br i1 %4, label %5, label %11

5:                                                ; preds = %3
  %6 = zext i32 %.0 to i64
  %7 = getelementptr inbounds i32, i32* %0, i64 %6
  %8 = load i32, i32* %7, align 4
  %9 = add nsw i32 %.06, %8
  %10 = add nuw nsw i32 %.0, 1
  br label %3, !llvm.loop !10

11:                                               ; preds = %3
  ret i32 %.06
}

attributes #0 = { nounwind uwtable "frame-pointer"="non-leaf" "min-legal-vector-width"="0" "no-trapping-math"="true" "stack-protector-buffer-size"="8" "target-cpu"="generic" "target-features"="+neon,+outline-atomics,+v8a" }

!llvm.module.flags = !{!0, !1, !2, !3, !4, !5, !6, !7, !8}
!llvm.ident = !{!9}

!0 = !{i32 1, !"wchar_size", i32 4}
!1 = !{i32 1, !"branch-target-enforcement", i32 0}
!2 = !{i32 1, !"sign-return-address", i32 0}
!3 = !{i32 1, !"sign-return-address-all", i32 0}
!4 = !{i32 1, !"sign-return-address-with-bkey", i32 0}
!5 = !{i32 7, !"PIC Level", i32 2}
!6 = !{i32 7, !"PIE Level", i32 2}
!7 = !{i32 7, !"uwtable", i32 1}
!8 = !{i32 7, !"frame-pointer", i32 1}
!9 = !{!"Ubuntu clang version 14.0.0-1ubuntu1.1"}
!10 = distinct !{!10, !11}
!11 = !{!"llvm.loop.mustprogress"}
*** IR Dump After RequireAnalysisPass<llvm::GlobalsAA, llvm::Module> on [module] ***
; ModuleID = 'sumArray.in.ll'
source_filename = "sumArray.c"
target datalayout = "e-m:e-i8:8:32-i16:16:32-i64:64-i128:128-n32:64-S128"
target triple = "aarch64-unknown-linux-gnu"

; Function Attrs: nounwind uwtable
define dso_local i32 @sumArray(i32* noundef %0, i32 noundef %1) local_unnamed_addr #0 {
  br label %3

3:                                                ; preds = %5, %2
  %.06 = phi i32 [ 0, %2 ], [ %9, %5 ]
  %.0 = phi i32 [ 0, %2 ], [ %10, %5 ]
  %4 = icmp slt i32 %.0, %1
  br i1 %4, label %5, label %11

5:                                                ; preds = %3
  %6 = zext i32 %.0 to i64
  %7 = getelementptr inbounds i32, i32* %0, i64 %6
  %8 = load i32, i32* %7, align 4
  %9 = add nsw i32 %.06, %8
  %10 = add nuw nsw i32 %.0, 1
  br label %3, !llvm.loop !10

11:                                               ; preds = %3
  ret i32 %.06
}

attributes #0 = { nounwind uwtable "frame-pointer"="non-leaf" "min-legal-vector-width"="0" "no-trapping-math"="true" "stack-protector-buffer-size"="8" "target-cpu"="generic" "target-features"="+neon,+outline-atomics,+v8a" }

!llvm.module.flags = !{!0, !1, !2, !3, !4, !5, !6, !7, !8}
!llvm.ident = !{!9}

!0 = !{i32 1, !"wchar_size", i32 4}
!1 = !{i32 1, !"branch-target-enforcement", i32 0}
!2 = !{i32 1, !"sign-return-address", i32 0}
!3 = !{i32 1, !"sign-return-address-all", i32 0}
!4 = !{i32 1, !"sign-return-address-with-bkey", i32 0}
!5 = !{i32 7, !"PIC Level", i32 2}
!6 = !{i32 7, !"PIE Level", i32 2}
!7 = !{i32 7, !"uwtable", i32 1}
!8 = !{i32 7, !"frame-pointer", i32 1}
!9 = !{!"Ubuntu clang version 14.0.0-1ubuntu1.1"}
!10 = distinct !{!10, !11}
!11 = !{!"llvm.loop.mustprogress"}
*** IR Dump Before InvalidateAnalysisPass<llvm::AAManager> on sumArray ***
; Function Attrs: nounwind uwtable
define dso_local i32 @sumArray(i32* noundef %0, i32 noundef %1) local_unnamed_addr #0 {
  br label %3

3:                                                ; preds = %5, %2
  %.06 = phi i32 [ 0, %2 ], [ %9, %5 ]
  %.0 = phi i32 [ 0, %2 ], [ %10, %5 ]
  %4 = icmp slt i32 %.0, %1
  br i1 %4, label %5, label %11

5:                                                ; preds = %3
  %6 = zext i32 %.0 to i64
  %7 = getelementptr inbounds i32, i32* %0, i64 %6
  %8 = load i32, i32* %7, align 4
  %9 = add nsw i32 %.06, %8
  %10 = add nuw nsw i32 %.0, 1
  br label %3, !llvm.loop !10

11:                                               ; preds = %3
  ret i32 %.06
}
*** IR Dump After InvalidateAnalysisPass<llvm::AAManager> on sumArray ***
; Function Attrs: nounwind uwtable
define dso_local i32 @sumArray(i32* noundef %0, i32 noundef %1) local_unnamed_addr #0 {
  br label %3

3:                                                ; preds = %5, %2
  %.06 = phi i32 [ 0, %2 ], [ %9, %5 ]
  %.0 = phi i32 [ 0, %2 ], [ %10, %5 ]
  %4 = icmp slt i32 %.0, %1
  br i1 %4, label %5, label %11

5:                                                ; preds = %3
  %6 = zext i32 %.0 to i64
  %7 = getelementptr inbounds i32, i32* %0, i64 %6
  %8 = load i32, i32* %7, align 4
  %9 = add nsw i32 %.06, %8
  %10 = add nuw nsw i32 %.0, 1
  br label %3, !llvm.loop !10

11:                                               ; preds = %3
  ret i32 %.06
}
*** IR Dump Before RequireAnalysisPass<llvm::ProfileSummaryAnalysis, llvm::Module> on [module] ***
; ModuleID = 'sumArray.in.ll'
source_filename = "sumArray.c"
target datalayout = "e-m:e-i8:8:32-i16:16:32-i64:64-i128:128-n32:64-S128"
target triple = "aarch64-unknown-linux-gnu"

; Function Attrs: nounwind uwtable
define dso_local i32 @sumArray(i32* noundef %0, i32 noundef %1) local_unnamed_addr #0 {
  br label %3

3:                                                ; preds = %5, %2
  %.06 = phi i32 [ 0, %2 ], [ %9, %5 ]
  %.0 = phi i32 [ 0, %2 ], [ %10, %5 ]
  %4 = icmp slt i32 %.0, %1
  br i1 %4, label %5, label %11

5:                                                ; preds = %3
  %6 = zext i32 %.0 to i64
  %7 = getelementptr inbounds i32, i32* %0, i64 %6
  %8 = load i32, i32* %7, align 4
  %9 = add nsw i32 %.06, %8
  %10 = add nuw nsw i32 %.0, 1
  br label %3, !llvm.loop !10

11:                                               ; preds = %3
  ret i32 %.06
}

attributes #0 = { nounwind uwtable "frame-pointer"="non-leaf" "min-legal-vector-width"="0" "no-trapping-math"="true" "stack-protector-buffer-size"="8" "target-cpu"="generic" "target-features"="+neon,+outline-atomics,+v8a" }

!llvm.module.flags = !{!0, !1, !2, !3, !4, !5, !6, !7, !8}
!llvm.ident = !{!9}

!0 = !{i32 1, !"wchar_size", i32 4}
!1 = !{i32 1, !"branch-target-enforcement", i32 0}
!2 = !{i32 1, !"sign-return-address", i32 0}
!3 = !{i32 1, !"sign-return-address-all", i32 0}
!4 = !{i32 1, !"sign-return-address-with-bkey", i32 0}
!5 = !{i32 7, !"PIC Level", i32 2}
!6 = !{i32 7, !"PIE Level", i32 2}
!7 = !{i32 7, !"uwtable", i32 1}
!8 = !{i32 7, !"frame-pointer", i32 1}
!9 = !{!"Ubuntu clang version 14.0.0-1ubuntu1.1"}
!10 = distinct !{!10, !11}
!11 = !{!"llvm.loop.mustprogress"}
*** IR Dump After RequireAnalysisPass<llvm::ProfileSummaryAnalysis, llvm::Module> on [module] ***
; ModuleID = 'sumArray.in.ll'
source_filename = "sumArray.c"
target datalayout = "e-m:e-i8:8:32-i16:16:32-i64:64-i128:128-n32:64-S128"
target triple = "aarch64-unknown-linux-gnu"

; Function Attrs: nounwind uwtable
define dso_local i32 @sumArray(i32* noundef %0, i32 noundef %1) local_unnamed_addr #0 {
  br label %3

3:                                                ; preds = %5, %2
  %.06 = phi i32 [ 0, %2 ], [ %9, %5 ]
  %.0 = phi i32 [ 0, %2 ], [ %10, %5 ]
  %4 = icmp slt i32 %.0, %1
  br i1 %4, label %5, label %11

5:                                                ; preds = %3
  %6 = zext i32 %.0 to i64
  %7 = getelementptr inbounds i32, i32* %0, i64 %6
  %8 = load i32, i32* %7, align 4
  %9 = add nsw i32 %.06, %8
  %10 = add nuw nsw i32 %.0, 1
  br label %3, !llvm.loop !10

11:                                               ; preds = %3
  ret i32 %.06
}

attributes #0 = { nounwind uwtable "frame-pointer"="non-leaf" "min-legal-vector-width"="0" "no-trapping-math"="true" "stack-protector-buffer-size"="8" "target-cpu"="generic" "target-features"="+neon,+outline-atomics,+v8a" }

!llvm.module.flags = !{!0, !1, !2, !3, !4, !5, !6, !7, !8}
!llvm.ident = !{!9}

!0 = !{i32 1, !"wchar_size", i32 4}
!1 = !{i32 1, !"branch-target-enforcement", i32 0}
!2 = !{i32 1, !"sign-return-address", i32 0}
!3 = !{i32 1, !"sign-return-address-all", i32 0}
!4 = !{i32 1, !"sign-return-address-with-bkey", i32 0}
!5 = !{i32 7, !"PIC Level", i32 2}
!6 = !{i32 7, !"PIE Level", i32 2}
!7 = !{i32 7, !"uwtable", i32 1}
!8 = !{i32 7, !"frame-pointer", i32 1}
!9 = !{!"Ubuntu clang version 14.0.0-1ubuntu1.1"}
!10 = distinct !{!10, !11}
!11 = !{!"llvm.loop.mustprogress"}
*** IR Dump Before InlinerPass on (sumArray) ***
; Function Attrs: nounwind uwtable
define dso_local i32 @sumArray(i32* noundef %0, i32 noundef %1) local_unnamed_addr #0 {
  br label %3

3:                                                ; preds = %5, %2
  %.06 = phi i32 [ 0, %2 ], [ %9, %5 ]
  %.0 = phi i32 [ 0, %2 ], [ %10, %5 ]
  %4 = icmp slt i32 %.0, %1
  br i1 %4, label %5, label %11

5:                                                ; preds = %3
  %6 = zext i32 %.0 to i64
  %7 = getelementptr inbounds i32, i32* %0, i64 %6
  %8 = load i32, i32* %7, align 4
  %9 = add nsw i32 %.06, %8
  %10 = add nuw nsw i32 %.0, 1
  br label %3, !llvm.loop !10

11:                                               ; preds = %3
  ret i32 %.06
}
*** IR Dump After InlinerPass on (sumArray) ***
; Function Attrs: nounwind uwtable
define dso_local i32 @sumArray(i32* noundef %0, i32 noundef %1) local_unnamed_addr #0 {
  br label %3

3:                                                ; preds = %5, %2
  %.06 = phi i32 [ 0, %2 ], [ %9, %5 ]
  %.0 = phi i32 [ 0, %2 ], [ %10, %5 ]
  %4 = icmp slt i32 %.0, %1
  br i1 %4, label %5, label %11

5:                                                ; preds = %3
  %6 = zext i32 %.0 to i64
  %7 = getelementptr inbounds i32, i32* %0, i64 %6
  %8 = load i32, i32* %7, align 4
  %9 = add nsw i32 %.06, %8
  %10 = add nuw nsw i32 %.0, 1
  br label %3, !llvm.loop !10

11:                                               ; preds = %3
  ret i32 %.06
}
*** IR Dump Before InlinerPass on (sumArray) ***
; Function Attrs: nounwind uwtable
define dso_local i32 @sumArray(i32* noundef %0, i32 noundef %1) local_unnamed_addr #0 {
  br label %3

3:                                                ; preds = %5, %2
  %.06 = phi i32 [ 0, %2 ], [ %9, %5 ]
  %.0 = phi i32 [ 0, %2 ], [ %10, %5 ]
  %4 = icmp slt i32 %.0, %1
  br i1 %4, label %5, label %11

5:                                                ; preds = %3
  %6 = zext i32 %.0 to i64
  %7 = getelementptr inbounds i32, i32* %0, i64 %6
  %8 = load i32, i32* %7, align 4
  %9 = add nsw i32 %.06, %8
  %10 = add nuw nsw i32 %.0, 1
  br label %3, !llvm.loop !10

11:                                               ; preds = %3
  ret i32 %.06
}
*** IR Dump After InlinerPass on (sumArray) ***
; Function Attrs: nounwind uwtable
define dso_local i32 @sumArray(i32* noundef %0, i32 noundef %1) local_unnamed_addr #0 {
  br label %3

3:                                                ; preds = %5, %2
  %.06 = phi i32 [ 0, %2 ], [ %9, %5 ]
  %.0 = phi i32 [ 0, %2 ], [ %10, %5 ]
  %4 = icmp slt i32 %.0, %1
  br i1 %4, label %5, label %11

5:                                                ; preds = %3
  %6 = zext i32 %.0 to i64
  %7 = getelementptr inbounds i32, i32* %0, i64 %6
  %8 = load i32, i32* %7, align 4
  %9 = add nsw i32 %.06, %8
  %10 = add nuw nsw i32 %.0, 1
  br label %3, !llvm.loop !10

11:                                               ; preds = %3
  ret i32 %.06
}
*** IR Dump Before PostOrderFunctionAttrsPass on (sumArray) ***
; Function Attrs: nounwind uwtable
define dso_local i32 @sumArray(i32* noundef %0, i32 noundef %1) local_unnamed_addr #0 {
  br label %3

3:                                                ; preds = %5, %2
  %.06 = phi i32 [ 0, %2 ], [ %9, %5 ]
  %.0 = phi i32 [ 0, %2 ], [ %10, %5 ]
  %4 = icmp slt i32 %.0, %1
  br i1 %4, label %5, label %11

5:                                                ; preds = %3
  %6 = zext i32 %.0 to i64
  %7 = getelementptr inbounds i32, i32* %0, i64 %6
  %8 = load i32, i32* %7, align 4
  %9 = add nsw i32 %.06, %8
  %10 = add nuw nsw i32 %.0, 1
  br label %3, !llvm.loop !10

11:                                               ; preds = %3
  ret i32 %.06
}
*** IR Dump After PostOrderFunctionAttrsPass on (sumArray) ***
; Function Attrs: nofree norecurse nosync nounwind readonly uwtable
define dso_local i32 @sumArray(i32* nocapture noundef readonly %0, i32 noundef %1) local_unnamed_addr #0 {
  br label %3

3:                                                ; preds = %5, %2
  %.06 = phi i32 [ 0, %2 ], [ %9, %5 ]
  %.0 = phi i32 [ 0, %2 ], [ %10, %5 ]
  %4 = icmp slt i32 %.0, %1
  br i1 %4, label %5, label %11

5:                                                ; preds = %3
  %6 = zext i32 %.0 to i64
  %7 = getelementptr inbounds i32, i32* %0, i64 %6
  %8 = load i32, i32* %7, align 4
  %9 = add nsw i32 %.06, %8
  %10 = add nuw nsw i32 %.0, 1
  br label %3, !llvm.loop !10

11:                                               ; preds = %3
  ret i32 %.06
}
*** IR Dump Before OpenMPOptCGSCCPass on (sumArray) ***
; Function Attrs: nofree norecurse nosync nounwind readonly uwtable
define dso_local i32 @sumArray(i32* nocapture noundef readonly %0, i32 noundef %1) local_unnamed_addr #0 {
  br label %3

3:                                                ; preds = %5, %2
  %.06 = phi i32 [ 0, %2 ], [ %9, %5 ]
  %.0 = phi i32 [ 0, %2 ], [ %10, %5 ]
  %4 = icmp slt i32 %.0, %1
  br i1 %4, label %5, label %11

5:                                                ; preds = %3
  %6 = zext i32 %.0 to i64
  %7 = getelementptr inbounds i32, i32* %0, i64 %6
  %8 = load i32, i32* %7, align 4
  %9 = add nsw i32 %.06, %8
  %10 = add nuw nsw i32 %.0, 1
  br label %3, !llvm.loop !10

11:                                               ; preds = %3
  ret i32 %.06
}
*** IR Dump After OpenMPOptCGSCCPass on (sumArray) ***
; Function Attrs: nofree norecurse nosync nounwind readonly uwtable
define dso_local i32 @sumArray(i32* nocapture noundef readonly %0, i32 noundef %1) local_unnamed_addr #0 {
  br label %3

3:                                                ; preds = %5, %2
  %.06 = phi i32 [ 0, %2 ], [ %9, %5 ]
  %.0 = phi i32 [ 0, %2 ], [ %10, %5 ]
  %4 = icmp slt i32 %.0, %1
  br i1 %4, label %5, label %11

5:                                                ; preds = %3
  %6 = zext i32 %.0 to i64
  %7 = getelementptr inbounds i32, i32* %0, i64 %6
  %8 = load i32, i32* %7, align 4
  %9 = add nsw i32 %.06, %8
  %10 = add nuw nsw i32 %.0, 1
  br label %3, !llvm.loop !10

11:                                               ; preds = %3
  ret i32 %.06
}
*** IR Dump Before SROAPass on sumArray ***
; Function Attrs: nofree norecurse nosync nounwind readonly uwtable
define dso_local i32 @sumArray(i32* nocapture noundef readonly %0, i32 noundef %1) local_unnamed_addr #0 {
  br label %3

3:                                                ; preds = %5, %2
  %.06 = phi i32 [ 0, %2 ], [ %9, %5 ]
  %.0 = phi i32 [ 0, %2 ], [ %10, %5 ]
  %4 = icmp slt i32 %.0, %1
  br i1 %4, label %5, label %11

5:                                                ; preds = %3
  %6 = zext i32 %.0 to i64
  %7 = getelementptr inbounds i32, i32* %0, i64 %6
  %8 = load i32, i32* %7, align 4
  %9 = add nsw i32 %.06, %8
  %10 = add nuw nsw i32 %.0, 1
  br label %3, !llvm.loop !10

11:                                               ; preds = %3
  ret i32 %.06
}
*** IR Dump After SROAPass on sumArray ***
; Function Attrs: nofree norecurse nosync nounwind readonly uwtable
define dso_local i32 @sumArray(i32* nocapture noundef readonly %0, i32 noundef %1) local_unnamed_addr #0 {
  br label %3

3:                                                ; preds = %5, %2
  %.06 = phi i32 [ 0, %2 ], [ %9, %5 ]
  %.0 = phi i32 [ 0, %2 ], [ %10, %5 ]
  %4 = icmp slt i32 %.0, %1
  br i1 %4, label %5, label %11

5:                                                ; preds = %3
  %6 = zext i32 %.0 to i64
  %7 = getelementptr inbounds i32, i32* %0, i64 %6
  %8 = load i32, i32* %7, align 4
  %9 = add nsw i32 %.06, %8
  %10 = add nuw nsw i32 %.0, 1
  br label %3, !llvm.loop !10

11:                                               ; preds = %3
  ret i32 %.06
}
*** IR Dump Before EarlyCSEPass on sumArray ***
; Function Attrs: nofree norecurse nosync nounwind readonly uwtable
define dso_local i32 @sumArray(i32* nocapture noundef readonly %0, i32 noundef %1) local_unnamed_addr #0 {
  br label %3

3:                                                ; preds = %5, %2
  %.06 = phi i32 [ 0, %2 ], [ %9, %5 ]
  %.0 = phi i32 [ 0, %2 ], [ %10, %5 ]
  %4 = icmp slt i32 %.0, %1
  br i1 %4, label %5, label %11

5:                                                ; preds = %3
  %6 = zext i32 %.0 to i64
  %7 = getelementptr inbounds i32, i32* %0, i64 %6
  %8 = load i32, i32* %7, align 4
  %9 = add nsw i32 %.06, %8
  %10 = add nuw nsw i32 %.0, 1
  br label %3, !llvm.loop !10

11:                                               ; preds = %3
  ret i32 %.06
}
*** IR Dump After EarlyCSEPass on sumArray ***
; Function Attrs: nofree norecurse nosync nounwind readonly uwtable
define dso_local i32 @sumArray(i32* nocapture noundef readonly %0, i32 noundef %1) local_unnamed_addr #0 {
  br label %3

3:                                                ; preds = %5, %2
  %.06 = phi i32 [ 0, %2 ], [ %9, %5 ]
  %.0 = phi i32 [ 0, %2 ], [ %10, %5 ]
  %4 = icmp slt i32 %.0, %1
  br i1 %4, label %5, label %11

5:                                                ; preds = %3
  %6 = zext i32 %.0 to i64
  %7 = getelementptr inbounds i32, i32* %0, i64 %6
  %8 = load i32, i32* %7, align 4
  %9 = add nsw i32 %.06, %8
  %10 = add nuw nsw i32 %.0, 1
  br label %3, !llvm.loop !10

11:                                               ; preds = %3
  ret i32 %.06
}
*** IR Dump Before SpeculativeExecutionPass on sumArray ***
; Function Attrs: nofree norecurse nosync nounwind readonly uwtable
define dso_local i32 @sumArray(i32* nocapture noundef readonly %0, i32 noundef %1) local_unnamed_addr #0 {
  br label %3

3:                                                ; preds = %5, %2
  %.06 = phi i32 [ 0, %2 ], [ %9, %5 ]
  %.0 = phi i32 [ 0, %2 ], [ %10, %5 ]
  %4 = icmp slt i32 %.0, %1
  br i1 %4, label %5, label %11

5:                                                ; preds = %3
  %6 = zext i32 %.0 to i64
  %7 = getelementptr inbounds i32, i32* %0, i64 %6
  %8 = load i32, i32* %7, align 4
  %9 = add nsw i32 %.06, %8
  %10 = add nuw nsw i32 %.0, 1
  br label %3, !llvm.loop !10

11:                                               ; preds = %3
  ret i32 %.06
}
*** IR Dump After SpeculativeExecutionPass on sumArray ***
; Function Attrs: nofree norecurse nosync nounwind readonly uwtable
define dso_local i32 @sumArray(i32* nocapture noundef readonly %0, i32 noundef %1) local_unnamed_addr #0 {
  br label %3

3:                                                ; preds = %5, %2
  %.06 = phi i32 [ 0, %2 ], [ %9, %5 ]
  %.0 = phi i32 [ 0, %2 ], [ %10, %5 ]
  %4 = icmp slt i32 %.0, %1
  br i1 %4, label %5, label %11

5:                                                ; preds = %3
  %6 = zext i32 %.0 to i64
  %7 = getelementptr inbounds i32, i32* %0, i64 %6
  %8 = load i32, i32* %7, align 4
  %9 = add nsw i32 %.06, %8
  %10 = add nuw nsw i32 %.0, 1
  br label %3, !llvm.loop !10

11:                                               ; preds = %3
  ret i32 %.06
}
*** IR Dump Before JumpThreadingPass on sumArray ***
; Function Attrs: nofree norecurse nosync nounwind readonly uwtable
define dso_local i32 @sumArray(i32* nocapture noundef readonly %0, i32 noundef %1) local_unnamed_addr #0 {
  br label %3

3:                                                ; preds = %5, %2
  %.06 = phi i32 [ 0, %2 ], [ %9, %5 ]
  %.0 = phi i32 [ 0, %2 ], [ %10, %5 ]
  %4 = icmp slt i32 %.0, %1
  br i1 %4, label %5, label %11

5:                                                ; preds = %3
  %6 = zext i32 %.0 to i64
  %7 = getelementptr inbounds i32, i32* %0, i64 %6
  %8 = load i32, i32* %7, align 4
  %9 = add nsw i32 %.06, %8
  %10 = add nuw nsw i32 %.0, 1
  br label %3, !llvm.loop !10

11:                                               ; preds = %3
  ret i32 %.06
}
*** IR Dump After JumpThreadingPass on sumArray ***
; Function Attrs: nofree norecurse nosync nounwind readonly uwtable
define dso_local i32 @sumArray(i32* nocapture noundef readonly %0, i32 noundef %1) local_unnamed_addr #0 {
  br label %3

3:                                                ; preds = %5, %2
  %.06 = phi i32 [ 0, %2 ], [ %9, %5 ]
  %.0 = phi i32 [ 0, %2 ], [ %10, %5 ]
  %4 = icmp slt i32 %.0, %1
  br i1 %4, label %5, label %11

5:                                                ; preds = %3
  %6 = zext i32 %.0 to i64
  %7 = getelementptr inbounds i32, i32* %0, i64 %6
  %8 = load i32, i32* %7, align 4
  %9 = add nsw i32 %.06, %8
  %10 = add nuw nsw i32 %.0, 1
  br label %3, !llvm.loop !10

11:                                               ; preds = %3
  ret i32 %.06
}
*** IR Dump Before CorrelatedValuePropagationPass on sumArray ***
; Function Attrs: nofree norecurse nosync nounwind readonly uwtable
define dso_local i32 @sumArray(i32* nocapture noundef readonly %0, i32 noundef %1) local_unnamed_addr #0 {
  br label %3

3:                                                ; preds = %5, %2
  %.06 = phi i32 [ 0, %2 ], [ %9, %5 ]
  %.0 = phi i32 [ 0, %2 ], [ %10, %5 ]
  %4 = icmp slt i32 %.0, %1
  br i1 %4, label %5, label %11

5:                                                ; preds = %3
  %6 = zext i32 %.0 to i64
  %7 = getelementptr inbounds i32, i32* %0, i64 %6
  %8 = load i32, i32* %7, align 4
  %9 = add nsw i32 %.06, %8
  %10 = add nuw nsw i32 %.0, 1
  br label %3, !llvm.loop !10

11:                                               ; preds = %3
  ret i32 %.06
}
*** IR Dump After CorrelatedValuePropagationPass on sumArray ***
; Function Attrs: nofree norecurse nosync nounwind readonly uwtable
define dso_local i32 @sumArray(i32* nocapture noundef readonly %0, i32 noundef %1) local_unnamed_addr #0 {
  br label %3

3:                                                ; preds = %5, %2
  %.06 = phi i32 [ 0, %2 ], [ %9, %5 ]
  %.0 = phi i32 [ 0, %2 ], [ %10, %5 ]
  %4 = icmp slt i32 %.0, %1
  br i1 %4, label %5, label %11

5:                                                ; preds = %3
  %6 = zext i32 %.0 to i64
  %7 = getelementptr inbounds i32, i32* %0, i64 %6
  %8 = load i32, i32* %7, align 4
  %9 = add nsw i32 %.06, %8
  %10 = add nuw nsw i32 %.0, 1
  br label %3, !llvm.loop !10

11:                                               ; preds = %3
  ret i32 %.06
}
*** IR Dump Before SimplifyCFGPass on sumArray ***
; Function Attrs: nofree norecurse nosync nounwind readonly uwtable
define dso_local i32 @sumArray(i32* nocapture noundef readonly %0, i32 noundef %1) local_unnamed_addr #0 {
  br label %3

3:                                                ; preds = %5, %2
  %.06 = phi i32 [ 0, %2 ], [ %9, %5 ]
  %.0 = phi i32 [ 0, %2 ], [ %10, %5 ]
  %4 = icmp slt i32 %.0, %1
  br i1 %4, label %5, label %11

5:                                                ; preds = %3
  %6 = zext i32 %.0 to i64
  %7 = getelementptr inbounds i32, i32* %0, i64 %6
  %8 = load i32, i32* %7, align 4
  %9 = add nsw i32 %.06, %8
  %10 = add nuw nsw i32 %.0, 1
  br label %3, !llvm.loop !10

11:                                               ; preds = %3
  ret i32 %.06
}
*** IR Dump After SimplifyCFGPass on sumArray ***
; Function Attrs: nofree norecurse nosync nounwind readonly uwtable
define dso_local i32 @sumArray(i32* nocapture noundef readonly %0, i32 noundef %1) local_unnamed_addr #0 {
  br label %3

3:                                                ; preds = %5, %2
  %.06 = phi i32 [ 0, %2 ], [ %9, %5 ]
  %.0 = phi i32 [ 0, %2 ], [ %10, %5 ]
  %4 = icmp slt i32 %.0, %1
  br i1 %4, label %5, label %11

5:                                                ; preds = %3
  %6 = zext i32 %.0 to i64
  %7 = getelementptr inbounds i32, i32* %0, i64 %6
  %8 = load i32, i32* %7, align 4
  %9 = add nsw i32 %.06, %8
  %10 = add nuw nsw i32 %.0, 1
  br label %3, !llvm.loop !10

11:                                               ; preds = %3
  ret i32 %.06
}
*** IR Dump Before InstCombinePass on sumArray ***
; Function Attrs: nofree norecurse nosync nounwind readonly uwtable
define dso_local i32 @sumArray(i32* nocapture noundef readonly %0, i32 noundef %1) local_unnamed_addr #0 {
  br label %3

3:                                                ; preds = %5, %2
  %.06 = phi i32 [ 0, %2 ], [ %9, %5 ]
  %.0 = phi i32 [ 0, %2 ], [ %10, %5 ]
  %4 = icmp slt i32 %.0, %1
  br i1 %4, label %5, label %11

5:                                                ; preds = %3
  %6 = zext i32 %.0 to i64
  %7 = getelementptr inbounds i32, i32* %0, i64 %6
  %8 = load i32, i32* %7, align 4
  %9 = add nsw i32 %.06, %8
  %10 = add nuw nsw i32 %.0, 1
  br label %3, !llvm.loop !10

11:                                               ; preds = %3
  ret i32 %.06
}
*** IR Dump After InstCombinePass on sumArray ***
; Function Attrs: nofree norecurse nosync nounwind readonly uwtable
define dso_local i32 @sumArray(i32* nocapture noundef readonly %0, i32 noundef %1) local_unnamed_addr #0 {
  br label %3

3:                                                ; preds = %5, %2
  %.06 = phi i32 [ 0, %2 ], [ %9, %5 ]
  %.0 = phi i32 [ 0, %2 ], [ %10, %5 ]
  %4 = icmp slt i32 %.0, %1
  br i1 %4, label %5, label %11

5:                                                ; preds = %3
  %6 = zext i32 %.0 to i64
  %7 = getelementptr inbounds i32, i32* %0, i64 %6
  %8 = load i32, i32* %7, align 4
  %9 = add nsw i32 %.06, %8
  %10 = add nuw nsw i32 %.0, 1
  br label %3, !llvm.loop !10

11:                                               ; preds = %3
  ret i32 %.06
}
*** IR Dump Before LibCallsShrinkWrapPass on sumArray ***
; Function Attrs: nofree norecurse nosync nounwind readonly uwtable
define dso_local i32 @sumArray(i32* nocapture noundef readonly %0, i32 noundef %1) local_unnamed_addr #0 {
  br label %3

3:                                                ; preds = %5, %2
  %.06 = phi i32 [ 0, %2 ], [ %9, %5 ]
  %.0 = phi i32 [ 0, %2 ], [ %10, %5 ]
  %4 = icmp slt i32 %.0, %1
  br i1 %4, label %5, label %11

5:                                                ; preds = %3
  %6 = zext i32 %.0 to i64
  %7 = getelementptr inbounds i32, i32* %0, i64 %6
  %8 = load i32, i32* %7, align 4
  %9 = add nsw i32 %.06, %8
  %10 = add nuw nsw i32 %.0, 1
  br label %3, !llvm.loop !10

11:                                               ; preds = %3
  ret i32 %.06
}
*** IR Dump After LibCallsShrinkWrapPass on sumArray ***
; Function Attrs: nofree norecurse nosync nounwind readonly uwtable
define dso_local i32 @sumArray(i32* nocapture noundef readonly %0, i32 noundef %1) local_unnamed_addr #0 {
  br label %3

3:                                                ; preds = %5, %2
  %.06 = phi i32 [ 0, %2 ], [ %9, %5 ]
  %.0 = phi i32 [ 0, %2 ], [ %10, %5 ]
  %4 = icmp slt i32 %.0, %1
  br i1 %4, label %5, label %11

5:                                                ; preds = %3
  %6 = zext i32 %.0 to i64
  %7 = getelementptr inbounds i32, i32* %0, i64 %6
  %8 = load i32, i32* %7, align 4
  %9 = add nsw i32 %.06, %8
  %10 = add nuw nsw i32 %.0, 1
  br label %3, !llvm.loop !10

11:                                               ; preds = %3
  ret i32 %.06
}
*** IR Dump Before TailCallElimPass on sumArray ***
; Function Attrs: nofree norecurse nosync nounwind readonly uwtable
define dso_local i32 @sumArray(i32* nocapture noundef readonly %0, i32 noundef %1) local_unnamed_addr #0 {
  br label %3

3:                                                ; preds = %5, %2
  %.06 = phi i32 [ 0, %2 ], [ %9, %5 ]
  %.0 = phi i32 [ 0, %2 ], [ %10, %5 ]
  %4 = icmp slt i32 %.0, %1
  br i1 %4, label %5, label %11

5:                                                ; preds = %3
  %6 = zext i32 %.0 to i64
  %7 = getelementptr inbounds i32, i32* %0, i64 %6
  %8 = load i32, i32* %7, align 4
  %9 = add nsw i32 %.06, %8
  %10 = add nuw nsw i32 %.0, 1
  br label %3, !llvm.loop !10

11:                                               ; preds = %3
  ret i32 %.06
}
*** IR Dump After TailCallElimPass on sumArray ***
; Function Attrs: nofree norecurse nosync nounwind readonly uwtable
define dso_local i32 @sumArray(i32* nocapture noundef readonly %0, i32 noundef %1) local_unnamed_addr #0 {
  br label %3

3:                                                ; preds = %5, %2
  %.06 = phi i32 [ 0, %2 ], [ %9, %5 ]
  %.0 = phi i32 [ 0, %2 ], [ %10, %5 ]
  %4 = icmp slt i32 %.0, %1
  br i1 %4, label %5, label %11

5:                                                ; preds = %3
  %6 = zext i32 %.0 to i64
  %7 = getelementptr inbounds i32, i32* %0, i64 %6
  %8 = load i32, i32* %7, align 4
  %9 = add nsw i32 %.06, %8
  %10 = add nuw nsw i32 %.0, 1
  br label %3, !llvm.loop !10

11:                                               ; preds = %3
  ret i32 %.06
}
*** IR Dump Before SimplifyCFGPass on sumArray ***
; Function Attrs: nofree norecurse nosync nounwind readonly uwtable
define dso_local i32 @sumArray(i32* nocapture noundef readonly %0, i32 noundef %1) local_unnamed_addr #0 {
  br label %3

3:                                                ; preds = %5, %2
  %.06 = phi i32 [ 0, %2 ], [ %9, %5 ]
  %.0 = phi i32 [ 0, %2 ], [ %10, %5 ]
  %4 = icmp slt i32 %.0, %1
  br i1 %4, label %5, label %11

5:                                                ; preds = %3
  %6 = zext i32 %.0 to i64
  %7 = getelementptr inbounds i32, i32* %0, i64 %6
  %8 = load i32, i32* %7, align 4
  %9 = add nsw i32 %.06, %8
  %10 = add nuw nsw i32 %.0, 1
  br label %3, !llvm.loop !10

11:                                               ; preds = %3
  ret i32 %.06
}
*** IR Dump After SimplifyCFGPass on sumArray ***
; Function Attrs: nofree norecurse nosync nounwind readonly uwtable
define dso_local i32 @sumArray(i32* nocapture noundef readonly %0, i32 noundef %1) local_unnamed_addr #0 {
  br label %3

3:                                                ; preds = %5, %2
  %.06 = phi i32 [ 0, %2 ], [ %9, %5 ]
  %.0 = phi i32 [ 0, %2 ], [ %10, %5 ]
  %4 = icmp slt i32 %.0, %1
  br i1 %4, label %5, label %11

5:                                                ; preds = %3
  %6 = zext i32 %.0 to i64
  %7 = getelementptr inbounds i32, i32* %0, i64 %6
  %8 = load i32, i32* %7, align 4
  %9 = add nsw i32 %.06, %8
  %10 = add nuw nsw i32 %.0, 1
  br label %3, !llvm.loop !10

11:                                               ; preds = %3
  ret i32 %.06
}
*** IR Dump Before ReassociatePass on sumArray ***
; Function Attrs: nofree norecurse nosync nounwind readonly uwtable
define dso_local i32 @sumArray(i32* nocapture noundef readonly %0, i32 noundef %1) local_unnamed_addr #0 {
  br label %3

3:                                                ; preds = %5, %2
  %.06 = phi i32 [ 0, %2 ], [ %9, %5 ]
  %.0 = phi i32 [ 0, %2 ], [ %10, %5 ]
  %4 = icmp slt i32 %.0, %1
  br i1 %4, label %5, label %11

5:                                                ; preds = %3
  %6 = zext i32 %.0 to i64
  %7 = getelementptr inbounds i32, i32* %0, i64 %6
  %8 = load i32, i32* %7, align 4
  %9 = add nsw i32 %.06, %8
  %10 = add nuw nsw i32 %.0, 1
  br label %3, !llvm.loop !10

11:                                               ; preds = %3
  ret i32 %.06
}
*** IR Dump After ReassociatePass on sumArray ***
; Function Attrs: nofree norecurse nosync nounwind readonly uwtable
define dso_local i32 @sumArray(i32* nocapture noundef readonly %0, i32 noundef %1) local_unnamed_addr #0 {
  br label %3

3:                                                ; preds = %5, %2
  %.06 = phi i32 [ 0, %2 ], [ %9, %5 ]
  %.0 = phi i32 [ 0, %2 ], [ %10, %5 ]
  %4 = icmp slt i32 %.0, %1
  br i1 %4, label %5, label %11

5:                                                ; preds = %3
  %6 = zext i32 %.0 to i64
  %7 = getelementptr inbounds i32, i32* %0, i64 %6
  %8 = load i32, i32* %7, align 4
  %9 = add nsw i32 %8, %.06
  %10 = add nuw nsw i32 %.0, 1
  br label %3, !llvm.loop !10

11:                                               ; preds = %3
  ret i32 %.06
}
*** IR Dump Before RequireAnalysisPass<llvm::OptimizationRemarkEmitterAnalysis, llvm::Function> on sumArray ***
; Function Attrs: nofree norecurse nosync nounwind readonly uwtable
define dso_local i32 @sumArray(i32* nocapture noundef readonly %0, i32 noundef %1) local_unnamed_addr #0 {
  br label %3

3:                                                ; preds = %5, %2
  %.06 = phi i32 [ 0, %2 ], [ %9, %5 ]
  %.0 = phi i32 [ 0, %2 ], [ %10, %5 ]
  %4 = icmp slt i32 %.0, %1
  br i1 %4, label %5, label %11

5:                                                ; preds = %3
  %6 = zext i32 %.0 to i64
  %7 = getelementptr inbounds i32, i32* %0, i64 %6
  %8 = load i32, i32* %7, align 4
  %9 = add nsw i32 %8, %.06
  %10 = add nuw nsw i32 %.0, 1
  br label %3, !llvm.loop !10

11:                                               ; preds = %3
  ret i32 %.06
}
*** IR Dump After RequireAnalysisPass<llvm::OptimizationRemarkEmitterAnalysis, llvm::Function> on sumArray ***
; Function Attrs: nofree norecurse nosync nounwind readonly uwtable
define dso_local i32 @sumArray(i32* nocapture noundef readonly %0, i32 noundef %1) local_unnamed_addr #0 {
  br label %3

3:                                                ; preds = %5, %2
  %.06 = phi i32 [ 0, %2 ], [ %9, %5 ]
  %.0 = phi i32 [ 0, %2 ], [ %10, %5 ]
  %4 = icmp slt i32 %.0, %1
  br i1 %4, label %5, label %11

5:                                                ; preds = %3
  %6 = zext i32 %.0 to i64
  %7 = getelementptr inbounds i32, i32* %0, i64 %6
  %8 = load i32, i32* %7, align 4
  %9 = add nsw i32 %8, %.06
  %10 = add nuw nsw i32 %.0, 1
  br label %3, !llvm.loop !10

11:                                               ; preds = %3
  ret i32 %.06
}
*** IR Dump Before LoopSimplifyPass on sumArray ***
; Function Attrs: nofree norecurse nosync nounwind readonly uwtable
define dso_local i32 @sumArray(i32* nocapture noundef readonly %0, i32 noundef %1) local_unnamed_addr #0 {
  br label %3

3:                                                ; preds = %5, %2
  %.06 = phi i32 [ 0, %2 ], [ %9, %5 ]
  %.0 = phi i32 [ 0, %2 ], [ %10, %5 ]
  %4 = icmp slt i32 %.0, %1
  br i1 %4, label %5, label %11

5:                                                ; preds = %3
  %6 = zext i32 %.0 to i64
  %7 = getelementptr inbounds i32, i32* %0, i64 %6
  %8 = load i32, i32* %7, align 4
  %9 = add nsw i32 %8, %.06
  %10 = add nuw nsw i32 %.0, 1
  br label %3, !llvm.loop !10

11:                                               ; preds = %3
  ret i32 %.06
}
*** IR Dump After LoopSimplifyPass on sumArray ***
; Function Attrs: nofree norecurse nosync nounwind readonly uwtable
define dso_local i32 @sumArray(i32* nocapture noundef readonly %0, i32 noundef %1) local_unnamed_addr #0 {
  br label %3

3:                                                ; preds = %5, %2
  %.06 = phi i32 [ 0, %2 ], [ %9, %5 ]
  %.0 = phi i32 [ 0, %2 ], [ %10, %5 ]
  %4 = icmp slt i32 %.0, %1
  br i1 %4, label %5, label %11

5:                                                ; preds = %3
  %6 = zext i32 %.0 to i64
  %7 = getelementptr inbounds i32, i32* %0, i64 %6
  %8 = load i32, i32* %7, align 4
  %9 = add nsw i32 %8, %.06
  %10 = add nuw nsw i32 %.0, 1
  br label %3, !llvm.loop !10

11:                                               ; preds = %3
  ret i32 %.06
}
*** IR Dump Before LCSSAPass on sumArray ***
; Function Attrs: nofree norecurse nosync nounwind readonly uwtable
define dso_local i32 @sumArray(i32* nocapture noundef readonly %0, i32 noundef %1) local_unnamed_addr #0 {
  br label %3

3:                                                ; preds = %5, %2
  %.06 = phi i32 [ 0, %2 ], [ %9, %5 ]
  %.0 = phi i32 [ 0, %2 ], [ %10, %5 ]
  %4 = icmp slt i32 %.0, %1
  br i1 %4, label %5, label %11

5:                                                ; preds = %3
  %6 = zext i32 %.0 to i64
  %7 = getelementptr inbounds i32, i32* %0, i64 %6
  %8 = load i32, i32* %7, align 4
  %9 = add nsw i32 %8, %.06
  %10 = add nuw nsw i32 %.0, 1
  br label %3, !llvm.loop !10

11:                                               ; preds = %3
  ret i32 %.06
}
*** IR Dump After LCSSAPass on sumArray ***
; Function Attrs: nofree norecurse nosync nounwind readonly uwtable
define dso_local i32 @sumArray(i32* nocapture noundef readonly %0, i32 noundef %1) local_unnamed_addr #0 {
  br label %3

3:                                                ; preds = %5, %2
  %.06 = phi i32 [ 0, %2 ], [ %9, %5 ]
  %.0 = phi i32 [ 0, %2 ], [ %10, %5 ]
  %4 = icmp slt i32 %.0, %1
  br i1 %4, label %5, label %11

5:                                                ; preds = %3
  %6 = zext i32 %.0 to i64
  %7 = getelementptr inbounds i32, i32* %0, i64 %6
  %8 = load i32, i32* %7, align 4
  %9 = add nsw i32 %8, %.06
  %10 = add nuw nsw i32 %.0, 1
  br label %3, !llvm.loop !10

11:                                               ; preds = %3
  %.06.lcssa = phi i32 [ %.06, %3 ]
  ret i32 %.06.lcssa
}
*** IR Dump Before LoopInstSimplifyPass on Loop at depth 1 containing: %3<header><exiting>,%5<latch> ***

; Preheader:
  br label %3

; Loop:
3:                                                ; preds = %5, %2
  %.06 = phi i32 [ 0, %2 ], [ %9, %5 ]
  %.0 = phi i32 [ 0, %2 ], [ %10, %5 ]
  %4 = icmp slt i32 %.0, %1
  br i1 %4, label %5, label %11

5:                                                ; preds = %3
  %6 = zext i32 %.0 to i64
  %7 = getelementptr inbounds i32, i32* %0, i64 %6
  %8 = load i32, i32* %7, align 4
  %9 = add nsw i32 %8, %.06
  %10 = add nuw nsw i32 %.0, 1
  br label %3, !llvm.loop !10

; Exit blocks
11:                                               ; preds = %3
  %.06.lcssa = phi i32 [ %.06, %3 ]
  ret i32 %.06.lcssa
*** IR Dump After LoopInstSimplifyPass on Loop at depth 1 containing: %3<header><exiting>,%5<latch> ***

; Preheader:
  br label %3

; Loop:
3:                                                ; preds = %5, %2
  %.06 = phi i32 [ 0, %2 ], [ %9, %5 ]
  %.0 = phi i32 [ 0, %2 ], [ %10, %5 ]
  %4 = icmp slt i32 %.0, %1
  br i1 %4, label %5, label %11

5:                                                ; preds = %3
  %6 = zext i32 %.0 to i64
  %7 = getelementptr inbounds i32, i32* %0, i64 %6
  %8 = load i32, i32* %7, align 4
  %9 = add nsw i32 %8, %.06
  %10 = add nuw nsw i32 %.0, 1
  br label %3, !llvm.loop !10

; Exit blocks
11:                                               ; preds = %3
  %.06.lcssa = phi i32 [ %.06, %3 ]
  ret i32 %.06.lcssa
*** IR Dump Before LoopSimplifyCFGPass on Loop at depth 1 containing: %3<header><exiting>,%5<latch> ***

; Preheader:
  br label %3

; Loop:
3:                                                ; preds = %5, %2
  %.06 = phi i32 [ 0, %2 ], [ %9, %5 ]
  %.0 = phi i32 [ 0, %2 ], [ %10, %5 ]
  %4 = icmp slt i32 %.0, %1
  br i1 %4, label %5, label %11

5:                                                ; preds = %3
  %6 = zext i32 %.0 to i64
  %7 = getelementptr inbounds i32, i32* %0, i64 %6
  %8 = load i32, i32* %7, align 4
  %9 = add nsw i32 %8, %.06
  %10 = add nuw nsw i32 %.0, 1
  br label %3, !llvm.loop !10

; Exit blocks
11:                                               ; preds = %3
  %.06.lcssa = phi i32 [ %.06, %3 ]
  ret i32 %.06.lcssa
*** IR Dump After LoopSimplifyCFGPass on Loop at depth 1 containing: %3<header><exiting>,%5<latch> ***

; Preheader:
  br label %3

; Loop:
3:                                                ; preds = %5, %2
  %.06 = phi i32 [ 0, %2 ], [ %9, %5 ]
  %.0 = phi i32 [ 0, %2 ], [ %10, %5 ]
  %4 = icmp slt i32 %.0, %1
  br i1 %4, label %5, label %11

5:                                                ; preds = %3
  %6 = zext i32 %.0 to i64
  %7 = getelementptr inbounds i32, i32* %0, i64 %6
  %8 = load i32, i32* %7, align 4
  %9 = add nsw i32 %8, %.06
  %10 = add nuw nsw i32 %.0, 1
  br label %3, !llvm.loop !10

; Exit blocks
11:                                               ; preds = %3
  %.06.lcssa = phi i32 [ %.06, %3 ]
  ret i32 %.06.lcssa
*** IR Dump Before LICMPass on Loop at depth 1 containing: %3<header><exiting>,%5<latch> ***

; Preheader:
  br label %3

; Loop:
3:                                                ; preds = %5, %2
  %.06 = phi i32 [ 0, %2 ], [ %9, %5 ]
  %.0 = phi i32 [ 0, %2 ], [ %10, %5 ]
  %4 = icmp slt i32 %.0, %1
  br i1 %4, label %5, label %11

5:                                                ; preds = %3
  %6 = zext i32 %.0 to i64
  %7 = getelementptr inbounds i32, i32* %0, i64 %6
  %8 = load i32, i32* %7, align 4
  %9 = add nsw i32 %8, %.06
  %10 = add nuw nsw i32 %.0, 1
  br label %3, !llvm.loop !10

; Exit blocks
11:                                               ; preds = %3
  %.06.lcssa = phi i32 [ %.06, %3 ]
  ret i32 %.06.lcssa
*** IR Dump After LICMPass on Loop at depth 1 containing: %3<header><exiting>,%5<latch> ***

; Preheader:
  br label %3

; Loop:
3:                                                ; preds = %5, %2
  %.06 = phi i32 [ 0, %2 ], [ %9, %5 ]
  %.0 = phi i32 [ 0, %2 ], [ %10, %5 ]
  %4 = icmp slt i32 %.0, %1
  br i1 %4, label %5, label %11

5:                                                ; preds = %3
  %6 = zext i32 %.0 to i64
  %7 = getelementptr inbounds i32, i32* %0, i64 %6
  %8 = load i32, i32* %7, align 4
  %9 = add nsw i32 %8, %.06
  %10 = add nuw nsw i32 %.0, 1
  br label %3, !llvm.loop !10

; Exit blocks
11:                                               ; preds = %3
  %.06.lcssa = phi i32 [ %.06, %3 ]
  ret i32 %.06.lcssa
*** IR Dump Before LoopRotatePass on Loop at depth 1 containing: %3<header><exiting>,%5<latch> ***

; Preheader:
  br label %3

; Loop:
3:                                                ; preds = %5, %2
  %.06 = phi i32 [ 0, %2 ], [ %9, %5 ]
  %.0 = phi i32 [ 0, %2 ], [ %10, %5 ]
  %4 = icmp slt i32 %.0, %1
  br i1 %4, label %5, label %11

5:                                                ; preds = %3
  %6 = zext i32 %.0 to i64
  %7 = getelementptr inbounds i32, i32* %0, i64 %6
  %8 = load i32, i32* %7, align 4
  %9 = add nsw i32 %8, %.06
  %10 = add nuw nsw i32 %.0, 1
  br label %3, !llvm.loop !10

; Exit blocks
11:                                               ; preds = %3
  %.06.lcssa = phi i32 [ %.06, %3 ]
  ret i32 %.06.lcssa
*** IR Dump After LoopRotatePass on Loop at depth 1 containing: %3<header><exiting>,%5<latch> ***

; Preheader:
.lr.ph:                                           ; preds = %2
  br label %4

; Loop:
4:                                                ; preds = %.lr.ph, %4
  %.08 = phi i32 [ 0, %.lr.ph ], [ %9, %4 ]
  %.067 = phi i32 [ 0, %.lr.ph ], [ %8, %4 ]
  %5 = zext i32 %.08 to i64
  %6 = getelementptr inbounds i32, i32* %0, i64 %5
  %7 = load i32, i32* %6, align 4
  %8 = add nsw i32 %7, %.067
  %9 = add nuw nsw i32 %.08, 1
  %10 = icmp slt i32 %9, %1
  br i1 %10, label %4, label %._crit_edge, !llvm.loop !10

; Exit blocks
._crit_edge:                                      ; preds = %4
  %split = phi i32 [ %8, %4 ]
  br label %11
*** IR Dump Before LICMPass on Loop at depth 1 containing: %4<header><latch><exiting> ***

; Preheader:
.lr.ph:                                           ; preds = %2
  br label %4

; Loop:
4:                                                ; preds = %.lr.ph, %4
  %.08 = phi i32 [ 0, %.lr.ph ], [ %9, %4 ]
  %.067 = phi i32 [ 0, %.lr.ph ], [ %8, %4 ]
  %5 = zext i32 %.08 to i64
  %6 = getelementptr inbounds i32, i32* %0, i64 %5
  %7 = load i32, i32* %6, align 4
  %8 = add nsw i32 %7, %.067
  %9 = add nuw nsw i32 %.08, 1
  %10 = icmp slt i32 %9, %1
  br i1 %10, label %4, label %._crit_edge, !llvm.loop !10

; Exit blocks
._crit_edge:                                      ; preds = %4
  %split = phi i32 [ %8, %4 ]
  br label %11
*** IR Dump After LICMPass on Loop at depth 1 containing: %4<header><latch><exiting> ***

; Preheader:
.lr.ph:                                           ; preds = %2
  br label %4

; Loop:
4:                                                ; preds = %.lr.ph, %4
  %.08 = phi i32 [ 0, %.lr.ph ], [ %9, %4 ]
  %.067 = phi i32 [ 0, %.lr.ph ], [ %8, %4 ]
  %5 = zext i32 %.08 to i64
  %6 = getelementptr inbounds i32, i32* %0, i64 %5
  %7 = load i32, i32* %6, align 4
  %8 = add nsw i32 %7, %.067
  %9 = add nuw nsw i32 %.08, 1
  %10 = icmp slt i32 %9, %1
  br i1 %10, label %4, label %._crit_edge, !llvm.loop !10

; Exit blocks
._crit_edge:                                      ; preds = %4
  %split = phi i32 [ %8, %4 ]
  br label %11
*** IR Dump Before SimpleLoopUnswitchPass on Loop at depth 1 containing: %4<header><latch><exiting> ***

; Preheader:
.lr.ph:                                           ; preds = %2
  br label %4

; Loop:
4:                                                ; preds = %.lr.ph, %4
  %.08 = phi i32 [ 0, %.lr.ph ], [ %9, %4 ]
  %.067 = phi i32 [ 0, %.lr.ph ], [ %8, %4 ]
  %5 = zext i32 %.08 to i64
  %6 = getelementptr inbounds i32, i32* %0, i64 %5
  %7 = load i32, i32* %6, align 4
  %8 = add nsw i32 %7, %.067
  %9 = add nuw nsw i32 %.08, 1
  %10 = icmp slt i32 %9, %1
  br i1 %10, label %4, label %._crit_edge, !llvm.loop !10

; Exit blocks
._crit_edge:                                      ; preds = %4
  %split = phi i32 [ %8, %4 ]
  br label %11
*** IR Dump After SimpleLoopUnswitchPass on Loop at depth 1 containing: %4<header><latch><exiting> ***

; Preheader:
.lr.ph:                                           ; preds = %2
  br label %4

; Loop:
4:                                                ; preds = %.lr.ph, %4
  %.08 = phi i32 [ 0, %.lr.ph ], [ %9, %4 ]
  %.067 = phi i32 [ 0, %.lr.ph ], [ %8, %4 ]
  %5 = zext i32 %.08 to i64
  %6 = getelementptr inbounds i32, i32* %0, i64 %5
  %7 = load i32, i32* %6, align 4
  %8 = add nsw i32 %7, %.067
  %9 = add nuw nsw i32 %.08, 1
  %10 = icmp slt i32 %9, %1
  br i1 %10, label %4, label %._crit_edge, !llvm.loop !10

; Exit blocks
._crit_edge:                                      ; preds = %4
  %split = phi i32 [ %8, %4 ]
  br label %11
*** IR Dump Before SimplifyCFGPass on sumArray ***
; Function Attrs: nofree norecurse nosync nounwind readonly uwtable
define dso_local i32 @sumArray(i32* nocapture noundef readonly %0, i32 noundef %1) local_unnamed_addr #0 {
  %3 = icmp slt i32 0, %1
  br i1 %3, label %.lr.ph, label %11

.lr.ph:                                           ; preds = %2
  br label %4

4:                                                ; preds = %.lr.ph, %4
  %.08 = phi i32 [ 0, %.lr.ph ], [ %9, %4 ]
  %.067 = phi i32 [ 0, %.lr.ph ], [ %8, %4 ]
  %5 = zext i32 %.08 to i64
  %6 = getelementptr inbounds i32, i32* %0, i64 %5
  %7 = load i32, i32* %6, align 4
  %8 = add nsw i32 %7, %.067
  %9 = add nuw nsw i32 %.08, 1
  %10 = icmp slt i32 %9, %1
  br i1 %10, label %4, label %._crit_edge, !llvm.loop !10

._crit_edge:                                      ; preds = %4
  %split = phi i32 [ %8, %4 ]
  br label %11

11:                                               ; preds = %._crit_edge, %2
  %.06.lcssa = phi i32 [ %split, %._crit_edge ], [ 0, %2 ]
  ret i32 %.06.lcssa
}
*** IR Dump After SimplifyCFGPass on sumArray ***
; Function Attrs: nofree norecurse nosync nounwind readonly uwtable
define dso_local i32 @sumArray(i32* nocapture noundef readonly %0, i32 noundef %1) local_unnamed_addr #0 {
  %3 = icmp slt i32 0, %1
  br i1 %3, label %.lr.ph, label %._crit_edge

.lr.ph:                                           ; preds = %2, %.lr.ph
  %.08 = phi i32 [ %8, %.lr.ph ], [ 0, %2 ]
  %.067 = phi i32 [ %7, %.lr.ph ], [ 0, %2 ]
  %4 = zext i32 %.08 to i64
  %5 = getelementptr inbounds i32, i32* %0, i64 %4
  %6 = load i32, i32* %5, align 4
  %7 = add nsw i32 %6, %.067
  %8 = add nuw nsw i32 %.08, 1
  %9 = icmp slt i32 %8, %1
  br i1 %9, label %.lr.ph, label %._crit_edge, !llvm.loop !10

._crit_edge:                                      ; preds = %.lr.ph, %2
  %.06.lcssa = phi i32 [ 0, %2 ], [ %7, %.lr.ph ]
  ret i32 %.06.lcssa
}
*** IR Dump Before InstCombinePass on sumArray ***
; Function Attrs: nofree norecurse nosync nounwind readonly uwtable
define dso_local i32 @sumArray(i32* nocapture noundef readonly %0, i32 noundef %1) local_unnamed_addr #0 {
  %3 = icmp slt i32 0, %1
  br i1 %3, label %.lr.ph, label %._crit_edge

.lr.ph:                                           ; preds = %2, %.lr.ph
  %.08 = phi i32 [ %8, %.lr.ph ], [ 0, %2 ]
  %.067 = phi i32 [ %7, %.lr.ph ], [ 0, %2 ]
  %4 = zext i32 %.08 to i64
  %5 = getelementptr inbounds i32, i32* %0, i64 %4
  %6 = load i32, i32* %5, align 4
  %7 = add nsw i32 %6, %.067
  %8 = add nuw nsw i32 %.08, 1
  %9 = icmp slt i32 %8, %1
  br i1 %9, label %.lr.ph, label %._crit_edge, !llvm.loop !10

._crit_edge:                                      ; preds = %.lr.ph, %2
  %.06.lcssa = phi i32 [ 0, %2 ], [ %7, %.lr.ph ]
  ret i32 %.06.lcssa
}
*** IR Dump After InstCombinePass on sumArray ***
; Function Attrs: nofree norecurse nosync nounwind readonly uwtable
define dso_local i32 @sumArray(i32* nocapture noundef readonly %0, i32 noundef %1) local_unnamed_addr #0 {
  %3 = icmp sgt i32 %1, 0
  br i1 %3, label %.lr.ph, label %._crit_edge

.lr.ph:                                           ; preds = %2, %.lr.ph
  %.08 = phi i32 [ %8, %.lr.ph ], [ 0, %2 ]
  %.067 = phi i32 [ %7, %.lr.ph ], [ 0, %2 ]
  %4 = zext i32 %.08 to i64
  %5 = getelementptr inbounds i32, i32* %0, i64 %4
  %6 = load i32, i32* %5, align 4
  %7 = add nsw i32 %6, %.067
  %8 = add nuw nsw i32 %.08, 1
  %9 = icmp slt i32 %8, %1
  br i1 %9, label %.lr.ph, label %._crit_edge, !llvm.loop !10

._crit_edge:                                      ; preds = %.lr.ph, %2
  %.06.lcssa = phi i32 [ 0, %2 ], [ %7, %.lr.ph ]
  ret i32 %.06.lcssa
}
*** IR Dump Before LoopSimplifyPass on sumArray ***
; Function Attrs: nofree norecurse nosync nounwind readonly uwtable
define dso_local i32 @sumArray(i32* nocapture noundef readonly %0, i32 noundef %1) local_unnamed_addr #0 {
  %3 = icmp sgt i32 %1, 0
  br i1 %3, label %.lr.ph, label %._crit_edge

.lr.ph:                                           ; preds = %2, %.lr.ph
  %.08 = phi i32 [ %8, %.lr.ph ], [ 0, %2 ]
  %.067 = phi i32 [ %7, %.lr.ph ], [ 0, %2 ]
  %4 = zext i32 %.08 to i64
  %5 = getelementptr inbounds i32, i32* %0, i64 %4
  %6 = load i32, i32* %5, align 4
  %7 = add nsw i32 %6, %.067
  %8 = add nuw nsw i32 %.08, 1
  %9 = icmp slt i32 %8, %1
  br i1 %9, label %.lr.ph, label %._crit_edge, !llvm.loop !10

._crit_edge:                                      ; preds = %.lr.ph, %2
  %.06.lcssa = phi i32 [ 0, %2 ], [ %7, %.lr.ph ]
  ret i32 %.06.lcssa
}
*** IR Dump After LoopSimplifyPass on sumArray ***
; Function Attrs: nofree norecurse nosync nounwind readonly uwtable
define dso_local i32 @sumArray(i32* nocapture noundef readonly %0, i32 noundef %1) local_unnamed_addr #0 {
  %3 = icmp sgt i32 %1, 0
  br i1 %3, label %.lr.ph.preheader, label %._crit_edge

.lr.ph.preheader:                                 ; preds = %2
  br label %.lr.ph

.lr.ph:                                           ; preds = %.lr.ph.preheader, %.lr.ph
  %.08 = phi i32 [ %8, %.lr.ph ], [ 0, %.lr.ph.preheader ]
  %.067 = phi i32 [ %7, %.lr.ph ], [ 0, %.lr.ph.preheader ]
  %4 = zext i32 %.08 to i64
  %5 = getelementptr inbounds i32, i32* %0, i64 %4
  %6 = load i32, i32* %5, align 4
  %7 = add nsw i32 %6, %.067
  %8 = add nuw nsw i32 %.08, 1
  %9 = icmp slt i32 %8, %1
  br i1 %9, label %.lr.ph, label %._crit_edge.loopexit, !llvm.loop !10

._crit_edge.loopexit:                             ; preds = %.lr.ph
  br label %._crit_edge

._crit_edge:                                      ; preds = %._crit_edge.loopexit, %2
  %.06.lcssa = phi i32 [ 0, %2 ], [ %7, %._crit_edge.loopexit ]
  ret i32 %.06.lcssa
}
*** IR Dump Before LCSSAPass on sumArray ***
; Function Attrs: nofree norecurse nosync nounwind readonly uwtable
define dso_local i32 @sumArray(i32* nocapture noundef readonly %0, i32 noundef %1) local_unnamed_addr #0 {
  %3 = icmp sgt i32 %1, 0
  br i1 %3, label %.lr.ph.preheader, label %._crit_edge

.lr.ph.preheader:                                 ; preds = %2
  br label %.lr.ph

.lr.ph:                                           ; preds = %.lr.ph.preheader, %.lr.ph
  %.08 = phi i32 [ %8, %.lr.ph ], [ 0, %.lr.ph.preheader ]
  %.067 = phi i32 [ %7, %.lr.ph ], [ 0, %.lr.ph.preheader ]
  %4 = zext i32 %.08 to i64
  %5 = getelementptr inbounds i32, i32* %0, i64 %4
  %6 = load i32, i32* %5, align 4
  %7 = add nsw i32 %6, %.067
  %8 = add nuw nsw i32 %.08, 1
  %9 = icmp slt i32 %8, %1
  br i1 %9, label %.lr.ph, label %._crit_edge.loopexit, !llvm.loop !10

._crit_edge.loopexit:                             ; preds = %.lr.ph
  br label %._crit_edge

._crit_edge:                                      ; preds = %._crit_edge.loopexit, %2
  %.06.lcssa = phi i32 [ 0, %2 ], [ %7, %._crit_edge.loopexit ]
  ret i32 %.06.lcssa
}
*** IR Dump After LCSSAPass on sumArray ***
; Function Attrs: nofree norecurse nosync nounwind readonly uwtable
define dso_local i32 @sumArray(i32* nocapture noundef readonly %0, i32 noundef %1) local_unnamed_addr #0 {
  %3 = icmp sgt i32 %1, 0
  br i1 %3, label %.lr.ph.preheader, label %._crit_edge

.lr.ph.preheader:                                 ; preds = %2
  br label %.lr.ph

.lr.ph:                                           ; preds = %.lr.ph.preheader, %.lr.ph
  %.08 = phi i32 [ %8, %.lr.ph ], [ 0, %.lr.ph.preheader ]
  %.067 = phi i32 [ %7, %.lr.ph ], [ 0, %.lr.ph.preheader ]
  %4 = zext i32 %.08 to i64
  %5 = getelementptr inbounds i32, i32* %0, i64 %4
  %6 = load i32, i32* %5, align 4
  %7 = add nsw i32 %6, %.067
  %8 = add nuw nsw i32 %.08, 1
  %9 = icmp slt i32 %8, %1
  br i1 %9, label %.lr.ph, label %._crit_edge.loopexit, !llvm.loop !10

._crit_edge.loopexit:                             ; preds = %.lr.ph
  %.lcssa = phi i32 [ %7, %.lr.ph ]
  br label %._crit_edge

._crit_edge:                                      ; preds = %._crit_edge.loopexit, %2
  %.06.lcssa = phi i32 [ 0, %2 ], [ %.lcssa, %._crit_edge.loopexit ]
  ret i32 %.06.lcssa
}
*** IR Dump Before LoopIdiomRecognizePass on Loop at depth 1 containing: %.lr.ph<header><latch><exiting> ***

; Preheader:
.lr.ph.preheader:                                 ; preds = %2
  br label %.lr.ph

; Loop:
.lr.ph:                                           ; preds = %.lr.ph.preheader, %.lr.ph
  %.08 = phi i32 [ %8, %.lr.ph ], [ 0, %.lr.ph.preheader ]
  %.067 = phi i32 [ %7, %.lr.ph ], [ 0, %.lr.ph.preheader ]
  %4 = zext i32 %.08 to i64
  %5 = getelementptr inbounds i32, i32* %0, i64 %4
  %6 = load i32, i32* %5, align 4
  %7 = add nsw i32 %6, %.067
  %8 = add nuw nsw i32 %.08, 1
  %9 = icmp slt i32 %8, %1
  br i1 %9, label %.lr.ph, label %._crit_edge.loopexit, !llvm.loop !10

; Exit blocks
._crit_edge.loopexit:                             ; preds = %.lr.ph
  %.lcssa = phi i32 [ %7, %.lr.ph ]
  br label %._crit_edge
*** IR Dump After LoopIdiomRecognizePass on Loop at depth 1 containing: %.lr.ph<header><latch><exiting> ***

; Preheader:
.lr.ph.preheader:                                 ; preds = %2
  br label %.lr.ph

; Loop:
.lr.ph:                                           ; preds = %.lr.ph.preheader, %.lr.ph
  %.08 = phi i32 [ %8, %.lr.ph ], [ 0, %.lr.ph.preheader ]
  %.067 = phi i32 [ %7, %.lr.ph ], [ 0, %.lr.ph.preheader ]
  %4 = zext i32 %.08 to i64
  %5 = getelementptr inbounds i32, i32* %0, i64 %4
  %6 = load i32, i32* %5, align 4
  %7 = add nsw i32 %6, %.067
  %8 = add nuw nsw i32 %.08, 1
  %9 = icmp slt i32 %8, %1
  br i1 %9, label %.lr.ph, label %._crit_edge.loopexit, !llvm.loop !10

; Exit blocks
._crit_edge.loopexit:                             ; preds = %.lr.ph
  %.lcssa = phi i32 [ %7, %.lr.ph ]
  br label %._crit_edge
*** IR Dump Before IndVarSimplifyPass on Loop at depth 1 containing: %.lr.ph<header><latch><exiting> ***

; Preheader:
.lr.ph.preheader:                                 ; preds = %2
  br label %.lr.ph

; Loop:
.lr.ph:                                           ; preds = %.lr.ph.preheader, %.lr.ph
  %.08 = phi i32 [ %8, %.lr.ph ], [ 0, %.lr.ph.preheader ]
  %.067 = phi i32 [ %7, %.lr.ph ], [ 0, %.lr.ph.preheader ]
  %4 = zext i32 %.08 to i64
  %5 = getelementptr inbounds i32, i32* %0, i64 %4
  %6 = load i32, i32* %5, align 4
  %7 = add nsw i32 %6, %.067
  %8 = add nuw nsw i32 %.08, 1
  %9 = icmp slt i32 %8, %1
  br i1 %9, label %.lr.ph, label %._crit_edge.loopexit, !llvm.loop !10

; Exit blocks
._crit_edge.loopexit:                             ; preds = %.lr.ph
  %.lcssa = phi i32 [ %7, %.lr.ph ]
  br label %._crit_edge
*** IR Dump After IndVarSimplifyPass on Loop at depth 1 containing: %.lr.ph<header><latch><exiting> ***

; Preheader:
.lr.ph.preheader:                                 ; preds = %2
  %wide.trip.count = zext i32 %1 to i64
  br label %.lr.ph

; Loop:
.lr.ph:                                           ; preds = %.lr.ph.preheader, %.lr.ph
  %indvars.iv = phi i64 [ 0, %.lr.ph.preheader ], [ %indvars.iv.next, %.lr.ph ]
  %.067 = phi i32 [ %6, %.lr.ph ], [ 0, %.lr.ph.preheader ]
  %4 = getelementptr inbounds i32, i32* %0, i64 %indvars.iv
  %5 = load i32, i32* %4, align 4
  %6 = add nsw i32 %5, %.067
  %indvars.iv.next = add nuw nsw i64 %indvars.iv, 1
  %exitcond = icmp ne i64 %indvars.iv.next, %wide.trip.count
  br i1 %exitcond, label %.lr.ph, label %._crit_edge.loopexit, !llvm.loop !10

; Exit blocks
._crit_edge.loopexit:                             ; preds = %.lr.ph
  %.lcssa = phi i32 [ %6, %.lr.ph ]
  br label %._crit_edge
*** IR Dump Before LoopDeletionPass on Loop at depth 1 containing: %.lr.ph<header><latch><exiting> ***

; Preheader:
.lr.ph.preheader:                                 ; preds = %2
  %wide.trip.count = zext i32 %1 to i64
  br label %.lr.ph

; Loop:
.lr.ph:                                           ; preds = %.lr.ph.preheader, %.lr.ph
  %indvars.iv = phi i64 [ 0, %.lr.ph.preheader ], [ %indvars.iv.next, %.lr.ph ]
  %.067 = phi i32 [ %6, %.lr.ph ], [ 0, %.lr.ph.preheader ]
  %4 = getelementptr inbounds i32, i32* %0, i64 %indvars.iv
  %5 = load i32, i32* %4, align 4
  %6 = add nsw i32 %5, %.067
  %indvars.iv.next = add nuw nsw i64 %indvars.iv, 1
  %exitcond = icmp ne i64 %indvars.iv.next, %wide.trip.count
  br i1 %exitcond, label %.lr.ph, label %._crit_edge.loopexit, !llvm.loop !10

; Exit blocks
._crit_edge.loopexit:                             ; preds = %.lr.ph
  %.lcssa = phi i32 [ %6, %.lr.ph ]
  br label %._crit_edge
*** IR Dump After LoopDeletionPass on Loop at depth 1 containing: %.lr.ph<header><latch><exiting> ***

; Preheader:
.lr.ph.preheader:                                 ; preds = %2
  %wide.trip.count = zext i32 %1 to i64
  br label %.lr.ph

; Loop:
.lr.ph:                                           ; preds = %.lr.ph.preheader, %.lr.ph
  %indvars.iv = phi i64 [ 0, %.lr.ph.preheader ], [ %indvars.iv.next, %.lr.ph ]
  %.067 = phi i32 [ %6, %.lr.ph ], [ 0, %.lr.ph.preheader ]
  %4 = getelementptr inbounds i32, i32* %0, i64 %indvars.iv
  %5 = load i32, i32* %4, align 4
  %6 = add nsw i32 %5, %.067
  %indvars.iv.next = add nuw nsw i64 %indvars.iv, 1
  %exitcond = icmp ne i64 %indvars.iv.next, %wide.trip.count
  br i1 %exitcond, label %.lr.ph, label %._crit_edge.loopexit, !llvm.loop !10

; Exit blocks
._crit_edge.loopexit:                             ; preds = %.lr.ph
  %.lcssa = phi i32 [ %6, %.lr.ph ]
  br label %._crit_edge
*** IR Dump Before LoopFullUnrollPass on Loop at depth 1 containing: %.lr.ph<header><latch><exiting> ***

; Preheader:
.lr.ph.preheader:                                 ; preds = %2
  %wide.trip.count = zext i32 %1 to i64
  br label %.lr.ph

; Loop:
.lr.ph:                                           ; preds = %.lr.ph.preheader, %.lr.ph
  %indvars.iv = phi i64 [ 0, %.lr.ph.preheader ], [ %indvars.iv.next, %.lr.ph ]
  %.067 = phi i32 [ %6, %.lr.ph ], [ 0, %.lr.ph.preheader ]
  %4 = getelementptr inbounds i32, i32* %0, i64 %indvars.iv
  %5 = load i32, i32* %4, align 4
  %6 = add nsw i32 %5, %.067
  %indvars.iv.next = add nuw nsw i64 %indvars.iv, 1
  %exitcond = icmp ne i64 %indvars.iv.next, %wide.trip.count
  br i1 %exitcond, label %.lr.ph, label %._crit_edge.loopexit, !llvm.loop !10

; Exit blocks
._crit_edge.loopexit:                             ; preds = %.lr.ph
  %.lcssa = phi i32 [ %6, %.lr.ph ]
  br label %._crit_edge
*** IR Dump After LoopFullUnrollPass on Loop at depth 1 containing: %.lr.ph<header><latch><exiting> ***

; Preheader:
.lr.ph.preheader:                                 ; preds = %2
  %wide.trip.count = zext i32 %1 to i64
  br label %.lr.ph

; Loop:
.lr.ph:                                           ; preds = %.lr.ph.preheader, %.lr.ph
  %indvars.iv = phi i64 [ 0, %.lr.ph.preheader ], [ %indvars.iv.next, %.lr.ph ]
  %.067 = phi i32 [ %6, %.lr.ph ], [ 0, %.lr.ph.preheader ]
  %4 = getelementptr inbounds i32, i32* %0, i64 %indvars.iv
  %5 = load i32, i32* %4, align 4
  %6 = add nsw i32 %5, %.067
  %indvars.iv.next = add nuw nsw i64 %indvars.iv, 1
  %exitcond = icmp ne i64 %indvars.iv.next, %wide.trip.count
  br i1 %exitcond, label %.lr.ph, label %._crit_edge.loopexit, !llvm.loop !10

; Exit blocks
._crit_edge.loopexit:                             ; preds = %.lr.ph
  %.lcssa = phi i32 [ %6, %.lr.ph ]
  br label %._crit_edge
*** IR Dump Before SROAPass on sumArray ***
; Function Attrs: nofree norecurse nosync nounwind readonly uwtable
define dso_local i32 @sumArray(i32* nocapture noundef readonly %0, i32 noundef %1) local_unnamed_addr #0 {
  %3 = icmp sgt i32 %1, 0
  br i1 %3, label %.lr.ph.preheader, label %._crit_edge

.lr.ph.preheader:                                 ; preds = %2
  %wide.trip.count = zext i32 %1 to i64
  br label %.lr.ph

.lr.ph:                                           ; preds = %.lr.ph.preheader, %.lr.ph
  %indvars.iv = phi i64 [ 0, %.lr.ph.preheader ], [ %indvars.iv.next, %.lr.ph ]
  %.067 = phi i32 [ %6, %.lr.ph ], [ 0, %.lr.ph.preheader ]
  %4 = getelementptr inbounds i32, i32* %0, i64 %indvars.iv
  %5 = load i32, i32* %4, align 4
  %6 = add nsw i32 %5, %.067
  %indvars.iv.next = add nuw nsw i64 %indvars.iv, 1
  %exitcond = icmp ne i64 %indvars.iv.next, %wide.trip.count
  br i1 %exitcond, label %.lr.ph, label %._crit_edge.loopexit, !llvm.loop !10

._crit_edge.loopexit:                             ; preds = %.lr.ph
  %.lcssa = phi i32 [ %6, %.lr.ph ]
  br label %._crit_edge

._crit_edge:                                      ; preds = %._crit_edge.loopexit, %2
  %.06.lcssa = phi i32 [ 0, %2 ], [ %.lcssa, %._crit_edge.loopexit ]
  ret i32 %.06.lcssa
}
*** IR Dump After SROAPass on sumArray ***
; Function Attrs: nofree norecurse nosync nounwind readonly uwtable
define dso_local i32 @sumArray(i32* nocapture noundef readonly %0, i32 noundef %1) local_unnamed_addr #0 {
  %3 = icmp sgt i32 %1, 0
  br i1 %3, label %.lr.ph.preheader, label %._crit_edge

.lr.ph.preheader:                                 ; preds = %2
  %wide.trip.count = zext i32 %1 to i64
  br label %.lr.ph

.lr.ph:                                           ; preds = %.lr.ph.preheader, %.lr.ph
  %indvars.iv = phi i64 [ 0, %.lr.ph.preheader ], [ %indvars.iv.next, %.lr.ph ]
  %.067 = phi i32 [ %6, %.lr.ph ], [ 0, %.lr.ph.preheader ]
  %4 = getelementptr inbounds i32, i32* %0, i64 %indvars.iv
  %5 = load i32, i32* %4, align 4
  %6 = add nsw i32 %5, %.067
  %indvars.iv.next = add nuw nsw i64 %indvars.iv, 1
  %exitcond = icmp ne i64 %indvars.iv.next, %wide.trip.count
  br i1 %exitcond, label %.lr.ph, label %._crit_edge.loopexit, !llvm.loop !10

._crit_edge.loopexit:                             ; preds = %.lr.ph
  %.lcssa = phi i32 [ %6, %.lr.ph ]
  br label %._crit_edge

._crit_edge:                                      ; preds = %._crit_edge.loopexit, %2
  %.06.lcssa = phi i32 [ 0, %2 ], [ %.lcssa, %._crit_edge.loopexit ]
  ret i32 %.06.lcssa
}
*** IR Dump Before MergedLoadStoreMotionPass on sumArray ***
; Function Attrs: nofree norecurse nosync nounwind readonly uwtable
define dso_local i32 @sumArray(i32* nocapture noundef readonly %0, i32 noundef %1) local_unnamed_addr #0 {
  %3 = icmp sgt i32 %1, 0
  br i1 %3, label %.lr.ph.preheader, label %._crit_edge

.lr.ph.preheader:                                 ; preds = %2
  %wide.trip.count = zext i32 %1 to i64
  br label %.lr.ph

.lr.ph:                                           ; preds = %.lr.ph.preheader, %.lr.ph
  %indvars.iv = phi i64 [ 0, %.lr.ph.preheader ], [ %indvars.iv.next, %.lr.ph ]
  %.067 = phi i32 [ %6, %.lr.ph ], [ 0, %.lr.ph.preheader ]
  %4 = getelementptr inbounds i32, i32* %0, i64 %indvars.iv
  %5 = load i32, i32* %4, align 4
  %6 = add nsw i32 %5, %.067
  %indvars.iv.next = add nuw nsw i64 %indvars.iv, 1
  %exitcond = icmp ne i64 %indvars.iv.next, %wide.trip.count
  br i1 %exitcond, label %.lr.ph, label %._crit_edge.loopexit, !llvm.loop !10

._crit_edge.loopexit:                             ; preds = %.lr.ph
  %.lcssa = phi i32 [ %6, %.lr.ph ]
  br label %._crit_edge

._crit_edge:                                      ; preds = %._crit_edge.loopexit, %2
  %.06.lcssa = phi i32 [ 0, %2 ], [ %.lcssa, %._crit_edge.loopexit ]
  ret i32 %.06.lcssa
}
*** IR Dump After MergedLoadStoreMotionPass on sumArray ***
; Function Attrs: nofree norecurse nosync nounwind readonly uwtable
define dso_local i32 @sumArray(i32* nocapture noundef readonly %0, i32 noundef %1) local_unnamed_addr #0 {
  %3 = icmp sgt i32 %1, 0
  br i1 %3, label %.lr.ph.preheader, label %._crit_edge

.lr.ph.preheader:                                 ; preds = %2
  %wide.trip.count = zext i32 %1 to i64
  br label %.lr.ph

.lr.ph:                                           ; preds = %.lr.ph.preheader, %.lr.ph
  %indvars.iv = phi i64 [ 0, %.lr.ph.preheader ], [ %indvars.iv.next, %.lr.ph ]
  %.067 = phi i32 [ %6, %.lr.ph ], [ 0, %.lr.ph.preheader ]
  %4 = getelementptr inbounds i32, i32* %0, i64 %indvars.iv
  %5 = load i32, i32* %4, align 4
  %6 = add nsw i32 %5, %.067
  %indvars.iv.next = add nuw nsw i64 %indvars.iv, 1
  %exitcond = icmp ne i64 %indvars.iv.next, %wide.trip.count
  br i1 %exitcond, label %.lr.ph, label %._crit_edge.loopexit, !llvm.loop !10

._crit_edge.loopexit:                             ; preds = %.lr.ph
  %.lcssa = phi i32 [ %6, %.lr.ph ]
  br label %._crit_edge

._crit_edge:                                      ; preds = %._crit_edge.loopexit, %2
  %.06.lcssa = phi i32 [ 0, %2 ], [ %.lcssa, %._crit_edge.loopexit ]
  ret i32 %.06.lcssa
}
*** IR Dump Before GVNPass on sumArray ***
; Function Attrs: nofree norecurse nosync nounwind readonly uwtable
define dso_local i32 @sumArray(i32* nocapture noundef readonly %0, i32 noundef %1) local_unnamed_addr #0 {
  %3 = icmp sgt i32 %1, 0
  br i1 %3, label %.lr.ph.preheader, label %._crit_edge

.lr.ph.preheader:                                 ; preds = %2
  %wide.trip.count = zext i32 %1 to i64
  br label %.lr.ph

.lr.ph:                                           ; preds = %.lr.ph.preheader, %.lr.ph
  %indvars.iv = phi i64 [ 0, %.lr.ph.preheader ], [ %indvars.iv.next, %.lr.ph ]
  %.067 = phi i32 [ %6, %.lr.ph ], [ 0, %.lr.ph.preheader ]
  %4 = getelementptr inbounds i32, i32* %0, i64 %indvars.iv
  %5 = load i32, i32* %4, align 4
  %6 = add nsw i32 %5, %.067
  %indvars.iv.next = add nuw nsw i64 %indvars.iv, 1
  %exitcond = icmp ne i64 %indvars.iv.next, %wide.trip.count
  br i1 %exitcond, label %.lr.ph, label %._crit_edge.loopexit, !llvm.loop !10

._crit_edge.loopexit:                             ; preds = %.lr.ph
  %.lcssa = phi i32 [ %6, %.lr.ph ]
  br label %._crit_edge

._crit_edge:                                      ; preds = %._crit_edge.loopexit, %2
  %.06.lcssa = phi i32 [ 0, %2 ], [ %.lcssa, %._crit_edge.loopexit ]
  ret i32 %.06.lcssa
}
*** IR Dump After GVNPass on sumArray ***
; Function Attrs: nofree norecurse nosync nounwind readonly uwtable
define dso_local i32 @sumArray(i32* nocapture noundef readonly %0, i32 noundef %1) local_unnamed_addr #0 {
  %3 = icmp sgt i32 %1, 0
  br i1 %3, label %.lr.ph.preheader, label %._crit_edge

.lr.ph.preheader:                                 ; preds = %2
  %wide.trip.count = zext i32 %1 to i64
  br label %.lr.ph

.lr.ph:                                           ; preds = %.lr.ph.preheader, %.lr.ph
  %indvars.iv = phi i64 [ 0, %.lr.ph.preheader ], [ %indvars.iv.next, %.lr.ph ]
  %.067 = phi i32 [ %6, %.lr.ph ], [ 0, %.lr.ph.preheader ]
  %4 = getelementptr inbounds i32, i32* %0, i64 %indvars.iv
  %5 = load i32, i32* %4, align 4
  %6 = add nsw i32 %5, %.067
  %indvars.iv.next = add nuw nsw i64 %indvars.iv, 1
  %exitcond = icmp ne i64 %indvars.iv.next, %wide.trip.count
  br i1 %exitcond, label %.lr.ph, label %._crit_edge.loopexit, !llvm.loop !10

._crit_edge.loopexit:                             ; preds = %.lr.ph
  br label %._crit_edge

._crit_edge:                                      ; preds = %._crit_edge.loopexit, %2
  %.06.lcssa = phi i32 [ 0, %2 ], [ %6, %._crit_edge.loopexit ]
  ret i32 %.06.lcssa
}
*** IR Dump Before SCCPPass on sumArray ***
; Function Attrs: nofree norecurse nosync nounwind readonly uwtable
define dso_local i32 @sumArray(i32* nocapture noundef readonly %0, i32 noundef %1) local_unnamed_addr #0 {
  %3 = icmp sgt i32 %1, 0
  br i1 %3, label %.lr.ph.preheader, label %._crit_edge

.lr.ph.preheader:                                 ; preds = %2
  %wide.trip.count = zext i32 %1 to i64
  br label %.lr.ph

.lr.ph:                                           ; preds = %.lr.ph.preheader, %.lr.ph
  %indvars.iv = phi i64 [ 0, %.lr.ph.preheader ], [ %indvars.iv.next, %.lr.ph ]
  %.067 = phi i32 [ %6, %.lr.ph ], [ 0, %.lr.ph.preheader ]
  %4 = getelementptr inbounds i32, i32* %0, i64 %indvars.iv
  %5 = load i32, i32* %4, align 4
  %6 = add nsw i32 %5, %.067
  %indvars.iv.next = add nuw nsw i64 %indvars.iv, 1
  %exitcond = icmp ne i64 %indvars.iv.next, %wide.trip.count
  br i1 %exitcond, label %.lr.ph, label %._crit_edge.loopexit, !llvm.loop !10

._crit_edge.loopexit:                             ; preds = %.lr.ph
  br label %._crit_edge

._crit_edge:                                      ; preds = %._crit_edge.loopexit, %2
  %.06.lcssa = phi i32 [ 0, %2 ], [ %6, %._crit_edge.loopexit ]
  ret i32 %.06.lcssa
}
*** IR Dump After SCCPPass on sumArray ***
; Function Attrs: nofree norecurse nosync nounwind readonly uwtable
define dso_local i32 @sumArray(i32* nocapture noundef readonly %0, i32 noundef %1) local_unnamed_addr #0 {
  %3 = icmp sgt i32 %1, 0
  br i1 %3, label %.lr.ph.preheader, label %._crit_edge

.lr.ph.preheader:                                 ; preds = %2
  %wide.trip.count = zext i32 %1 to i64
  br label %.lr.ph

.lr.ph:                                           ; preds = %.lr.ph.preheader, %.lr.ph
  %indvars.iv = phi i64 [ 0, %.lr.ph.preheader ], [ %indvars.iv.next, %.lr.ph ]
  %.067 = phi i32 [ %6, %.lr.ph ], [ 0, %.lr.ph.preheader ]
  %4 = getelementptr inbounds i32, i32* %0, i64 %indvars.iv
  %5 = load i32, i32* %4, align 4
  %6 = add nsw i32 %5, %.067
  %indvars.iv.next = add nuw nsw i64 %indvars.iv, 1
  %exitcond = icmp ne i64 %indvars.iv.next, %wide.trip.count
  br i1 %exitcond, label %.lr.ph, label %._crit_edge.loopexit, !llvm.loop !10

._crit_edge.loopexit:                             ; preds = %.lr.ph
  br label %._crit_edge

._crit_edge:                                      ; preds = %._crit_edge.loopexit, %2
  %.06.lcssa = phi i32 [ 0, %2 ], [ %6, %._crit_edge.loopexit ]
  ret i32 %.06.lcssa
}
*** IR Dump Before BDCEPass on sumArray ***
; Function Attrs: nofree norecurse nosync nounwind readonly uwtable
define dso_local i32 @sumArray(i32* nocapture noundef readonly %0, i32 noundef %1) local_unnamed_addr #0 {
  %3 = icmp sgt i32 %1, 0
  br i1 %3, label %.lr.ph.preheader, label %._crit_edge

.lr.ph.preheader:                                 ; preds = %2
  %wide.trip.count = zext i32 %1 to i64
  br label %.lr.ph

.lr.ph:                                           ; preds = %.lr.ph.preheader, %.lr.ph
  %indvars.iv = phi i64 [ 0, %.lr.ph.preheader ], [ %indvars.iv.next, %.lr.ph ]
  %.067 = phi i32 [ %6, %.lr.ph ], [ 0, %.lr.ph.preheader ]
  %4 = getelementptr inbounds i32, i32* %0, i64 %indvars.iv
  %5 = load i32, i32* %4, align 4
  %6 = add nsw i32 %5, %.067
  %indvars.iv.next = add nuw nsw i64 %indvars.iv, 1
  %exitcond = icmp ne i64 %indvars.iv.next, %wide.trip.count
  br i1 %exitcond, label %.lr.ph, label %._crit_edge.loopexit, !llvm.loop !10

._crit_edge.loopexit:                             ; preds = %.lr.ph
  br label %._crit_edge

._crit_edge:                                      ; preds = %._crit_edge.loopexit, %2
  %.06.lcssa = phi i32 [ 0, %2 ], [ %6, %._crit_edge.loopexit ]
  ret i32 %.06.lcssa
}
*** IR Dump After BDCEPass on sumArray ***
; Function Attrs: nofree norecurse nosync nounwind readonly uwtable
define dso_local i32 @sumArray(i32* nocapture noundef readonly %0, i32 noundef %1) local_unnamed_addr #0 {
  %3 = icmp sgt i32 %1, 0
  br i1 %3, label %.lr.ph.preheader, label %._crit_edge

.lr.ph.preheader:                                 ; preds = %2
  %wide.trip.count = zext i32 %1 to i64
  br label %.lr.ph

.lr.ph:                                           ; preds = %.lr.ph.preheader, %.lr.ph
  %indvars.iv = phi i64 [ 0, %.lr.ph.preheader ], [ %indvars.iv.next, %.lr.ph ]
  %.067 = phi i32 [ %6, %.lr.ph ], [ 0, %.lr.ph.preheader ]
  %4 = getelementptr inbounds i32, i32* %0, i64 %indvars.iv
  %5 = load i32, i32* %4, align 4
  %6 = add nsw i32 %5, %.067
  %indvars.iv.next = add nuw nsw i64 %indvars.iv, 1
  %exitcond = icmp ne i64 %indvars.iv.next, %wide.trip.count
  br i1 %exitcond, label %.lr.ph, label %._crit_edge.loopexit, !llvm.loop !10

._crit_edge.loopexit:                             ; preds = %.lr.ph
  br label %._crit_edge

._crit_edge:                                      ; preds = %._crit_edge.loopexit, %2
  %.06.lcssa = phi i32 [ 0, %2 ], [ %6, %._crit_edge.loopexit ]
  ret i32 %.06.lcssa
}
*** IR Dump Before InstCombinePass on sumArray ***
; Function Attrs: nofree norecurse nosync nounwind readonly uwtable
define dso_local i32 @sumArray(i32* nocapture noundef readonly %0, i32 noundef %1) local_unnamed_addr #0 {
  %3 = icmp sgt i32 %1, 0
  br i1 %3, label %.lr.ph.preheader, label %._crit_edge

.lr.ph.preheader:                                 ; preds = %2
  %wide.trip.count = zext i32 %1 to i64
  br label %.lr.ph

.lr.ph:                                           ; preds = %.lr.ph.preheader, %.lr.ph
  %indvars.iv = phi i64 [ 0, %.lr.ph.preheader ], [ %indvars.iv.next, %.lr.ph ]
  %.067 = phi i32 [ %6, %.lr.ph ], [ 0, %.lr.ph.preheader ]
  %4 = getelementptr inbounds i32, i32* %0, i64 %indvars.iv
  %5 = load i32, i32* %4, align 4
  %6 = add nsw i32 %5, %.067
  %indvars.iv.next = add nuw nsw i64 %indvars.iv, 1
  %exitcond = icmp ne i64 %indvars.iv.next, %wide.trip.count
  br i1 %exitcond, label %.lr.ph, label %._crit_edge.loopexit, !llvm.loop !10

._crit_edge.loopexit:                             ; preds = %.lr.ph
  br label %._crit_edge

._crit_edge:                                      ; preds = %._crit_edge.loopexit, %2
  %.06.lcssa = phi i32 [ 0, %2 ], [ %6, %._crit_edge.loopexit ]
  ret i32 %.06.lcssa
}
*** IR Dump After InstCombinePass on sumArray ***
; Function Attrs: nofree norecurse nosync nounwind readonly uwtable
define dso_local i32 @sumArray(i32* nocapture noundef readonly %0, i32 noundef %1) local_unnamed_addr #0 {
  %3 = icmp sgt i32 %1, 0
  br i1 %3, label %.lr.ph.preheader, label %._crit_edge

.lr.ph.preheader:                                 ; preds = %2
  %wide.trip.count = zext i32 %1 to i64
  br label %.lr.ph

.lr.ph:                                           ; preds = %.lr.ph.preheader, %.lr.ph
  %indvars.iv = phi i64 [ 0, %.lr.ph.preheader ], [ %indvars.iv.next, %.lr.ph ]
  %.067 = phi i32 [ 0, %.lr.ph.preheader ], [ %6, %.lr.ph ]
  %4 = getelementptr inbounds i32, i32* %0, i64 %indvars.iv
  %5 = load i32, i32* %4, align 4
  %6 = add nsw i32 %5, %.067
  %indvars.iv.next = add nuw nsw i64 %indvars.iv, 1
  %exitcond.not = icmp eq i64 %indvars.iv.next, %wide.trip.count
  br i1 %exitcond.not, label %._crit_edge.loopexit, label %.lr.ph, !llvm.loop !10

._crit_edge.loopexit:                             ; preds = %.lr.ph
  br label %._crit_edge

._crit_edge:                                      ; preds = %._crit_edge.loopexit, %2
  %.06.lcssa = phi i32 [ 0, %2 ], [ %6, %._crit_edge.loopexit ]
  ret i32 %.06.lcssa
}
*** IR Dump Before JumpThreadingPass on sumArray ***
; Function Attrs: nofree norecurse nosync nounwind readonly uwtable
define dso_local i32 @sumArray(i32* nocapture noundef readonly %0, i32 noundef %1) local_unnamed_addr #0 {
  %3 = icmp sgt i32 %1, 0
  br i1 %3, label %.lr.ph.preheader, label %._crit_edge

.lr.ph.preheader:                                 ; preds = %2
  %wide.trip.count = zext i32 %1 to i64
  br label %.lr.ph

.lr.ph:                                           ; preds = %.lr.ph.preheader, %.lr.ph
  %indvars.iv = phi i64 [ 0, %.lr.ph.preheader ], [ %indvars.iv.next, %.lr.ph ]
  %.067 = phi i32 [ 0, %.lr.ph.preheader ], [ %6, %.lr.ph ]
  %4 = getelementptr inbounds i32, i32* %0, i64 %indvars.iv
  %5 = load i32, i32* %4, align 4
  %6 = add nsw i32 %5, %.067
  %indvars.iv.next = add nuw nsw i64 %indvars.iv, 1
  %exitcond.not = icmp eq i64 %indvars.iv.next, %wide.trip.count
  br i1 %exitcond.not, label %._crit_edge.loopexit, label %.lr.ph, !llvm.loop !10

._crit_edge.loopexit:                             ; preds = %.lr.ph
  br label %._crit_edge

._crit_edge:                                      ; preds = %._crit_edge.loopexit, %2
  %.06.lcssa = phi i32 [ 0, %2 ], [ %6, %._crit_edge.loopexit ]
  ret i32 %.06.lcssa
}
*** IR Dump After JumpThreadingPass on sumArray ***
; Function Attrs: nofree norecurse nosync nounwind readonly uwtable
define dso_local i32 @sumArray(i32* nocapture noundef readonly %0, i32 noundef %1) local_unnamed_addr #0 {
  %3 = icmp sgt i32 %1, 0
  br i1 %3, label %.lr.ph.preheader, label %._crit_edge

.lr.ph.preheader:                                 ; preds = %2
  %wide.trip.count = zext i32 %1 to i64
  br label %.lr.ph

.lr.ph:                                           ; preds = %.lr.ph.preheader, %.lr.ph
  %indvars.iv = phi i64 [ 0, %.lr.ph.preheader ], [ %indvars.iv.next, %.lr.ph ]
  %.067 = phi i32 [ 0, %.lr.ph.preheader ], [ %6, %.lr.ph ]
  %4 = getelementptr inbounds i32, i32* %0, i64 %indvars.iv
  %5 = load i32, i32* %4, align 4
  %6 = add nsw i32 %5, %.067
  %indvars.iv.next = add nuw nsw i64 %indvars.iv, 1
  %exitcond.not = icmp eq i64 %indvars.iv.next, %wide.trip.count
  br i1 %exitcond.not, label %._crit_edge, label %.lr.ph, !llvm.loop !10

._crit_edge:                                      ; preds = %.lr.ph, %2
  %.06.lcssa = phi i32 [ 0, %2 ], [ %6, %.lr.ph ]
  ret i32 %.06.lcssa
}
*** IR Dump Before CorrelatedValuePropagationPass on sumArray ***
; Function Attrs: nofree norecurse nosync nounwind readonly uwtable
define dso_local i32 @sumArray(i32* nocapture noundef readonly %0, i32 noundef %1) local_unnamed_addr #0 {
  %3 = icmp sgt i32 %1, 0
  br i1 %3, label %.lr.ph.preheader, label %._crit_edge

.lr.ph.preheader:                                 ; preds = %2
  %wide.trip.count = zext i32 %1 to i64
  br label %.lr.ph

.lr.ph:                                           ; preds = %.lr.ph.preheader, %.lr.ph
  %indvars.iv = phi i64 [ 0, %.lr.ph.preheader ], [ %indvars.iv.next, %.lr.ph ]
  %.067 = phi i32 [ 0, %.lr.ph.preheader ], [ %6, %.lr.ph ]
  %4 = getelementptr inbounds i32, i32* %0, i64 %indvars.iv
  %5 = load i32, i32* %4, align 4
  %6 = add nsw i32 %5, %.067
  %indvars.iv.next = add nuw nsw i64 %indvars.iv, 1
  %exitcond.not = icmp eq i64 %indvars.iv.next, %wide.trip.count
  br i1 %exitcond.not, label %._crit_edge, label %.lr.ph, !llvm.loop !10

._crit_edge:                                      ; preds = %.lr.ph, %2
  %.06.lcssa = phi i32 [ 0, %2 ], [ %6, %.lr.ph ]
  ret i32 %.06.lcssa
}
*** IR Dump After CorrelatedValuePropagationPass on sumArray ***
; Function Attrs: nofree norecurse nosync nounwind readonly uwtable
define dso_local i32 @sumArray(i32* nocapture noundef readonly %0, i32 noundef %1) local_unnamed_addr #0 {
  %3 = icmp sgt i32 %1, 0
  br i1 %3, label %.lr.ph.preheader, label %._crit_edge

.lr.ph.preheader:                                 ; preds = %2
  %wide.trip.count = zext i32 %1 to i64
  br label %.lr.ph

.lr.ph:                                           ; preds = %.lr.ph.preheader, %.lr.ph
  %indvars.iv = phi i64 [ 0, %.lr.ph.preheader ], [ %indvars.iv.next, %.lr.ph ]
  %.067 = phi i32 [ 0, %.lr.ph.preheader ], [ %6, %.lr.ph ]
  %4 = getelementptr inbounds i32, i32* %0, i64 %indvars.iv
  %5 = load i32, i32* %4, align 4
  %6 = add nsw i32 %5, %.067
  %indvars.iv.next = add nuw nsw i64 %indvars.iv, 1
  %exitcond.not = icmp eq i64 %indvars.iv.next, %wide.trip.count
  br i1 %exitcond.not, label %._crit_edge, label %.lr.ph, !llvm.loop !10

._crit_edge:                                      ; preds = %.lr.ph, %2
  %.06.lcssa = phi i32 [ 0, %2 ], [ %6, %.lr.ph ]
  ret i32 %.06.lcssa
}
*** IR Dump Before ADCEPass on sumArray ***
; Function Attrs: nofree norecurse nosync nounwind readonly uwtable
define dso_local i32 @sumArray(i32* nocapture noundef readonly %0, i32 noundef %1) local_unnamed_addr #0 {
  %3 = icmp sgt i32 %1, 0
  br i1 %3, label %.lr.ph.preheader, label %._crit_edge

.lr.ph.preheader:                                 ; preds = %2
  %wide.trip.count = zext i32 %1 to i64
  br label %.lr.ph

.lr.ph:                                           ; preds = %.lr.ph.preheader, %.lr.ph
  %indvars.iv = phi i64 [ 0, %.lr.ph.preheader ], [ %indvars.iv.next, %.lr.ph ]
  %.067 = phi i32 [ 0, %.lr.ph.preheader ], [ %6, %.lr.ph ]
  %4 = getelementptr inbounds i32, i32* %0, i64 %indvars.iv
  %5 = load i32, i32* %4, align 4
  %6 = add nsw i32 %5, %.067
  %indvars.iv.next = add nuw nsw i64 %indvars.iv, 1
  %exitcond.not = icmp eq i64 %indvars.iv.next, %wide.trip.count
  br i1 %exitcond.not, label %._crit_edge, label %.lr.ph, !llvm.loop !10

._crit_edge:                                      ; preds = %.lr.ph, %2
  %.06.lcssa = phi i32 [ 0, %2 ], [ %6, %.lr.ph ]
  ret i32 %.06.lcssa
}
*** IR Dump After ADCEPass on sumArray ***
; Function Attrs: nofree norecurse nosync nounwind readonly uwtable
define dso_local i32 @sumArray(i32* nocapture noundef readonly %0, i32 noundef %1) local_unnamed_addr #0 {
  %3 = icmp sgt i32 %1, 0
  br i1 %3, label %.lr.ph.preheader, label %._crit_edge

.lr.ph.preheader:                                 ; preds = %2
  %wide.trip.count = zext i32 %1 to i64
  br label %.lr.ph

.lr.ph:                                           ; preds = %.lr.ph.preheader, %.lr.ph
  %indvars.iv = phi i64 [ 0, %.lr.ph.preheader ], [ %indvars.iv.next, %.lr.ph ]
  %.067 = phi i32 [ 0, %.lr.ph.preheader ], [ %6, %.lr.ph ]
  %4 = getelementptr inbounds i32, i32* %0, i64 %indvars.iv
  %5 = load i32, i32* %4, align 4
  %6 = add nsw i32 %5, %.067
  %indvars.iv.next = add nuw nsw i64 %indvars.iv, 1
  %exitcond.not = icmp eq i64 %indvars.iv.next, %wide.trip.count
  br i1 %exitcond.not, label %._crit_edge, label %.lr.ph, !llvm.loop !10

._crit_edge:                                      ; preds = %.lr.ph, %2
  %.06.lcssa = phi i32 [ 0, %2 ], [ %6, %.lr.ph ]
  ret i32 %.06.lcssa
}
*** IR Dump Before MemCpyOptPass on sumArray ***
; Function Attrs: nofree norecurse nosync nounwind readonly uwtable
define dso_local i32 @sumArray(i32* nocapture noundef readonly %0, i32 noundef %1) local_unnamed_addr #0 {
  %3 = icmp sgt i32 %1, 0
  br i1 %3, label %.lr.ph.preheader, label %._crit_edge

.lr.ph.preheader:                                 ; preds = %2
  %wide.trip.count = zext i32 %1 to i64
  br label %.lr.ph

.lr.ph:                                           ; preds = %.lr.ph.preheader, %.lr.ph
  %indvars.iv = phi i64 [ 0, %.lr.ph.preheader ], [ %indvars.iv.next, %.lr.ph ]
  %.067 = phi i32 [ 0, %.lr.ph.preheader ], [ %6, %.lr.ph ]
  %4 = getelementptr inbounds i32, i32* %0, i64 %indvars.iv
  %5 = load i32, i32* %4, align 4
  %6 = add nsw i32 %5, %.067
  %indvars.iv.next = add nuw nsw i64 %indvars.iv, 1
  %exitcond.not = icmp eq i64 %indvars.iv.next, %wide.trip.count
  br i1 %exitcond.not, label %._crit_edge, label %.lr.ph, !llvm.loop !10

._crit_edge:                                      ; preds = %.lr.ph, %2
  %.06.lcssa = phi i32 [ 0, %2 ], [ %6, %.lr.ph ]
  ret i32 %.06.lcssa
}
*** IR Dump After MemCpyOptPass on sumArray ***
; Function Attrs: nofree norecurse nosync nounwind readonly uwtable
define dso_local i32 @sumArray(i32* nocapture noundef readonly %0, i32 noundef %1) local_unnamed_addr #0 {
  %3 = icmp sgt i32 %1, 0
  br i1 %3, label %.lr.ph.preheader, label %._crit_edge

.lr.ph.preheader:                                 ; preds = %2
  %wide.trip.count = zext i32 %1 to i64
  br label %.lr.ph

.lr.ph:                                           ; preds = %.lr.ph.preheader, %.lr.ph
  %indvars.iv = phi i64 [ 0, %.lr.ph.preheader ], [ %indvars.iv.next, %.lr.ph ]
  %.067 = phi i32 [ 0, %.lr.ph.preheader ], [ %6, %.lr.ph ]
  %4 = getelementptr inbounds i32, i32* %0, i64 %indvars.iv
  %5 = load i32, i32* %4, align 4
  %6 = add nsw i32 %5, %.067
  %indvars.iv.next = add nuw nsw i64 %indvars.iv, 1
  %exitcond.not = icmp eq i64 %indvars.iv.next, %wide.trip.count
  br i1 %exitcond.not, label %._crit_edge, label %.lr.ph, !llvm.loop !10

._crit_edge:                                      ; preds = %.lr.ph, %2
  %.06.lcssa = phi i32 [ 0, %2 ], [ %6, %.lr.ph ]
  ret i32 %.06.lcssa
}
*** IR Dump Before DSEPass on sumArray ***
; Function Attrs: nofree norecurse nosync nounwind readonly uwtable
define dso_local i32 @sumArray(i32* nocapture noundef readonly %0, i32 noundef %1) local_unnamed_addr #0 {
  %3 = icmp sgt i32 %1, 0
  br i1 %3, label %.lr.ph.preheader, label %._crit_edge

.lr.ph.preheader:                                 ; preds = %2
  %wide.trip.count = zext i32 %1 to i64
  br label %.lr.ph

.lr.ph:                                           ; preds = %.lr.ph.preheader, %.lr.ph
  %indvars.iv = phi i64 [ 0, %.lr.ph.preheader ], [ %indvars.iv.next, %.lr.ph ]
  %.067 = phi i32 [ 0, %.lr.ph.preheader ], [ %6, %.lr.ph ]
  %4 = getelementptr inbounds i32, i32* %0, i64 %indvars.iv
  %5 = load i32, i32* %4, align 4
  %6 = add nsw i32 %5, %.067
  %indvars.iv.next = add nuw nsw i64 %indvars.iv, 1
  %exitcond.not = icmp eq i64 %indvars.iv.next, %wide.trip.count
  br i1 %exitcond.not, label %._crit_edge, label %.lr.ph, !llvm.loop !10

._crit_edge:                                      ; preds = %.lr.ph, %2
  %.06.lcssa = phi i32 [ 0, %2 ], [ %6, %.lr.ph ]
  ret i32 %.06.lcssa
}
*** IR Dump After DSEPass on sumArray ***
; Function Attrs: nofree norecurse nosync nounwind readonly uwtable
define dso_local i32 @sumArray(i32* nocapture noundef readonly %0, i32 noundef %1) local_unnamed_addr #0 {
  %3 = icmp sgt i32 %1, 0
  br i1 %3, label %.lr.ph.preheader, label %._crit_edge

.lr.ph.preheader:                                 ; preds = %2
  %wide.trip.count = zext i32 %1 to i64
  br label %.lr.ph

.lr.ph:                                           ; preds = %.lr.ph.preheader, %.lr.ph
  %indvars.iv = phi i64 [ 0, %.lr.ph.preheader ], [ %indvars.iv.next, %.lr.ph ]
  %.067 = phi i32 [ 0, %.lr.ph.preheader ], [ %6, %.lr.ph ]
  %4 = getelementptr inbounds i32, i32* %0, i64 %indvars.iv
  %5 = load i32, i32* %4, align 4
  %6 = add nsw i32 %5, %.067
  %indvars.iv.next = add nuw nsw i64 %indvars.iv, 1
  %exitcond.not = icmp eq i64 %indvars.iv.next, %wide.trip.count
  br i1 %exitcond.not, label %._crit_edge, label %.lr.ph, !llvm.loop !10

._crit_edge:                                      ; preds = %.lr.ph, %2
  %.06.lcssa = phi i32 [ 0, %2 ], [ %6, %.lr.ph ]
  ret i32 %.06.lcssa
}
*** IR Dump Before LoopSimplifyPass on sumArray ***
; Function Attrs: nofree norecurse nosync nounwind readonly uwtable
define dso_local i32 @sumArray(i32* nocapture noundef readonly %0, i32 noundef %1) local_unnamed_addr #0 {
  %3 = icmp sgt i32 %1, 0
  br i1 %3, label %.lr.ph.preheader, label %._crit_edge

.lr.ph.preheader:                                 ; preds = %2
  %wide.trip.count = zext i32 %1 to i64
  br label %.lr.ph

.lr.ph:                                           ; preds = %.lr.ph.preheader, %.lr.ph
  %indvars.iv = phi i64 [ 0, %.lr.ph.preheader ], [ %indvars.iv.next, %.lr.ph ]
  %.067 = phi i32 [ 0, %.lr.ph.preheader ], [ %6, %.lr.ph ]
  %4 = getelementptr inbounds i32, i32* %0, i64 %indvars.iv
  %5 = load i32, i32* %4, align 4
  %6 = add nsw i32 %5, %.067
  %indvars.iv.next = add nuw nsw i64 %indvars.iv, 1
  %exitcond.not = icmp eq i64 %indvars.iv.next, %wide.trip.count
  br i1 %exitcond.not, label %._crit_edge, label %.lr.ph, !llvm.loop !10

._crit_edge:                                      ; preds = %.lr.ph, %2
  %.06.lcssa = phi i32 [ 0, %2 ], [ %6, %.lr.ph ]
  ret i32 %.06.lcssa
}
*** IR Dump After LoopSimplifyPass on sumArray ***
; Function Attrs: nofree norecurse nosync nounwind readonly uwtable
define dso_local i32 @sumArray(i32* nocapture noundef readonly %0, i32 noundef %1) local_unnamed_addr #0 {
  %3 = icmp sgt i32 %1, 0
  br i1 %3, label %.lr.ph.preheader, label %._crit_edge

.lr.ph.preheader:                                 ; preds = %2
  %wide.trip.count = zext i32 %1 to i64
  br label %.lr.ph

.lr.ph:                                           ; preds = %.lr.ph.preheader, %.lr.ph
  %indvars.iv = phi i64 [ 0, %.lr.ph.preheader ], [ %indvars.iv.next, %.lr.ph ]
  %.067 = phi i32 [ 0, %.lr.ph.preheader ], [ %6, %.lr.ph ]
  %4 = getelementptr inbounds i32, i32* %0, i64 %indvars.iv
  %5 = load i32, i32* %4, align 4
  %6 = add nsw i32 %5, %.067
  %indvars.iv.next = add nuw nsw i64 %indvars.iv, 1
  %exitcond.not = icmp eq i64 %indvars.iv.next, %wide.trip.count
  br i1 %exitcond.not, label %._crit_edge.loopexit, label %.lr.ph, !llvm.loop !10

._crit_edge.loopexit:                             ; preds = %.lr.ph
  br label %._crit_edge

._crit_edge:                                      ; preds = %._crit_edge.loopexit, %2
  %.06.lcssa = phi i32 [ 0, %2 ], [ %6, %._crit_edge.loopexit ]
  ret i32 %.06.lcssa
}
*** IR Dump Before LCSSAPass on sumArray ***
; Function Attrs: nofree norecurse nosync nounwind readonly uwtable
define dso_local i32 @sumArray(i32* nocapture noundef readonly %0, i32 noundef %1) local_unnamed_addr #0 {
  %3 = icmp sgt i32 %1, 0
  br i1 %3, label %.lr.ph.preheader, label %._crit_edge

.lr.ph.preheader:                                 ; preds = %2
  %wide.trip.count = zext i32 %1 to i64
  br label %.lr.ph

.lr.ph:                                           ; preds = %.lr.ph.preheader, %.lr.ph
  %indvars.iv = phi i64 [ 0, %.lr.ph.preheader ], [ %indvars.iv.next, %.lr.ph ]
  %.067 = phi i32 [ 0, %.lr.ph.preheader ], [ %6, %.lr.ph ]
  %4 = getelementptr inbounds i32, i32* %0, i64 %indvars.iv
  %5 = load i32, i32* %4, align 4
  %6 = add nsw i32 %5, %.067
  %indvars.iv.next = add nuw nsw i64 %indvars.iv, 1
  %exitcond.not = icmp eq i64 %indvars.iv.next, %wide.trip.count
  br i1 %exitcond.not, label %._crit_edge.loopexit, label %.lr.ph, !llvm.loop !10

._crit_edge.loopexit:                             ; preds = %.lr.ph
  br label %._crit_edge

._crit_edge:                                      ; preds = %._crit_edge.loopexit, %2
  %.06.lcssa = phi i32 [ 0, %2 ], [ %6, %._crit_edge.loopexit ]
  ret i32 %.06.lcssa
}
*** IR Dump After LCSSAPass on sumArray ***
; Function Attrs: nofree norecurse nosync nounwind readonly uwtable
define dso_local i32 @sumArray(i32* nocapture noundef readonly %0, i32 noundef %1) local_unnamed_addr #0 {
  %3 = icmp sgt i32 %1, 0
  br i1 %3, label %.lr.ph.preheader, label %._crit_edge

.lr.ph.preheader:                                 ; preds = %2
  %wide.trip.count = zext i32 %1 to i64
  br label %.lr.ph

.lr.ph:                                           ; preds = %.lr.ph.preheader, %.lr.ph
  %indvars.iv = phi i64 [ 0, %.lr.ph.preheader ], [ %indvars.iv.next, %.lr.ph ]
  %.067 = phi i32 [ 0, %.lr.ph.preheader ], [ %6, %.lr.ph ]
  %4 = getelementptr inbounds i32, i32* %0, i64 %indvars.iv
  %5 = load i32, i32* %4, align 4
  %6 = add nsw i32 %5, %.067
  %indvars.iv.next = add nuw nsw i64 %indvars.iv, 1
  %exitcond.not = icmp eq i64 %indvars.iv.next, %wide.trip.count
  br i1 %exitcond.not, label %._crit_edge.loopexit, label %.lr.ph, !llvm.loop !10

._crit_edge.loopexit:                             ; preds = %.lr.ph
  %.lcssa = phi i32 [ %6, %.lr.ph ]
  br label %._crit_edge

._crit_edge:                                      ; preds = %._crit_edge.loopexit, %2
  %.06.lcssa = phi i32 [ 0, %2 ], [ %.lcssa, %._crit_edge.loopexit ]
  ret i32 %.06.lcssa
}
*** IR Dump Before LICMPass on Loop at depth 1 containing: %.lr.ph<header><latch><exiting> ***

; Preheader:
.lr.ph.preheader:                                 ; preds = %2
  %wide.trip.count = zext i32 %1 to i64
  br label %.lr.ph

; Loop:
.lr.ph:                                           ; preds = %.lr.ph.preheader, %.lr.ph
  %indvars.iv = phi i64 [ 0, %.lr.ph.preheader ], [ %indvars.iv.next, %.lr.ph ]
  %.067 = phi i32 [ 0, %.lr.ph.preheader ], [ %6, %.lr.ph ]
  %4 = getelementptr inbounds i32, i32* %0, i64 %indvars.iv
  %5 = load i32, i32* %4, align 4
  %6 = add nsw i32 %5, %.067
  %indvars.iv.next = add nuw nsw i64 %indvars.iv, 1
  %exitcond.not = icmp eq i64 %indvars.iv.next, %wide.trip.count
  br i1 %exitcond.not, label %._crit_edge.loopexit, label %.lr.ph, !llvm.loop !10

; Exit blocks
._crit_edge.loopexit:                             ; preds = %.lr.ph
  %.lcssa = phi i32 [ %6, %.lr.ph ]
  br label %._crit_edge
*** IR Dump After LICMPass on Loop at depth 1 containing: %.lr.ph<header><latch><exiting> ***

; Preheader:
.lr.ph.preheader:                                 ; preds = %2
  %wide.trip.count = zext i32 %1 to i64
  br label %.lr.ph

; Loop:
.lr.ph:                                           ; preds = %.lr.ph.preheader, %.lr.ph
  %indvars.iv = phi i64 [ 0, %.lr.ph.preheader ], [ %indvars.iv.next, %.lr.ph ]
  %.067 = phi i32 [ 0, %.lr.ph.preheader ], [ %6, %.lr.ph ]
  %4 = getelementptr inbounds i32, i32* %0, i64 %indvars.iv
  %5 = load i32, i32* %4, align 4
  %6 = add nsw i32 %5, %.067
  %indvars.iv.next = add nuw nsw i64 %indvars.iv, 1
  %exitcond.not = icmp eq i64 %indvars.iv.next, %wide.trip.count
  br i1 %exitcond.not, label %._crit_edge.loopexit, label %.lr.ph, !llvm.loop !10

; Exit blocks
._crit_edge.loopexit:                             ; preds = %.lr.ph
  %.lcssa = phi i32 [ %6, %.lr.ph ]
  br label %._crit_edge
*** IR Dump Before CoroElidePass on sumArray ***
; Function Attrs: nofree norecurse nosync nounwind readonly uwtable
define dso_local i32 @sumArray(i32* nocapture noundef readonly %0, i32 noundef %1) local_unnamed_addr #0 {
  %3 = icmp sgt i32 %1, 0
  br i1 %3, label %.lr.ph.preheader, label %._crit_edge

.lr.ph.preheader:                                 ; preds = %2
  %wide.trip.count = zext i32 %1 to i64
  br label %.lr.ph

.lr.ph:                                           ; preds = %.lr.ph.preheader, %.lr.ph
  %indvars.iv = phi i64 [ 0, %.lr.ph.preheader ], [ %indvars.iv.next, %.lr.ph ]
  %.067 = phi i32 [ 0, %.lr.ph.preheader ], [ %6, %.lr.ph ]
  %4 = getelementptr inbounds i32, i32* %0, i64 %indvars.iv
  %5 = load i32, i32* %4, align 4
  %6 = add nsw i32 %5, %.067
  %indvars.iv.next = add nuw nsw i64 %indvars.iv, 1
  %exitcond.not = icmp eq i64 %indvars.iv.next, %wide.trip.count
  br i1 %exitcond.not, label %._crit_edge.loopexit, label %.lr.ph, !llvm.loop !10

._crit_edge.loopexit:                             ; preds = %.lr.ph
  %.lcssa = phi i32 [ %6, %.lr.ph ]
  br label %._crit_edge

._crit_edge:                                      ; preds = %._crit_edge.loopexit, %2
  %.06.lcssa = phi i32 [ 0, %2 ], [ %.lcssa, %._crit_edge.loopexit ]
  ret i32 %.06.lcssa
}
*** IR Dump After CoroElidePass on sumArray ***
; Function Attrs: nofree norecurse nosync nounwind readonly uwtable
define dso_local i32 @sumArray(i32* nocapture noundef readonly %0, i32 noundef %1) local_unnamed_addr #0 {
  %3 = icmp sgt i32 %1, 0
  br i1 %3, label %.lr.ph.preheader, label %._crit_edge

.lr.ph.preheader:                                 ; preds = %2
  %wide.trip.count = zext i32 %1 to i64
  br label %.lr.ph

.lr.ph:                                           ; preds = %.lr.ph.preheader, %.lr.ph
  %indvars.iv = phi i64 [ 0, %.lr.ph.preheader ], [ %indvars.iv.next, %.lr.ph ]
  %.067 = phi i32 [ 0, %.lr.ph.preheader ], [ %6, %.lr.ph ]
  %4 = getelementptr inbounds i32, i32* %0, i64 %indvars.iv
  %5 = load i32, i32* %4, align 4
  %6 = add nsw i32 %5, %.067
  %indvars.iv.next = add nuw nsw i64 %indvars.iv, 1
  %exitcond.not = icmp eq i64 %indvars.iv.next, %wide.trip.count
  br i1 %exitcond.not, label %._crit_edge.loopexit, label %.lr.ph, !llvm.loop !10

._crit_edge.loopexit:                             ; preds = %.lr.ph
  %.lcssa = phi i32 [ %6, %.lr.ph ]
  br label %._crit_edge

._crit_edge:                                      ; preds = %._crit_edge.loopexit, %2
  %.06.lcssa = phi i32 [ 0, %2 ], [ %.lcssa, %._crit_edge.loopexit ]
  ret i32 %.06.lcssa
}
*** IR Dump Before SimplifyCFGPass on sumArray ***
; Function Attrs: nofree norecurse nosync nounwind readonly uwtable
define dso_local i32 @sumArray(i32* nocapture noundef readonly %0, i32 noundef %1) local_unnamed_addr #0 {
  %3 = icmp sgt i32 %1, 0
  br i1 %3, label %.lr.ph.preheader, label %._crit_edge

.lr.ph.preheader:                                 ; preds = %2
  %wide.trip.count = zext i32 %1 to i64
  br label %.lr.ph

.lr.ph:                                           ; preds = %.lr.ph.preheader, %.lr.ph
  %indvars.iv = phi i64 [ 0, %.lr.ph.preheader ], [ %indvars.iv.next, %.lr.ph ]
  %.067 = phi i32 [ 0, %.lr.ph.preheader ], [ %6, %.lr.ph ]
  %4 = getelementptr inbounds i32, i32* %0, i64 %indvars.iv
  %5 = load i32, i32* %4, align 4
  %6 = add nsw i32 %5, %.067
  %indvars.iv.next = add nuw nsw i64 %indvars.iv, 1
  %exitcond.not = icmp eq i64 %indvars.iv.next, %wide.trip.count
  br i1 %exitcond.not, label %._crit_edge.loopexit, label %.lr.ph, !llvm.loop !10

._crit_edge.loopexit:                             ; preds = %.lr.ph
  %.lcssa = phi i32 [ %6, %.lr.ph ]
  br label %._crit_edge

._crit_edge:                                      ; preds = %._crit_edge.loopexit, %2
  %.06.lcssa = phi i32 [ 0, %2 ], [ %.lcssa, %._crit_edge.loopexit ]
  ret i32 %.06.lcssa
}
*** IR Dump After SimplifyCFGPass on sumArray ***
; Function Attrs: nofree norecurse nosync nounwind readonly uwtable
define dso_local i32 @sumArray(i32* nocapture noundef readonly %0, i32 noundef %1) local_unnamed_addr #0 {
  %3 = icmp sgt i32 %1, 0
  br i1 %3, label %.lr.ph.preheader, label %._crit_edge

.lr.ph.preheader:                                 ; preds = %2
  %wide.trip.count = zext i32 %1 to i64
  br label %.lr.ph

.lr.ph:                                           ; preds = %.lr.ph.preheader, %.lr.ph
  %indvars.iv = phi i64 [ 0, %.lr.ph.preheader ], [ %indvars.iv.next, %.lr.ph ]
  %.067 = phi i32 [ 0, %.lr.ph.preheader ], [ %6, %.lr.ph ]
  %4 = getelementptr inbounds i32, i32* %0, i64 %indvars.iv
  %5 = load i32, i32* %4, align 4
  %6 = add nsw i32 %5, %.067
  %indvars.iv.next = add nuw nsw i64 %indvars.iv, 1
  %exitcond.not = icmp eq i64 %indvars.iv.next, %wide.trip.count
  br i1 %exitcond.not, label %._crit_edge, label %.lr.ph, !llvm.loop !10

._crit_edge:                                      ; preds = %.lr.ph, %2
  %.06.lcssa = phi i32 [ 0, %2 ], [ %6, %.lr.ph ]
  ret i32 %.06.lcssa
}
*** IR Dump Before InstCombinePass on sumArray ***
; Function Attrs: nofree norecurse nosync nounwind readonly uwtable
define dso_local i32 @sumArray(i32* nocapture noundef readonly %0, i32 noundef %1) local_unnamed_addr #0 {
  %3 = icmp sgt i32 %1, 0
  br i1 %3, label %.lr.ph.preheader, label %._crit_edge

.lr.ph.preheader:                                 ; preds = %2
  %wide.trip.count = zext i32 %1 to i64
  br label %.lr.ph

.lr.ph:                                           ; preds = %.lr.ph.preheader, %.lr.ph
  %indvars.iv = phi i64 [ 0, %.lr.ph.preheader ], [ %indvars.iv.next, %.lr.ph ]
  %.067 = phi i32 [ 0, %.lr.ph.preheader ], [ %6, %.lr.ph ]
  %4 = getelementptr inbounds i32, i32* %0, i64 %indvars.iv
  %5 = load i32, i32* %4, align 4
  %6 = add nsw i32 %5, %.067
  %indvars.iv.next = add nuw nsw i64 %indvars.iv, 1
  %exitcond.not = icmp eq i64 %indvars.iv.next, %wide.trip.count
  br i1 %exitcond.not, label %._crit_edge, label %.lr.ph, !llvm.loop !10

._crit_edge:                                      ; preds = %.lr.ph, %2
  %.06.lcssa = phi i32 [ 0, %2 ], [ %6, %.lr.ph ]
  ret i32 %.06.lcssa
}
*** IR Dump After InstCombinePass on sumArray ***
; Function Attrs: nofree norecurse nosync nounwind readonly uwtable
define dso_local i32 @sumArray(i32* nocapture noundef readonly %0, i32 noundef %1) local_unnamed_addr #0 {
  %3 = icmp sgt i32 %1, 0
  br i1 %3, label %.lr.ph.preheader, label %._crit_edge

.lr.ph.preheader:                                 ; preds = %2
  %wide.trip.count = zext i32 %1 to i64
  br label %.lr.ph

.lr.ph:                                           ; preds = %.lr.ph.preheader, %.lr.ph
  %indvars.iv = phi i64 [ 0, %.lr.ph.preheader ], [ %indvars.iv.next, %.lr.ph ]
  %.067 = phi i32 [ 0, %.lr.ph.preheader ], [ %6, %.lr.ph ]
  %4 = getelementptr inbounds i32, i32* %0, i64 %indvars.iv
  %5 = load i32, i32* %4, align 4
  %6 = add nsw i32 %5, %.067
  %indvars.iv.next = add nuw nsw i64 %indvars.iv, 1
  %exitcond.not = icmp eq i64 %indvars.iv.next, %wide.trip.count
  br i1 %exitcond.not, label %._crit_edge, label %.lr.ph, !llvm.loop !10

._crit_edge:                                      ; preds = %.lr.ph, %2
  %.06.lcssa = phi i32 [ 0, %2 ], [ %6, %.lr.ph ]
  ret i32 %.06.lcssa
}
*** IR Dump Before CoroSplitPass on (sumArray) ***
; Function Attrs: nofree norecurse nosync nounwind readonly uwtable
define dso_local i32 @sumArray(i32* nocapture noundef readonly %0, i32 noundef %1) local_unnamed_addr #0 {
  %3 = icmp sgt i32 %1, 0
  br i1 %3, label %.lr.ph.preheader, label %._crit_edge

.lr.ph.preheader:                                 ; preds = %2
  %wide.trip.count = zext i32 %1 to i64
  br label %.lr.ph

.lr.ph:                                           ; preds = %.lr.ph.preheader, %.lr.ph
  %indvars.iv = phi i64 [ 0, %.lr.ph.preheader ], [ %indvars.iv.next, %.lr.ph ]
  %.067 = phi i32 [ 0, %.lr.ph.preheader ], [ %6, %.lr.ph ]
  %4 = getelementptr inbounds i32, i32* %0, i64 %indvars.iv
  %5 = load i32, i32* %4, align 4
  %6 = add nsw i32 %5, %.067
  %indvars.iv.next = add nuw nsw i64 %indvars.iv, 1
  %exitcond.not = icmp eq i64 %indvars.iv.next, %wide.trip.count
  br i1 %exitcond.not, label %._crit_edge, label %.lr.ph, !llvm.loop !10

._crit_edge:                                      ; preds = %.lr.ph, %2
  %.06.lcssa = phi i32 [ 0, %2 ], [ %6, %.lr.ph ]
  ret i32 %.06.lcssa
}
*** IR Dump After CoroSplitPass on (sumArray) ***
; Function Attrs: nofree norecurse nosync nounwind readonly uwtable
define dso_local i32 @sumArray(i32* nocapture noundef readonly %0, i32 noundef %1) local_unnamed_addr #0 {
  %3 = icmp sgt i32 %1, 0
  br i1 %3, label %.lr.ph.preheader, label %._crit_edge

.lr.ph.preheader:                                 ; preds = %2
  %wide.trip.count = zext i32 %1 to i64
  br label %.lr.ph

.lr.ph:                                           ; preds = %.lr.ph.preheader, %.lr.ph
  %indvars.iv = phi i64 [ 0, %.lr.ph.preheader ], [ %indvars.iv.next, %.lr.ph ]
  %.067 = phi i32 [ 0, %.lr.ph.preheader ], [ %6, %.lr.ph ]
  %4 = getelementptr inbounds i32, i32* %0, i64 %indvars.iv
  %5 = load i32, i32* %4, align 4
  %6 = add nsw i32 %5, %.067
  %indvars.iv.next = add nuw nsw i64 %indvars.iv, 1
  %exitcond.not = icmp eq i64 %indvars.iv.next, %wide.trip.count
  br i1 %exitcond.not, label %._crit_edge, label %.lr.ph, !llvm.loop !10

._crit_edge:                                      ; preds = %.lr.ph, %2
  %.06.lcssa = phi i32 [ 0, %2 ], [ %6, %.lr.ph ]
  ret i32 %.06.lcssa
}
*** IR Dump Before GlobalOptPass on [module] ***
; ModuleID = 'sumArray.in.ll'
source_filename = "sumArray.c"
target datalayout = "e-m:e-i8:8:32-i16:16:32-i64:64-i128:128-n32:64-S128"
target triple = "aarch64-unknown-linux-gnu"

; Function Attrs: nofree norecurse nosync nounwind readonly uwtable
define dso_local i32 @sumArray(i32* nocapture noundef readonly %0, i32 noundef %1) local_unnamed_addr #0 {
  %3 = icmp sgt i32 %1, 0
  br i1 %3, label %.lr.ph.preheader, label %._crit_edge

.lr.ph.preheader:                                 ; preds = %2
  %wide.trip.count = zext i32 %1 to i64
  br label %.lr.ph

.lr.ph:                                           ; preds = %.lr.ph.preheader, %.lr.ph
  %indvars.iv = phi i64 [ 0, %.lr.ph.preheader ], [ %indvars.iv.next, %.lr.ph ]
  %.067 = phi i32 [ 0, %.lr.ph.preheader ], [ %6, %.lr.ph ]
  %4 = getelementptr inbounds i32, i32* %0, i64 %indvars.iv
  %5 = load i32, i32* %4, align 4
  %6 = add nsw i32 %5, %.067
  %indvars.iv.next = add nuw nsw i64 %indvars.iv, 1
  %exitcond.not = icmp eq i64 %indvars.iv.next, %wide.trip.count
  br i1 %exitcond.not, label %._crit_edge, label %.lr.ph, !llvm.loop !10

._crit_edge:                                      ; preds = %.lr.ph, %2
  %.06.lcssa = phi i32 [ 0, %2 ], [ %6, %.lr.ph ]
  ret i32 %.06.lcssa
}

attributes #0 = { nofree norecurse nosync nounwind readonly uwtable "frame-pointer"="non-leaf" "min-legal-vector-width"="0" "no-trapping-math"="true" "stack-protector-buffer-size"="8" "target-cpu"="generic" "target-features"="+neon,+outline-atomics,+v8a" }

!llvm.module.flags = !{!0, !1, !2, !3, !4, !5, !6, !7, !8}
!llvm.ident = !{!9}

!0 = !{i32 1, !"wchar_size", i32 4}
!1 = !{i32 1, !"branch-target-enforcement", i32 0}
!2 = !{i32 1, !"sign-return-address", i32 0}
!3 = !{i32 1, !"sign-return-address-all", i32 0}
!4 = !{i32 1, !"sign-return-address-with-bkey", i32 0}
!5 = !{i32 7, !"PIC Level", i32 2}
!6 = !{i32 7, !"PIE Level", i32 2}
!7 = !{i32 7, !"uwtable", i32 1}
!8 = !{i32 7, !"frame-pointer", i32 1}
!9 = !{!"Ubuntu clang version 14.0.0-1ubuntu1.1"}
!10 = distinct !{!10, !11}
!11 = !{!"llvm.loop.mustprogress"}
*** IR Dump After GlobalOptPass on [module] ***
; ModuleID = 'sumArray.in.ll'
source_filename = "sumArray.c"
target datalayout = "e-m:e-i8:8:32-i16:16:32-i64:64-i128:128-n32:64-S128"
target triple = "aarch64-unknown-linux-gnu"

; Function Attrs: nofree norecurse nosync nounwind readonly uwtable
define dso_local i32 @sumArray(i32* nocapture noundef readonly %0, i32 noundef %1) local_unnamed_addr #0 {
  %3 = icmp sgt i32 %1, 0
  br i1 %3, label %.lr.ph.preheader, label %._crit_edge

.lr.ph.preheader:                                 ; preds = %2
  %wide.trip.count = zext i32 %1 to i64
  br label %.lr.ph

.lr.ph:                                           ; preds = %.lr.ph.preheader, %.lr.ph
  %indvars.iv = phi i64 [ 0, %.lr.ph.preheader ], [ %indvars.iv.next, %.lr.ph ]
  %.067 = phi i32 [ 0, %.lr.ph.preheader ], [ %6, %.lr.ph ]
  %4 = getelementptr inbounds i32, i32* %0, i64 %indvars.iv
  %5 = load i32, i32* %4, align 4
  %6 = add nsw i32 %5, %.067
  %indvars.iv.next = add nuw nsw i64 %indvars.iv, 1
  %exitcond.not = icmp eq i64 %indvars.iv.next, %wide.trip.count
  br i1 %exitcond.not, label %._crit_edge, label %.lr.ph, !llvm.loop !10

._crit_edge:                                      ; preds = %.lr.ph, %2
  %.06.lcssa = phi i32 [ 0, %2 ], [ %6, %.lr.ph ]
  ret i32 %.06.lcssa
}

attributes #0 = { nofree norecurse nosync nounwind readonly uwtable "frame-pointer"="non-leaf" "min-legal-vector-width"="0" "no-trapping-math"="true" "stack-protector-buffer-size"="8" "target-cpu"="generic" "target-features"="+neon,+outline-atomics,+v8a" }

!llvm.module.flags = !{!0, !1, !2, !3, !4, !5, !6, !7, !8}
!llvm.ident = !{!9}

!0 = !{i32 1, !"wchar_size", i32 4}
!1 = !{i32 1, !"branch-target-enforcement", i32 0}
!2 = !{i32 1, !"sign-return-address", i32 0}
!3 = !{i32 1, !"sign-return-address-all", i32 0}
!4 = !{i32 1, !"sign-return-address-with-bkey", i32 0}
!5 = !{i32 7, !"PIC Level", i32 2}
!6 = !{i32 7, !"PIE Level", i32 2}
!7 = !{i32 7, !"uwtable", i32 1}
!8 = !{i32 7, !"frame-pointer", i32 1}
!9 = !{!"Ubuntu clang version 14.0.0-1ubuntu1.1"}
!10 = distinct !{!10, !11}
!11 = !{!"llvm.loop.mustprogress"}
*** IR Dump Before GlobalDCEPass on [module] ***
; ModuleID = 'sumArray.in.ll'
source_filename = "sumArray.c"
target datalayout = "e-m:e-i8:8:32-i16:16:32-i64:64-i128:128-n32:64-S128"
target triple = "aarch64-unknown-linux-gnu"

; Function Attrs: nofree norecurse nosync nounwind readonly uwtable
define dso_local i32 @sumArray(i32* nocapture noundef readonly %0, i32 noundef %1) local_unnamed_addr #0 {
  %3 = icmp sgt i32 %1, 0
  br i1 %3, label %.lr.ph.preheader, label %._crit_edge

.lr.ph.preheader:                                 ; preds = %2
  %wide.trip.count = zext i32 %1 to i64
  br label %.lr.ph

.lr.ph:                                           ; preds = %.lr.ph.preheader, %.lr.ph
  %indvars.iv = phi i64 [ 0, %.lr.ph.preheader ], [ %indvars.iv.next, %.lr.ph ]
  %.067 = phi i32 [ 0, %.lr.ph.preheader ], [ %6, %.lr.ph ]
  %4 = getelementptr inbounds i32, i32* %0, i64 %indvars.iv
  %5 = load i32, i32* %4, align 4
  %6 = add nsw i32 %5, %.067
  %indvars.iv.next = add nuw nsw i64 %indvars.iv, 1
  %exitcond.not = icmp eq i64 %indvars.iv.next, %wide.trip.count
  br i1 %exitcond.not, label %._crit_edge, label %.lr.ph, !llvm.loop !10

._crit_edge:                                      ; preds = %.lr.ph, %2
  %.06.lcssa = phi i32 [ 0, %2 ], [ %6, %.lr.ph ]
  ret i32 %.06.lcssa
}

attributes #0 = { nofree norecurse nosync nounwind readonly uwtable "frame-pointer"="non-leaf" "min-legal-vector-width"="0" "no-trapping-math"="true" "stack-protector-buffer-size"="8" "target-cpu"="generic" "target-features"="+neon,+outline-atomics,+v8a" }

!llvm.module.flags = !{!0, !1, !2, !3, !4, !5, !6, !7, !8}
!llvm.ident = !{!9}

!0 = !{i32 1, !"wchar_size", i32 4}
!1 = !{i32 1, !"branch-target-enforcement", i32 0}
!2 = !{i32 1, !"sign-return-address", i32 0}
!3 = !{i32 1, !"sign-return-address-all", i32 0}
!4 = !{i32 1, !"sign-return-address-with-bkey", i32 0}
!5 = !{i32 7, !"PIC Level", i32 2}
!6 = !{i32 7, !"PIE Level", i32 2}
!7 = !{i32 7, !"uwtable", i32 1}
!8 = !{i32 7, !"frame-pointer", i32 1}
!9 = !{!"Ubuntu clang version 14.0.0-1ubuntu1.1"}
!10 = distinct !{!10, !11}
!11 = !{!"llvm.loop.mustprogress"}
*** IR Dump After GlobalDCEPass on [module] ***
; ModuleID = 'sumArray.in.ll'
source_filename = "sumArray.c"
target datalayout = "e-m:e-i8:8:32-i16:16:32-i64:64-i128:128-n32:64-S128"
target triple = "aarch64-unknown-linux-gnu"

; Function Attrs: nofree norecurse nosync nounwind readonly uwtable
define dso_local i32 @sumArray(i32* nocapture noundef readonly %0, i32 noundef %1) local_unnamed_addr #0 {
  %3 = icmp sgt i32 %1, 0
  br i1 %3, label %.lr.ph.preheader, label %._crit_edge

.lr.ph.preheader:                                 ; preds = %2
  %wide.trip.count = zext i32 %1 to i64
  br label %.lr.ph

.lr.ph:                                           ; preds = %.lr.ph.preheader, %.lr.ph
  %indvars.iv = phi i64 [ 0, %.lr.ph.preheader ], [ %indvars.iv.next, %.lr.ph ]
  %.067 = phi i32 [ 0, %.lr.ph.preheader ], [ %6, %.lr.ph ]
  %4 = getelementptr inbounds i32, i32* %0, i64 %indvars.iv
  %5 = load i32, i32* %4, align 4
  %6 = add nsw i32 %5, %.067
  %indvars.iv.next = add nuw nsw i64 %indvars.iv, 1
  %exitcond.not = icmp eq i64 %indvars.iv.next, %wide.trip.count
  br i1 %exitcond.not, label %._crit_edge, label %.lr.ph, !llvm.loop !10

._crit_edge:                                      ; preds = %.lr.ph, %2
  %.06.lcssa = phi i32 [ 0, %2 ], [ %6, %.lr.ph ]
  ret i32 %.06.lcssa
}

attributes #0 = { nofree norecurse nosync nounwind readonly uwtable "frame-pointer"="non-leaf" "min-legal-vector-width"="0" "no-trapping-math"="true" "stack-protector-buffer-size"="8" "target-cpu"="generic" "target-features"="+neon,+outline-atomics,+v8a" }

!llvm.module.flags = !{!0, !1, !2, !3, !4, !5, !6, !7, !8}
!llvm.ident = !{!9}

!0 = !{i32 1, !"wchar_size", i32 4}
!1 = !{i32 1, !"branch-target-enforcement", i32 0}
!2 = !{i32 1, !"sign-return-address", i32 0}
!3 = !{i32 1, !"sign-return-address-all", i32 0}
!4 = !{i32 1, !"sign-return-address-with-bkey", i32 0}
!5 = !{i32 7, !"PIC Level", i32 2}
!6 = !{i32 7, !"PIE Level", i32 2}
!7 = !{i32 7, !"uwtable", i32 1}
!8 = !{i32 7, !"frame-pointer", i32 1}
!9 = !{!"Ubuntu clang version 14.0.0-1ubuntu1.1"}
!10 = distinct !{!10, !11}
!11 = !{!"llvm.loop.mustprogress"}
*** IR Dump Before EliminateAvailableExternallyPass on [module] ***
; ModuleID = 'sumArray.in.ll'
source_filename = "sumArray.c"
target datalayout = "e-m:e-i8:8:32-i16:16:32-i64:64-i128:128-n32:64-S128"
target triple = "aarch64-unknown-linux-gnu"

; Function Attrs: nofree norecurse nosync nounwind readonly uwtable
define dso_local i32 @sumArray(i32* nocapture noundef readonly %0, i32 noundef %1) local_unnamed_addr #0 {
  %3 = icmp sgt i32 %1, 0
  br i1 %3, label %.lr.ph.preheader, label %._crit_edge

.lr.ph.preheader:                                 ; preds = %2
  %wide.trip.count = zext i32 %1 to i64
  br label %.lr.ph

.lr.ph:                                           ; preds = %.lr.ph.preheader, %.lr.ph
  %indvars.iv = phi i64 [ 0, %.lr.ph.preheader ], [ %indvars.iv.next, %.lr.ph ]
  %.067 = phi i32 [ 0, %.lr.ph.preheader ], [ %6, %.lr.ph ]
  %4 = getelementptr inbounds i32, i32* %0, i64 %indvars.iv
  %5 = load i32, i32* %4, align 4
  %6 = add nsw i32 %5, %.067
  %indvars.iv.next = add nuw nsw i64 %indvars.iv, 1
  %exitcond.not = icmp eq i64 %indvars.iv.next, %wide.trip.count
  br i1 %exitcond.not, label %._crit_edge, label %.lr.ph, !llvm.loop !10

._crit_edge:                                      ; preds = %.lr.ph, %2
  %.06.lcssa = phi i32 [ 0, %2 ], [ %6, %.lr.ph ]
  ret i32 %.06.lcssa
}

attributes #0 = { nofree norecurse nosync nounwind readonly uwtable "frame-pointer"="non-leaf" "min-legal-vector-width"="0" "no-trapping-math"="true" "stack-protector-buffer-size"="8" "target-cpu"="generic" "target-features"="+neon,+outline-atomics,+v8a" }

!llvm.module.flags = !{!0, !1, !2, !3, !4, !5, !6, !7, !8}
!llvm.ident = !{!9}

!0 = !{i32 1, !"wchar_size", i32 4}
!1 = !{i32 1, !"branch-target-enforcement", i32 0}
!2 = !{i32 1, !"sign-return-address", i32 0}
!3 = !{i32 1, !"sign-return-address-all", i32 0}
!4 = !{i32 1, !"sign-return-address-with-bkey", i32 0}
!5 = !{i32 7, !"PIC Level", i32 2}
!6 = !{i32 7, !"PIE Level", i32 2}
!7 = !{i32 7, !"uwtable", i32 1}
!8 = !{i32 7, !"frame-pointer", i32 1}
!9 = !{!"Ubuntu clang version 14.0.0-1ubuntu1.1"}
!10 = distinct !{!10, !11}
!11 = !{!"llvm.loop.mustprogress"}
*** IR Dump After EliminateAvailableExternallyPass on [module] ***
; ModuleID = 'sumArray.in.ll'
source_filename = "sumArray.c"
target datalayout = "e-m:e-i8:8:32-i16:16:32-i64:64-i128:128-n32:64-S128"
target triple = "aarch64-unknown-linux-gnu"

; Function Attrs: nofree norecurse nosync nounwind readonly uwtable
define dso_local i32 @sumArray(i32* nocapture noundef readonly %0, i32 noundef %1) local_unnamed_addr #0 {
  %3 = icmp sgt i32 %1, 0
  br i1 %3, label %.lr.ph.preheader, label %._crit_edge

.lr.ph.preheader:                                 ; preds = %2
  %wide.trip.count = zext i32 %1 to i64
  br label %.lr.ph

.lr.ph:                                           ; preds = %.lr.ph.preheader, %.lr.ph
  %indvars.iv = phi i64 [ 0, %.lr.ph.preheader ], [ %indvars.iv.next, %.lr.ph ]
  %.067 = phi i32 [ 0, %.lr.ph.preheader ], [ %6, %.lr.ph ]
  %4 = getelementptr inbounds i32, i32* %0, i64 %indvars.iv
  %5 = load i32, i32* %4, align 4
  %6 = add nsw i32 %5, %.067
  %indvars.iv.next = add nuw nsw i64 %indvars.iv, 1
  %exitcond.not = icmp eq i64 %indvars.iv.next, %wide.trip.count
  br i1 %exitcond.not, label %._crit_edge, label %.lr.ph, !llvm.loop !10

._crit_edge:                                      ; preds = %.lr.ph, %2
  %.06.lcssa = phi i32 [ 0, %2 ], [ %6, %.lr.ph ]
  ret i32 %.06.lcssa
}

attributes #0 = { nofree norecurse nosync nounwind readonly uwtable "frame-pointer"="non-leaf" "min-legal-vector-width"="0" "no-trapping-math"="true" "stack-protector-buffer-size"="8" "target-cpu"="generic" "target-features"="+neon,+outline-atomics,+v8a" }

!llvm.module.flags = !{!0, !1, !2, !3, !4, !5, !6, !7, !8}
!llvm.ident = !{!9}

!0 = !{i32 1, !"wchar_size", i32 4}
!1 = !{i32 1, !"branch-target-enforcement", i32 0}
!2 = !{i32 1, !"sign-return-address", i32 0}
!3 = !{i32 1, !"sign-return-address-all", i32 0}
!4 = !{i32 1, !"sign-return-address-with-bkey", i32 0}
!5 = !{i32 7, !"PIC Level", i32 2}
!6 = !{i32 7, !"PIE Level", i32 2}
!7 = !{i32 7, !"uwtable", i32 1}
!8 = !{i32 7, !"frame-pointer", i32 1}
!9 = !{!"Ubuntu clang version 14.0.0-1ubuntu1.1"}
!10 = distinct !{!10, !11}
!11 = !{!"llvm.loop.mustprogress"}
*** IR Dump Before ReversePostOrderFunctionAttrsPass on [module] ***
; ModuleID = 'sumArray.in.ll'
source_filename = "sumArray.c"
target datalayout = "e-m:e-i8:8:32-i16:16:32-i64:64-i128:128-n32:64-S128"
target triple = "aarch64-unknown-linux-gnu"

; Function Attrs: nofree norecurse nosync nounwind readonly uwtable
define dso_local i32 @sumArray(i32* nocapture noundef readonly %0, i32 noundef %1) local_unnamed_addr #0 {
  %3 = icmp sgt i32 %1, 0
  br i1 %3, label %.lr.ph.preheader, label %._crit_edge

.lr.ph.preheader:                                 ; preds = %2
  %wide.trip.count = zext i32 %1 to i64
  br label %.lr.ph

.lr.ph:                                           ; preds = %.lr.ph.preheader, %.lr.ph
  %indvars.iv = phi i64 [ 0, %.lr.ph.preheader ], [ %indvars.iv.next, %.lr.ph ]
  %.067 = phi i32 [ 0, %.lr.ph.preheader ], [ %6, %.lr.ph ]
  %4 = getelementptr inbounds i32, i32* %0, i64 %indvars.iv
  %5 = load i32, i32* %4, align 4
  %6 = add nsw i32 %5, %.067
  %indvars.iv.next = add nuw nsw i64 %indvars.iv, 1
  %exitcond.not = icmp eq i64 %indvars.iv.next, %wide.trip.count
  br i1 %exitcond.not, label %._crit_edge, label %.lr.ph, !llvm.loop !10

._crit_edge:                                      ; preds = %.lr.ph, %2
  %.06.lcssa = phi i32 [ 0, %2 ], [ %6, %.lr.ph ]
  ret i32 %.06.lcssa
}

attributes #0 = { nofree norecurse nosync nounwind readonly uwtable "frame-pointer"="non-leaf" "min-legal-vector-width"="0" "no-trapping-math"="true" "stack-protector-buffer-size"="8" "target-cpu"="generic" "target-features"="+neon,+outline-atomics,+v8a" }

!llvm.module.flags = !{!0, !1, !2, !3, !4, !5, !6, !7, !8}
!llvm.ident = !{!9}

!0 = !{i32 1, !"wchar_size", i32 4}
!1 = !{i32 1, !"branch-target-enforcement", i32 0}
!2 = !{i32 1, !"sign-return-address", i32 0}
!3 = !{i32 1, !"sign-return-address-all", i32 0}
!4 = !{i32 1, !"sign-return-address-with-bkey", i32 0}
!5 = !{i32 7, !"PIC Level", i32 2}
!6 = !{i32 7, !"PIE Level", i32 2}
!7 = !{i32 7, !"uwtable", i32 1}
!8 = !{i32 7, !"frame-pointer", i32 1}
!9 = !{!"Ubuntu clang version 14.0.0-1ubuntu1.1"}
!10 = distinct !{!10, !11}
!11 = !{!"llvm.loop.mustprogress"}
*** IR Dump After ReversePostOrderFunctionAttrsPass on [module] ***
; ModuleID = 'sumArray.in.ll'
source_filename = "sumArray.c"
target datalayout = "e-m:e-i8:8:32-i16:16:32-i64:64-i128:128-n32:64-S128"
target triple = "aarch64-unknown-linux-gnu"

; Function Attrs: nofree norecurse nosync nounwind readonly uwtable
define dso_local i32 @sumArray(i32* nocapture noundef readonly %0, i32 noundef %1) local_unnamed_addr #0 {
  %3 = icmp sgt i32 %1, 0
  br i1 %3, label %.lr.ph.preheader, label %._crit_edge

.lr.ph.preheader:                                 ; preds = %2
  %wide.trip.count = zext i32 %1 to i64
  br label %.lr.ph

.lr.ph:                                           ; preds = %.lr.ph.preheader, %.lr.ph
  %indvars.iv = phi i64 [ 0, %.lr.ph.preheader ], [ %indvars.iv.next, %.lr.ph ]
  %.067 = phi i32 [ 0, %.lr.ph.preheader ], [ %6, %.lr.ph ]
  %4 = getelementptr inbounds i32, i32* %0, i64 %indvars.iv
  %5 = load i32, i32* %4, align 4
  %6 = add nsw i32 %5, %.067
  %indvars.iv.next = add nuw nsw i64 %indvars.iv, 1
  %exitcond.not = icmp eq i64 %indvars.iv.next, %wide.trip.count
  br i1 %exitcond.not, label %._crit_edge, label %.lr.ph, !llvm.loop !10

._crit_edge:                                      ; preds = %.lr.ph, %2
  %.06.lcssa = phi i32 [ 0, %2 ], [ %6, %.lr.ph ]
  ret i32 %.06.lcssa
}

attributes #0 = { nofree norecurse nosync nounwind readonly uwtable "frame-pointer"="non-leaf" "min-legal-vector-width"="0" "no-trapping-math"="true" "stack-protector-buffer-size"="8" "target-cpu"="generic" "target-features"="+neon,+outline-atomics,+v8a" }

!llvm.module.flags = !{!0, !1, !2, !3, !4, !5, !6, !7, !8}
!llvm.ident = !{!9}

!0 = !{i32 1, !"wchar_size", i32 4}
!1 = !{i32 1, !"branch-target-enforcement", i32 0}
!2 = !{i32 1, !"sign-return-address", i32 0}
!3 = !{i32 1, !"sign-return-address-all", i32 0}
!4 = !{i32 1, !"sign-return-address-with-bkey", i32 0}
!5 = !{i32 7, !"PIC Level", i32 2}
!6 = !{i32 7, !"PIE Level", i32 2}
!7 = !{i32 7, !"uwtable", i32 1}
!8 = !{i32 7, !"frame-pointer", i32 1}
!9 = !{!"Ubuntu clang version 14.0.0-1ubuntu1.1"}
!10 = distinct !{!10, !11}
!11 = !{!"llvm.loop.mustprogress"}
*** IR Dump Before RequireAnalysisPass<llvm::GlobalsAA, llvm::Module> on [module] ***
; ModuleID = 'sumArray.in.ll'
source_filename = "sumArray.c"
target datalayout = "e-m:e-i8:8:32-i16:16:32-i64:64-i128:128-n32:64-S128"
target triple = "aarch64-unknown-linux-gnu"

; Function Attrs: nofree norecurse nosync nounwind readonly uwtable
define dso_local i32 @sumArray(i32* nocapture noundef readonly %0, i32 noundef %1) local_unnamed_addr #0 {
  %3 = icmp sgt i32 %1, 0
  br i1 %3, label %.lr.ph.preheader, label %._crit_edge

.lr.ph.preheader:                                 ; preds = %2
  %wide.trip.count = zext i32 %1 to i64
  br label %.lr.ph

.lr.ph:                                           ; preds = %.lr.ph.preheader, %.lr.ph
  %indvars.iv = phi i64 [ 0, %.lr.ph.preheader ], [ %indvars.iv.next, %.lr.ph ]
  %.067 = phi i32 [ 0, %.lr.ph.preheader ], [ %6, %.lr.ph ]
  %4 = getelementptr inbounds i32, i32* %0, i64 %indvars.iv
  %5 = load i32, i32* %4, align 4
  %6 = add nsw i32 %5, %.067
  %indvars.iv.next = add nuw nsw i64 %indvars.iv, 1
  %exitcond.not = icmp eq i64 %indvars.iv.next, %wide.trip.count
  br i1 %exitcond.not, label %._crit_edge, label %.lr.ph, !llvm.loop !10

._crit_edge:                                      ; preds = %.lr.ph, %2
  %.06.lcssa = phi i32 [ 0, %2 ], [ %6, %.lr.ph ]
  ret i32 %.06.lcssa
}

attributes #0 = { nofree norecurse nosync nounwind readonly uwtable "frame-pointer"="non-leaf" "min-legal-vector-width"="0" "no-trapping-math"="true" "stack-protector-buffer-size"="8" "target-cpu"="generic" "target-features"="+neon,+outline-atomics,+v8a" }

!llvm.module.flags = !{!0, !1, !2, !3, !4, !5, !6, !7, !8}
!llvm.ident = !{!9}

!0 = !{i32 1, !"wchar_size", i32 4}
!1 = !{i32 1, !"branch-target-enforcement", i32 0}
!2 = !{i32 1, !"sign-return-address", i32 0}
!3 = !{i32 1, !"sign-return-address-all", i32 0}
!4 = !{i32 1, !"sign-return-address-with-bkey", i32 0}
!5 = !{i32 7, !"PIC Level", i32 2}
!6 = !{i32 7, !"PIE Level", i32 2}
!7 = !{i32 7, !"uwtable", i32 1}
!8 = !{i32 7, !"frame-pointer", i32 1}
!9 = !{!"Ubuntu clang version 14.0.0-1ubuntu1.1"}
!10 = distinct !{!10, !11}
!11 = !{!"llvm.loop.mustprogress"}
*** IR Dump After RequireAnalysisPass<llvm::GlobalsAA, llvm::Module> on [module] ***
; ModuleID = 'sumArray.in.ll'
source_filename = "sumArray.c"
target datalayout = "e-m:e-i8:8:32-i16:16:32-i64:64-i128:128-n32:64-S128"
target triple = "aarch64-unknown-linux-gnu"

; Function Attrs: nofree norecurse nosync nounwind readonly uwtable
define dso_local i32 @sumArray(i32* nocapture noundef readonly %0, i32 noundef %1) local_unnamed_addr #0 {
  %3 = icmp sgt i32 %1, 0
  br i1 %3, label %.lr.ph.preheader, label %._crit_edge

.lr.ph.preheader:                                 ; preds = %2
  %wide.trip.count = zext i32 %1 to i64
  br label %.lr.ph

.lr.ph:                                           ; preds = %.lr.ph.preheader, %.lr.ph
  %indvars.iv = phi i64 [ 0, %.lr.ph.preheader ], [ %indvars.iv.next, %.lr.ph ]
  %.067 = phi i32 [ 0, %.lr.ph.preheader ], [ %6, %.lr.ph ]
  %4 = getelementptr inbounds i32, i32* %0, i64 %indvars.iv
  %5 = load i32, i32* %4, align 4
  %6 = add nsw i32 %5, %.067
  %indvars.iv.next = add nuw nsw i64 %indvars.iv, 1
  %exitcond.not = icmp eq i64 %indvars.iv.next, %wide.trip.count
  br i1 %exitcond.not, label %._crit_edge, label %.lr.ph, !llvm.loop !10

._crit_edge:                                      ; preds = %.lr.ph, %2
  %.06.lcssa = phi i32 [ 0, %2 ], [ %6, %.lr.ph ]
  ret i32 %.06.lcssa
}

attributes #0 = { nofree norecurse nosync nounwind readonly uwtable "frame-pointer"="non-leaf" "min-legal-vector-width"="0" "no-trapping-math"="true" "stack-protector-buffer-size"="8" "target-cpu"="generic" "target-features"="+neon,+outline-atomics,+v8a" }

!llvm.module.flags = !{!0, !1, !2, !3, !4, !5, !6, !7, !8}
!llvm.ident = !{!9}

!0 = !{i32 1, !"wchar_size", i32 4}
!1 = !{i32 1, !"branch-target-enforcement", i32 0}
!2 = !{i32 1, !"sign-return-address", i32 0}
!3 = !{i32 1, !"sign-return-address-all", i32 0}
!4 = !{i32 1, !"sign-return-address-with-bkey", i32 0}
!5 = !{i32 7, !"PIC Level", i32 2}
!6 = !{i32 7, !"PIE Level", i32 2}
!7 = !{i32 7, !"uwtable", i32 1}
!8 = !{i32 7, !"frame-pointer", i32 1}
!9 = !{!"Ubuntu clang version 14.0.0-1ubuntu1.1"}
!10 = distinct !{!10, !11}
!11 = !{!"llvm.loop.mustprogress"}
*** IR Dump Before Float2IntPass on sumArray ***
; Function Attrs: nofree norecurse nosync nounwind readonly uwtable
define dso_local i32 @sumArray(i32* nocapture noundef readonly %0, i32 noundef %1) local_unnamed_addr #0 {
  %3 = icmp sgt i32 %1, 0
  br i1 %3, label %.lr.ph.preheader, label %._crit_edge

.lr.ph.preheader:                                 ; preds = %2
  %wide.trip.count = zext i32 %1 to i64
  br label %.lr.ph

.lr.ph:                                           ; preds = %.lr.ph.preheader, %.lr.ph
  %indvars.iv = phi i64 [ 0, %.lr.ph.preheader ], [ %indvars.iv.next, %.lr.ph ]
  %.067 = phi i32 [ 0, %.lr.ph.preheader ], [ %6, %.lr.ph ]
  %4 = getelementptr inbounds i32, i32* %0, i64 %indvars.iv
  %5 = load i32, i32* %4, align 4
  %6 = add nsw i32 %5, %.067
  %indvars.iv.next = add nuw nsw i64 %indvars.iv, 1
  %exitcond.not = icmp eq i64 %indvars.iv.next, %wide.trip.count
  br i1 %exitcond.not, label %._crit_edge, label %.lr.ph, !llvm.loop !10

._crit_edge:                                      ; preds = %.lr.ph, %2
  %.06.lcssa = phi i32 [ 0, %2 ], [ %6, %.lr.ph ]
  ret i32 %.06.lcssa
}
*** IR Dump After Float2IntPass on sumArray ***
; Function Attrs: nofree norecurse nosync nounwind readonly uwtable
define dso_local i32 @sumArray(i32* nocapture noundef readonly %0, i32 noundef %1) local_unnamed_addr #0 {
  %3 = icmp sgt i32 %1, 0
  br i1 %3, label %.lr.ph.preheader, label %._crit_edge

.lr.ph.preheader:                                 ; preds = %2
  %wide.trip.count = zext i32 %1 to i64
  br label %.lr.ph

.lr.ph:                                           ; preds = %.lr.ph.preheader, %.lr.ph
  %indvars.iv = phi i64 [ 0, %.lr.ph.preheader ], [ %indvars.iv.next, %.lr.ph ]
  %.067 = phi i32 [ 0, %.lr.ph.preheader ], [ %6, %.lr.ph ]
  %4 = getelementptr inbounds i32, i32* %0, i64 %indvars.iv
  %5 = load i32, i32* %4, align 4
  %6 = add nsw i32 %5, %.067
  %indvars.iv.next = add nuw nsw i64 %indvars.iv, 1
  %exitcond.not = icmp eq i64 %indvars.iv.next, %wide.trip.count
  br i1 %exitcond.not, label %._crit_edge, label %.lr.ph, !llvm.loop !10

._crit_edge:                                      ; preds = %.lr.ph, %2
  %.06.lcssa = phi i32 [ 0, %2 ], [ %6, %.lr.ph ]
  ret i32 %.06.lcssa
}
*** IR Dump Before LowerConstantIntrinsicsPass on sumArray ***
; Function Attrs: nofree norecurse nosync nounwind readonly uwtable
define dso_local i32 @sumArray(i32* nocapture noundef readonly %0, i32 noundef %1) local_unnamed_addr #0 {
  %3 = icmp sgt i32 %1, 0
  br i1 %3, label %.lr.ph.preheader, label %._crit_edge

.lr.ph.preheader:                                 ; preds = %2
  %wide.trip.count = zext i32 %1 to i64
  br label %.lr.ph

.lr.ph:                                           ; preds = %.lr.ph.preheader, %.lr.ph
  %indvars.iv = phi i64 [ 0, %.lr.ph.preheader ], [ %indvars.iv.next, %.lr.ph ]
  %.067 = phi i32 [ 0, %.lr.ph.preheader ], [ %6, %.lr.ph ]
  %4 = getelementptr inbounds i32, i32* %0, i64 %indvars.iv
  %5 = load i32, i32* %4, align 4
  %6 = add nsw i32 %5, %.067
  %indvars.iv.next = add nuw nsw i64 %indvars.iv, 1
  %exitcond.not = icmp eq i64 %indvars.iv.next, %wide.trip.count
  br i1 %exitcond.not, label %._crit_edge, label %.lr.ph, !llvm.loop !10

._crit_edge:                                      ; preds = %.lr.ph, %2
  %.06.lcssa = phi i32 [ 0, %2 ], [ %6, %.lr.ph ]
  ret i32 %.06.lcssa
}
*** IR Dump After LowerConstantIntrinsicsPass on sumArray ***
; Function Attrs: nofree norecurse nosync nounwind readonly uwtable
define dso_local i32 @sumArray(i32* nocapture noundef readonly %0, i32 noundef %1) local_unnamed_addr #0 {
  %3 = icmp sgt i32 %1, 0
  br i1 %3, label %.lr.ph.preheader, label %._crit_edge

.lr.ph.preheader:                                 ; preds = %2
  %wide.trip.count = zext i32 %1 to i64
  br label %.lr.ph

.lr.ph:                                           ; preds = %.lr.ph.preheader, %.lr.ph
  %indvars.iv = phi i64 [ 0, %.lr.ph.preheader ], [ %indvars.iv.next, %.lr.ph ]
  %.067 = phi i32 [ 0, %.lr.ph.preheader ], [ %6, %.lr.ph ]
  %4 = getelementptr inbounds i32, i32* %0, i64 %indvars.iv
  %5 = load i32, i32* %4, align 4
  %6 = add nsw i32 %5, %.067
  %indvars.iv.next = add nuw nsw i64 %indvars.iv, 1
  %exitcond.not = icmp eq i64 %indvars.iv.next, %wide.trip.count
  br i1 %exitcond.not, label %._crit_edge, label %.lr.ph, !llvm.loop !10

._crit_edge:                                      ; preds = %.lr.ph, %2
  %.06.lcssa = phi i32 [ 0, %2 ], [ %6, %.lr.ph ]
  ret i32 %.06.lcssa
}
*** IR Dump Before LoopSimplifyPass on sumArray ***
; Function Attrs: nofree norecurse nosync nounwind readonly uwtable
define dso_local i32 @sumArray(i32* nocapture noundef readonly %0, i32 noundef %1) local_unnamed_addr #0 {
  %3 = icmp sgt i32 %1, 0
  br i1 %3, label %.lr.ph.preheader, label %._crit_edge

.lr.ph.preheader:                                 ; preds = %2
  %wide.trip.count = zext i32 %1 to i64
  br label %.lr.ph

.lr.ph:                                           ; preds = %.lr.ph.preheader, %.lr.ph
  %indvars.iv = phi i64 [ 0, %.lr.ph.preheader ], [ %indvars.iv.next, %.lr.ph ]
  %.067 = phi i32 [ 0, %.lr.ph.preheader ], [ %6, %.lr.ph ]
  %4 = getelementptr inbounds i32, i32* %0, i64 %indvars.iv
  %5 = load i32, i32* %4, align 4
  %6 = add nsw i32 %5, %.067
  %indvars.iv.next = add nuw nsw i64 %indvars.iv, 1
  %exitcond.not = icmp eq i64 %indvars.iv.next, %wide.trip.count
  br i1 %exitcond.not, label %._crit_edge, label %.lr.ph, !llvm.loop !10

._crit_edge:                                      ; preds = %.lr.ph, %2
  %.06.lcssa = phi i32 [ 0, %2 ], [ %6, %.lr.ph ]
  ret i32 %.06.lcssa
}
*** IR Dump After LoopSimplifyPass on sumArray ***
; Function Attrs: nofree norecurse nosync nounwind readonly uwtable
define dso_local i32 @sumArray(i32* nocapture noundef readonly %0, i32 noundef %1) local_unnamed_addr #0 {
  %3 = icmp sgt i32 %1, 0
  br i1 %3, label %.lr.ph.preheader, label %._crit_edge

.lr.ph.preheader:                                 ; preds = %2
  %wide.trip.count = zext i32 %1 to i64
  br label %.lr.ph

.lr.ph:                                           ; preds = %.lr.ph.preheader, %.lr.ph
  %indvars.iv = phi i64 [ 0, %.lr.ph.preheader ], [ %indvars.iv.next, %.lr.ph ]
  %.067 = phi i32 [ 0, %.lr.ph.preheader ], [ %6, %.lr.ph ]
  %4 = getelementptr inbounds i32, i32* %0, i64 %indvars.iv
  %5 = load i32, i32* %4, align 4
  %6 = add nsw i32 %5, %.067
  %indvars.iv.next = add nuw nsw i64 %indvars.iv, 1
  %exitcond.not = icmp eq i64 %indvars.iv.next, %wide.trip.count
  br i1 %exitcond.not, label %._crit_edge.loopexit, label %.lr.ph, !llvm.loop !10

._crit_edge.loopexit:                             ; preds = %.lr.ph
  br label %._crit_edge

._crit_edge:                                      ; preds = %._crit_edge.loopexit, %2
  %.06.lcssa = phi i32 [ 0, %2 ], [ %6, %._crit_edge.loopexit ]
  ret i32 %.06.lcssa
}
*** IR Dump Before LCSSAPass on sumArray ***
; Function Attrs: nofree norecurse nosync nounwind readonly uwtable
define dso_local i32 @sumArray(i32* nocapture noundef readonly %0, i32 noundef %1) local_unnamed_addr #0 {
  %3 = icmp sgt i32 %1, 0
  br i1 %3, label %.lr.ph.preheader, label %._crit_edge

.lr.ph.preheader:                                 ; preds = %2
  %wide.trip.count = zext i32 %1 to i64
  br label %.lr.ph

.lr.ph:                                           ; preds = %.lr.ph.preheader, %.lr.ph
  %indvars.iv = phi i64 [ 0, %.lr.ph.preheader ], [ %indvars.iv.next, %.lr.ph ]
  %.067 = phi i32 [ 0, %.lr.ph.preheader ], [ %6, %.lr.ph ]
  %4 = getelementptr inbounds i32, i32* %0, i64 %indvars.iv
  %5 = load i32, i32* %4, align 4
  %6 = add nsw i32 %5, %.067
  %indvars.iv.next = add nuw nsw i64 %indvars.iv, 1
  %exitcond.not = icmp eq i64 %indvars.iv.next, %wide.trip.count
  br i1 %exitcond.not, label %._crit_edge.loopexit, label %.lr.ph, !llvm.loop !10

._crit_edge.loopexit:                             ; preds = %.lr.ph
  br label %._crit_edge

._crit_edge:                                      ; preds = %._crit_edge.loopexit, %2
  %.06.lcssa = phi i32 [ 0, %2 ], [ %6, %._crit_edge.loopexit ]
  ret i32 %.06.lcssa
}
*** IR Dump After LCSSAPass on sumArray ***
; Function Attrs: nofree norecurse nosync nounwind readonly uwtable
define dso_local i32 @sumArray(i32* nocapture noundef readonly %0, i32 noundef %1) local_unnamed_addr #0 {
  %3 = icmp sgt i32 %1, 0
  br i1 %3, label %.lr.ph.preheader, label %._crit_edge

.lr.ph.preheader:                                 ; preds = %2
  %wide.trip.count = zext i32 %1 to i64
  br label %.lr.ph

.lr.ph:                                           ; preds = %.lr.ph.preheader, %.lr.ph
  %indvars.iv = phi i64 [ 0, %.lr.ph.preheader ], [ %indvars.iv.next, %.lr.ph ]
  %.067 = phi i32 [ 0, %.lr.ph.preheader ], [ %6, %.lr.ph ]
  %4 = getelementptr inbounds i32, i32* %0, i64 %indvars.iv
  %5 = load i32, i32* %4, align 4
  %6 = add nsw i32 %5, %.067
  %indvars.iv.next = add nuw nsw i64 %indvars.iv, 1
  %exitcond.not = icmp eq i64 %indvars.iv.next, %wide.trip.count
  br i1 %exitcond.not, label %._crit_edge.loopexit, label %.lr.ph, !llvm.loop !10

._crit_edge.loopexit:                             ; preds = %.lr.ph
  %.lcssa = phi i32 [ %6, %.lr.ph ]
  br label %._crit_edge

._crit_edge:                                      ; preds = %._crit_edge.loopexit, %2
  %.06.lcssa = phi i32 [ 0, %2 ], [ %.lcssa, %._crit_edge.loopexit ]
  ret i32 %.06.lcssa
}
*** IR Dump Before LoopRotatePass on Loop at depth 1 containing: %.lr.ph<header><latch><exiting> ***

; Preheader:
.lr.ph.preheader:                                 ; preds = %2
  %wide.trip.count = zext i32 %1 to i64
  br label %.lr.ph

; Loop:
.lr.ph:                                           ; preds = %.lr.ph.preheader, %.lr.ph
  %indvars.iv = phi i64 [ 0, %.lr.ph.preheader ], [ %indvars.iv.next, %.lr.ph ]
  %.067 = phi i32 [ 0, %.lr.ph.preheader ], [ %6, %.lr.ph ]
  %4 = getelementptr inbounds i32, i32* %0, i64 %indvars.iv
  %5 = load i32, i32* %4, align 4
  %6 = add nsw i32 %5, %.067
  %indvars.iv.next = add nuw nsw i64 %indvars.iv, 1
  %exitcond.not = icmp eq i64 %indvars.iv.next, %wide.trip.count
  br i1 %exitcond.not, label %._crit_edge.loopexit, label %.lr.ph, !llvm.loop !10

; Exit blocks
._crit_edge.loopexit:                             ; preds = %.lr.ph
  %.lcssa = phi i32 [ %6, %.lr.ph ]
  br label %._crit_edge
*** IR Dump After LoopRotatePass on Loop at depth 1 containing: %.lr.ph<header><latch><exiting> ***

; Preheader:
.lr.ph.preheader:                                 ; preds = %2
  %wide.trip.count = zext i32 %1 to i64
  br label %.lr.ph

; Loop:
.lr.ph:                                           ; preds = %.lr.ph.preheader, %.lr.ph
  %indvars.iv = phi i64 [ 0, %.lr.ph.preheader ], [ %indvars.iv.next, %.lr.ph ]
  %.067 = phi i32 [ 0, %.lr.ph.preheader ], [ %6, %.lr.ph ]
  %4 = getelementptr inbounds i32, i32* %0, i64 %indvars.iv
  %5 = load i32, i32* %4, align 4
  %6 = add nsw i32 %5, %.067
  %indvars.iv.next = add nuw nsw i64 %indvars.iv, 1
  %exitcond.not = icmp eq i64 %indvars.iv.next, %wide.trip.count
  br i1 %exitcond.not, label %._crit_edge.loopexit, label %.lr.ph, !llvm.loop !10

; Exit blocks
._crit_edge.loopexit:                             ; preds = %.lr.ph
  %.lcssa = phi i32 [ %6, %.lr.ph ]
  br label %._crit_edge
*** IR Dump Before LoopDeletionPass on Loop at depth 1 containing: %.lr.ph<header><latch><exiting> ***

; Preheader:
.lr.ph.preheader:                                 ; preds = %2
  %wide.trip.count = zext i32 %1 to i64
  br label %.lr.ph

; Loop:
.lr.ph:                                           ; preds = %.lr.ph.preheader, %.lr.ph
  %indvars.iv = phi i64 [ 0, %.lr.ph.preheader ], [ %indvars.iv.next, %.lr.ph ]
  %.067 = phi i32 [ 0, %.lr.ph.preheader ], [ %6, %.lr.ph ]
  %4 = getelementptr inbounds i32, i32* %0, i64 %indvars.iv
  %5 = load i32, i32* %4, align 4
  %6 = add nsw i32 %5, %.067
  %indvars.iv.next = add nuw nsw i64 %indvars.iv, 1
  %exitcond.not = icmp eq i64 %indvars.iv.next, %wide.trip.count
  br i1 %exitcond.not, label %._crit_edge.loopexit, label %.lr.ph, !llvm.loop !10

; Exit blocks
._crit_edge.loopexit:                             ; preds = %.lr.ph
  %.lcssa = phi i32 [ %6, %.lr.ph ]
  br label %._crit_edge
*** IR Dump After LoopDeletionPass on Loop at depth 1 containing: %.lr.ph<header><latch><exiting> ***

; Preheader:
.lr.ph.preheader:                                 ; preds = %2
  %wide.trip.count = zext i32 %1 to i64
  br label %.lr.ph

; Loop:
.lr.ph:                                           ; preds = %.lr.ph.preheader, %.lr.ph
  %indvars.iv = phi i64 [ 0, %.lr.ph.preheader ], [ %indvars.iv.next, %.lr.ph ]
  %.067 = phi i32 [ 0, %.lr.ph.preheader ], [ %6, %.lr.ph ]
  %4 = getelementptr inbounds i32, i32* %0, i64 %indvars.iv
  %5 = load i32, i32* %4, align 4
  %6 = add nsw i32 %5, %.067
  %indvars.iv.next = add nuw nsw i64 %indvars.iv, 1
  %exitcond.not = icmp eq i64 %indvars.iv.next, %wide.trip.count
  br i1 %exitcond.not, label %._crit_edge.loopexit, label %.lr.ph, !llvm.loop !10

; Exit blocks
._crit_edge.loopexit:                             ; preds = %.lr.ph
  %.lcssa = phi i32 [ %6, %.lr.ph ]
  br label %._crit_edge
*** IR Dump Before LoopDistributePass on sumArray ***
; Function Attrs: nofree norecurse nosync nounwind readonly uwtable
define dso_local i32 @sumArray(i32* nocapture noundef readonly %0, i32 noundef %1) local_unnamed_addr #0 {
  %3 = icmp sgt i32 %1, 0
  br i1 %3, label %.lr.ph.preheader, label %._crit_edge

.lr.ph.preheader:                                 ; preds = %2
  %wide.trip.count = zext i32 %1 to i64
  br label %.lr.ph

.lr.ph:                                           ; preds = %.lr.ph.preheader, %.lr.ph
  %indvars.iv = phi i64 [ 0, %.lr.ph.preheader ], [ %indvars.iv.next, %.lr.ph ]
  %.067 = phi i32 [ 0, %.lr.ph.preheader ], [ %6, %.lr.ph ]
  %4 = getelementptr inbounds i32, i32* %0, i64 %indvars.iv
  %5 = load i32, i32* %4, align 4
  %6 = add nsw i32 %5, %.067
  %indvars.iv.next = add nuw nsw i64 %indvars.iv, 1
  %exitcond.not = icmp eq i64 %indvars.iv.next, %wide.trip.count
  br i1 %exitcond.not, label %._crit_edge.loopexit, label %.lr.ph, !llvm.loop !10

._crit_edge.loopexit:                             ; preds = %.lr.ph
  %.lcssa = phi i32 [ %6, %.lr.ph ]
  br label %._crit_edge

._crit_edge:                                      ; preds = %._crit_edge.loopexit, %2
  %.06.lcssa = phi i32 [ 0, %2 ], [ %.lcssa, %._crit_edge.loopexit ]
  ret i32 %.06.lcssa
}
*** IR Dump After LoopDistributePass on sumArray ***
; Function Attrs: nofree norecurse nosync nounwind readonly uwtable
define dso_local i32 @sumArray(i32* nocapture noundef readonly %0, i32 noundef %1) local_unnamed_addr #0 {
  %3 = icmp sgt i32 %1, 0
  br i1 %3, label %.lr.ph.preheader, label %._crit_edge

.lr.ph.preheader:                                 ; preds = %2
  %wide.trip.count = zext i32 %1 to i64
  br label %.lr.ph

.lr.ph:                                           ; preds = %.lr.ph.preheader, %.lr.ph
  %indvars.iv = phi i64 [ 0, %.lr.ph.preheader ], [ %indvars.iv.next, %.lr.ph ]
  %.067 = phi i32 [ 0, %.lr.ph.preheader ], [ %6, %.lr.ph ]
  %4 = getelementptr inbounds i32, i32* %0, i64 %indvars.iv
  %5 = load i32, i32* %4, align 4
  %6 = add nsw i32 %5, %.067
  %indvars.iv.next = add nuw nsw i64 %indvars.iv, 1
  %exitcond.not = icmp eq i64 %indvars.iv.next, %wide.trip.count
  br i1 %exitcond.not, label %._crit_edge.loopexit, label %.lr.ph, !llvm.loop !10

._crit_edge.loopexit:                             ; preds = %.lr.ph
  %.lcssa = phi i32 [ %6, %.lr.ph ]
  br label %._crit_edge

._crit_edge:                                      ; preds = %._crit_edge.loopexit, %2
  %.06.lcssa = phi i32 [ 0, %2 ], [ %.lcssa, %._crit_edge.loopexit ]
  ret i32 %.06.lcssa
}
*** IR Dump Before InjectTLIMappings on sumArray ***
; Function Attrs: nofree norecurse nosync nounwind readonly uwtable
define dso_local i32 @sumArray(i32* nocapture noundef readonly %0, i32 noundef %1) local_unnamed_addr #0 {
  %3 = icmp sgt i32 %1, 0
  br i1 %3, label %.lr.ph.preheader, label %._crit_edge

.lr.ph.preheader:                                 ; preds = %2
  %wide.trip.count = zext i32 %1 to i64
  br label %.lr.ph

.lr.ph:                                           ; preds = %.lr.ph.preheader, %.lr.ph
  %indvars.iv = phi i64 [ 0, %.lr.ph.preheader ], [ %indvars.iv.next, %.lr.ph ]
  %.067 = phi i32 [ 0, %.lr.ph.preheader ], [ %6, %.lr.ph ]
  %4 = getelementptr inbounds i32, i32* %0, i64 %indvars.iv
  %5 = load i32, i32* %4, align 4
  %6 = add nsw i32 %5, %.067
  %indvars.iv.next = add nuw nsw i64 %indvars.iv, 1
  %exitcond.not = icmp eq i64 %indvars.iv.next, %wide.trip.count
  br i1 %exitcond.not, label %._crit_edge.loopexit, label %.lr.ph, !llvm.loop !10

._crit_edge.loopexit:                             ; preds = %.lr.ph
  %.lcssa = phi i32 [ %6, %.lr.ph ]
  br label %._crit_edge

._crit_edge:                                      ; preds = %._crit_edge.loopexit, %2
  %.06.lcssa = phi i32 [ 0, %2 ], [ %.lcssa, %._crit_edge.loopexit ]
  ret i32 %.06.lcssa
}
*** IR Dump After InjectTLIMappings on sumArray ***
; Function Attrs: nofree norecurse nosync nounwind readonly uwtable
define dso_local i32 @sumArray(i32* nocapture noundef readonly %0, i32 noundef %1) local_unnamed_addr #0 {
  %3 = icmp sgt i32 %1, 0
  br i1 %3, label %.lr.ph.preheader, label %._crit_edge

.lr.ph.preheader:                                 ; preds = %2
  %wide.trip.count = zext i32 %1 to i64
  br label %.lr.ph

.lr.ph:                                           ; preds = %.lr.ph.preheader, %.lr.ph
  %indvars.iv = phi i64 [ 0, %.lr.ph.preheader ], [ %indvars.iv.next, %.lr.ph ]
  %.067 = phi i32 [ 0, %.lr.ph.preheader ], [ %6, %.lr.ph ]
  %4 = getelementptr inbounds i32, i32* %0, i64 %indvars.iv
  %5 = load i32, i32* %4, align 4
  %6 = add nsw i32 %5, %.067
  %indvars.iv.next = add nuw nsw i64 %indvars.iv, 1
  %exitcond.not = icmp eq i64 %indvars.iv.next, %wide.trip.count
  br i1 %exitcond.not, label %._crit_edge.loopexit, label %.lr.ph, !llvm.loop !10

._crit_edge.loopexit:                             ; preds = %.lr.ph
  %.lcssa = phi i32 [ %6, %.lr.ph ]
  br label %._crit_edge

._crit_edge:                                      ; preds = %._crit_edge.loopexit, %2
  %.06.lcssa = phi i32 [ 0, %2 ], [ %.lcssa, %._crit_edge.loopexit ]
  ret i32 %.06.lcssa
}
*** IR Dump Before LoopVectorizePass on sumArray ***
; Function Attrs: nofree norecurse nosync nounwind readonly uwtable
define dso_local i32 @sumArray(i32* nocapture noundef readonly %0, i32 noundef %1) local_unnamed_addr #0 {
  %3 = icmp sgt i32 %1, 0
  br i1 %3, label %.lr.ph.preheader, label %._crit_edge

.lr.ph.preheader:                                 ; preds = %2
  %wide.trip.count = zext i32 %1 to i64
  br label %.lr.ph

.lr.ph:                                           ; preds = %.lr.ph.preheader, %.lr.ph
  %indvars.iv = phi i64 [ 0, %.lr.ph.preheader ], [ %indvars.iv.next, %.lr.ph ]
  %.067 = phi i32 [ 0, %.lr.ph.preheader ], [ %6, %.lr.ph ]
  %4 = getelementptr inbounds i32, i32* %0, i64 %indvars.iv
  %5 = load i32, i32* %4, align 4
  %6 = add nsw i32 %5, %.067
  %indvars.iv.next = add nuw nsw i64 %indvars.iv, 1
  %exitcond.not = icmp eq i64 %indvars.iv.next, %wide.trip.count
  br i1 %exitcond.not, label %._crit_edge.loopexit, label %.lr.ph, !llvm.loop !10

._crit_edge.loopexit:                             ; preds = %.lr.ph
  %.lcssa = phi i32 [ %6, %.lr.ph ]
  br label %._crit_edge

._crit_edge:                                      ; preds = %._crit_edge.loopexit, %2
  %.06.lcssa = phi i32 [ 0, %2 ], [ %.lcssa, %._crit_edge.loopexit ]
  ret i32 %.06.lcssa
}
*** IR Dump After LoopVectorizePass on sumArray ***
; Function Attrs: nofree norecurse nosync nounwind readonly uwtable
define dso_local i32 @sumArray(i32* nocapture noundef readonly %0, i32 noundef %1) local_unnamed_addr #0 {
  %3 = icmp sgt i32 %1, 0
  br i1 %3, label %.lr.ph.preheader, label %._crit_edge

.lr.ph.preheader:                                 ; preds = %2
  %wide.trip.count = zext i32 %1 to i64
  %min.iters.check = icmp ult i64 %wide.trip.count, 8
  br i1 %min.iters.check, label %scalar.ph, label %vector.ph

vector.ph:                                        ; preds = %.lr.ph.preheader
  %n.mod.vf = urem i64 %wide.trip.count, 8
  %n.vec = sub i64 %wide.trip.count, %n.mod.vf
  br label %vector.body

vector.body:                                      ; preds = %vector.body, %vector.ph
  %index = phi i64 [ 0, %vector.ph ], [ %index.next, %vector.body ]
  %vec.phi = phi <4 x i32> [ zeroinitializer, %vector.ph ], [ %12, %vector.body ]
  %vec.phi10 = phi <4 x i32> [ zeroinitializer, %vector.ph ], [ %13, %vector.body ]
  %4 = add i64 %index, 0
  %5 = add i64 %index, 4
  %6 = getelementptr inbounds i32, i32* %0, i64 %4
  %7 = getelementptr inbounds i32, i32* %0, i64 %5
  %8 = getelementptr inbounds i32, i32* %6, i32 0
  %9 = bitcast i32* %8 to <4 x i32>*
  %wide.load = load <4 x i32>, <4 x i32>* %9, align 4
  %10 = getelementptr inbounds i32, i32* %6, i32 4
  %11 = bitcast i32* %10 to <4 x i32>*
  %wide.load11 = load <4 x i32>, <4 x i32>* %11, align 4
  %12 = add <4 x i32> %wide.load, %vec.phi
  %13 = add <4 x i32> %wide.load11, %vec.phi10
  %index.next = add nuw i64 %index, 8
  %14 = icmp eq i64 %index.next, %n.vec
  br i1 %14, label %middle.block, label %vector.body, !llvm.loop !10

middle.block:                                     ; preds = %vector.body
  %bin.rdx = add <4 x i32> %13, %12
  %15 = call i32 @llvm.vector.reduce.add.v4i32(<4 x i32> %bin.rdx)
  %cmp.n = icmp eq i64 %wide.trip.count, %n.vec
  br i1 %cmp.n, label %._crit_edge.loopexit, label %scalar.ph

scalar.ph:                                        ; preds = %.lr.ph.preheader, %middle.block
  %bc.resume.val = phi i64 [ %n.vec, %middle.block ], [ 0, %.lr.ph.preheader ]
  %bc.merge.rdx = phi i32 [ 0, %.lr.ph.preheader ], [ %15, %middle.block ]
  br label %.lr.ph

.lr.ph:                                           ; preds = %scalar.ph, %.lr.ph
  %indvars.iv = phi i64 [ %bc.resume.val, %scalar.ph ], [ %indvars.iv.next, %.lr.ph ]
  %.067 = phi i32 [ %bc.merge.rdx, %scalar.ph ], [ %18, %.lr.ph ]
  %16 = getelementptr inbounds i32, i32* %0, i64 %indvars.iv
  %17 = load i32, i32* %16, align 4
  %18 = add nsw i32 %17, %.067
  %indvars.iv.next = add nuw nsw i64 %indvars.iv, 1
  %exitcond.not = icmp eq i64 %indvars.iv.next, %wide.trip.count
  br i1 %exitcond.not, label %._crit_edge.loopexit, label %.lr.ph, !llvm.loop !13

._crit_edge.loopexit:                             ; preds = %middle.block, %.lr.ph
  %.lcssa = phi i32 [ %18, %.lr.ph ], [ %15, %middle.block ]
  br label %._crit_edge

._crit_edge:                                      ; preds = %._crit_edge.loopexit, %2
  %.06.lcssa = phi i32 [ 0, %2 ], [ %.lcssa, %._crit_edge.loopexit ]
  ret i32 %.06.lcssa
}
*** IR Dump Before LoopLoadEliminationPass on sumArray ***
; Function Attrs: nofree norecurse nosync nounwind readonly uwtable
define dso_local i32 @sumArray(i32* nocapture noundef readonly %0, i32 noundef %1) local_unnamed_addr #0 {
  %3 = icmp sgt i32 %1, 0
  br i1 %3, label %.lr.ph.preheader, label %._crit_edge

.lr.ph.preheader:                                 ; preds = %2
  %wide.trip.count = zext i32 %1 to i64
  %min.iters.check = icmp ult i64 %wide.trip.count, 8
  br i1 %min.iters.check, label %scalar.ph, label %vector.ph

vector.ph:                                        ; preds = %.lr.ph.preheader
  %n.mod.vf = urem i64 %wide.trip.count, 8
  %n.vec = sub i64 %wide.trip.count, %n.mod.vf
  br label %vector.body

vector.body:                                      ; preds = %vector.body, %vector.ph
  %index = phi i64 [ 0, %vector.ph ], [ %index.next, %vector.body ]
  %vec.phi = phi <4 x i32> [ zeroinitializer, %vector.ph ], [ %12, %vector.body ]
  %vec.phi10 = phi <4 x i32> [ zeroinitializer, %vector.ph ], [ %13, %vector.body ]
  %4 = add i64 %index, 0
  %5 = add i64 %index, 4
  %6 = getelementptr inbounds i32, i32* %0, i64 %4
  %7 = getelementptr inbounds i32, i32* %0, i64 %5
  %8 = getelementptr inbounds i32, i32* %6, i32 0
  %9 = bitcast i32* %8 to <4 x i32>*
  %wide.load = load <4 x i32>, <4 x i32>* %9, align 4
  %10 = getelementptr inbounds i32, i32* %6, i32 4
  %11 = bitcast i32* %10 to <4 x i32>*
  %wide.load11 = load <4 x i32>, <4 x i32>* %11, align 4
  %12 = add <4 x i32> %wide.load, %vec.phi
  %13 = add <4 x i32> %wide.load11, %vec.phi10
  %index.next = add nuw i64 %index, 8
  %14 = icmp eq i64 %index.next, %n.vec
  br i1 %14, label %middle.block, label %vector.body, !llvm.loop !10

middle.block:                                     ; preds = %vector.body
  %bin.rdx = add <4 x i32> %13, %12
  %15 = call i32 @llvm.vector.reduce.add.v4i32(<4 x i32> %bin.rdx)
  %cmp.n = icmp eq i64 %wide.trip.count, %n.vec
  br i1 %cmp.n, label %._crit_edge.loopexit, label %scalar.ph

scalar.ph:                                        ; preds = %.lr.ph.preheader, %middle.block
  %bc.resume.val = phi i64 [ %n.vec, %middle.block ], [ 0, %.lr.ph.preheader ]
  %bc.merge.rdx = phi i32 [ 0, %.lr.ph.preheader ], [ %15, %middle.block ]
  br label %.lr.ph

.lr.ph:                                           ; preds = %scalar.ph, %.lr.ph
  %indvars.iv = phi i64 [ %bc.resume.val, %scalar.ph ], [ %indvars.iv.next, %.lr.ph ]
  %.067 = phi i32 [ %bc.merge.rdx, %scalar.ph ], [ %18, %.lr.ph ]
  %16 = getelementptr inbounds i32, i32* %0, i64 %indvars.iv
  %17 = load i32, i32* %16, align 4
  %18 = add nsw i32 %17, %.067
  %indvars.iv.next = add nuw nsw i64 %indvars.iv, 1
  %exitcond.not = icmp eq i64 %indvars.iv.next, %wide.trip.count
  br i1 %exitcond.not, label %._crit_edge.loopexit, label %.lr.ph, !llvm.loop !13

._crit_edge.loopexit:                             ; preds = %middle.block, %.lr.ph
  %.lcssa = phi i32 [ %18, %.lr.ph ], [ %15, %middle.block ]
  br label %._crit_edge

._crit_edge:                                      ; preds = %._crit_edge.loopexit, %2
  %.06.lcssa = phi i32 [ 0, %2 ], [ %.lcssa, %._crit_edge.loopexit ]
  ret i32 %.06.lcssa
}
*** IR Dump After LoopLoadEliminationPass on sumArray ***
; Function Attrs: nofree norecurse nosync nounwind readonly uwtable
define dso_local i32 @sumArray(i32* nocapture noundef readonly %0, i32 noundef %1) local_unnamed_addr #0 {
  %3 = icmp sgt i32 %1, 0
  br i1 %3, label %.lr.ph.preheader, label %._crit_edge

.lr.ph.preheader:                                 ; preds = %2
  %wide.trip.count = zext i32 %1 to i64
  %min.iters.check = icmp ult i64 %wide.trip.count, 8
  br i1 %min.iters.check, label %scalar.ph, label %vector.ph

vector.ph:                                        ; preds = %.lr.ph.preheader
  %n.mod.vf = urem i64 %wide.trip.count, 8
  %n.vec = sub i64 %wide.trip.count, %n.mod.vf
  br label %vector.body

vector.body:                                      ; preds = %vector.body, %vector.ph
  %index = phi i64 [ 0, %vector.ph ], [ %index.next, %vector.body ]
  %vec.phi = phi <4 x i32> [ zeroinitializer, %vector.ph ], [ %12, %vector.body ]
  %vec.phi10 = phi <4 x i32> [ zeroinitializer, %vector.ph ], [ %13, %vector.body ]
  %4 = add i64 %index, 0
  %5 = add i64 %index, 4
  %6 = getelementptr inbounds i32, i32* %0, i64 %4
  %7 = getelementptr inbounds i32, i32* %0, i64 %5
  %8 = getelementptr inbounds i32, i32* %6, i32 0
  %9 = bitcast i32* %8 to <4 x i32>*
  %wide.load = load <4 x i32>, <4 x i32>* %9, align 4
  %10 = getelementptr inbounds i32, i32* %6, i32 4
  %11 = bitcast i32* %10 to <4 x i32>*
  %wide.load11 = load <4 x i32>, <4 x i32>* %11, align 4
  %12 = add <4 x i32> %wide.load, %vec.phi
  %13 = add <4 x i32> %wide.load11, %vec.phi10
  %index.next = add nuw i64 %index, 8
  %14 = icmp eq i64 %index.next, %n.vec
  br i1 %14, label %middle.block, label %vector.body, !llvm.loop !10

middle.block:                                     ; preds = %vector.body
  %bin.rdx = add <4 x i32> %13, %12
  %15 = call i32 @llvm.vector.reduce.add.v4i32(<4 x i32> %bin.rdx)
  %cmp.n = icmp eq i64 %wide.trip.count, %n.vec
  br i1 %cmp.n, label %._crit_edge.loopexit, label %scalar.ph

scalar.ph:                                        ; preds = %.lr.ph.preheader, %middle.block
  %bc.resume.val = phi i64 [ %n.vec, %middle.block ], [ 0, %.lr.ph.preheader ]
  %bc.merge.rdx = phi i32 [ 0, %.lr.ph.preheader ], [ %15, %middle.block ]
  br label %.lr.ph

.lr.ph:                                           ; preds = %scalar.ph, %.lr.ph
  %indvars.iv = phi i64 [ %bc.resume.val, %scalar.ph ], [ %indvars.iv.next, %.lr.ph ]
  %.067 = phi i32 [ %bc.merge.rdx, %scalar.ph ], [ %18, %.lr.ph ]
  %16 = getelementptr inbounds i32, i32* %0, i64 %indvars.iv
  %17 = load i32, i32* %16, align 4
  %18 = add nsw i32 %17, %.067
  %indvars.iv.next = add nuw nsw i64 %indvars.iv, 1
  %exitcond.not = icmp eq i64 %indvars.iv.next, %wide.trip.count
  br i1 %exitcond.not, label %._crit_edge.loopexit.loopexit, label %.lr.ph, !llvm.loop !13

._crit_edge.loopexit.loopexit:                    ; preds = %.lr.ph
  br label %._crit_edge.loopexit

._crit_edge.loopexit:                             ; preds = %._crit_edge.loopexit.loopexit, %middle.block
  %.lcssa = phi i32 [ %15, %middle.block ], [ %18, %._crit_edge.loopexit.loopexit ]
  br label %._crit_edge

._crit_edge:                                      ; preds = %._crit_edge.loopexit, %2
  %.06.lcssa = phi i32 [ 0, %2 ], [ %.lcssa, %._crit_edge.loopexit ]
  ret i32 %.06.lcssa
}
*** IR Dump Before InstCombinePass on sumArray ***
; Function Attrs: nofree norecurse nosync nounwind readonly uwtable
define dso_local i32 @sumArray(i32* nocapture noundef readonly %0, i32 noundef %1) local_unnamed_addr #0 {
  %3 = icmp sgt i32 %1, 0
  br i1 %3, label %.lr.ph.preheader, label %._crit_edge

.lr.ph.preheader:                                 ; preds = %2
  %wide.trip.count = zext i32 %1 to i64
  %min.iters.check = icmp ult i64 %wide.trip.count, 8
  br i1 %min.iters.check, label %scalar.ph, label %vector.ph

vector.ph:                                        ; preds = %.lr.ph.preheader
  %n.mod.vf = urem i64 %wide.trip.count, 8
  %n.vec = sub i64 %wide.trip.count, %n.mod.vf
  br label %vector.body

vector.body:                                      ; preds = %vector.body, %vector.ph
  %index = phi i64 [ 0, %vector.ph ], [ %index.next, %vector.body ]
  %vec.phi = phi <4 x i32> [ zeroinitializer, %vector.ph ], [ %12, %vector.body ]
  %vec.phi10 = phi <4 x i32> [ zeroinitializer, %vector.ph ], [ %13, %vector.body ]
  %4 = add i64 %index, 0
  %5 = add i64 %index, 4
  %6 = getelementptr inbounds i32, i32* %0, i64 %4
  %7 = getelementptr inbounds i32, i32* %0, i64 %5
  %8 = getelementptr inbounds i32, i32* %6, i32 0
  %9 = bitcast i32* %8 to <4 x i32>*
  %wide.load = load <4 x i32>, <4 x i32>* %9, align 4
  %10 = getelementptr inbounds i32, i32* %6, i32 4
  %11 = bitcast i32* %10 to <4 x i32>*
  %wide.load11 = load <4 x i32>, <4 x i32>* %11, align 4
  %12 = add <4 x i32> %wide.load, %vec.phi
  %13 = add <4 x i32> %wide.load11, %vec.phi10
  %index.next = add nuw i64 %index, 8
  %14 = icmp eq i64 %index.next, %n.vec
  br i1 %14, label %middle.block, label %vector.body, !llvm.loop !10

middle.block:                                     ; preds = %vector.body
  %bin.rdx = add <4 x i32> %13, %12
  %15 = call i32 @llvm.vector.reduce.add.v4i32(<4 x i32> %bin.rdx)
  %cmp.n = icmp eq i64 %wide.trip.count, %n.vec
  br i1 %cmp.n, label %._crit_edge.loopexit, label %scalar.ph

scalar.ph:                                        ; preds = %.lr.ph.preheader, %middle.block
  %bc.resume.val = phi i64 [ %n.vec, %middle.block ], [ 0, %.lr.ph.preheader ]
  %bc.merge.rdx = phi i32 [ 0, %.lr.ph.preheader ], [ %15, %middle.block ]
  br label %.lr.ph

.lr.ph:                                           ; preds = %scalar.ph, %.lr.ph
  %indvars.iv = phi i64 [ %bc.resume.val, %scalar.ph ], [ %indvars.iv.next, %.lr.ph ]
  %.067 = phi i32 [ %bc.merge.rdx, %scalar.ph ], [ %18, %.lr.ph ]
  %16 = getelementptr inbounds i32, i32* %0, i64 %indvars.iv
  %17 = load i32, i32* %16, align 4
  %18 = add nsw i32 %17, %.067
  %indvars.iv.next = add nuw nsw i64 %indvars.iv, 1
  %exitcond.not = icmp eq i64 %indvars.iv.next, %wide.trip.count
  br i1 %exitcond.not, label %._crit_edge.loopexit.loopexit, label %.lr.ph, !llvm.loop !13

._crit_edge.loopexit.loopexit:                    ; preds = %.lr.ph
  br label %._crit_edge.loopexit

._crit_edge.loopexit:                             ; preds = %._crit_edge.loopexit.loopexit, %middle.block
  %.lcssa = phi i32 [ %15, %middle.block ], [ %18, %._crit_edge.loopexit.loopexit ]
  br label %._crit_edge

._crit_edge:                                      ; preds = %._crit_edge.loopexit, %2
  %.06.lcssa = phi i32 [ 0, %2 ], [ %.lcssa, %._crit_edge.loopexit ]
  ret i32 %.06.lcssa
}
*** IR Dump After InstCombinePass on sumArray ***
; Function Attrs: nofree norecurse nosync nounwind readonly uwtable
define dso_local i32 @sumArray(i32* nocapture noundef readonly %0, i32 noundef %1) local_unnamed_addr #0 {
  %3 = icmp sgt i32 %1, 0
  br i1 %3, label %.lr.ph.preheader, label %._crit_edge

.lr.ph.preheader:                                 ; preds = %2
  %wide.trip.count = zext i32 %1 to i64
  %min.iters.check = icmp ult i32 %1, 8
  br i1 %min.iters.check, label %scalar.ph, label %vector.ph

vector.ph:                                        ; preds = %.lr.ph.preheader
  %n.vec = and i64 %wide.trip.count, 4294967288
  br label %vector.body

vector.body:                                      ; preds = %vector.body, %vector.ph
  %index = phi i64 [ 0, %vector.ph ], [ %index.next, %vector.body ]
  %vec.phi = phi <4 x i32> [ zeroinitializer, %vector.ph ], [ %8, %vector.body ]
  %vec.phi10 = phi <4 x i32> [ zeroinitializer, %vector.ph ], [ %9, %vector.body ]
  %4 = getelementptr inbounds i32, i32* %0, i64 %index
  %5 = bitcast i32* %4 to <4 x i32>*
  %wide.load = load <4 x i32>, <4 x i32>* %5, align 4
  %6 = getelementptr inbounds i32, i32* %4, i64 4
  %7 = bitcast i32* %6 to <4 x i32>*
  %wide.load11 = load <4 x i32>, <4 x i32>* %7, align 4
  %8 = add <4 x i32> %wide.load, %vec.phi
  %9 = add <4 x i32> %wide.load11, %vec.phi10
  %index.next = add nuw i64 %index, 8
  %10 = icmp eq i64 %index.next, %n.vec
  br i1 %10, label %middle.block, label %vector.body, !llvm.loop !10

middle.block:                                     ; preds = %vector.body
  %bin.rdx = add <4 x i32> %9, %8
  %11 = call i32 @llvm.vector.reduce.add.v4i32(<4 x i32> %bin.rdx)
  %cmp.n = icmp eq i64 %n.vec, %wide.trip.count
  br i1 %cmp.n, label %._crit_edge.loopexit, label %scalar.ph

scalar.ph:                                        ; preds = %.lr.ph.preheader, %middle.block
  %bc.resume.val = phi i64 [ %n.vec, %middle.block ], [ 0, %.lr.ph.preheader ]
  %bc.merge.rdx = phi i32 [ %11, %middle.block ], [ 0, %.lr.ph.preheader ]
  br label %.lr.ph

.lr.ph:                                           ; preds = %scalar.ph, %.lr.ph
  %indvars.iv = phi i64 [ %bc.resume.val, %scalar.ph ], [ %indvars.iv.next, %.lr.ph ]
  %.067 = phi i32 [ %bc.merge.rdx, %scalar.ph ], [ %14, %.lr.ph ]
  %12 = getelementptr inbounds i32, i32* %0, i64 %indvars.iv
  %13 = load i32, i32* %12, align 4
  %14 = add nsw i32 %13, %.067
  %indvars.iv.next = add nuw nsw i64 %indvars.iv, 1
  %exitcond.not = icmp eq i64 %indvars.iv.next, %wide.trip.count
  br i1 %exitcond.not, label %._crit_edge.loopexit.loopexit, label %.lr.ph, !llvm.loop !13

._crit_edge.loopexit.loopexit:                    ; preds = %.lr.ph
  br label %._crit_edge.loopexit

._crit_edge.loopexit:                             ; preds = %._crit_edge.loopexit.loopexit, %middle.block
  %.lcssa = phi i32 [ %11, %middle.block ], [ %14, %._crit_edge.loopexit.loopexit ]
  br label %._crit_edge

._crit_edge:                                      ; preds = %._crit_edge.loopexit, %2
  %.06.lcssa = phi i32 [ 0, %2 ], [ %.lcssa, %._crit_edge.loopexit ]
  ret i32 %.06.lcssa
}
*** IR Dump Before SimplifyCFGPass on sumArray ***
; Function Attrs: nofree norecurse nosync nounwind readonly uwtable
define dso_local i32 @sumArray(i32* nocapture noundef readonly %0, i32 noundef %1) local_unnamed_addr #0 {
  %3 = icmp sgt i32 %1, 0
  br i1 %3, label %.lr.ph.preheader, label %._crit_edge

.lr.ph.preheader:                                 ; preds = %2
  %wide.trip.count = zext i32 %1 to i64
  %min.iters.check = icmp ult i32 %1, 8
  br i1 %min.iters.check, label %scalar.ph, label %vector.ph

vector.ph:                                        ; preds = %.lr.ph.preheader
  %n.vec = and i64 %wide.trip.count, 4294967288
  br label %vector.body

vector.body:                                      ; preds = %vector.body, %vector.ph
  %index = phi i64 [ 0, %vector.ph ], [ %index.next, %vector.body ]
  %vec.phi = phi <4 x i32> [ zeroinitializer, %vector.ph ], [ %8, %vector.body ]
  %vec.phi10 = phi <4 x i32> [ zeroinitializer, %vector.ph ], [ %9, %vector.body ]
  %4 = getelementptr inbounds i32, i32* %0, i64 %index
  %5 = bitcast i32* %4 to <4 x i32>*
  %wide.load = load <4 x i32>, <4 x i32>* %5, align 4
  %6 = getelementptr inbounds i32, i32* %4, i64 4
  %7 = bitcast i32* %6 to <4 x i32>*
  %wide.load11 = load <4 x i32>, <4 x i32>* %7, align 4
  %8 = add <4 x i32> %wide.load, %vec.phi
  %9 = add <4 x i32> %wide.load11, %vec.phi10
  %index.next = add nuw i64 %index, 8
  %10 = icmp eq i64 %index.next, %n.vec
  br i1 %10, label %middle.block, label %vector.body, !llvm.loop !10

middle.block:                                     ; preds = %vector.body
  %bin.rdx = add <4 x i32> %9, %8
  %11 = call i32 @llvm.vector.reduce.add.v4i32(<4 x i32> %bin.rdx)
  %cmp.n = icmp eq i64 %n.vec, %wide.trip.count
  br i1 %cmp.n, label %._crit_edge.loopexit, label %scalar.ph

scalar.ph:                                        ; preds = %.lr.ph.preheader, %middle.block
  %bc.resume.val = phi i64 [ %n.vec, %middle.block ], [ 0, %.lr.ph.preheader ]
  %bc.merge.rdx = phi i32 [ %11, %middle.block ], [ 0, %.lr.ph.preheader ]
  br label %.lr.ph

.lr.ph:                                           ; preds = %scalar.ph, %.lr.ph
  %indvars.iv = phi i64 [ %bc.resume.val, %scalar.ph ], [ %indvars.iv.next, %.lr.ph ]
  %.067 = phi i32 [ %bc.merge.rdx, %scalar.ph ], [ %14, %.lr.ph ]
  %12 = getelementptr inbounds i32, i32* %0, i64 %indvars.iv
  %13 = load i32, i32* %12, align 4
  %14 = add nsw i32 %13, %.067
  %indvars.iv.next = add nuw nsw i64 %indvars.iv, 1
  %exitcond.not = icmp eq i64 %indvars.iv.next, %wide.trip.count
  br i1 %exitcond.not, label %._crit_edge.loopexit.loopexit, label %.lr.ph, !llvm.loop !13

._crit_edge.loopexit.loopexit:                    ; preds = %.lr.ph
  br label %._crit_edge.loopexit

._crit_edge.loopexit:                             ; preds = %._crit_edge.loopexit.loopexit, %middle.block
  %.lcssa = phi i32 [ %11, %middle.block ], [ %14, %._crit_edge.loopexit.loopexit ]
  br label %._crit_edge

._crit_edge:                                      ; preds = %._crit_edge.loopexit, %2
  %.06.lcssa = phi i32 [ 0, %2 ], [ %.lcssa, %._crit_edge.loopexit ]
  ret i32 %.06.lcssa
}
*** IR Dump After SimplifyCFGPass on sumArray ***
; Function Attrs: nofree norecurse nosync nounwind readonly uwtable
define dso_local i32 @sumArray(i32* nocapture noundef readonly %0, i32 noundef %1) local_unnamed_addr #0 {
  %3 = icmp sgt i32 %1, 0
  br i1 %3, label %.lr.ph.preheader, label %._crit_edge

.lr.ph.preheader:                                 ; preds = %2
  %wide.trip.count = zext i32 %1 to i64
  %min.iters.check = icmp ult i32 %1, 8
  br i1 %min.iters.check, label %.lr.ph, label %vector.ph

vector.ph:                                        ; preds = %.lr.ph.preheader
  %n.vec = and i64 %wide.trip.count, 4294967288
  br label %vector.body

vector.body:                                      ; preds = %vector.body, %vector.ph
  %index = phi i64 [ 0, %vector.ph ], [ %index.next, %vector.body ]
  %vec.phi = phi <4 x i32> [ zeroinitializer, %vector.ph ], [ %8, %vector.body ]
  %vec.phi10 = phi <4 x i32> [ zeroinitializer, %vector.ph ], [ %9, %vector.body ]
  %4 = getelementptr inbounds i32, i32* %0, i64 %index
  %5 = bitcast i32* %4 to <4 x i32>*
  %wide.load = load <4 x i32>, <4 x i32>* %5, align 4
  %6 = getelementptr inbounds i32, i32* %4, i64 4
  %7 = bitcast i32* %6 to <4 x i32>*
  %wide.load11 = load <4 x i32>, <4 x i32>* %7, align 4
  %8 = add <4 x i32> %wide.load, %vec.phi
  %9 = add <4 x i32> %wide.load11, %vec.phi10
  %index.next = add nuw i64 %index, 8
  %10 = icmp eq i64 %index.next, %n.vec
  br i1 %10, label %middle.block, label %vector.body, !llvm.loop !10

middle.block:                                     ; preds = %vector.body
  %bin.rdx = add <4 x i32> %9, %8
  %11 = call i32 @llvm.vector.reduce.add.v4i32(<4 x i32> %bin.rdx)
  %cmp.n = icmp eq i64 %n.vec, %wide.trip.count
  br i1 %cmp.n, label %._crit_edge, label %.lr.ph

.lr.ph:                                           ; preds = %middle.block, %.lr.ph.preheader, %.lr.ph
  %indvars.iv = phi i64 [ %indvars.iv.next, %.lr.ph ], [ %n.vec, %middle.block ], [ 0, %.lr.ph.preheader ]
  %.067 = phi i32 [ %14, %.lr.ph ], [ %11, %middle.block ], [ 0, %.lr.ph.preheader ]
  %12 = getelementptr inbounds i32, i32* %0, i64 %indvars.iv
  %13 = load i32, i32* %12, align 4
  %14 = add nsw i32 %13, %.067
  %indvars.iv.next = add nuw nsw i64 %indvars.iv, 1
  %exitcond.not = icmp eq i64 %indvars.iv.next, %wide.trip.count
  br i1 %exitcond.not, label %._crit_edge, label %.lr.ph, !llvm.loop !13

._crit_edge:                                      ; preds = %middle.block, %.lr.ph, %2
  %.06.lcssa = phi i32 [ 0, %2 ], [ %11, %middle.block ], [ %14, %.lr.ph ]
  ret i32 %.06.lcssa
}
*** IR Dump Before SLPVectorizerPass on sumArray ***
; Function Attrs: nofree norecurse nosync nounwind readonly uwtable
define dso_local i32 @sumArray(i32* nocapture noundef readonly %0, i32 noundef %1) local_unnamed_addr #0 {
  %3 = icmp sgt i32 %1, 0
  br i1 %3, label %.lr.ph.preheader, label %._crit_edge

.lr.ph.preheader:                                 ; preds = %2
  %wide.trip.count = zext i32 %1 to i64
  %min.iters.check = icmp ult i32 %1, 8
  br i1 %min.iters.check, label %.lr.ph, label %vector.ph

vector.ph:                                        ; preds = %.lr.ph.preheader
  %n.vec = and i64 %wide.trip.count, 4294967288
  br label %vector.body

vector.body:                                      ; preds = %vector.body, %vector.ph
  %index = phi i64 [ 0, %vector.ph ], [ %index.next, %vector.body ]
  %vec.phi = phi <4 x i32> [ zeroinitializer, %vector.ph ], [ %8, %vector.body ]
  %vec.phi10 = phi <4 x i32> [ zeroinitializer, %vector.ph ], [ %9, %vector.body ]
  %4 = getelementptr inbounds i32, i32* %0, i64 %index
  %5 = bitcast i32* %4 to <4 x i32>*
  %wide.load = load <4 x i32>, <4 x i32>* %5, align 4
  %6 = getelementptr inbounds i32, i32* %4, i64 4
  %7 = bitcast i32* %6 to <4 x i32>*
  %wide.load11 = load <4 x i32>, <4 x i32>* %7, align 4
  %8 = add <4 x i32> %wide.load, %vec.phi
  %9 = add <4 x i32> %wide.load11, %vec.phi10
  %index.next = add nuw i64 %index, 8
  %10 = icmp eq i64 %index.next, %n.vec
  br i1 %10, label %middle.block, label %vector.body, !llvm.loop !10

middle.block:                                     ; preds = %vector.body
  %bin.rdx = add <4 x i32> %9, %8
  %11 = call i32 @llvm.vector.reduce.add.v4i32(<4 x i32> %bin.rdx)
  %cmp.n = icmp eq i64 %n.vec, %wide.trip.count
  br i1 %cmp.n, label %._crit_edge, label %.lr.ph

.lr.ph:                                           ; preds = %middle.block, %.lr.ph.preheader, %.lr.ph
  %indvars.iv = phi i64 [ %indvars.iv.next, %.lr.ph ], [ %n.vec, %middle.block ], [ 0, %.lr.ph.preheader ]
  %.067 = phi i32 [ %14, %.lr.ph ], [ %11, %middle.block ], [ 0, %.lr.ph.preheader ]
  %12 = getelementptr inbounds i32, i32* %0, i64 %indvars.iv
  %13 = load i32, i32* %12, align 4
  %14 = add nsw i32 %13, %.067
  %indvars.iv.next = add nuw nsw i64 %indvars.iv, 1
  %exitcond.not = icmp eq i64 %indvars.iv.next, %wide.trip.count
  br i1 %exitcond.not, label %._crit_edge, label %.lr.ph, !llvm.loop !13

._crit_edge:                                      ; preds = %middle.block, %.lr.ph, %2
  %.06.lcssa = phi i32 [ 0, %2 ], [ %11, %middle.block ], [ %14, %.lr.ph ]
  ret i32 %.06.lcssa
}
*** IR Dump After SLPVectorizerPass on sumArray ***
; Function Attrs: nofree norecurse nosync nounwind readonly uwtable
define dso_local i32 @sumArray(i32* nocapture noundef readonly %0, i32 noundef %1) local_unnamed_addr #0 {
  %3 = icmp sgt i32 %1, 0
  br i1 %3, label %.lr.ph.preheader, label %._crit_edge

.lr.ph.preheader:                                 ; preds = %2
  %wide.trip.count = zext i32 %1 to i64
  %min.iters.check = icmp ult i32 %1, 8
  br i1 %min.iters.check, label %.lr.ph, label %vector.ph

vector.ph:                                        ; preds = %.lr.ph.preheader
  %n.vec = and i64 %wide.trip.count, 4294967288
  br label %vector.body

vector.body:                                      ; preds = %vector.body, %vector.ph
  %index = phi i64 [ 0, %vector.ph ], [ %index.next, %vector.body ]
  %vec.phi = phi <4 x i32> [ zeroinitializer, %vector.ph ], [ %8, %vector.body ]
  %vec.phi10 = phi <4 x i32> [ zeroinitializer, %vector.ph ], [ %9, %vector.body ]
  %4 = getelementptr inbounds i32, i32* %0, i64 %index
  %5 = bitcast i32* %4 to <4 x i32>*
  %wide.load = load <4 x i32>, <4 x i32>* %5, align 4
  %6 = getelementptr inbounds i32, i32* %4, i64 4
  %7 = bitcast i32* %6 to <4 x i32>*
  %wide.load11 = load <4 x i32>, <4 x i32>* %7, align 4
  %8 = add <4 x i32> %wide.load, %vec.phi
  %9 = add <4 x i32> %wide.load11, %vec.phi10
  %index.next = add nuw i64 %index, 8
  %10 = icmp eq i64 %index.next, %n.vec
  br i1 %10, label %middle.block, label %vector.body, !llvm.loop !10

middle.block:                                     ; preds = %vector.body
  %bin.rdx = add <4 x i32> %9, %8
  %11 = call i32 @llvm.vector.reduce.add.v4i32(<4 x i32> %bin.rdx)
  %cmp.n = icmp eq i64 %n.vec, %wide.trip.count
  br i1 %cmp.n, label %._crit_edge, label %.lr.ph

.lr.ph:                                           ; preds = %middle.block, %.lr.ph.preheader, %.lr.ph
  %indvars.iv = phi i64 [ %indvars.iv.next, %.lr.ph ], [ %n.vec, %middle.block ], [ 0, %.lr.ph.preheader ]
  %.067 = phi i32 [ %14, %.lr.ph ], [ %11, %middle.block ], [ 0, %.lr.ph.preheader ]
  %12 = getelementptr inbounds i32, i32* %0, i64 %indvars.iv
  %13 = load i32, i32* %12, align 4
  %14 = add nsw i32 %13, %.067
  %indvars.iv.next = add nuw nsw i64 %indvars.iv, 1
  %exitcond.not = icmp eq i64 %indvars.iv.next, %wide.trip.count
  br i1 %exitcond.not, label %._crit_edge, label %.lr.ph, !llvm.loop !13

._crit_edge:                                      ; preds = %middle.block, %.lr.ph, %2
  %.06.lcssa = phi i32 [ 0, %2 ], [ %11, %middle.block ], [ %14, %.lr.ph ]
  ret i32 %.06.lcssa
}
*** IR Dump Before VectorCombinePass on sumArray ***
; Function Attrs: nofree norecurse nosync nounwind readonly uwtable
define dso_local i32 @sumArray(i32* nocapture noundef readonly %0, i32 noundef %1) local_unnamed_addr #0 {
  %3 = icmp sgt i32 %1, 0
  br i1 %3, label %.lr.ph.preheader, label %._crit_edge

.lr.ph.preheader:                                 ; preds = %2
  %wide.trip.count = zext i32 %1 to i64
  %min.iters.check = icmp ult i32 %1, 8
  br i1 %min.iters.check, label %.lr.ph, label %vector.ph

vector.ph:                                        ; preds = %.lr.ph.preheader
  %n.vec = and i64 %wide.trip.count, 4294967288
  br label %vector.body

vector.body:                                      ; preds = %vector.body, %vector.ph
  %index = phi i64 [ 0, %vector.ph ], [ %index.next, %vector.body ]
  %vec.phi = phi <4 x i32> [ zeroinitializer, %vector.ph ], [ %8, %vector.body ]
  %vec.phi10 = phi <4 x i32> [ zeroinitializer, %vector.ph ], [ %9, %vector.body ]
  %4 = getelementptr inbounds i32, i32* %0, i64 %index
  %5 = bitcast i32* %4 to <4 x i32>*
  %wide.load = load <4 x i32>, <4 x i32>* %5, align 4
  %6 = getelementptr inbounds i32, i32* %4, i64 4
  %7 = bitcast i32* %6 to <4 x i32>*
  %wide.load11 = load <4 x i32>, <4 x i32>* %7, align 4
  %8 = add <4 x i32> %wide.load, %vec.phi
  %9 = add <4 x i32> %wide.load11, %vec.phi10
  %index.next = add nuw i64 %index, 8
  %10 = icmp eq i64 %index.next, %n.vec
  br i1 %10, label %middle.block, label %vector.body, !llvm.loop !10

middle.block:                                     ; preds = %vector.body
  %bin.rdx = add <4 x i32> %9, %8
  %11 = call i32 @llvm.vector.reduce.add.v4i32(<4 x i32> %bin.rdx)
  %cmp.n = icmp eq i64 %n.vec, %wide.trip.count
  br i1 %cmp.n, label %._crit_edge, label %.lr.ph

.lr.ph:                                           ; preds = %middle.block, %.lr.ph.preheader, %.lr.ph
  %indvars.iv = phi i64 [ %indvars.iv.next, %.lr.ph ], [ %n.vec, %middle.block ], [ 0, %.lr.ph.preheader ]
  %.067 = phi i32 [ %14, %.lr.ph ], [ %11, %middle.block ], [ 0, %.lr.ph.preheader ]
  %12 = getelementptr inbounds i32, i32* %0, i64 %indvars.iv
  %13 = load i32, i32* %12, align 4
  %14 = add nsw i32 %13, %.067
  %indvars.iv.next = add nuw nsw i64 %indvars.iv, 1
  %exitcond.not = icmp eq i64 %indvars.iv.next, %wide.trip.count
  br i1 %exitcond.not, label %._crit_edge, label %.lr.ph, !llvm.loop !13

._crit_edge:                                      ; preds = %middle.block, %.lr.ph, %2
  %.06.lcssa = phi i32 [ 0, %2 ], [ %11, %middle.block ], [ %14, %.lr.ph ]
  ret i32 %.06.lcssa
}
*** IR Dump After VectorCombinePass on sumArray ***
; Function Attrs: nofree norecurse nosync nounwind readonly uwtable
define dso_local i32 @sumArray(i32* nocapture noundef readonly %0, i32 noundef %1) local_unnamed_addr #0 {
  %3 = icmp sgt i32 %1, 0
  br i1 %3, label %.lr.ph.preheader, label %._crit_edge

.lr.ph.preheader:                                 ; preds = %2
  %wide.trip.count = zext i32 %1 to i64
  %min.iters.check = icmp ult i32 %1, 8
  br i1 %min.iters.check, label %.lr.ph, label %vector.ph

vector.ph:                                        ; preds = %.lr.ph.preheader
  %n.vec = and i64 %wide.trip.count, 4294967288
  br label %vector.body

vector.body:                                      ; preds = %vector.body, %vector.ph
  %index = phi i64 [ 0, %vector.ph ], [ %index.next, %vector.body ]
  %vec.phi = phi <4 x i32> [ zeroinitializer, %vector.ph ], [ %8, %vector.body ]
  %vec.phi10 = phi <4 x i32> [ zeroinitializer, %vector.ph ], [ %9, %vector.body ]
  %4 = getelementptr inbounds i32, i32* %0, i64 %index
  %5 = bitcast i32* %4 to <4 x i32>*
  %wide.load = load <4 x i32>, <4 x i32>* %5, align 4
  %6 = getelementptr inbounds i32, i32* %4, i64 4
  %7 = bitcast i32* %6 to <4 x i32>*
  %wide.load11 = load <4 x i32>, <4 x i32>* %7, align 4
  %8 = add <4 x i32> %wide.load, %vec.phi
  %9 = add <4 x i32> %wide.load11, %vec.phi10
  %index.next = add nuw i64 %index, 8
  %10 = icmp eq i64 %index.next, %n.vec
  br i1 %10, label %middle.block, label %vector.body, !llvm.loop !10

middle.block:                                     ; preds = %vector.body
  %bin.rdx = add <4 x i32> %9, %8
  %11 = call i32 @llvm.vector.reduce.add.v4i32(<4 x i32> %bin.rdx)
  %cmp.n = icmp eq i64 %n.vec, %wide.trip.count
  br i1 %cmp.n, label %._crit_edge, label %.lr.ph

.lr.ph:                                           ; preds = %middle.block, %.lr.ph.preheader, %.lr.ph
  %indvars.iv = phi i64 [ %indvars.iv.next, %.lr.ph ], [ %n.vec, %middle.block ], [ 0, %.lr.ph.preheader ]
  %.067 = phi i32 [ %14, %.lr.ph ], [ %11, %middle.block ], [ 0, %.lr.ph.preheader ]
  %12 = getelementptr inbounds i32, i32* %0, i64 %indvars.iv
  %13 = load i32, i32* %12, align 4
  %14 = add nsw i32 %13, %.067
  %indvars.iv.next = add nuw nsw i64 %indvars.iv, 1
  %exitcond.not = icmp eq i64 %indvars.iv.next, %wide.trip.count
  br i1 %exitcond.not, label %._crit_edge, label %.lr.ph, !llvm.loop !13

._crit_edge:                                      ; preds = %middle.block, %.lr.ph, %2
  %.06.lcssa = phi i32 [ 0, %2 ], [ %11, %middle.block ], [ %14, %.lr.ph ]
  ret i32 %.06.lcssa
}
*** IR Dump Before InstCombinePass on sumArray ***
; Function Attrs: nofree norecurse nosync nounwind readonly uwtable
define dso_local i32 @sumArray(i32* nocapture noundef readonly %0, i32 noundef %1) local_unnamed_addr #0 {
  %3 = icmp sgt i32 %1, 0
  br i1 %3, label %.lr.ph.preheader, label %._crit_edge

.lr.ph.preheader:                                 ; preds = %2
  %wide.trip.count = zext i32 %1 to i64
  %min.iters.check = icmp ult i32 %1, 8
  br i1 %min.iters.check, label %.lr.ph, label %vector.ph

vector.ph:                                        ; preds = %.lr.ph.preheader
  %n.vec = and i64 %wide.trip.count, 4294967288
  br label %vector.body

vector.body:                                      ; preds = %vector.body, %vector.ph
  %index = phi i64 [ 0, %vector.ph ], [ %index.next, %vector.body ]
  %vec.phi = phi <4 x i32> [ zeroinitializer, %vector.ph ], [ %8, %vector.body ]
  %vec.phi10 = phi <4 x i32> [ zeroinitializer, %vector.ph ], [ %9, %vector.body ]
  %4 = getelementptr inbounds i32, i32* %0, i64 %index
  %5 = bitcast i32* %4 to <4 x i32>*
  %wide.load = load <4 x i32>, <4 x i32>* %5, align 4
  %6 = getelementptr inbounds i32, i32* %4, i64 4
  %7 = bitcast i32* %6 to <4 x i32>*
  %wide.load11 = load <4 x i32>, <4 x i32>* %7, align 4
  %8 = add <4 x i32> %wide.load, %vec.phi
  %9 = add <4 x i32> %wide.load11, %vec.phi10
  %index.next = add nuw i64 %index, 8
  %10 = icmp eq i64 %index.next, %n.vec
  br i1 %10, label %middle.block, label %vector.body, !llvm.loop !10

middle.block:                                     ; preds = %vector.body
  %bin.rdx = add <4 x i32> %9, %8
  %11 = call i32 @llvm.vector.reduce.add.v4i32(<4 x i32> %bin.rdx)
  %cmp.n = icmp eq i64 %n.vec, %wide.trip.count
  br i1 %cmp.n, label %._crit_edge, label %.lr.ph

.lr.ph:                                           ; preds = %middle.block, %.lr.ph.preheader, %.lr.ph
  %indvars.iv = phi i64 [ %indvars.iv.next, %.lr.ph ], [ %n.vec, %middle.block ], [ 0, %.lr.ph.preheader ]
  %.067 = phi i32 [ %14, %.lr.ph ], [ %11, %middle.block ], [ 0, %.lr.ph.preheader ]
  %12 = getelementptr inbounds i32, i32* %0, i64 %indvars.iv
  %13 = load i32, i32* %12, align 4
  %14 = add nsw i32 %13, %.067
  %indvars.iv.next = add nuw nsw i64 %indvars.iv, 1
  %exitcond.not = icmp eq i64 %indvars.iv.next, %wide.trip.count
  br i1 %exitcond.not, label %._crit_edge, label %.lr.ph, !llvm.loop !13

._crit_edge:                                      ; preds = %middle.block, %.lr.ph, %2
  %.06.lcssa = phi i32 [ 0, %2 ], [ %11, %middle.block ], [ %14, %.lr.ph ]
  ret i32 %.06.lcssa
}
*** IR Dump After InstCombinePass on sumArray ***
; Function Attrs: nofree norecurse nosync nounwind readonly uwtable
define dso_local i32 @sumArray(i32* nocapture noundef readonly %0, i32 noundef %1) local_unnamed_addr #0 {
  %3 = icmp sgt i32 %1, 0
  br i1 %3, label %.lr.ph.preheader, label %._crit_edge

.lr.ph.preheader:                                 ; preds = %2
  %wide.trip.count = zext i32 %1 to i64
  %min.iters.check = icmp ult i32 %1, 8
  br i1 %min.iters.check, label %.lr.ph, label %vector.ph

vector.ph:                                        ; preds = %.lr.ph.preheader
  %n.vec = and i64 %wide.trip.count, 4294967288
  br label %vector.body

vector.body:                                      ; preds = %vector.body, %vector.ph
  %index = phi i64 [ 0, %vector.ph ], [ %index.next, %vector.body ]
  %vec.phi = phi <4 x i32> [ zeroinitializer, %vector.ph ], [ %8, %vector.body ]
  %vec.phi10 = phi <4 x i32> [ zeroinitializer, %vector.ph ], [ %9, %vector.body ]
  %4 = getelementptr inbounds i32, i32* %0, i64 %index
  %5 = bitcast i32* %4 to <4 x i32>*
  %wide.load = load <4 x i32>, <4 x i32>* %5, align 4
  %6 = getelementptr inbounds i32, i32* %4, i64 4
  %7 = bitcast i32* %6 to <4 x i32>*
  %wide.load11 = load <4 x i32>, <4 x i32>* %7, align 4
  %8 = add <4 x i32> %wide.load, %vec.phi
  %9 = add <4 x i32> %wide.load11, %vec.phi10
  %index.next = add nuw i64 %index, 8
  %10 = icmp eq i64 %index.next, %n.vec
  br i1 %10, label %middle.block, label %vector.body, !llvm.loop !10

middle.block:                                     ; preds = %vector.body
  %bin.rdx = add <4 x i32> %9, %8
  %11 = call i32 @llvm.vector.reduce.add.v4i32(<4 x i32> %bin.rdx)
  %cmp.n = icmp eq i64 %n.vec, %wide.trip.count
  br i1 %cmp.n, label %._crit_edge, label %.lr.ph

.lr.ph:                                           ; preds = %middle.block, %.lr.ph.preheader, %.lr.ph
  %indvars.iv = phi i64 [ %indvars.iv.next, %.lr.ph ], [ %n.vec, %middle.block ], [ 0, %.lr.ph.preheader ]
  %.067 = phi i32 [ %14, %.lr.ph ], [ %11, %middle.block ], [ 0, %.lr.ph.preheader ]
  %12 = getelementptr inbounds i32, i32* %0, i64 %indvars.iv
  %13 = load i32, i32* %12, align 4
  %14 = add nsw i32 %13, %.067
  %indvars.iv.next = add nuw nsw i64 %indvars.iv, 1
  %exitcond.not = icmp eq i64 %indvars.iv.next, %wide.trip.count
  br i1 %exitcond.not, label %._crit_edge, label %.lr.ph, !llvm.loop !13

._crit_edge:                                      ; preds = %middle.block, %.lr.ph, %2
  %.06.lcssa = phi i32 [ 0, %2 ], [ %11, %middle.block ], [ %14, %.lr.ph ]
  ret i32 %.06.lcssa
}
*** IR Dump Before LoopUnrollPass on sumArray ***
; Function Attrs: nofree norecurse nosync nounwind readonly uwtable
define dso_local i32 @sumArray(i32* nocapture noundef readonly %0, i32 noundef %1) local_unnamed_addr #0 {
  %3 = icmp sgt i32 %1, 0
  br i1 %3, label %.lr.ph.preheader, label %._crit_edge

.lr.ph.preheader:                                 ; preds = %2
  %wide.trip.count = zext i32 %1 to i64
  %min.iters.check = icmp ult i32 %1, 8
  br i1 %min.iters.check, label %.lr.ph, label %vector.ph

vector.ph:                                        ; preds = %.lr.ph.preheader
  %n.vec = and i64 %wide.trip.count, 4294967288
  br label %vector.body

vector.body:                                      ; preds = %vector.body, %vector.ph
  %index = phi i64 [ 0, %vector.ph ], [ %index.next, %vector.body ]
  %vec.phi = phi <4 x i32> [ zeroinitializer, %vector.ph ], [ %8, %vector.body ]
  %vec.phi10 = phi <4 x i32> [ zeroinitializer, %vector.ph ], [ %9, %vector.body ]
  %4 = getelementptr inbounds i32, i32* %0, i64 %index
  %5 = bitcast i32* %4 to <4 x i32>*
  %wide.load = load <4 x i32>, <4 x i32>* %5, align 4
  %6 = getelementptr inbounds i32, i32* %4, i64 4
  %7 = bitcast i32* %6 to <4 x i32>*
  %wide.load11 = load <4 x i32>, <4 x i32>* %7, align 4
  %8 = add <4 x i32> %wide.load, %vec.phi
  %9 = add <4 x i32> %wide.load11, %vec.phi10
  %index.next = add nuw i64 %index, 8
  %10 = icmp eq i64 %index.next, %n.vec
  br i1 %10, label %middle.block, label %vector.body, !llvm.loop !10

middle.block:                                     ; preds = %vector.body
  %bin.rdx = add <4 x i32> %9, %8
  %11 = call i32 @llvm.vector.reduce.add.v4i32(<4 x i32> %bin.rdx)
  %cmp.n = icmp eq i64 %n.vec, %wide.trip.count
  br i1 %cmp.n, label %._crit_edge, label %.lr.ph

.lr.ph:                                           ; preds = %middle.block, %.lr.ph.preheader, %.lr.ph
  %indvars.iv = phi i64 [ %indvars.iv.next, %.lr.ph ], [ %n.vec, %middle.block ], [ 0, %.lr.ph.preheader ]
  %.067 = phi i32 [ %14, %.lr.ph ], [ %11, %middle.block ], [ 0, %.lr.ph.preheader ]
  %12 = getelementptr inbounds i32, i32* %0, i64 %indvars.iv
  %13 = load i32, i32* %12, align 4
  %14 = add nsw i32 %13, %.067
  %indvars.iv.next = add nuw nsw i64 %indvars.iv, 1
  %exitcond.not = icmp eq i64 %indvars.iv.next, %wide.trip.count
  br i1 %exitcond.not, label %._crit_edge, label %.lr.ph, !llvm.loop !13

._crit_edge:                                      ; preds = %middle.block, %.lr.ph, %2
  %.06.lcssa = phi i32 [ 0, %2 ], [ %11, %middle.block ], [ %14, %.lr.ph ]
  ret i32 %.06.lcssa
}
*** IR Dump After LoopUnrollPass on sumArray ***
; Function Attrs: nofree norecurse nosync nounwind readonly uwtable
define dso_local i32 @sumArray(i32* nocapture noundef readonly %0, i32 noundef %1) local_unnamed_addr #0 {
  %3 = icmp sgt i32 %1, 0
  br i1 %3, label %.lr.ph.preheader, label %._crit_edge

.lr.ph.preheader:                                 ; preds = %2
  %wide.trip.count = zext i32 %1 to i64
  %min.iters.check = icmp ult i32 %1, 8
  br i1 %min.iters.check, label %.lr.ph.preheader12, label %vector.ph

vector.ph:                                        ; preds = %.lr.ph.preheader
  %n.vec = and i64 %wide.trip.count, 4294967288
  br label %vector.body

vector.body:                                      ; preds = %vector.body, %vector.ph
  %index = phi i64 [ 0, %vector.ph ], [ %index.next, %vector.body ]
  %vec.phi = phi <4 x i32> [ zeroinitializer, %vector.ph ], [ %8, %vector.body ]
  %vec.phi10 = phi <4 x i32> [ zeroinitializer, %vector.ph ], [ %9, %vector.body ]
  %4 = getelementptr inbounds i32, i32* %0, i64 %index
  %5 = bitcast i32* %4 to <4 x i32>*
  %wide.load = load <4 x i32>, <4 x i32>* %5, align 4
  %6 = getelementptr inbounds i32, i32* %4, i64 4
  %7 = bitcast i32* %6 to <4 x i32>*
  %wide.load11 = load <4 x i32>, <4 x i32>* %7, align 4
  %8 = add <4 x i32> %wide.load, %vec.phi
  %9 = add <4 x i32> %wide.load11, %vec.phi10
  %index.next = add nuw i64 %index, 8
  %10 = icmp eq i64 %index.next, %n.vec
  br i1 %10, label %middle.block, label %vector.body, !llvm.loop !10

middle.block:                                     ; preds = %vector.body
  %.lcssa14 = phi <4 x i32> [ %8, %vector.body ]
  %.lcssa13 = phi <4 x i32> [ %9, %vector.body ]
  %bin.rdx = add <4 x i32> %.lcssa13, %.lcssa14
  %11 = call i32 @llvm.vector.reduce.add.v4i32(<4 x i32> %bin.rdx)
  %cmp.n = icmp eq i64 %n.vec, %wide.trip.count
  br i1 %cmp.n, label %._crit_edge, label %.lr.ph.preheader12

.lr.ph.preheader12:                               ; preds = %.lr.ph.preheader, %middle.block
  %indvars.iv.ph = phi i64 [ 0, %.lr.ph.preheader ], [ %n.vec, %middle.block ]
  %.067.ph = phi i32 [ 0, %.lr.ph.preheader ], [ %11, %middle.block ]
  br label %.lr.ph

.lr.ph:                                           ; preds = %.lr.ph.preheader12, %.lr.ph
  %indvars.iv = phi i64 [ %indvars.iv.next, %.lr.ph ], [ %indvars.iv.ph, %.lr.ph.preheader12 ]
  %.067 = phi i32 [ %14, %.lr.ph ], [ %.067.ph, %.lr.ph.preheader12 ]
  %12 = getelementptr inbounds i32, i32* %0, i64 %indvars.iv
  %13 = load i32, i32* %12, align 4
  %14 = add nsw i32 %13, %.067
  %indvars.iv.next = add nuw nsw i64 %indvars.iv, 1
  %exitcond.not = icmp eq i64 %indvars.iv.next, %wide.trip.count
  br i1 %exitcond.not, label %._crit_edge.loopexit, label %.lr.ph, !llvm.loop !13

._crit_edge.loopexit:                             ; preds = %.lr.ph
  %.lcssa = phi i32 [ %14, %.lr.ph ]
  br label %._crit_edge

._crit_edge:                                      ; preds = %._crit_edge.loopexit, %middle.block, %2
  %.06.lcssa = phi i32 [ 0, %2 ], [ %11, %middle.block ], [ %.lcssa, %._crit_edge.loopexit ]
  ret i32 %.06.lcssa
}
*** IR Dump Before WarnMissedTransformationsPass on sumArray ***
; Function Attrs: nofree norecurse nosync nounwind readonly uwtable
define dso_local i32 @sumArray(i32* nocapture noundef readonly %0, i32 noundef %1) local_unnamed_addr #0 {
  %3 = icmp sgt i32 %1, 0
  br i1 %3, label %.lr.ph.preheader, label %._crit_edge

.lr.ph.preheader:                                 ; preds = %2
  %wide.trip.count = zext i32 %1 to i64
  %min.iters.check = icmp ult i32 %1, 8
  br i1 %min.iters.check, label %.lr.ph.preheader12, label %vector.ph

vector.ph:                                        ; preds = %.lr.ph.preheader
  %n.vec = and i64 %wide.trip.count, 4294967288
  br label %vector.body

vector.body:                                      ; preds = %vector.body, %vector.ph
  %index = phi i64 [ 0, %vector.ph ], [ %index.next, %vector.body ]
  %vec.phi = phi <4 x i32> [ zeroinitializer, %vector.ph ], [ %8, %vector.body ]
  %vec.phi10 = phi <4 x i32> [ zeroinitializer, %vector.ph ], [ %9, %vector.body ]
  %4 = getelementptr inbounds i32, i32* %0, i64 %index
  %5 = bitcast i32* %4 to <4 x i32>*
  %wide.load = load <4 x i32>, <4 x i32>* %5, align 4
  %6 = getelementptr inbounds i32, i32* %4, i64 4
  %7 = bitcast i32* %6 to <4 x i32>*
  %wide.load11 = load <4 x i32>, <4 x i32>* %7, align 4
  %8 = add <4 x i32> %wide.load, %vec.phi
  %9 = add <4 x i32> %wide.load11, %vec.phi10
  %index.next = add nuw i64 %index, 8
  %10 = icmp eq i64 %index.next, %n.vec
  br i1 %10, label %middle.block, label %vector.body, !llvm.loop !10

middle.block:                                     ; preds = %vector.body
  %.lcssa14 = phi <4 x i32> [ %8, %vector.body ]
  %.lcssa13 = phi <4 x i32> [ %9, %vector.body ]
  %bin.rdx = add <4 x i32> %.lcssa13, %.lcssa14
  %11 = call i32 @llvm.vector.reduce.add.v4i32(<4 x i32> %bin.rdx)
  %cmp.n = icmp eq i64 %n.vec, %wide.trip.count
  br i1 %cmp.n, label %._crit_edge, label %.lr.ph.preheader12

.lr.ph.preheader12:                               ; preds = %.lr.ph.preheader, %middle.block
  %indvars.iv.ph = phi i64 [ 0, %.lr.ph.preheader ], [ %n.vec, %middle.block ]
  %.067.ph = phi i32 [ 0, %.lr.ph.preheader ], [ %11, %middle.block ]
  br label %.lr.ph

.lr.ph:                                           ; preds = %.lr.ph.preheader12, %.lr.ph
  %indvars.iv = phi i64 [ %indvars.iv.next, %.lr.ph ], [ %indvars.iv.ph, %.lr.ph.preheader12 ]
  %.067 = phi i32 [ %14, %.lr.ph ], [ %.067.ph, %.lr.ph.preheader12 ]
  %12 = getelementptr inbounds i32, i32* %0, i64 %indvars.iv
  %13 = load i32, i32* %12, align 4
  %14 = add nsw i32 %13, %.067
  %indvars.iv.next = add nuw nsw i64 %indvars.iv, 1
  %exitcond.not = icmp eq i64 %indvars.iv.next, %wide.trip.count
  br i1 %exitcond.not, label %._crit_edge.loopexit, label %.lr.ph, !llvm.loop !13

._crit_edge.loopexit:                             ; preds = %.lr.ph
  %.lcssa = phi i32 [ %14, %.lr.ph ]
  br label %._crit_edge

._crit_edge:                                      ; preds = %._crit_edge.loopexit, %middle.block, %2
  %.06.lcssa = phi i32 [ 0, %2 ], [ %11, %middle.block ], [ %.lcssa, %._crit_edge.loopexit ]
  ret i32 %.06.lcssa
}
*** IR Dump After WarnMissedTransformationsPass on sumArray ***
; Function Attrs: nofree norecurse nosync nounwind readonly uwtable
define dso_local i32 @sumArray(i32* nocapture noundef readonly %0, i32 noundef %1) local_unnamed_addr #0 {
  %3 = icmp sgt i32 %1, 0
  br i1 %3, label %.lr.ph.preheader, label %._crit_edge

.lr.ph.preheader:                                 ; preds = %2
  %wide.trip.count = zext i32 %1 to i64
  %min.iters.check = icmp ult i32 %1, 8
  br i1 %min.iters.check, label %.lr.ph.preheader12, label %vector.ph

vector.ph:                                        ; preds = %.lr.ph.preheader
  %n.vec = and i64 %wide.trip.count, 4294967288
  br label %vector.body

vector.body:                                      ; preds = %vector.body, %vector.ph
  %index = phi i64 [ 0, %vector.ph ], [ %index.next, %vector.body ]
  %vec.phi = phi <4 x i32> [ zeroinitializer, %vector.ph ], [ %8, %vector.body ]
  %vec.phi10 = phi <4 x i32> [ zeroinitializer, %vector.ph ], [ %9, %vector.body ]
  %4 = getelementptr inbounds i32, i32* %0, i64 %index
  %5 = bitcast i32* %4 to <4 x i32>*
  %wide.load = load <4 x i32>, <4 x i32>* %5, align 4
  %6 = getelementptr inbounds i32, i32* %4, i64 4
  %7 = bitcast i32* %6 to <4 x i32>*
  %wide.load11 = load <4 x i32>, <4 x i32>* %7, align 4
  %8 = add <4 x i32> %wide.load, %vec.phi
  %9 = add <4 x i32> %wide.load11, %vec.phi10
  %index.next = add nuw i64 %index, 8
  %10 = icmp eq i64 %index.next, %n.vec
  br i1 %10, label %middle.block, label %vector.body, !llvm.loop !10

middle.block:                                     ; preds = %vector.body
  %.lcssa14 = phi <4 x i32> [ %8, %vector.body ]
  %.lcssa13 = phi <4 x i32> [ %9, %vector.body ]
  %bin.rdx = add <4 x i32> %.lcssa13, %.lcssa14
  %11 = call i32 @llvm.vector.reduce.add.v4i32(<4 x i32> %bin.rdx)
  %cmp.n = icmp eq i64 %n.vec, %wide.trip.count
  br i1 %cmp.n, label %._crit_edge, label %.lr.ph.preheader12

.lr.ph.preheader12:                               ; preds = %.lr.ph.preheader, %middle.block
  %indvars.iv.ph = phi i64 [ 0, %.lr.ph.preheader ], [ %n.vec, %middle.block ]
  %.067.ph = phi i32 [ 0, %.lr.ph.preheader ], [ %11, %middle.block ]
  br label %.lr.ph

.lr.ph:                                           ; preds = %.lr.ph.preheader12, %.lr.ph
  %indvars.iv = phi i64 [ %indvars.iv.next, %.lr.ph ], [ %indvars.iv.ph, %.lr.ph.preheader12 ]
  %.067 = phi i32 [ %14, %.lr.ph ], [ %.067.ph, %.lr.ph.preheader12 ]
  %12 = getelementptr inbounds i32, i32* %0, i64 %indvars.iv
  %13 = load i32, i32* %12, align 4
  %14 = add nsw i32 %13, %.067
  %indvars.iv.next = add nuw nsw i64 %indvars.iv, 1
  %exitcond.not = icmp eq i64 %indvars.iv.next, %wide.trip.count
  br i1 %exitcond.not, label %._crit_edge.loopexit, label %.lr.ph, !llvm.loop !13

._crit_edge.loopexit:                             ; preds = %.lr.ph
  %.lcssa = phi i32 [ %14, %.lr.ph ]
  br label %._crit_edge

._crit_edge:                                      ; preds = %._crit_edge.loopexit, %middle.block, %2
  %.06.lcssa = phi i32 [ 0, %2 ], [ %11, %middle.block ], [ %.lcssa, %._crit_edge.loopexit ]
  ret i32 %.06.lcssa
}
*** IR Dump Before InstCombinePass on sumArray ***
; Function Attrs: nofree norecurse nosync nounwind readonly uwtable
define dso_local i32 @sumArray(i32* nocapture noundef readonly %0, i32 noundef %1) local_unnamed_addr #0 {
  %3 = icmp sgt i32 %1, 0
  br i1 %3, label %.lr.ph.preheader, label %._crit_edge

.lr.ph.preheader:                                 ; preds = %2
  %wide.trip.count = zext i32 %1 to i64
  %min.iters.check = icmp ult i32 %1, 8
  br i1 %min.iters.check, label %.lr.ph.preheader12, label %vector.ph

vector.ph:                                        ; preds = %.lr.ph.preheader
  %n.vec = and i64 %wide.trip.count, 4294967288
  br label %vector.body

vector.body:                                      ; preds = %vector.body, %vector.ph
  %index = phi i64 [ 0, %vector.ph ], [ %index.next, %vector.body ]
  %vec.phi = phi <4 x i32> [ zeroinitializer, %vector.ph ], [ %8, %vector.body ]
  %vec.phi10 = phi <4 x i32> [ zeroinitializer, %vector.ph ], [ %9, %vector.body ]
  %4 = getelementptr inbounds i32, i32* %0, i64 %index
  %5 = bitcast i32* %4 to <4 x i32>*
  %wide.load = load <4 x i32>, <4 x i32>* %5, align 4
  %6 = getelementptr inbounds i32, i32* %4, i64 4
  %7 = bitcast i32* %6 to <4 x i32>*
  %wide.load11 = load <4 x i32>, <4 x i32>* %7, align 4
  %8 = add <4 x i32> %wide.load, %vec.phi
  %9 = add <4 x i32> %wide.load11, %vec.phi10
  %index.next = add nuw i64 %index, 8
  %10 = icmp eq i64 %index.next, %n.vec
  br i1 %10, label %middle.block, label %vector.body, !llvm.loop !10

middle.block:                                     ; preds = %vector.body
  %.lcssa14 = phi <4 x i32> [ %8, %vector.body ]
  %.lcssa13 = phi <4 x i32> [ %9, %vector.body ]
  %bin.rdx = add <4 x i32> %.lcssa13, %.lcssa14
  %11 = call i32 @llvm.vector.reduce.add.v4i32(<4 x i32> %bin.rdx)
  %cmp.n = icmp eq i64 %n.vec, %wide.trip.count
  br i1 %cmp.n, label %._crit_edge, label %.lr.ph.preheader12

.lr.ph.preheader12:                               ; preds = %.lr.ph.preheader, %middle.block
  %indvars.iv.ph = phi i64 [ 0, %.lr.ph.preheader ], [ %n.vec, %middle.block ]
  %.067.ph = phi i32 [ 0, %.lr.ph.preheader ], [ %11, %middle.block ]
  br label %.lr.ph

.lr.ph:                                           ; preds = %.lr.ph.preheader12, %.lr.ph
  %indvars.iv = phi i64 [ %indvars.iv.next, %.lr.ph ], [ %indvars.iv.ph, %.lr.ph.preheader12 ]
  %.067 = phi i32 [ %14, %.lr.ph ], [ %.067.ph, %.lr.ph.preheader12 ]
  %12 = getelementptr inbounds i32, i32* %0, i64 %indvars.iv
  %13 = load i32, i32* %12, align 4
  %14 = add nsw i32 %13, %.067
  %indvars.iv.next = add nuw nsw i64 %indvars.iv, 1
  %exitcond.not = icmp eq i64 %indvars.iv.next, %wide.trip.count
  br i1 %exitcond.not, label %._crit_edge.loopexit, label %.lr.ph, !llvm.loop !13

._crit_edge.loopexit:                             ; preds = %.lr.ph
  %.lcssa = phi i32 [ %14, %.lr.ph ]
  br label %._crit_edge

._crit_edge:                                      ; preds = %._crit_edge.loopexit, %middle.block, %2
  %.06.lcssa = phi i32 [ 0, %2 ], [ %11, %middle.block ], [ %.lcssa, %._crit_edge.loopexit ]
  ret i32 %.06.lcssa
}
*** IR Dump After InstCombinePass on sumArray ***
; Function Attrs: nofree norecurse nosync nounwind readonly uwtable
define dso_local i32 @sumArray(i32* nocapture noundef readonly %0, i32 noundef %1) local_unnamed_addr #0 {
  %3 = icmp sgt i32 %1, 0
  br i1 %3, label %.lr.ph.preheader, label %._crit_edge

.lr.ph.preheader:                                 ; preds = %2
  %wide.trip.count = zext i32 %1 to i64
  %min.iters.check = icmp ult i32 %1, 8
  br i1 %min.iters.check, label %.lr.ph.preheader12, label %vector.ph

vector.ph:                                        ; preds = %.lr.ph.preheader
  %n.vec = and i64 %wide.trip.count, 4294967288
  br label %vector.body

vector.body:                                      ; preds = %vector.body, %vector.ph
  %index = phi i64 [ 0, %vector.ph ], [ %index.next, %vector.body ]
  %vec.phi = phi <4 x i32> [ zeroinitializer, %vector.ph ], [ %8, %vector.body ]
  %vec.phi10 = phi <4 x i32> [ zeroinitializer, %vector.ph ], [ %9, %vector.body ]
  %4 = getelementptr inbounds i32, i32* %0, i64 %index
  %5 = bitcast i32* %4 to <4 x i32>*
  %wide.load = load <4 x i32>, <4 x i32>* %5, align 4
  %6 = getelementptr inbounds i32, i32* %4, i64 4
  %7 = bitcast i32* %6 to <4 x i32>*
  %wide.load11 = load <4 x i32>, <4 x i32>* %7, align 4
  %8 = add <4 x i32> %wide.load, %vec.phi
  %9 = add <4 x i32> %wide.load11, %vec.phi10
  %index.next = add nuw i64 %index, 8
  %10 = icmp eq i64 %index.next, %n.vec
  br i1 %10, label %middle.block, label %vector.body, !llvm.loop !10

middle.block:                                     ; preds = %vector.body
  %bin.rdx = add <4 x i32> %9, %8
  %11 = call i32 @llvm.vector.reduce.add.v4i32(<4 x i32> %bin.rdx)
  %cmp.n = icmp eq i64 %n.vec, %wide.trip.count
  br i1 %cmp.n, label %._crit_edge, label %.lr.ph.preheader12

.lr.ph.preheader12:                               ; preds = %.lr.ph.preheader, %middle.block
  %indvars.iv.ph = phi i64 [ 0, %.lr.ph.preheader ], [ %n.vec, %middle.block ]
  %.067.ph = phi i32 [ 0, %.lr.ph.preheader ], [ %11, %middle.block ]
  br label %.lr.ph

.lr.ph:                                           ; preds = %.lr.ph.preheader12, %.lr.ph
  %indvars.iv = phi i64 [ %indvars.iv.next, %.lr.ph ], [ %indvars.iv.ph, %.lr.ph.preheader12 ]
  %.067 = phi i32 [ %14, %.lr.ph ], [ %.067.ph, %.lr.ph.preheader12 ]
  %12 = getelementptr inbounds i32, i32* %0, i64 %indvars.iv
  %13 = load i32, i32* %12, align 4
  %14 = add nsw i32 %13, %.067
  %indvars.iv.next = add nuw nsw i64 %indvars.iv, 1
  %exitcond.not = icmp eq i64 %indvars.iv.next, %wide.trip.count
  br i1 %exitcond.not, label %._crit_edge.loopexit, label %.lr.ph, !llvm.loop !13

._crit_edge.loopexit:                             ; preds = %.lr.ph
  br label %._crit_edge

._crit_edge:                                      ; preds = %._crit_edge.loopexit, %middle.block, %2
  %.06.lcssa = phi i32 [ 0, %2 ], [ %11, %middle.block ], [ %14, %._crit_edge.loopexit ]
  ret i32 %.06.lcssa
}
*** IR Dump Before RequireAnalysisPass<llvm::OptimizationRemarkEmitterAnalysis, llvm::Function> on sumArray ***
; Function Attrs: nofree norecurse nosync nounwind readonly uwtable
define dso_local i32 @sumArray(i32* nocapture noundef readonly %0, i32 noundef %1) local_unnamed_addr #0 {
  %3 = icmp sgt i32 %1, 0
  br i1 %3, label %.lr.ph.preheader, label %._crit_edge

.lr.ph.preheader:                                 ; preds = %2
  %wide.trip.count = zext i32 %1 to i64
  %min.iters.check = icmp ult i32 %1, 8
  br i1 %min.iters.check, label %.lr.ph.preheader12, label %vector.ph

vector.ph:                                        ; preds = %.lr.ph.preheader
  %n.vec = and i64 %wide.trip.count, 4294967288
  br label %vector.body

vector.body:                                      ; preds = %vector.body, %vector.ph
  %index = phi i64 [ 0, %vector.ph ], [ %index.next, %vector.body ]
  %vec.phi = phi <4 x i32> [ zeroinitializer, %vector.ph ], [ %8, %vector.body ]
  %vec.phi10 = phi <4 x i32> [ zeroinitializer, %vector.ph ], [ %9, %vector.body ]
  %4 = getelementptr inbounds i32, i32* %0, i64 %index
  %5 = bitcast i32* %4 to <4 x i32>*
  %wide.load = load <4 x i32>, <4 x i32>* %5, align 4
  %6 = getelementptr inbounds i32, i32* %4, i64 4
  %7 = bitcast i32* %6 to <4 x i32>*
  %wide.load11 = load <4 x i32>, <4 x i32>* %7, align 4
  %8 = add <4 x i32> %wide.load, %vec.phi
  %9 = add <4 x i32> %wide.load11, %vec.phi10
  %index.next = add nuw i64 %index, 8
  %10 = icmp eq i64 %index.next, %n.vec
  br i1 %10, label %middle.block, label %vector.body, !llvm.loop !10

middle.block:                                     ; preds = %vector.body
  %bin.rdx = add <4 x i32> %9, %8
  %11 = call i32 @llvm.vector.reduce.add.v4i32(<4 x i32> %bin.rdx)
  %cmp.n = icmp eq i64 %n.vec, %wide.trip.count
  br i1 %cmp.n, label %._crit_edge, label %.lr.ph.preheader12

.lr.ph.preheader12:                               ; preds = %.lr.ph.preheader, %middle.block
  %indvars.iv.ph = phi i64 [ 0, %.lr.ph.preheader ], [ %n.vec, %middle.block ]
  %.067.ph = phi i32 [ 0, %.lr.ph.preheader ], [ %11, %middle.block ]
  br label %.lr.ph

.lr.ph:                                           ; preds = %.lr.ph.preheader12, %.lr.ph
  %indvars.iv = phi i64 [ %indvars.iv.next, %.lr.ph ], [ %indvars.iv.ph, %.lr.ph.preheader12 ]
  %.067 = phi i32 [ %14, %.lr.ph ], [ %.067.ph, %.lr.ph.preheader12 ]
  %12 = getelementptr inbounds i32, i32* %0, i64 %indvars.iv
  %13 = load i32, i32* %12, align 4
  %14 = add nsw i32 %13, %.067
  %indvars.iv.next = add nuw nsw i64 %indvars.iv, 1
  %exitcond.not = icmp eq i64 %indvars.iv.next, %wide.trip.count
  br i1 %exitcond.not, label %._crit_edge.loopexit, label %.lr.ph, !llvm.loop !13

._crit_edge.loopexit:                             ; preds = %.lr.ph
  br label %._crit_edge

._crit_edge:                                      ; preds = %._crit_edge.loopexit, %middle.block, %2
  %.06.lcssa = phi i32 [ 0, %2 ], [ %11, %middle.block ], [ %14, %._crit_edge.loopexit ]
  ret i32 %.06.lcssa
}
*** IR Dump After RequireAnalysisPass<llvm::OptimizationRemarkEmitterAnalysis, llvm::Function> on sumArray ***
; Function Attrs: nofree norecurse nosync nounwind readonly uwtable
define dso_local i32 @sumArray(i32* nocapture noundef readonly %0, i32 noundef %1) local_unnamed_addr #0 {
  %3 = icmp sgt i32 %1, 0
  br i1 %3, label %.lr.ph.preheader, label %._crit_edge

.lr.ph.preheader:                                 ; preds = %2
  %wide.trip.count = zext i32 %1 to i64
  %min.iters.check = icmp ult i32 %1, 8
  br i1 %min.iters.check, label %.lr.ph.preheader12, label %vector.ph

vector.ph:                                        ; preds = %.lr.ph.preheader
  %n.vec = and i64 %wide.trip.count, 4294967288
  br label %vector.body

vector.body:                                      ; preds = %vector.body, %vector.ph
  %index = phi i64 [ 0, %vector.ph ], [ %index.next, %vector.body ]
  %vec.phi = phi <4 x i32> [ zeroinitializer, %vector.ph ], [ %8, %vector.body ]
  %vec.phi10 = phi <4 x i32> [ zeroinitializer, %vector.ph ], [ %9, %vector.body ]
  %4 = getelementptr inbounds i32, i32* %0, i64 %index
  %5 = bitcast i32* %4 to <4 x i32>*
  %wide.load = load <4 x i32>, <4 x i32>* %5, align 4
  %6 = getelementptr inbounds i32, i32* %4, i64 4
  %7 = bitcast i32* %6 to <4 x i32>*
  %wide.load11 = load <4 x i32>, <4 x i32>* %7, align 4
  %8 = add <4 x i32> %wide.load, %vec.phi
  %9 = add <4 x i32> %wide.load11, %vec.phi10
  %index.next = add nuw i64 %index, 8
  %10 = icmp eq i64 %index.next, %n.vec
  br i1 %10, label %middle.block, label %vector.body, !llvm.loop !10

middle.block:                                     ; preds = %vector.body
  %bin.rdx = add <4 x i32> %9, %8
  %11 = call i32 @llvm.vector.reduce.add.v4i32(<4 x i32> %bin.rdx)
  %cmp.n = icmp eq i64 %n.vec, %wide.trip.count
  br i1 %cmp.n, label %._crit_edge, label %.lr.ph.preheader12

.lr.ph.preheader12:                               ; preds = %.lr.ph.preheader, %middle.block
  %indvars.iv.ph = phi i64 [ 0, %.lr.ph.preheader ], [ %n.vec, %middle.block ]
  %.067.ph = phi i32 [ 0, %.lr.ph.preheader ], [ %11, %middle.block ]
  br label %.lr.ph

.lr.ph:                                           ; preds = %.lr.ph.preheader12, %.lr.ph
  %indvars.iv = phi i64 [ %indvars.iv.next, %.lr.ph ], [ %indvars.iv.ph, %.lr.ph.preheader12 ]
  %.067 = phi i32 [ %14, %.lr.ph ], [ %.067.ph, %.lr.ph.preheader12 ]
  %12 = getelementptr inbounds i32, i32* %0, i64 %indvars.iv
  %13 = load i32, i32* %12, align 4
  %14 = add nsw i32 %13, %.067
  %indvars.iv.next = add nuw nsw i64 %indvars.iv, 1
  %exitcond.not = icmp eq i64 %indvars.iv.next, %wide.trip.count
  br i1 %exitcond.not, label %._crit_edge.loopexit, label %.lr.ph, !llvm.loop !13

._crit_edge.loopexit:                             ; preds = %.lr.ph
  br label %._crit_edge

._crit_edge:                                      ; preds = %._crit_edge.loopexit, %middle.block, %2
  %.06.lcssa = phi i32 [ 0, %2 ], [ %11, %middle.block ], [ %14, %._crit_edge.loopexit ]
  ret i32 %.06.lcssa
}
*** IR Dump Before LoopSimplifyPass on sumArray ***
; Function Attrs: nofree norecurse nosync nounwind readonly uwtable
define dso_local i32 @sumArray(i32* nocapture noundef readonly %0, i32 noundef %1) local_unnamed_addr #0 {
  %3 = icmp sgt i32 %1, 0
  br i1 %3, label %.lr.ph.preheader, label %._crit_edge

.lr.ph.preheader:                                 ; preds = %2
  %wide.trip.count = zext i32 %1 to i64
  %min.iters.check = icmp ult i32 %1, 8
  br i1 %min.iters.check, label %.lr.ph.preheader12, label %vector.ph

vector.ph:                                        ; preds = %.lr.ph.preheader
  %n.vec = and i64 %wide.trip.count, 4294967288
  br label %vector.body

vector.body:                                      ; preds = %vector.body, %vector.ph
  %index = phi i64 [ 0, %vector.ph ], [ %index.next, %vector.body ]
  %vec.phi = phi <4 x i32> [ zeroinitializer, %vector.ph ], [ %8, %vector.body ]
  %vec.phi10 = phi <4 x i32> [ zeroinitializer, %vector.ph ], [ %9, %vector.body ]
  %4 = getelementptr inbounds i32, i32* %0, i64 %index
  %5 = bitcast i32* %4 to <4 x i32>*
  %wide.load = load <4 x i32>, <4 x i32>* %5, align 4
  %6 = getelementptr inbounds i32, i32* %4, i64 4
  %7 = bitcast i32* %6 to <4 x i32>*
  %wide.load11 = load <4 x i32>, <4 x i32>* %7, align 4
  %8 = add <4 x i32> %wide.load, %vec.phi
  %9 = add <4 x i32> %wide.load11, %vec.phi10
  %index.next = add nuw i64 %index, 8
  %10 = icmp eq i64 %index.next, %n.vec
  br i1 %10, label %middle.block, label %vector.body, !llvm.loop !10

middle.block:                                     ; preds = %vector.body
  %bin.rdx = add <4 x i32> %9, %8
  %11 = call i32 @llvm.vector.reduce.add.v4i32(<4 x i32> %bin.rdx)
  %cmp.n = icmp eq i64 %n.vec, %wide.trip.count
  br i1 %cmp.n, label %._crit_edge, label %.lr.ph.preheader12

.lr.ph.preheader12:                               ; preds = %.lr.ph.preheader, %middle.block
  %indvars.iv.ph = phi i64 [ 0, %.lr.ph.preheader ], [ %n.vec, %middle.block ]
  %.067.ph = phi i32 [ 0, %.lr.ph.preheader ], [ %11, %middle.block ]
  br label %.lr.ph

.lr.ph:                                           ; preds = %.lr.ph.preheader12, %.lr.ph
  %indvars.iv = phi i64 [ %indvars.iv.next, %.lr.ph ], [ %indvars.iv.ph, %.lr.ph.preheader12 ]
  %.067 = phi i32 [ %14, %.lr.ph ], [ %.067.ph, %.lr.ph.preheader12 ]
  %12 = getelementptr inbounds i32, i32* %0, i64 %indvars.iv
  %13 = load i32, i32* %12, align 4
  %14 = add nsw i32 %13, %.067
  %indvars.iv.next = add nuw nsw i64 %indvars.iv, 1
  %exitcond.not = icmp eq i64 %indvars.iv.next, %wide.trip.count
  br i1 %exitcond.not, label %._crit_edge.loopexit, label %.lr.ph, !llvm.loop !13

._crit_edge.loopexit:                             ; preds = %.lr.ph
  br label %._crit_edge

._crit_edge:                                      ; preds = %._crit_edge.loopexit, %middle.block, %2
  %.06.lcssa = phi i32 [ 0, %2 ], [ %11, %middle.block ], [ %14, %._crit_edge.loopexit ]
  ret i32 %.06.lcssa
}
*** IR Dump After LoopSimplifyPass on sumArray ***
; Function Attrs: nofree norecurse nosync nounwind readonly uwtable
define dso_local i32 @sumArray(i32* nocapture noundef readonly %0, i32 noundef %1) local_unnamed_addr #0 {
  %3 = icmp sgt i32 %1, 0
  br i1 %3, label %.lr.ph.preheader, label %._crit_edge

.lr.ph.preheader:                                 ; preds = %2
  %wide.trip.count = zext i32 %1 to i64
  %min.iters.check = icmp ult i32 %1, 8
  br i1 %min.iters.check, label %.lr.ph.preheader12, label %vector.ph

vector.ph:                                        ; preds = %.lr.ph.preheader
  %n.vec = and i64 %wide.trip.count, 4294967288
  br label %vector.body

vector.body:                                      ; preds = %vector.body, %vector.ph
  %index = phi i64 [ 0, %vector.ph ], [ %index.next, %vector.body ]
  %vec.phi = phi <4 x i32> [ zeroinitializer, %vector.ph ], [ %8, %vector.body ]
  %vec.phi10 = phi <4 x i32> [ zeroinitializer, %vector.ph ], [ %9, %vector.body ]
  %4 = getelementptr inbounds i32, i32* %0, i64 %index
  %5 = bitcast i32* %4 to <4 x i32>*
  %wide.load = load <4 x i32>, <4 x i32>* %5, align 4
  %6 = getelementptr inbounds i32, i32* %4, i64 4
  %7 = bitcast i32* %6 to <4 x i32>*
  %wide.load11 = load <4 x i32>, <4 x i32>* %7, align 4
  %8 = add <4 x i32> %wide.load, %vec.phi
  %9 = add <4 x i32> %wide.load11, %vec.phi10
  %index.next = add nuw i64 %index, 8
  %10 = icmp eq i64 %index.next, %n.vec
  br i1 %10, label %middle.block, label %vector.body, !llvm.loop !10

middle.block:                                     ; preds = %vector.body
  %bin.rdx = add <4 x i32> %9, %8
  %11 = call i32 @llvm.vector.reduce.add.v4i32(<4 x i32> %bin.rdx)
  %cmp.n = icmp eq i64 %n.vec, %wide.trip.count
  br i1 %cmp.n, label %._crit_edge, label %.lr.ph.preheader12

.lr.ph.preheader12:                               ; preds = %.lr.ph.preheader, %middle.block
  %indvars.iv.ph = phi i64 [ 0, %.lr.ph.preheader ], [ %n.vec, %middle.block ]
  %.067.ph = phi i32 [ 0, %.lr.ph.preheader ], [ %11, %middle.block ]
  br label %.lr.ph

.lr.ph:                                           ; preds = %.lr.ph.preheader12, %.lr.ph
  %indvars.iv = phi i64 [ %indvars.iv.next, %.lr.ph ], [ %indvars.iv.ph, %.lr.ph.preheader12 ]
  %.067 = phi i32 [ %14, %.lr.ph ], [ %.067.ph, %.lr.ph.preheader12 ]
  %12 = getelementptr inbounds i32, i32* %0, i64 %indvars.iv
  %13 = load i32, i32* %12, align 4
  %14 = add nsw i32 %13, %.067
  %indvars.iv.next = add nuw nsw i64 %indvars.iv, 1
  %exitcond.not = icmp eq i64 %indvars.iv.next, %wide.trip.count
  br i1 %exitcond.not, label %._crit_edge.loopexit, label %.lr.ph, !llvm.loop !13

._crit_edge.loopexit:                             ; preds = %.lr.ph
  br label %._crit_edge

._crit_edge:                                      ; preds = %._crit_edge.loopexit, %middle.block, %2
  %.06.lcssa = phi i32 [ 0, %2 ], [ %11, %middle.block ], [ %14, %._crit_edge.loopexit ]
  ret i32 %.06.lcssa
}
*** IR Dump Before LCSSAPass on sumArray ***
; Function Attrs: nofree norecurse nosync nounwind readonly uwtable
define dso_local i32 @sumArray(i32* nocapture noundef readonly %0, i32 noundef %1) local_unnamed_addr #0 {
  %3 = icmp sgt i32 %1, 0
  br i1 %3, label %.lr.ph.preheader, label %._crit_edge

.lr.ph.preheader:                                 ; preds = %2
  %wide.trip.count = zext i32 %1 to i64
  %min.iters.check = icmp ult i32 %1, 8
  br i1 %min.iters.check, label %.lr.ph.preheader12, label %vector.ph

vector.ph:                                        ; preds = %.lr.ph.preheader
  %n.vec = and i64 %wide.trip.count, 4294967288
  br label %vector.body

vector.body:                                      ; preds = %vector.body, %vector.ph
  %index = phi i64 [ 0, %vector.ph ], [ %index.next, %vector.body ]
  %vec.phi = phi <4 x i32> [ zeroinitializer, %vector.ph ], [ %8, %vector.body ]
  %vec.phi10 = phi <4 x i32> [ zeroinitializer, %vector.ph ], [ %9, %vector.body ]
  %4 = getelementptr inbounds i32, i32* %0, i64 %index
  %5 = bitcast i32* %4 to <4 x i32>*
  %wide.load = load <4 x i32>, <4 x i32>* %5, align 4
  %6 = getelementptr inbounds i32, i32* %4, i64 4
  %7 = bitcast i32* %6 to <4 x i32>*
  %wide.load11 = load <4 x i32>, <4 x i32>* %7, align 4
  %8 = add <4 x i32> %wide.load, %vec.phi
  %9 = add <4 x i32> %wide.load11, %vec.phi10
  %index.next = add nuw i64 %index, 8
  %10 = icmp eq i64 %index.next, %n.vec
  br i1 %10, label %middle.block, label %vector.body, !llvm.loop !10

middle.block:                                     ; preds = %vector.body
  %bin.rdx = add <4 x i32> %9, %8
  %11 = call i32 @llvm.vector.reduce.add.v4i32(<4 x i32> %bin.rdx)
  %cmp.n = icmp eq i64 %n.vec, %wide.trip.count
  br i1 %cmp.n, label %._crit_edge, label %.lr.ph.preheader12

.lr.ph.preheader12:                               ; preds = %.lr.ph.preheader, %middle.block
  %indvars.iv.ph = phi i64 [ 0, %.lr.ph.preheader ], [ %n.vec, %middle.block ]
  %.067.ph = phi i32 [ 0, %.lr.ph.preheader ], [ %11, %middle.block ]
  br label %.lr.ph

.lr.ph:                                           ; preds = %.lr.ph.preheader12, %.lr.ph
  %indvars.iv = phi i64 [ %indvars.iv.next, %.lr.ph ], [ %indvars.iv.ph, %.lr.ph.preheader12 ]
  %.067 = phi i32 [ %14, %.lr.ph ], [ %.067.ph, %.lr.ph.preheader12 ]
  %12 = getelementptr inbounds i32, i32* %0, i64 %indvars.iv
  %13 = load i32, i32* %12, align 4
  %14 = add nsw i32 %13, %.067
  %indvars.iv.next = add nuw nsw i64 %indvars.iv, 1
  %exitcond.not = icmp eq i64 %indvars.iv.next, %wide.trip.count
  br i1 %exitcond.not, label %._crit_edge.loopexit, label %.lr.ph, !llvm.loop !13

._crit_edge.loopexit:                             ; preds = %.lr.ph
  br label %._crit_edge

._crit_edge:                                      ; preds = %._crit_edge.loopexit, %middle.block, %2
  %.06.lcssa = phi i32 [ 0, %2 ], [ %11, %middle.block ], [ %14, %._crit_edge.loopexit ]
  ret i32 %.06.lcssa
}
*** IR Dump After LCSSAPass on sumArray ***
; Function Attrs: nofree norecurse nosync nounwind readonly uwtable
define dso_local i32 @sumArray(i32* nocapture noundef readonly %0, i32 noundef %1) local_unnamed_addr #0 {
  %3 = icmp sgt i32 %1, 0
  br i1 %3, label %.lr.ph.preheader, label %._crit_edge

.lr.ph.preheader:                                 ; preds = %2
  %wide.trip.count = zext i32 %1 to i64
  %min.iters.check = icmp ult i32 %1, 8
  br i1 %min.iters.check, label %.lr.ph.preheader12, label %vector.ph

vector.ph:                                        ; preds = %.lr.ph.preheader
  %n.vec = and i64 %wide.trip.count, 4294967288
  br label %vector.body

vector.body:                                      ; preds = %vector.body, %vector.ph
  %index = phi i64 [ 0, %vector.ph ], [ %index.next, %vector.body ]
  %vec.phi = phi <4 x i32> [ zeroinitializer, %vector.ph ], [ %8, %vector.body ]
  %vec.phi10 = phi <4 x i32> [ zeroinitializer, %vector.ph ], [ %9, %vector.body ]
  %4 = getelementptr inbounds i32, i32* %0, i64 %index
  %5 = bitcast i32* %4 to <4 x i32>*
  %wide.load = load <4 x i32>, <4 x i32>* %5, align 4
  %6 = getelementptr inbounds i32, i32* %4, i64 4
  %7 = bitcast i32* %6 to <4 x i32>*
  %wide.load11 = load <4 x i32>, <4 x i32>* %7, align 4
  %8 = add <4 x i32> %wide.load, %vec.phi
  %9 = add <4 x i32> %wide.load11, %vec.phi10
  %index.next = add nuw i64 %index, 8
  %10 = icmp eq i64 %index.next, %n.vec
  br i1 %10, label %middle.block, label %vector.body, !llvm.loop !10

middle.block:                                     ; preds = %vector.body
  %.lcssa16 = phi <4 x i32> [ %8, %vector.body ]
  %.lcssa15 = phi <4 x i32> [ %9, %vector.body ]
  %bin.rdx = add <4 x i32> %.lcssa15, %.lcssa16
  %11 = call i32 @llvm.vector.reduce.add.v4i32(<4 x i32> %bin.rdx)
  %cmp.n = icmp eq i64 %n.vec, %wide.trip.count
  br i1 %cmp.n, label %._crit_edge, label %.lr.ph.preheader12

.lr.ph.preheader12:                               ; preds = %.lr.ph.preheader, %middle.block
  %indvars.iv.ph = phi i64 [ 0, %.lr.ph.preheader ], [ %n.vec, %middle.block ]
  %.067.ph = phi i32 [ 0, %.lr.ph.preheader ], [ %11, %middle.block ]
  br label %.lr.ph

.lr.ph:                                           ; preds = %.lr.ph.preheader12, %.lr.ph
  %indvars.iv = phi i64 [ %indvars.iv.next, %.lr.ph ], [ %indvars.iv.ph, %.lr.ph.preheader12 ]
  %.067 = phi i32 [ %14, %.lr.ph ], [ %.067.ph, %.lr.ph.preheader12 ]
  %12 = getelementptr inbounds i32, i32* %0, i64 %indvars.iv
  %13 = load i32, i32* %12, align 4
  %14 = add nsw i32 %13, %.067
  %indvars.iv.next = add nuw nsw i64 %indvars.iv, 1
  %exitcond.not = icmp eq i64 %indvars.iv.next, %wide.trip.count
  br i1 %exitcond.not, label %._crit_edge.loopexit, label %.lr.ph, !llvm.loop !13

._crit_edge.loopexit:                             ; preds = %.lr.ph
  %.lcssa = phi i32 [ %14, %.lr.ph ]
  br label %._crit_edge

._crit_edge:                                      ; preds = %._crit_edge.loopexit, %middle.block, %2
  %.06.lcssa = phi i32 [ 0, %2 ], [ %11, %middle.block ], [ %.lcssa, %._crit_edge.loopexit ]
  ret i32 %.06.lcssa
}
*** IR Dump Before LICMPass on Loop at depth 1 containing: %vector.body<header><latch><exiting> ***

; Preheader:
vector.ph:                                        ; preds = %.lr.ph.preheader
  %n.vec = and i64 %wide.trip.count, 4294967288
  br label %vector.body

; Loop:
vector.body:                                      ; preds = %vector.body, %vector.ph
  %index = phi i64 [ 0, %vector.ph ], [ %index.next, %vector.body ]
  %vec.phi = phi <4 x i32> [ zeroinitializer, %vector.ph ], [ %8, %vector.body ]
  %vec.phi10 = phi <4 x i32> [ zeroinitializer, %vector.ph ], [ %9, %vector.body ]
  %4 = getelementptr inbounds i32, i32* %0, i64 %index
  %5 = bitcast i32* %4 to <4 x i32>*
  %wide.load = load <4 x i32>, <4 x i32>* %5, align 4
  %6 = getelementptr inbounds i32, i32* %4, i64 4
  %7 = bitcast i32* %6 to <4 x i32>*
  %wide.load11 = load <4 x i32>, <4 x i32>* %7, align 4
  %8 = add <4 x i32> %wide.load, %vec.phi
  %9 = add <4 x i32> %wide.load11, %vec.phi10
  %index.next = add nuw i64 %index, 8
  %10 = icmp eq i64 %index.next, %n.vec
  br i1 %10, label %middle.block, label %vector.body, !llvm.loop !10

; Exit blocks
middle.block:                                     ; preds = %vector.body
  %.lcssa16 = phi <4 x i32> [ %8, %vector.body ]
  %.lcssa15 = phi <4 x i32> [ %9, %vector.body ]
  %bin.rdx = add <4 x i32> %.lcssa15, %.lcssa16
  %11 = call i32 @llvm.vector.reduce.add.v4i32(<4 x i32> %bin.rdx)
  %cmp.n = icmp eq i64 %n.vec, %wide.trip.count
  br i1 %cmp.n, label %._crit_edge, label %.lr.ph.preheader12
*** IR Dump After LICMPass on Loop at depth 1 containing: %vector.body<header><latch><exiting> ***

; Preheader:
vector.ph:                                        ; preds = %.lr.ph.preheader
  %n.vec = and i64 %wide.trip.count, 4294967288
  br label %vector.body

; Loop:
vector.body:                                      ; preds = %vector.body, %vector.ph
  %index = phi i64 [ 0, %vector.ph ], [ %index.next, %vector.body ]
  %vec.phi = phi <4 x i32> [ zeroinitializer, %vector.ph ], [ %8, %vector.body ]
  %vec.phi10 = phi <4 x i32> [ zeroinitializer, %vector.ph ], [ %9, %vector.body ]
  %4 = getelementptr inbounds i32, i32* %0, i64 %index
  %5 = bitcast i32* %4 to <4 x i32>*
  %wide.load = load <4 x i32>, <4 x i32>* %5, align 4
  %6 = getelementptr inbounds i32, i32* %4, i64 4
  %7 = bitcast i32* %6 to <4 x i32>*
  %wide.load11 = load <4 x i32>, <4 x i32>* %7, align 4
  %8 = add <4 x i32> %wide.load, %vec.phi
  %9 = add <4 x i32> %wide.load11, %vec.phi10
  %index.next = add nuw i64 %index, 8
  %10 = icmp eq i64 %index.next, %n.vec
  br i1 %10, label %middle.block, label %vector.body, !llvm.loop !10

; Exit blocks
middle.block:                                     ; preds = %vector.body
  %.lcssa16 = phi <4 x i32> [ %8, %vector.body ]
  %.lcssa15 = phi <4 x i32> [ %9, %vector.body ]
  %bin.rdx = add <4 x i32> %.lcssa15, %.lcssa16
  %11 = call i32 @llvm.vector.reduce.add.v4i32(<4 x i32> %bin.rdx)
  %cmp.n = icmp eq i64 %n.vec, %wide.trip.count
  br i1 %cmp.n, label %._crit_edge, label %.lr.ph.preheader12
*** IR Dump Before LICMPass on Loop at depth 1 containing: %.lr.ph<header><latch><exiting> ***

; Preheader:
.lr.ph.preheader12:                               ; preds = %.lr.ph.preheader, %middle.block
  %indvars.iv.ph = phi i64 [ 0, %.lr.ph.preheader ], [ %n.vec, %middle.block ]
  %.067.ph = phi i32 [ 0, %.lr.ph.preheader ], [ %11, %middle.block ]
  br label %.lr.ph

; Loop:
.lr.ph:                                           ; preds = %.lr.ph.preheader12, %.lr.ph
  %indvars.iv = phi i64 [ %indvars.iv.next, %.lr.ph ], [ %indvars.iv.ph, %.lr.ph.preheader12 ]
  %.067 = phi i32 [ %14, %.lr.ph ], [ %.067.ph, %.lr.ph.preheader12 ]
  %12 = getelementptr inbounds i32, i32* %0, i64 %indvars.iv
  %13 = load i32, i32* %12, align 4
  %14 = add nsw i32 %13, %.067
  %indvars.iv.next = add nuw nsw i64 %indvars.iv, 1
  %exitcond.not = icmp eq i64 %indvars.iv.next, %wide.trip.count
  br i1 %exitcond.not, label %._crit_edge.loopexit, label %.lr.ph, !llvm.loop !13

; Exit blocks
._crit_edge.loopexit:                             ; preds = %.lr.ph
  %.lcssa = phi i32 [ %14, %.lr.ph ]
  br label %._crit_edge
*** IR Dump After LICMPass on Loop at depth 1 containing: %.lr.ph<header><latch><exiting> ***

; Preheader:
.lr.ph.preheader12:                               ; preds = %.lr.ph.preheader, %middle.block
  %indvars.iv.ph = phi i64 [ 0, %.lr.ph.preheader ], [ %n.vec, %middle.block ]
  %.067.ph = phi i32 [ 0, %.lr.ph.preheader ], [ %11, %middle.block ]
  br label %.lr.ph

; Loop:
.lr.ph:                                           ; preds = %.lr.ph.preheader12, %.lr.ph
  %indvars.iv = phi i64 [ %indvars.iv.next, %.lr.ph ], [ %indvars.iv.ph, %.lr.ph.preheader12 ]
  %.067 = phi i32 [ %14, %.lr.ph ], [ %.067.ph, %.lr.ph.preheader12 ]
  %12 = getelementptr inbounds i32, i32* %0, i64 %indvars.iv
  %13 = load i32, i32* %12, align 4
  %14 = add nsw i32 %13, %.067
  %indvars.iv.next = add nuw nsw i64 %indvars.iv, 1
  %exitcond.not = icmp eq i64 %indvars.iv.next, %wide.trip.count
  br i1 %exitcond.not, label %._crit_edge.loopexit, label %.lr.ph, !llvm.loop !13

; Exit blocks
._crit_edge.loopexit:                             ; preds = %.lr.ph
  %.lcssa = phi i32 [ %14, %.lr.ph ]
  br label %._crit_edge
*** IR Dump Before AlignmentFromAssumptionsPass on sumArray ***
; Function Attrs: nofree norecurse nosync nounwind readonly uwtable
define dso_local i32 @sumArray(i32* nocapture noundef readonly %0, i32 noundef %1) local_unnamed_addr #0 {
  %3 = icmp sgt i32 %1, 0
  br i1 %3, label %.lr.ph.preheader, label %._crit_edge

.lr.ph.preheader:                                 ; preds = %2
  %wide.trip.count = zext i32 %1 to i64
  %min.iters.check = icmp ult i32 %1, 8
  br i1 %min.iters.check, label %.lr.ph.preheader12, label %vector.ph

vector.ph:                                        ; preds = %.lr.ph.preheader
  %n.vec = and i64 %wide.trip.count, 4294967288
  br label %vector.body

vector.body:                                      ; preds = %vector.body, %vector.ph
  %index = phi i64 [ 0, %vector.ph ], [ %index.next, %vector.body ]
  %vec.phi = phi <4 x i32> [ zeroinitializer, %vector.ph ], [ %8, %vector.body ]
  %vec.phi10 = phi <4 x i32> [ zeroinitializer, %vector.ph ], [ %9, %vector.body ]
  %4 = getelementptr inbounds i32, i32* %0, i64 %index
  %5 = bitcast i32* %4 to <4 x i32>*
  %wide.load = load <4 x i32>, <4 x i32>* %5, align 4
  %6 = getelementptr inbounds i32, i32* %4, i64 4
  %7 = bitcast i32* %6 to <4 x i32>*
  %wide.load11 = load <4 x i32>, <4 x i32>* %7, align 4
  %8 = add <4 x i32> %wide.load, %vec.phi
  %9 = add <4 x i32> %wide.load11, %vec.phi10
  %index.next = add nuw i64 %index, 8
  %10 = icmp eq i64 %index.next, %n.vec
  br i1 %10, label %middle.block, label %vector.body, !llvm.loop !10

middle.block:                                     ; preds = %vector.body
  %.lcssa16 = phi <4 x i32> [ %8, %vector.body ]
  %.lcssa15 = phi <4 x i32> [ %9, %vector.body ]
  %bin.rdx = add <4 x i32> %.lcssa15, %.lcssa16
  %11 = call i32 @llvm.vector.reduce.add.v4i32(<4 x i32> %bin.rdx)
  %cmp.n = icmp eq i64 %n.vec, %wide.trip.count
  br i1 %cmp.n, label %._crit_edge, label %.lr.ph.preheader12

.lr.ph.preheader12:                               ; preds = %.lr.ph.preheader, %middle.block
  %indvars.iv.ph = phi i64 [ 0, %.lr.ph.preheader ], [ %n.vec, %middle.block ]
  %.067.ph = phi i32 [ 0, %.lr.ph.preheader ], [ %11, %middle.block ]
  br label %.lr.ph

.lr.ph:                                           ; preds = %.lr.ph.preheader12, %.lr.ph
  %indvars.iv = phi i64 [ %indvars.iv.next, %.lr.ph ], [ %indvars.iv.ph, %.lr.ph.preheader12 ]
  %.067 = phi i32 [ %14, %.lr.ph ], [ %.067.ph, %.lr.ph.preheader12 ]
  %12 = getelementptr inbounds i32, i32* %0, i64 %indvars.iv
  %13 = load i32, i32* %12, align 4
  %14 = add nsw i32 %13, %.067
  %indvars.iv.next = add nuw nsw i64 %indvars.iv, 1
  %exitcond.not = icmp eq i64 %indvars.iv.next, %wide.trip.count
  br i1 %exitcond.not, label %._crit_edge.loopexit, label %.lr.ph, !llvm.loop !13

._crit_edge.loopexit:                             ; preds = %.lr.ph
  %.lcssa = phi i32 [ %14, %.lr.ph ]
  br label %._crit_edge

._crit_edge:                                      ; preds = %._crit_edge.loopexit, %middle.block, %2
  %.06.lcssa = phi i32 [ 0, %2 ], [ %11, %middle.block ], [ %.lcssa, %._crit_edge.loopexit ]
  ret i32 %.06.lcssa
}
*** IR Dump After AlignmentFromAssumptionsPass on sumArray ***
; Function Attrs: nofree norecurse nosync nounwind readonly uwtable
define dso_local i32 @sumArray(i32* nocapture noundef readonly %0, i32 noundef %1) local_unnamed_addr #0 {
  %3 = icmp sgt i32 %1, 0
  br i1 %3, label %.lr.ph.preheader, label %._crit_edge

.lr.ph.preheader:                                 ; preds = %2
  %wide.trip.count = zext i32 %1 to i64
  %min.iters.check = icmp ult i32 %1, 8
  br i1 %min.iters.check, label %.lr.ph.preheader12, label %vector.ph

vector.ph:                                        ; preds = %.lr.ph.preheader
  %n.vec = and i64 %wide.trip.count, 4294967288
  br label %vector.body

vector.body:                                      ; preds = %vector.body, %vector.ph
  %index = phi i64 [ 0, %vector.ph ], [ %index.next, %vector.body ]
  %vec.phi = phi <4 x i32> [ zeroinitializer, %vector.ph ], [ %8, %vector.body ]
  %vec.phi10 = phi <4 x i32> [ zeroinitializer, %vector.ph ], [ %9, %vector.body ]
  %4 = getelementptr inbounds i32, i32* %0, i64 %index
  %5 = bitcast i32* %4 to <4 x i32>*
  %wide.load = load <4 x i32>, <4 x i32>* %5, align 4
  %6 = getelementptr inbounds i32, i32* %4, i64 4
  %7 = bitcast i32* %6 to <4 x i32>*
  %wide.load11 = load <4 x i32>, <4 x i32>* %7, align 4
  %8 = add <4 x i32> %wide.load, %vec.phi
  %9 = add <4 x i32> %wide.load11, %vec.phi10
  %index.next = add nuw i64 %index, 8
  %10 = icmp eq i64 %index.next, %n.vec
  br i1 %10, label %middle.block, label %vector.body, !llvm.loop !10

middle.block:                                     ; preds = %vector.body
  %.lcssa16 = phi <4 x i32> [ %8, %vector.body ]
  %.lcssa15 = phi <4 x i32> [ %9, %vector.body ]
  %bin.rdx = add <4 x i32> %.lcssa15, %.lcssa16
  %11 = call i32 @llvm.vector.reduce.add.v4i32(<4 x i32> %bin.rdx)
  %cmp.n = icmp eq i64 %n.vec, %wide.trip.count
  br i1 %cmp.n, label %._crit_edge, label %.lr.ph.preheader12

.lr.ph.preheader12:                               ; preds = %.lr.ph.preheader, %middle.block
  %indvars.iv.ph = phi i64 [ 0, %.lr.ph.preheader ], [ %n.vec, %middle.block ]
  %.067.ph = phi i32 [ 0, %.lr.ph.preheader ], [ %11, %middle.block ]
  br label %.lr.ph

.lr.ph:                                           ; preds = %.lr.ph.preheader12, %.lr.ph
  %indvars.iv = phi i64 [ %indvars.iv.next, %.lr.ph ], [ %indvars.iv.ph, %.lr.ph.preheader12 ]
  %.067 = phi i32 [ %14, %.lr.ph ], [ %.067.ph, %.lr.ph.preheader12 ]
  %12 = getelementptr inbounds i32, i32* %0, i64 %indvars.iv
  %13 = load i32, i32* %12, align 4
  %14 = add nsw i32 %13, %.067
  %indvars.iv.next = add nuw nsw i64 %indvars.iv, 1
  %exitcond.not = icmp eq i64 %indvars.iv.next, %wide.trip.count
  br i1 %exitcond.not, label %._crit_edge.loopexit, label %.lr.ph, !llvm.loop !13

._crit_edge.loopexit:                             ; preds = %.lr.ph
  %.lcssa = phi i32 [ %14, %.lr.ph ]
  br label %._crit_edge

._crit_edge:                                      ; preds = %._crit_edge.loopexit, %middle.block, %2
  %.06.lcssa = phi i32 [ 0, %2 ], [ %11, %middle.block ], [ %.lcssa, %._crit_edge.loopexit ]
  ret i32 %.06.lcssa
}
*** IR Dump Before LoopSinkPass on sumArray ***
; Function Attrs: nofree norecurse nosync nounwind readonly uwtable
define dso_local i32 @sumArray(i32* nocapture noundef readonly %0, i32 noundef %1) local_unnamed_addr #0 {
  %3 = icmp sgt i32 %1, 0
  br i1 %3, label %.lr.ph.preheader, label %._crit_edge

.lr.ph.preheader:                                 ; preds = %2
  %wide.trip.count = zext i32 %1 to i64
  %min.iters.check = icmp ult i32 %1, 8
  br i1 %min.iters.check, label %.lr.ph.preheader12, label %vector.ph

vector.ph:                                        ; preds = %.lr.ph.preheader
  %n.vec = and i64 %wide.trip.count, 4294967288
  br label %vector.body

vector.body:                                      ; preds = %vector.body, %vector.ph
  %index = phi i64 [ 0, %vector.ph ], [ %index.next, %vector.body ]
  %vec.phi = phi <4 x i32> [ zeroinitializer, %vector.ph ], [ %8, %vector.body ]
  %vec.phi10 = phi <4 x i32> [ zeroinitializer, %vector.ph ], [ %9, %vector.body ]
  %4 = getelementptr inbounds i32, i32* %0, i64 %index
  %5 = bitcast i32* %4 to <4 x i32>*
  %wide.load = load <4 x i32>, <4 x i32>* %5, align 4
  %6 = getelementptr inbounds i32, i32* %4, i64 4
  %7 = bitcast i32* %6 to <4 x i32>*
  %wide.load11 = load <4 x i32>, <4 x i32>* %7, align 4
  %8 = add <4 x i32> %wide.load, %vec.phi
  %9 = add <4 x i32> %wide.load11, %vec.phi10
  %index.next = add nuw i64 %index, 8
  %10 = icmp eq i64 %index.next, %n.vec
  br i1 %10, label %middle.block, label %vector.body, !llvm.loop !10

middle.block:                                     ; preds = %vector.body
  %.lcssa16 = phi <4 x i32> [ %8, %vector.body ]
  %.lcssa15 = phi <4 x i32> [ %9, %vector.body ]
  %bin.rdx = add <4 x i32> %.lcssa15, %.lcssa16
  %11 = call i32 @llvm.vector.reduce.add.v4i32(<4 x i32> %bin.rdx)
  %cmp.n = icmp eq i64 %n.vec, %wide.trip.count
  br i1 %cmp.n, label %._crit_edge, label %.lr.ph.preheader12

.lr.ph.preheader12:                               ; preds = %.lr.ph.preheader, %middle.block
  %indvars.iv.ph = phi i64 [ 0, %.lr.ph.preheader ], [ %n.vec, %middle.block ]
  %.067.ph = phi i32 [ 0, %.lr.ph.preheader ], [ %11, %middle.block ]
  br label %.lr.ph

.lr.ph:                                           ; preds = %.lr.ph.preheader12, %.lr.ph
  %indvars.iv = phi i64 [ %indvars.iv.next, %.lr.ph ], [ %indvars.iv.ph, %.lr.ph.preheader12 ]
  %.067 = phi i32 [ %14, %.lr.ph ], [ %.067.ph, %.lr.ph.preheader12 ]
  %12 = getelementptr inbounds i32, i32* %0, i64 %indvars.iv
  %13 = load i32, i32* %12, align 4
  %14 = add nsw i32 %13, %.067
  %indvars.iv.next = add nuw nsw i64 %indvars.iv, 1
  %exitcond.not = icmp eq i64 %indvars.iv.next, %wide.trip.count
  br i1 %exitcond.not, label %._crit_edge.loopexit, label %.lr.ph, !llvm.loop !13

._crit_edge.loopexit:                             ; preds = %.lr.ph
  %.lcssa = phi i32 [ %14, %.lr.ph ]
  br label %._crit_edge

._crit_edge:                                      ; preds = %._crit_edge.loopexit, %middle.block, %2
  %.06.lcssa = phi i32 [ 0, %2 ], [ %11, %middle.block ], [ %.lcssa, %._crit_edge.loopexit ]
  ret i32 %.06.lcssa
}
*** IR Dump After LoopSinkPass on sumArray ***
; Function Attrs: nofree norecurse nosync nounwind readonly uwtable
define dso_local i32 @sumArray(i32* nocapture noundef readonly %0, i32 noundef %1) local_unnamed_addr #0 {
  %3 = icmp sgt i32 %1, 0
  br i1 %3, label %.lr.ph.preheader, label %._crit_edge

.lr.ph.preheader:                                 ; preds = %2
  %wide.trip.count = zext i32 %1 to i64
  %min.iters.check = icmp ult i32 %1, 8
  br i1 %min.iters.check, label %.lr.ph.preheader12, label %vector.ph

vector.ph:                                        ; preds = %.lr.ph.preheader
  %n.vec = and i64 %wide.trip.count, 4294967288
  br label %vector.body

vector.body:                                      ; preds = %vector.body, %vector.ph
  %index = phi i64 [ 0, %vector.ph ], [ %index.next, %vector.body ]
  %vec.phi = phi <4 x i32> [ zeroinitializer, %vector.ph ], [ %8, %vector.body ]
  %vec.phi10 = phi <4 x i32> [ zeroinitializer, %vector.ph ], [ %9, %vector.body ]
  %4 = getelementptr inbounds i32, i32* %0, i64 %index
  %5 = bitcast i32* %4 to <4 x i32>*
  %wide.load = load <4 x i32>, <4 x i32>* %5, align 4
  %6 = getelementptr inbounds i32, i32* %4, i64 4
  %7 = bitcast i32* %6 to <4 x i32>*
  %wide.load11 = load <4 x i32>, <4 x i32>* %7, align 4
  %8 = add <4 x i32> %wide.load, %vec.phi
  %9 = add <4 x i32> %wide.load11, %vec.phi10
  %index.next = add nuw i64 %index, 8
  %10 = icmp eq i64 %index.next, %n.vec
  br i1 %10, label %middle.block, label %vector.body, !llvm.loop !10

middle.block:                                     ; preds = %vector.body
  %.lcssa16 = phi <4 x i32> [ %8, %vector.body ]
  %.lcssa15 = phi <4 x i32> [ %9, %vector.body ]
  %bin.rdx = add <4 x i32> %.lcssa15, %.lcssa16
  %11 = call i32 @llvm.vector.reduce.add.v4i32(<4 x i32> %bin.rdx)
  %cmp.n = icmp eq i64 %n.vec, %wide.trip.count
  br i1 %cmp.n, label %._crit_edge, label %.lr.ph.preheader12

.lr.ph.preheader12:                               ; preds = %.lr.ph.preheader, %middle.block
  %indvars.iv.ph = phi i64 [ 0, %.lr.ph.preheader ], [ %n.vec, %middle.block ]
  %.067.ph = phi i32 [ 0, %.lr.ph.preheader ], [ %11, %middle.block ]
  br label %.lr.ph

.lr.ph:                                           ; preds = %.lr.ph.preheader12, %.lr.ph
  %indvars.iv = phi i64 [ %indvars.iv.next, %.lr.ph ], [ %indvars.iv.ph, %.lr.ph.preheader12 ]
  %.067 = phi i32 [ %14, %.lr.ph ], [ %.067.ph, %.lr.ph.preheader12 ]
  %12 = getelementptr inbounds i32, i32* %0, i64 %indvars.iv
  %13 = load i32, i32* %12, align 4
  %14 = add nsw i32 %13, %.067
  %indvars.iv.next = add nuw nsw i64 %indvars.iv, 1
  %exitcond.not = icmp eq i64 %indvars.iv.next, %wide.trip.count
  br i1 %exitcond.not, label %._crit_edge.loopexit, label %.lr.ph, !llvm.loop !13

._crit_edge.loopexit:                             ; preds = %.lr.ph
  %.lcssa = phi i32 [ %14, %.lr.ph ]
  br label %._crit_edge

._crit_edge:                                      ; preds = %._crit_edge.loopexit, %middle.block, %2
  %.06.lcssa = phi i32 [ 0, %2 ], [ %11, %middle.block ], [ %.lcssa, %._crit_edge.loopexit ]
  ret i32 %.06.lcssa
}
*** IR Dump Before InstSimplifyPass on sumArray ***
; Function Attrs: nofree norecurse nosync nounwind readonly uwtable
define dso_local i32 @sumArray(i32* nocapture noundef readonly %0, i32 noundef %1) local_unnamed_addr #0 {
  %3 = icmp sgt i32 %1, 0
  br i1 %3, label %.lr.ph.preheader, label %._crit_edge

.lr.ph.preheader:                                 ; preds = %2
  %wide.trip.count = zext i32 %1 to i64
  %min.iters.check = icmp ult i32 %1, 8
  br i1 %min.iters.check, label %.lr.ph.preheader12, label %vector.ph

vector.ph:                                        ; preds = %.lr.ph.preheader
  %n.vec = and i64 %wide.trip.count, 4294967288
  br label %vector.body

vector.body:                                      ; preds = %vector.body, %vector.ph
  %index = phi i64 [ 0, %vector.ph ], [ %index.next, %vector.body ]
  %vec.phi = phi <4 x i32> [ zeroinitializer, %vector.ph ], [ %8, %vector.body ]
  %vec.phi10 = phi <4 x i32> [ zeroinitializer, %vector.ph ], [ %9, %vector.body ]
  %4 = getelementptr inbounds i32, i32* %0, i64 %index
  %5 = bitcast i32* %4 to <4 x i32>*
  %wide.load = load <4 x i32>, <4 x i32>* %5, align 4
  %6 = getelementptr inbounds i32, i32* %4, i64 4
  %7 = bitcast i32* %6 to <4 x i32>*
  %wide.load11 = load <4 x i32>, <4 x i32>* %7, align 4
  %8 = add <4 x i32> %wide.load, %vec.phi
  %9 = add <4 x i32> %wide.load11, %vec.phi10
  %index.next = add nuw i64 %index, 8
  %10 = icmp eq i64 %index.next, %n.vec
  br i1 %10, label %middle.block, label %vector.body, !llvm.loop !10

middle.block:                                     ; preds = %vector.body
  %.lcssa16 = phi <4 x i32> [ %8, %vector.body ]
  %.lcssa15 = phi <4 x i32> [ %9, %vector.body ]
  %bin.rdx = add <4 x i32> %.lcssa15, %.lcssa16
  %11 = call i32 @llvm.vector.reduce.add.v4i32(<4 x i32> %bin.rdx)
  %cmp.n = icmp eq i64 %n.vec, %wide.trip.count
  br i1 %cmp.n, label %._crit_edge, label %.lr.ph.preheader12

.lr.ph.preheader12:                               ; preds = %.lr.ph.preheader, %middle.block
  %indvars.iv.ph = phi i64 [ 0, %.lr.ph.preheader ], [ %n.vec, %middle.block ]
  %.067.ph = phi i32 [ 0, %.lr.ph.preheader ], [ %11, %middle.block ]
  br label %.lr.ph

.lr.ph:                                           ; preds = %.lr.ph.preheader12, %.lr.ph
  %indvars.iv = phi i64 [ %indvars.iv.next, %.lr.ph ], [ %indvars.iv.ph, %.lr.ph.preheader12 ]
  %.067 = phi i32 [ %14, %.lr.ph ], [ %.067.ph, %.lr.ph.preheader12 ]
  %12 = getelementptr inbounds i32, i32* %0, i64 %indvars.iv
  %13 = load i32, i32* %12, align 4
  %14 = add nsw i32 %13, %.067
  %indvars.iv.next = add nuw nsw i64 %indvars.iv, 1
  %exitcond.not = icmp eq i64 %indvars.iv.next, %wide.trip.count
  br i1 %exitcond.not, label %._crit_edge.loopexit, label %.lr.ph, !llvm.loop !13

._crit_edge.loopexit:                             ; preds = %.lr.ph
  %.lcssa = phi i32 [ %14, %.lr.ph ]
  br label %._crit_edge

._crit_edge:                                      ; preds = %._crit_edge.loopexit, %middle.block, %2
  %.06.lcssa = phi i32 [ 0, %2 ], [ %11, %middle.block ], [ %.lcssa, %._crit_edge.loopexit ]
  ret i32 %.06.lcssa
}
*** IR Dump After InstSimplifyPass on sumArray ***
; Function Attrs: nofree norecurse nosync nounwind readonly uwtable
define dso_local i32 @sumArray(i32* nocapture noundef readonly %0, i32 noundef %1) local_unnamed_addr #0 {
  %3 = icmp sgt i32 %1, 0
  br i1 %3, label %.lr.ph.preheader, label %._crit_edge

.lr.ph.preheader:                                 ; preds = %2
  %wide.trip.count = zext i32 %1 to i64
  %min.iters.check = icmp ult i32 %1, 8
  br i1 %min.iters.check, label %.lr.ph.preheader12, label %vector.ph

vector.ph:                                        ; preds = %.lr.ph.preheader
  %n.vec = and i64 %wide.trip.count, 4294967288
  br label %vector.body

vector.body:                                      ; preds = %vector.body, %vector.ph
  %index = phi i64 [ 0, %vector.ph ], [ %index.next, %vector.body ]
  %vec.phi = phi <4 x i32> [ zeroinitializer, %vector.ph ], [ %8, %vector.body ]
  %vec.phi10 = phi <4 x i32> [ zeroinitializer, %vector.ph ], [ %9, %vector.body ]
  %4 = getelementptr inbounds i32, i32* %0, i64 %index
  %5 = bitcast i32* %4 to <4 x i32>*
  %wide.load = load <4 x i32>, <4 x i32>* %5, align 4
  %6 = getelementptr inbounds i32, i32* %4, i64 4
  %7 = bitcast i32* %6 to <4 x i32>*
  %wide.load11 = load <4 x i32>, <4 x i32>* %7, align 4
  %8 = add <4 x i32> %wide.load, %vec.phi
  %9 = add <4 x i32> %wide.load11, %vec.phi10
  %index.next = add nuw i64 %index, 8
  %10 = icmp eq i64 %index.next, %n.vec
  br i1 %10, label %middle.block, label %vector.body, !llvm.loop !10

middle.block:                                     ; preds = %vector.body
  %bin.rdx = add <4 x i32> %9, %8
  %11 = call i32 @llvm.vector.reduce.add.v4i32(<4 x i32> %bin.rdx)
  %cmp.n = icmp eq i64 %n.vec, %wide.trip.count
  br i1 %cmp.n, label %._crit_edge, label %.lr.ph.preheader12

.lr.ph.preheader12:                               ; preds = %.lr.ph.preheader, %middle.block
  %indvars.iv.ph = phi i64 [ 0, %.lr.ph.preheader ], [ %n.vec, %middle.block ]
  %.067.ph = phi i32 [ 0, %.lr.ph.preheader ], [ %11, %middle.block ]
  br label %.lr.ph

.lr.ph:                                           ; preds = %.lr.ph.preheader12, %.lr.ph
  %indvars.iv = phi i64 [ %indvars.iv.next, %.lr.ph ], [ %indvars.iv.ph, %.lr.ph.preheader12 ]
  %.067 = phi i32 [ %14, %.lr.ph ], [ %.067.ph, %.lr.ph.preheader12 ]
  %12 = getelementptr inbounds i32, i32* %0, i64 %indvars.iv
  %13 = load i32, i32* %12, align 4
  %14 = add nsw i32 %13, %.067
  %indvars.iv.next = add nuw nsw i64 %indvars.iv, 1
  %exitcond.not = icmp eq i64 %indvars.iv.next, %wide.trip.count
  br i1 %exitcond.not, label %._crit_edge.loopexit, label %.lr.ph, !llvm.loop !13

._crit_edge.loopexit:                             ; preds = %.lr.ph
  br label %._crit_edge

._crit_edge:                                      ; preds = %._crit_edge.loopexit, %middle.block, %2
  %.06.lcssa = phi i32 [ 0, %2 ], [ %11, %middle.block ], [ %14, %._crit_edge.loopexit ]
  ret i32 %.06.lcssa
}
*** IR Dump Before DivRemPairsPass on sumArray ***
; Function Attrs: nofree norecurse nosync nounwind readonly uwtable
define dso_local i32 @sumArray(i32* nocapture noundef readonly %0, i32 noundef %1) local_unnamed_addr #0 {
  %3 = icmp sgt i32 %1, 0
  br i1 %3, label %.lr.ph.preheader, label %._crit_edge

.lr.ph.preheader:                                 ; preds = %2
  %wide.trip.count = zext i32 %1 to i64
  %min.iters.check = icmp ult i32 %1, 8
  br i1 %min.iters.check, label %.lr.ph.preheader12, label %vector.ph

vector.ph:                                        ; preds = %.lr.ph.preheader
  %n.vec = and i64 %wide.trip.count, 4294967288
  br label %vector.body

vector.body:                                      ; preds = %vector.body, %vector.ph
  %index = phi i64 [ 0, %vector.ph ], [ %index.next, %vector.body ]
  %vec.phi = phi <4 x i32> [ zeroinitializer, %vector.ph ], [ %8, %vector.body ]
  %vec.phi10 = phi <4 x i32> [ zeroinitializer, %vector.ph ], [ %9, %vector.body ]
  %4 = getelementptr inbounds i32, i32* %0, i64 %index
  %5 = bitcast i32* %4 to <4 x i32>*
  %wide.load = load <4 x i32>, <4 x i32>* %5, align 4
  %6 = getelementptr inbounds i32, i32* %4, i64 4
  %7 = bitcast i32* %6 to <4 x i32>*
  %wide.load11 = load <4 x i32>, <4 x i32>* %7, align 4
  %8 = add <4 x i32> %wide.load, %vec.phi
  %9 = add <4 x i32> %wide.load11, %vec.phi10
  %index.next = add nuw i64 %index, 8
  %10 = icmp eq i64 %index.next, %n.vec
  br i1 %10, label %middle.block, label %vector.body, !llvm.loop !10

middle.block:                                     ; preds = %vector.body
  %bin.rdx = add <4 x i32> %9, %8
  %11 = call i32 @llvm.vector.reduce.add.v4i32(<4 x i32> %bin.rdx)
  %cmp.n = icmp eq i64 %n.vec, %wide.trip.count
  br i1 %cmp.n, label %._crit_edge, label %.lr.ph.preheader12

.lr.ph.preheader12:                               ; preds = %.lr.ph.preheader, %middle.block
  %indvars.iv.ph = phi i64 [ 0, %.lr.ph.preheader ], [ %n.vec, %middle.block ]
  %.067.ph = phi i32 [ 0, %.lr.ph.preheader ], [ %11, %middle.block ]
  br label %.lr.ph

.lr.ph:                                           ; preds = %.lr.ph.preheader12, %.lr.ph
  %indvars.iv = phi i64 [ %indvars.iv.next, %.lr.ph ], [ %indvars.iv.ph, %.lr.ph.preheader12 ]
  %.067 = phi i32 [ %14, %.lr.ph ], [ %.067.ph, %.lr.ph.preheader12 ]
  %12 = getelementptr inbounds i32, i32* %0, i64 %indvars.iv
  %13 = load i32, i32* %12, align 4
  %14 = add nsw i32 %13, %.067
  %indvars.iv.next = add nuw nsw i64 %indvars.iv, 1
  %exitcond.not = icmp eq i64 %indvars.iv.next, %wide.trip.count
  br i1 %exitcond.not, label %._crit_edge.loopexit, label %.lr.ph, !llvm.loop !13

._crit_edge.loopexit:                             ; preds = %.lr.ph
  br label %._crit_edge

._crit_edge:                                      ; preds = %._crit_edge.loopexit, %middle.block, %2
  %.06.lcssa = phi i32 [ 0, %2 ], [ %11, %middle.block ], [ %14, %._crit_edge.loopexit ]
  ret i32 %.06.lcssa
}
*** IR Dump After DivRemPairsPass on sumArray ***
; Function Attrs: nofree norecurse nosync nounwind readonly uwtable
define dso_local i32 @sumArray(i32* nocapture noundef readonly %0, i32 noundef %1) local_unnamed_addr #0 {
  %3 = icmp sgt i32 %1, 0
  br i1 %3, label %.lr.ph.preheader, label %._crit_edge

.lr.ph.preheader:                                 ; preds = %2
  %wide.trip.count = zext i32 %1 to i64
  %min.iters.check = icmp ult i32 %1, 8
  br i1 %min.iters.check, label %.lr.ph.preheader12, label %vector.ph

vector.ph:                                        ; preds = %.lr.ph.preheader
  %n.vec = and i64 %wide.trip.count, 4294967288
  br label %vector.body

vector.body:                                      ; preds = %vector.body, %vector.ph
  %index = phi i64 [ 0, %vector.ph ], [ %index.next, %vector.body ]
  %vec.phi = phi <4 x i32> [ zeroinitializer, %vector.ph ], [ %8, %vector.body ]
  %vec.phi10 = phi <4 x i32> [ zeroinitializer, %vector.ph ], [ %9, %vector.body ]
  %4 = getelementptr inbounds i32, i32* %0, i64 %index
  %5 = bitcast i32* %4 to <4 x i32>*
  %wide.load = load <4 x i32>, <4 x i32>* %5, align 4
  %6 = getelementptr inbounds i32, i32* %4, i64 4
  %7 = bitcast i32* %6 to <4 x i32>*
  %wide.load11 = load <4 x i32>, <4 x i32>* %7, align 4
  %8 = add <4 x i32> %wide.load, %vec.phi
  %9 = add <4 x i32> %wide.load11, %vec.phi10
  %index.next = add nuw i64 %index, 8
  %10 = icmp eq i64 %index.next, %n.vec
  br i1 %10, label %middle.block, label %vector.body, !llvm.loop !10

middle.block:                                     ; preds = %vector.body
  %bin.rdx = add <4 x i32> %9, %8
  %11 = call i32 @llvm.vector.reduce.add.v4i32(<4 x i32> %bin.rdx)
  %cmp.n = icmp eq i64 %n.vec, %wide.trip.count
  br i1 %cmp.n, label %._crit_edge, label %.lr.ph.preheader12

.lr.ph.preheader12:                               ; preds = %.lr.ph.preheader, %middle.block
  %indvars.iv.ph = phi i64 [ 0, %.lr.ph.preheader ], [ %n.vec, %middle.block ]
  %.067.ph = phi i32 [ 0, %.lr.ph.preheader ], [ %11, %middle.block ]
  br label %.lr.ph

.lr.ph:                                           ; preds = %.lr.ph.preheader12, %.lr.ph
  %indvars.iv = phi i64 [ %indvars.iv.next, %.lr.ph ], [ %indvars.iv.ph, %.lr.ph.preheader12 ]
  %.067 = phi i32 [ %14, %.lr.ph ], [ %.067.ph, %.lr.ph.preheader12 ]
  %12 = getelementptr inbounds i32, i32* %0, i64 %indvars.iv
  %13 = load i32, i32* %12, align 4
  %14 = add nsw i32 %13, %.067
  %indvars.iv.next = add nuw nsw i64 %indvars.iv, 1
  %exitcond.not = icmp eq i64 %indvars.iv.next, %wide.trip.count
  br i1 %exitcond.not, label %._crit_edge.loopexit, label %.lr.ph, !llvm.loop !13

._crit_edge.loopexit:                             ; preds = %.lr.ph
  br label %._crit_edge

._crit_edge:                                      ; preds = %._crit_edge.loopexit, %middle.block, %2
  %.06.lcssa = phi i32 [ 0, %2 ], [ %11, %middle.block ], [ %14, %._crit_edge.loopexit ]
  ret i32 %.06.lcssa
}
*** IR Dump Before SimplifyCFGPass on sumArray ***
; Function Attrs: nofree norecurse nosync nounwind readonly uwtable
define dso_local i32 @sumArray(i32* nocapture noundef readonly %0, i32 noundef %1) local_unnamed_addr #0 {
  %3 = icmp sgt i32 %1, 0
  br i1 %3, label %.lr.ph.preheader, label %._crit_edge

.lr.ph.preheader:                                 ; preds = %2
  %wide.trip.count = zext i32 %1 to i64
  %min.iters.check = icmp ult i32 %1, 8
  br i1 %min.iters.check, label %.lr.ph.preheader12, label %vector.ph

vector.ph:                                        ; preds = %.lr.ph.preheader
  %n.vec = and i64 %wide.trip.count, 4294967288
  br label %vector.body

vector.body:                                      ; preds = %vector.body, %vector.ph
  %index = phi i64 [ 0, %vector.ph ], [ %index.next, %vector.body ]
  %vec.phi = phi <4 x i32> [ zeroinitializer, %vector.ph ], [ %8, %vector.body ]
  %vec.phi10 = phi <4 x i32> [ zeroinitializer, %vector.ph ], [ %9, %vector.body ]
  %4 = getelementptr inbounds i32, i32* %0, i64 %index
  %5 = bitcast i32* %4 to <4 x i32>*
  %wide.load = load <4 x i32>, <4 x i32>* %5, align 4
  %6 = getelementptr inbounds i32, i32* %4, i64 4
  %7 = bitcast i32* %6 to <4 x i32>*
  %wide.load11 = load <4 x i32>, <4 x i32>* %7, align 4
  %8 = add <4 x i32> %wide.load, %vec.phi
  %9 = add <4 x i32> %wide.load11, %vec.phi10
  %index.next = add nuw i64 %index, 8
  %10 = icmp eq i64 %index.next, %n.vec
  br i1 %10, label %middle.block, label %vector.body, !llvm.loop !10

middle.block:                                     ; preds = %vector.body
  %bin.rdx = add <4 x i32> %9, %8
  %11 = call i32 @llvm.vector.reduce.add.v4i32(<4 x i32> %bin.rdx)
  %cmp.n = icmp eq i64 %n.vec, %wide.trip.count
  br i1 %cmp.n, label %._crit_edge, label %.lr.ph.preheader12

.lr.ph.preheader12:                               ; preds = %.lr.ph.preheader, %middle.block
  %indvars.iv.ph = phi i64 [ 0, %.lr.ph.preheader ], [ %n.vec, %middle.block ]
  %.067.ph = phi i32 [ 0, %.lr.ph.preheader ], [ %11, %middle.block ]
  br label %.lr.ph

.lr.ph:                                           ; preds = %.lr.ph.preheader12, %.lr.ph
  %indvars.iv = phi i64 [ %indvars.iv.next, %.lr.ph ], [ %indvars.iv.ph, %.lr.ph.preheader12 ]
  %.067 = phi i32 [ %14, %.lr.ph ], [ %.067.ph, %.lr.ph.preheader12 ]
  %12 = getelementptr inbounds i32, i32* %0, i64 %indvars.iv
  %13 = load i32, i32* %12, align 4
  %14 = add nsw i32 %13, %.067
  %indvars.iv.next = add nuw nsw i64 %indvars.iv, 1
  %exitcond.not = icmp eq i64 %indvars.iv.next, %wide.trip.count
  br i1 %exitcond.not, label %._crit_edge.loopexit, label %.lr.ph, !llvm.loop !13

._crit_edge.loopexit:                             ; preds = %.lr.ph
  br label %._crit_edge

._crit_edge:                                      ; preds = %._crit_edge.loopexit, %middle.block, %2
  %.06.lcssa = phi i32 [ 0, %2 ], [ %11, %middle.block ], [ %14, %._crit_edge.loopexit ]
  ret i32 %.06.lcssa
}
*** IR Dump After SimplifyCFGPass on sumArray ***
; Function Attrs: nofree norecurse nosync nounwind readonly uwtable
define dso_local i32 @sumArray(i32* nocapture noundef readonly %0, i32 noundef %1) local_unnamed_addr #0 {
  %3 = icmp sgt i32 %1, 0
  br i1 %3, label %.lr.ph.preheader, label %._crit_edge

.lr.ph.preheader:                                 ; preds = %2
  %wide.trip.count = zext i32 %1 to i64
  %min.iters.check = icmp ult i32 %1, 8
  br i1 %min.iters.check, label %.lr.ph.preheader12, label %vector.ph

vector.ph:                                        ; preds = %.lr.ph.preheader
  %n.vec = and i64 %wide.trip.count, 4294967288
  br label %vector.body

vector.body:                                      ; preds = %vector.body, %vector.ph
  %index = phi i64 [ 0, %vector.ph ], [ %index.next, %vector.body ]
  %vec.phi = phi <4 x i32> [ zeroinitializer, %vector.ph ], [ %8, %vector.body ]
  %vec.phi10 = phi <4 x i32> [ zeroinitializer, %vector.ph ], [ %9, %vector.body ]
  %4 = getelementptr inbounds i32, i32* %0, i64 %index
  %5 = bitcast i32* %4 to <4 x i32>*
  %wide.load = load <4 x i32>, <4 x i32>* %5, align 4
  %6 = getelementptr inbounds i32, i32* %4, i64 4
  %7 = bitcast i32* %6 to <4 x i32>*
  %wide.load11 = load <4 x i32>, <4 x i32>* %7, align 4
  %8 = add <4 x i32> %wide.load, %vec.phi
  %9 = add <4 x i32> %wide.load11, %vec.phi10
  %index.next = add nuw i64 %index, 8
  %10 = icmp eq i64 %index.next, %n.vec
  br i1 %10, label %middle.block, label %vector.body, !llvm.loop !10

middle.block:                                     ; preds = %vector.body
  %bin.rdx = add <4 x i32> %9, %8
  %11 = call i32 @llvm.vector.reduce.add.v4i32(<4 x i32> %bin.rdx)
  %cmp.n = icmp eq i64 %n.vec, %wide.trip.count
  br i1 %cmp.n, label %._crit_edge, label %.lr.ph.preheader12

.lr.ph.preheader12:                               ; preds = %.lr.ph.preheader, %middle.block
  %indvars.iv.ph = phi i64 [ 0, %.lr.ph.preheader ], [ %n.vec, %middle.block ]
  %.067.ph = phi i32 [ 0, %.lr.ph.preheader ], [ %11, %middle.block ]
  br label %.lr.ph

.lr.ph:                                           ; preds = %.lr.ph.preheader12, %.lr.ph
  %indvars.iv = phi i64 [ %indvars.iv.next, %.lr.ph ], [ %indvars.iv.ph, %.lr.ph.preheader12 ]
  %.067 = phi i32 [ %14, %.lr.ph ], [ %.067.ph, %.lr.ph.preheader12 ]
  %12 = getelementptr inbounds i32, i32* %0, i64 %indvars.iv
  %13 = load i32, i32* %12, align 4
  %14 = add nsw i32 %13, %.067
  %indvars.iv.next = add nuw nsw i64 %indvars.iv, 1
  %exitcond.not = icmp eq i64 %indvars.iv.next, %wide.trip.count
  br i1 %exitcond.not, label %._crit_edge, label %.lr.ph, !llvm.loop !13

._crit_edge:                                      ; preds = %.lr.ph, %middle.block, %2
  %.06.lcssa = phi i32 [ 0, %2 ], [ %11, %middle.block ], [ %14, %.lr.ph ]
  ret i32 %.06.lcssa
}
*** IR Dump Before CoroCleanupPass on sumArray ***
; Function Attrs: nofree norecurse nosync nounwind readonly uwtable
define dso_local i32 @sumArray(i32* nocapture noundef readonly %0, i32 noundef %1) local_unnamed_addr #0 {
  %3 = icmp sgt i32 %1, 0
  br i1 %3, label %.lr.ph.preheader, label %._crit_edge

.lr.ph.preheader:                                 ; preds = %2
  %wide.trip.count = zext i32 %1 to i64
  %min.iters.check = icmp ult i32 %1, 8
  br i1 %min.iters.check, label %.lr.ph.preheader12, label %vector.ph

vector.ph:                                        ; preds = %.lr.ph.preheader
  %n.vec = and i64 %wide.trip.count, 4294967288
  br label %vector.body

vector.body:                                      ; preds = %vector.body, %vector.ph
  %index = phi i64 [ 0, %vector.ph ], [ %index.next, %vector.body ]
  %vec.phi = phi <4 x i32> [ zeroinitializer, %vector.ph ], [ %8, %vector.body ]
  %vec.phi10 = phi <4 x i32> [ zeroinitializer, %vector.ph ], [ %9, %vector.body ]
  %4 = getelementptr inbounds i32, i32* %0, i64 %index
  %5 = bitcast i32* %4 to <4 x i32>*
  %wide.load = load <4 x i32>, <4 x i32>* %5, align 4
  %6 = getelementptr inbounds i32, i32* %4, i64 4
  %7 = bitcast i32* %6 to <4 x i32>*
  %wide.load11 = load <4 x i32>, <4 x i32>* %7, align 4
  %8 = add <4 x i32> %wide.load, %vec.phi
  %9 = add <4 x i32> %wide.load11, %vec.phi10
  %index.next = add nuw i64 %index, 8
  %10 = icmp eq i64 %index.next, %n.vec
  br i1 %10, label %middle.block, label %vector.body, !llvm.loop !10

middle.block:                                     ; preds = %vector.body
  %bin.rdx = add <4 x i32> %9, %8
  %11 = call i32 @llvm.vector.reduce.add.v4i32(<4 x i32> %bin.rdx)
  %cmp.n = icmp eq i64 %n.vec, %wide.trip.count
  br i1 %cmp.n, label %._crit_edge, label %.lr.ph.preheader12

.lr.ph.preheader12:                               ; preds = %.lr.ph.preheader, %middle.block
  %indvars.iv.ph = phi i64 [ 0, %.lr.ph.preheader ], [ %n.vec, %middle.block ]
  %.067.ph = phi i32 [ 0, %.lr.ph.preheader ], [ %11, %middle.block ]
  br label %.lr.ph

.lr.ph:                                           ; preds = %.lr.ph.preheader12, %.lr.ph
  %indvars.iv = phi i64 [ %indvars.iv.next, %.lr.ph ], [ %indvars.iv.ph, %.lr.ph.preheader12 ]
  %.067 = phi i32 [ %14, %.lr.ph ], [ %.067.ph, %.lr.ph.preheader12 ]
  %12 = getelementptr inbounds i32, i32* %0, i64 %indvars.iv
  %13 = load i32, i32* %12, align 4
  %14 = add nsw i32 %13, %.067
  %indvars.iv.next = add nuw nsw i64 %indvars.iv, 1
  %exitcond.not = icmp eq i64 %indvars.iv.next, %wide.trip.count
  br i1 %exitcond.not, label %._crit_edge, label %.lr.ph, !llvm.loop !13

._crit_edge:                                      ; preds = %.lr.ph, %middle.block, %2
  %.06.lcssa = phi i32 [ 0, %2 ], [ %11, %middle.block ], [ %14, %.lr.ph ]
  ret i32 %.06.lcssa
}
*** IR Dump After CoroCleanupPass on sumArray ***
; Function Attrs: nofree norecurse nosync nounwind readonly uwtable
define dso_local i32 @sumArray(i32* nocapture noundef readonly %0, i32 noundef %1) local_unnamed_addr #0 {
  %3 = icmp sgt i32 %1, 0
  br i1 %3, label %.lr.ph.preheader, label %._crit_edge

.lr.ph.preheader:                                 ; preds = %2
  %wide.trip.count = zext i32 %1 to i64
  %min.iters.check = icmp ult i32 %1, 8
  br i1 %min.iters.check, label %.lr.ph.preheader12, label %vector.ph

vector.ph:                                        ; preds = %.lr.ph.preheader
  %n.vec = and i64 %wide.trip.count, 4294967288
  br label %vector.body

vector.body:                                      ; preds = %vector.body, %vector.ph
  %index = phi i64 [ 0, %vector.ph ], [ %index.next, %vector.body ]
  %vec.phi = phi <4 x i32> [ zeroinitializer, %vector.ph ], [ %8, %vector.body ]
  %vec.phi10 = phi <4 x i32> [ zeroinitializer, %vector.ph ], [ %9, %vector.body ]
  %4 = getelementptr inbounds i32, i32* %0, i64 %index
  %5 = bitcast i32* %4 to <4 x i32>*
  %wide.load = load <4 x i32>, <4 x i32>* %5, align 4
  %6 = getelementptr inbounds i32, i32* %4, i64 4
  %7 = bitcast i32* %6 to <4 x i32>*
  %wide.load11 = load <4 x i32>, <4 x i32>* %7, align 4
  %8 = add <4 x i32> %wide.load, %vec.phi
  %9 = add <4 x i32> %wide.load11, %vec.phi10
  %index.next = add nuw i64 %index, 8
  %10 = icmp eq i64 %index.next, %n.vec
  br i1 %10, label %middle.block, label %vector.body, !llvm.loop !10

middle.block:                                     ; preds = %vector.body
  %bin.rdx = add <4 x i32> %9, %8
  %11 = call i32 @llvm.vector.reduce.add.v4i32(<4 x i32> %bin.rdx)
  %cmp.n = icmp eq i64 %n.vec, %wide.trip.count
  br i1 %cmp.n, label %._crit_edge, label %.lr.ph.preheader12

.lr.ph.preheader12:                               ; preds = %.lr.ph.preheader, %middle.block
  %indvars.iv.ph = phi i64 [ 0, %.lr.ph.preheader ], [ %n.vec, %middle.block ]
  %.067.ph = phi i32 [ 0, %.lr.ph.preheader ], [ %11, %middle.block ]
  br label %.lr.ph

.lr.ph:                                           ; preds = %.lr.ph.preheader12, %.lr.ph
  %indvars.iv = phi i64 [ %indvars.iv.next, %.lr.ph ], [ %indvars.iv.ph, %.lr.ph.preheader12 ]
  %.067 = phi i32 [ %14, %.lr.ph ], [ %.067.ph, %.lr.ph.preheader12 ]
  %12 = getelementptr inbounds i32, i32* %0, i64 %indvars.iv
  %13 = load i32, i32* %12, align 4
  %14 = add nsw i32 %13, %.067
  %indvars.iv.next = add nuw nsw i64 %indvars.iv, 1
  %exitcond.not = icmp eq i64 %indvars.iv.next, %wide.trip.count
  br i1 %exitcond.not, label %._crit_edge, label %.lr.ph, !llvm.loop !13

._crit_edge:                                      ; preds = %.lr.ph, %middle.block, %2
  %.06.lcssa = phi i32 [ 0, %2 ], [ %11, %middle.block ], [ %14, %.lr.ph ]
  ret i32 %.06.lcssa
}
*** IR Dump Before CGProfilePass on [module] ***
; ModuleID = 'sumArray.in.ll'
source_filename = "sumArray.c"
target datalayout = "e-m:e-i8:8:32-i16:16:32-i64:64-i128:128-n32:64-S128"
target triple = "aarch64-unknown-linux-gnu"

; Function Attrs: nofree norecurse nosync nounwind readonly uwtable
define dso_local i32 @sumArray(i32* nocapture noundef readonly %0, i32 noundef %1) local_unnamed_addr #0 {
  %3 = icmp sgt i32 %1, 0
  br i1 %3, label %.lr.ph.preheader, label %._crit_edge

.lr.ph.preheader:                                 ; preds = %2
  %wide.trip.count = zext i32 %1 to i64
  %min.iters.check = icmp ult i32 %1, 8
  br i1 %min.iters.check, label %.lr.ph.preheader12, label %vector.ph

vector.ph:                                        ; preds = %.lr.ph.preheader
  %n.vec = and i64 %wide.trip.count, 4294967288
  br label %vector.body

vector.body:                                      ; preds = %vector.body, %vector.ph
  %index = phi i64 [ 0, %vector.ph ], [ %index.next, %vector.body ]
  %vec.phi = phi <4 x i32> [ zeroinitializer, %vector.ph ], [ %8, %vector.body ]
  %vec.phi10 = phi <4 x i32> [ zeroinitializer, %vector.ph ], [ %9, %vector.body ]
  %4 = getelementptr inbounds i32, i32* %0, i64 %index
  %5 = bitcast i32* %4 to <4 x i32>*
  %wide.load = load <4 x i32>, <4 x i32>* %5, align 4
  %6 = getelementptr inbounds i32, i32* %4, i64 4
  %7 = bitcast i32* %6 to <4 x i32>*
  %wide.load11 = load <4 x i32>, <4 x i32>* %7, align 4
  %8 = add <4 x i32> %wide.load, %vec.phi
  %9 = add <4 x i32> %wide.load11, %vec.phi10
  %index.next = add nuw i64 %index, 8
  %10 = icmp eq i64 %index.next, %n.vec
  br i1 %10, label %middle.block, label %vector.body, !llvm.loop !10

middle.block:                                     ; preds = %vector.body
  %bin.rdx = add <4 x i32> %9, %8
  %11 = call i32 @llvm.vector.reduce.add.v4i32(<4 x i32> %bin.rdx)
  %cmp.n = icmp eq i64 %n.vec, %wide.trip.count
  br i1 %cmp.n, label %._crit_edge, label %.lr.ph.preheader12

.lr.ph.preheader12:                               ; preds = %.lr.ph.preheader, %middle.block
  %indvars.iv.ph = phi i64 [ 0, %.lr.ph.preheader ], [ %n.vec, %middle.block ]
  %.067.ph = phi i32 [ 0, %.lr.ph.preheader ], [ %11, %middle.block ]
  br label %.lr.ph

.lr.ph:                                           ; preds = %.lr.ph.preheader12, %.lr.ph
  %indvars.iv = phi i64 [ %indvars.iv.next, %.lr.ph ], [ %indvars.iv.ph, %.lr.ph.preheader12 ]
  %.067 = phi i32 [ %14, %.lr.ph ], [ %.067.ph, %.lr.ph.preheader12 ]
  %12 = getelementptr inbounds i32, i32* %0, i64 %indvars.iv
  %13 = load i32, i32* %12, align 4
  %14 = add nsw i32 %13, %.067
  %indvars.iv.next = add nuw nsw i64 %indvars.iv, 1
  %exitcond.not = icmp eq i64 %indvars.iv.next, %wide.trip.count
  br i1 %exitcond.not, label %._crit_edge, label %.lr.ph, !llvm.loop !13

._crit_edge:                                      ; preds = %.lr.ph, %middle.block, %2
  %.06.lcssa = phi i32 [ 0, %2 ], [ %11, %middle.block ], [ %14, %.lr.ph ]
  ret i32 %.06.lcssa
}

; Function Attrs: nofree nosync nounwind readnone willreturn
declare i32 @llvm.vector.reduce.add.v4i32(<4 x i32>) #1

attributes #0 = { nofree norecurse nosync nounwind readonly uwtable "frame-pointer"="non-leaf" "min-legal-vector-width"="0" "no-trapping-math"="true" "stack-protector-buffer-size"="8" "target-cpu"="generic" "target-features"="+neon,+outline-atomics,+v8a" }
attributes #1 = { nofree nosync nounwind readnone willreturn }

!llvm.module.flags = !{!0, !1, !2, !3, !4, !5, !6, !7, !8}
!llvm.ident = !{!9}

!0 = !{i32 1, !"wchar_size", i32 4}
!1 = !{i32 1, !"branch-target-enforcement", i32 0}
!2 = !{i32 1, !"sign-return-address", i32 0}
!3 = !{i32 1, !"sign-return-address-all", i32 0}
!4 = !{i32 1, !"sign-return-address-with-bkey", i32 0}
!5 = !{i32 7, !"PIC Level", i32 2}
!6 = !{i32 7, !"PIE Level", i32 2}
!7 = !{i32 7, !"uwtable", i32 1}
!8 = !{i32 7, !"frame-pointer", i32 1}
!9 = !{!"Ubuntu clang version 14.0.0-1ubuntu1.1"}
!10 = distinct !{!10, !11, !12}
!11 = !{!"llvm.loop.mustprogress"}
!12 = !{!"llvm.loop.isvectorized", i32 1}
!13 = distinct !{!13, !11, !14, !12}
!14 = !{!"llvm.loop.unroll.runtime.disable"}
*** IR Dump After CGProfilePass on [module] ***
; ModuleID = 'sumArray.in.ll'
source_filename = "sumArray.c"
target datalayout = "e-m:e-i8:8:32-i16:16:32-i64:64-i128:128-n32:64-S128"
target triple = "aarch64-unknown-linux-gnu"

; Function Attrs: nofree norecurse nosync nounwind readonly uwtable
define dso_local i32 @sumArray(i32* nocapture noundef readonly %0, i32 noundef %1) local_unnamed_addr #0 {
  %3 = icmp sgt i32 %1, 0
  br i1 %3, label %.lr.ph.preheader, label %._crit_edge

.lr.ph.preheader:                                 ; preds = %2
  %wide.trip.count = zext i32 %1 to i64
  %min.iters.check = icmp ult i32 %1, 8
  br i1 %min.iters.check, label %.lr.ph.preheader12, label %vector.ph

vector.ph:                                        ; preds = %.lr.ph.preheader
  %n.vec = and i64 %wide.trip.count, 4294967288
  br label %vector.body

vector.body:                                      ; preds = %vector.body, %vector.ph
  %index = phi i64 [ 0, %vector.ph ], [ %index.next, %vector.body ]
  %vec.phi = phi <4 x i32> [ zeroinitializer, %vector.ph ], [ %8, %vector.body ]
  %vec.phi10 = phi <4 x i32> [ zeroinitializer, %vector.ph ], [ %9, %vector.body ]
  %4 = getelementptr inbounds i32, i32* %0, i64 %index
  %5 = bitcast i32* %4 to <4 x i32>*
  %wide.load = load <4 x i32>, <4 x i32>* %5, align 4
  %6 = getelementptr inbounds i32, i32* %4, i64 4
  %7 = bitcast i32* %6 to <4 x i32>*
  %wide.load11 = load <4 x i32>, <4 x i32>* %7, align 4
  %8 = add <4 x i32> %wide.load, %vec.phi
  %9 = add <4 x i32> %wide.load11, %vec.phi10
  %index.next = add nuw i64 %index, 8
  %10 = icmp eq i64 %index.next, %n.vec
  br i1 %10, label %middle.block, label %vector.body, !llvm.loop !10

middle.block:                                     ; preds = %vector.body
  %bin.rdx = add <4 x i32> %9, %8
  %11 = call i32 @llvm.vector.reduce.add.v4i32(<4 x i32> %bin.rdx)
  %cmp.n = icmp eq i64 %n.vec, %wide.trip.count
  br i1 %cmp.n, label %._crit_edge, label %.lr.ph.preheader12

.lr.ph.preheader12:                               ; preds = %.lr.ph.preheader, %middle.block
  %indvars.iv.ph = phi i64 [ 0, %.lr.ph.preheader ], [ %n.vec, %middle.block ]
  %.067.ph = phi i32 [ 0, %.lr.ph.preheader ], [ %11, %middle.block ]
  br label %.lr.ph

.lr.ph:                                           ; preds = %.lr.ph.preheader12, %.lr.ph
  %indvars.iv = phi i64 [ %indvars.iv.next, %.lr.ph ], [ %indvars.iv.ph, %.lr.ph.preheader12 ]
  %.067 = phi i32 [ %14, %.lr.ph ], [ %.067.ph, %.lr.ph.preheader12 ]
  %12 = getelementptr inbounds i32, i32* %0, i64 %indvars.iv
  %13 = load i32, i32* %12, align 4
  %14 = add nsw i32 %13, %.067
  %indvars.iv.next = add nuw nsw i64 %indvars.iv, 1
  %exitcond.not = icmp eq i64 %indvars.iv.next, %wide.trip.count
  br i1 %exitcond.not, label %._crit_edge, label %.lr.ph, !llvm.loop !13

._crit_edge:                                      ; preds = %.lr.ph, %middle.block, %2
  %.06.lcssa = phi i32 [ 0, %2 ], [ %11, %middle.block ], [ %14, %.lr.ph ]
  ret i32 %.06.lcssa
}

; Function Attrs: nofree nosync nounwind readnone willreturn
declare i32 @llvm.vector.reduce.add.v4i32(<4 x i32>) #1

attributes #0 = { nofree norecurse nosync nounwind readonly uwtable "frame-pointer"="non-leaf" "min-legal-vector-width"="0" "no-trapping-math"="true" "stack-protector-buffer-size"="8" "target-cpu"="generic" "target-features"="+neon,+outline-atomics,+v8a" }
attributes #1 = { nofree nosync nounwind readnone willreturn }

!llvm.module.flags = !{!0, !1, !2, !3, !4, !5, !6, !7, !8}
!llvm.ident = !{!9}

!0 = !{i32 1, !"wchar_size", i32 4}
!1 = !{i32 1, !"branch-target-enforcement", i32 0}
!2 = !{i32 1, !"sign-return-address", i32 0}
!3 = !{i32 1, !"sign-return-address-all", i32 0}
!4 = !{i32 1, !"sign-return-address-with-bkey", i32 0}
!5 = !{i32 7, !"PIC Level", i32 2}
!6 = !{i32 7, !"PIE Level", i32 2}
!7 = !{i32 7, !"uwtable", i32 1}
!8 = !{i32 7, !"frame-pointer", i32 1}
!9 = !{!"Ubuntu clang version 14.0.0-1ubuntu1.1"}
!10 = distinct !{!10, !11, !12}
!11 = !{!"llvm.loop.mustprogress"}
!12 = !{!"llvm.loop.isvectorized", i32 1}
!13 = distinct !{!13, !11, !14, !12}
!14 = !{!"llvm.loop.unroll.runtime.disable"}
*** IR Dump Before GlobalDCEPass on [module] ***
; ModuleID = 'sumArray.in.ll'
source_filename = "sumArray.c"
target datalayout = "e-m:e-i8:8:32-i16:16:32-i64:64-i128:128-n32:64-S128"
target triple = "aarch64-unknown-linux-gnu"

; Function Attrs: nofree norecurse nosync nounwind readonly uwtable
define dso_local i32 @sumArray(i32* nocapture noundef readonly %0, i32 noundef %1) local_unnamed_addr #0 {
  %3 = icmp sgt i32 %1, 0
  br i1 %3, label %.lr.ph.preheader, label %._crit_edge

.lr.ph.preheader:                                 ; preds = %2
  %wide.trip.count = zext i32 %1 to i64
  %min.iters.check = icmp ult i32 %1, 8
  br i1 %min.iters.check, label %.lr.ph.preheader12, label %vector.ph

vector.ph:                                        ; preds = %.lr.ph.preheader
  %n.vec = and i64 %wide.trip.count, 4294967288
  br label %vector.body

vector.body:                                      ; preds = %vector.body, %vector.ph
  %index = phi i64 [ 0, %vector.ph ], [ %index.next, %vector.body ]
  %vec.phi = phi <4 x i32> [ zeroinitializer, %vector.ph ], [ %8, %vector.body ]
  %vec.phi10 = phi <4 x i32> [ zeroinitializer, %vector.ph ], [ %9, %vector.body ]
  %4 = getelementptr inbounds i32, i32* %0, i64 %index
  %5 = bitcast i32* %4 to <4 x i32>*
  %wide.load = load <4 x i32>, <4 x i32>* %5, align 4
  %6 = getelementptr inbounds i32, i32* %4, i64 4
  %7 = bitcast i32* %6 to <4 x i32>*
  %wide.load11 = load <4 x i32>, <4 x i32>* %7, align 4
  %8 = add <4 x i32> %wide.load, %vec.phi
  %9 = add <4 x i32> %wide.load11, %vec.phi10
  %index.next = add nuw i64 %index, 8
  %10 = icmp eq i64 %index.next, %n.vec
  br i1 %10, label %middle.block, label %vector.body, !llvm.loop !10

middle.block:                                     ; preds = %vector.body
  %bin.rdx = add <4 x i32> %9, %8
  %11 = call i32 @llvm.vector.reduce.add.v4i32(<4 x i32> %bin.rdx)
  %cmp.n = icmp eq i64 %n.vec, %wide.trip.count
  br i1 %cmp.n, label %._crit_edge, label %.lr.ph.preheader12

.lr.ph.preheader12:                               ; preds = %.lr.ph.preheader, %middle.block
  %indvars.iv.ph = phi i64 [ 0, %.lr.ph.preheader ], [ %n.vec, %middle.block ]
  %.067.ph = phi i32 [ 0, %.lr.ph.preheader ], [ %11, %middle.block ]
  br label %.lr.ph

.lr.ph:                                           ; preds = %.lr.ph.preheader12, %.lr.ph
  %indvars.iv = phi i64 [ %indvars.iv.next, %.lr.ph ], [ %indvars.iv.ph, %.lr.ph.preheader12 ]
  %.067 = phi i32 [ %14, %.lr.ph ], [ %.067.ph, %.lr.ph.preheader12 ]
  %12 = getelementptr inbounds i32, i32* %0, i64 %indvars.iv
  %13 = load i32, i32* %12, align 4
  %14 = add nsw i32 %13, %.067
  %indvars.iv.next = add nuw nsw i64 %indvars.iv, 1
  %exitcond.not = icmp eq i64 %indvars.iv.next, %wide.trip.count
  br i1 %exitcond.not, label %._crit_edge, label %.lr.ph, !llvm.loop !13

._crit_edge:                                      ; preds = %.lr.ph, %middle.block, %2
  %.06.lcssa = phi i32 [ 0, %2 ], [ %11, %middle.block ], [ %14, %.lr.ph ]
  ret i32 %.06.lcssa
}

; Function Attrs: nofree nosync nounwind readnone willreturn
declare i32 @llvm.vector.reduce.add.v4i32(<4 x i32>) #1

attributes #0 = { nofree norecurse nosync nounwind readonly uwtable "frame-pointer"="non-leaf" "min-legal-vector-width"="0" "no-trapping-math"="true" "stack-protector-buffer-size"="8" "target-cpu"="generic" "target-features"="+neon,+outline-atomics,+v8a" }
attributes #1 = { nofree nosync nounwind readnone willreturn }

!llvm.module.flags = !{!0, !1, !2, !3, !4, !5, !6, !7, !8}
!llvm.ident = !{!9}

!0 = !{i32 1, !"wchar_size", i32 4}
!1 = !{i32 1, !"branch-target-enforcement", i32 0}
!2 = !{i32 1, !"sign-return-address", i32 0}
!3 = !{i32 1, !"sign-return-address-all", i32 0}
!4 = !{i32 1, !"sign-return-address-with-bkey", i32 0}
!5 = !{i32 7, !"PIC Level", i32 2}
!6 = !{i32 7, !"PIE Level", i32 2}
!7 = !{i32 7, !"uwtable", i32 1}
!8 = !{i32 7, !"frame-pointer", i32 1}
!9 = !{!"Ubuntu clang version 14.0.0-1ubuntu1.1"}
!10 = distinct !{!10, !11, !12}
!11 = !{!"llvm.loop.mustprogress"}
!12 = !{!"llvm.loop.isvectorized", i32 1}
!13 = distinct !{!13, !11, !14, !12}
!14 = !{!"llvm.loop.unroll.runtime.disable"}
*** IR Dump After GlobalDCEPass on [module] ***
; ModuleID = 'sumArray.in.ll'
source_filename = "sumArray.c"
target datalayout = "e-m:e-i8:8:32-i16:16:32-i64:64-i128:128-n32:64-S128"
target triple = "aarch64-unknown-linux-gnu"

; Function Attrs: nofree norecurse nosync nounwind readonly uwtable
define dso_local i32 @sumArray(i32* nocapture noundef readonly %0, i32 noundef %1) local_unnamed_addr #0 {
  %3 = icmp sgt i32 %1, 0
  br i1 %3, label %.lr.ph.preheader, label %._crit_edge

.lr.ph.preheader:                                 ; preds = %2
  %wide.trip.count = zext i32 %1 to i64
  %min.iters.check = icmp ult i32 %1, 8
  br i1 %min.iters.check, label %.lr.ph.preheader12, label %vector.ph

vector.ph:                                        ; preds = %.lr.ph.preheader
  %n.vec = and i64 %wide.trip.count, 4294967288
  br label %vector.body

vector.body:                                      ; preds = %vector.body, %vector.ph
  %index = phi i64 [ 0, %vector.ph ], [ %index.next, %vector.body ]
  %vec.phi = phi <4 x i32> [ zeroinitializer, %vector.ph ], [ %8, %vector.body ]
  %vec.phi10 = phi <4 x i32> [ zeroinitializer, %vector.ph ], [ %9, %vector.body ]
  %4 = getelementptr inbounds i32, i32* %0, i64 %index
  %5 = bitcast i32* %4 to <4 x i32>*
  %wide.load = load <4 x i32>, <4 x i32>* %5, align 4
  %6 = getelementptr inbounds i32, i32* %4, i64 4
  %7 = bitcast i32* %6 to <4 x i32>*
  %wide.load11 = load <4 x i32>, <4 x i32>* %7, align 4
  %8 = add <4 x i32> %wide.load, %vec.phi
  %9 = add <4 x i32> %wide.load11, %vec.phi10
  %index.next = add nuw i64 %index, 8
  %10 = icmp eq i64 %index.next, %n.vec
  br i1 %10, label %middle.block, label %vector.body, !llvm.loop !10

middle.block:                                     ; preds = %vector.body
  %bin.rdx = add <4 x i32> %9, %8
  %11 = call i32 @llvm.vector.reduce.add.v4i32(<4 x i32> %bin.rdx)
  %cmp.n = icmp eq i64 %n.vec, %wide.trip.count
  br i1 %cmp.n, label %._crit_edge, label %.lr.ph.preheader12

.lr.ph.preheader12:                               ; preds = %.lr.ph.preheader, %middle.block
  %indvars.iv.ph = phi i64 [ 0, %.lr.ph.preheader ], [ %n.vec, %middle.block ]
  %.067.ph = phi i32 [ 0, %.lr.ph.preheader ], [ %11, %middle.block ]
  br label %.lr.ph

.lr.ph:                                           ; preds = %.lr.ph.preheader12, %.lr.ph
  %indvars.iv = phi i64 [ %indvars.iv.next, %.lr.ph ], [ %indvars.iv.ph, %.lr.ph.preheader12 ]
  %.067 = phi i32 [ %14, %.lr.ph ], [ %.067.ph, %.lr.ph.preheader12 ]
  %12 = getelementptr inbounds i32, i32* %0, i64 %indvars.iv
  %13 = load i32, i32* %12, align 4
  %14 = add nsw i32 %13, %.067
  %indvars.iv.next = add nuw nsw i64 %indvars.iv, 1
  %exitcond.not = icmp eq i64 %indvars.iv.next, %wide.trip.count
  br i1 %exitcond.not, label %._crit_edge, label %.lr.ph, !llvm.loop !13

._crit_edge:                                      ; preds = %.lr.ph, %middle.block, %2
  %.06.lcssa = phi i32 [ 0, %2 ], [ %11, %middle.block ], [ %14, %.lr.ph ]
  ret i32 %.06.lcssa
}

; Function Attrs: nofree nosync nounwind readnone willreturn
declare i32 @llvm.vector.reduce.add.v4i32(<4 x i32>) #1

attributes #0 = { nofree norecurse nosync nounwind readonly uwtable "frame-pointer"="non-leaf" "min-legal-vector-width"="0" "no-trapping-math"="true" "stack-protector-buffer-size"="8" "target-cpu"="generic" "target-features"="+neon,+outline-atomics,+v8a" }
attributes #1 = { nofree nosync nounwind readnone willreturn }

!llvm.module.flags = !{!0, !1, !2, !3, !4, !5, !6, !7, !8}
!llvm.ident = !{!9}

!0 = !{i32 1, !"wchar_size", i32 4}
!1 = !{i32 1, !"branch-target-enforcement", i32 0}
!2 = !{i32 1, !"sign-return-address", i32 0}
!3 = !{i32 1, !"sign-return-address-all", i32 0}
!4 = !{i32 1, !"sign-return-address-with-bkey", i32 0}
!5 = !{i32 7, !"PIC Level", i32 2}
!6 = !{i32 7, !"PIE Level", i32 2}
!7 = !{i32 7, !"uwtable", i32 1}
!8 = !{i32 7, !"frame-pointer", i32 1}
!9 = !{!"Ubuntu clang version 14.0.0-1ubuntu1.1"}
!10 = distinct !{!10, !11, !12}
!11 = !{!"llvm.loop.mustprogress"}
!12 = !{!"llvm.loop.isvectorized", i32 1}
!13 = distinct !{!13, !11, !14, !12}
!14 = !{!"llvm.loop.unroll.runtime.disable"}
*** IR Dump Before ConstantMergePass on [module] ***
; ModuleID = 'sumArray.in.ll'
source_filename = "sumArray.c"
target datalayout = "e-m:e-i8:8:32-i16:16:32-i64:64-i128:128-n32:64-S128"
target triple = "aarch64-unknown-linux-gnu"

; Function Attrs: nofree norecurse nosync nounwind readonly uwtable
define dso_local i32 @sumArray(i32* nocapture noundef readonly %0, i32 noundef %1) local_unnamed_addr #0 {
  %3 = icmp sgt i32 %1, 0
  br i1 %3, label %.lr.ph.preheader, label %._crit_edge

.lr.ph.preheader:                                 ; preds = %2
  %wide.trip.count = zext i32 %1 to i64
  %min.iters.check = icmp ult i32 %1, 8
  br i1 %min.iters.check, label %.lr.ph.preheader12, label %vector.ph

vector.ph:                                        ; preds = %.lr.ph.preheader
  %n.vec = and i64 %wide.trip.count, 4294967288
  br label %vector.body

vector.body:                                      ; preds = %vector.body, %vector.ph
  %index = phi i64 [ 0, %vector.ph ], [ %index.next, %vector.body ]
  %vec.phi = phi <4 x i32> [ zeroinitializer, %vector.ph ], [ %8, %vector.body ]
  %vec.phi10 = phi <4 x i32> [ zeroinitializer, %vector.ph ], [ %9, %vector.body ]
  %4 = getelementptr inbounds i32, i32* %0, i64 %index
  %5 = bitcast i32* %4 to <4 x i32>*
  %wide.load = load <4 x i32>, <4 x i32>* %5, align 4
  %6 = getelementptr inbounds i32, i32* %4, i64 4
  %7 = bitcast i32* %6 to <4 x i32>*
  %wide.load11 = load <4 x i32>, <4 x i32>* %7, align 4
  %8 = add <4 x i32> %wide.load, %vec.phi
  %9 = add <4 x i32> %wide.load11, %vec.phi10
  %index.next = add nuw i64 %index, 8
  %10 = icmp eq i64 %index.next, %n.vec
  br i1 %10, label %middle.block, label %vector.body, !llvm.loop !10

middle.block:                                     ; preds = %vector.body
  %bin.rdx = add <4 x i32> %9, %8
  %11 = call i32 @llvm.vector.reduce.add.v4i32(<4 x i32> %bin.rdx)
  %cmp.n = icmp eq i64 %n.vec, %wide.trip.count
  br i1 %cmp.n, label %._crit_edge, label %.lr.ph.preheader12

.lr.ph.preheader12:                               ; preds = %.lr.ph.preheader, %middle.block
  %indvars.iv.ph = phi i64 [ 0, %.lr.ph.preheader ], [ %n.vec, %middle.block ]
  %.067.ph = phi i32 [ 0, %.lr.ph.preheader ], [ %11, %middle.block ]
  br label %.lr.ph

.lr.ph:                                           ; preds = %.lr.ph.preheader12, %.lr.ph
  %indvars.iv = phi i64 [ %indvars.iv.next, %.lr.ph ], [ %indvars.iv.ph, %.lr.ph.preheader12 ]
  %.067 = phi i32 [ %14, %.lr.ph ], [ %.067.ph, %.lr.ph.preheader12 ]
  %12 = getelementptr inbounds i32, i32* %0, i64 %indvars.iv
  %13 = load i32, i32* %12, align 4
  %14 = add nsw i32 %13, %.067
  %indvars.iv.next = add nuw nsw i64 %indvars.iv, 1
  %exitcond.not = icmp eq i64 %indvars.iv.next, %wide.trip.count
  br i1 %exitcond.not, label %._crit_edge, label %.lr.ph, !llvm.loop !13

._crit_edge:                                      ; preds = %.lr.ph, %middle.block, %2
  %.06.lcssa = phi i32 [ 0, %2 ], [ %11, %middle.block ], [ %14, %.lr.ph ]
  ret i32 %.06.lcssa
}

; Function Attrs: nofree nosync nounwind readnone willreturn
declare i32 @llvm.vector.reduce.add.v4i32(<4 x i32>) #1

attributes #0 = { nofree norecurse nosync nounwind readonly uwtable "frame-pointer"="non-leaf" "min-legal-vector-width"="0" "no-trapping-math"="true" "stack-protector-buffer-size"="8" "target-cpu"="generic" "target-features"="+neon,+outline-atomics,+v8a" }
attributes #1 = { nofree nosync nounwind readnone willreturn }

!llvm.module.flags = !{!0, !1, !2, !3, !4, !5, !6, !7, !8}
!llvm.ident = !{!9}

!0 = !{i32 1, !"wchar_size", i32 4}
!1 = !{i32 1, !"branch-target-enforcement", i32 0}
!2 = !{i32 1, !"sign-return-address", i32 0}
!3 = !{i32 1, !"sign-return-address-all", i32 0}
!4 = !{i32 1, !"sign-return-address-with-bkey", i32 0}
!5 = !{i32 7, !"PIC Level", i32 2}
!6 = !{i32 7, !"PIE Level", i32 2}
!7 = !{i32 7, !"uwtable", i32 1}
!8 = !{i32 7, !"frame-pointer", i32 1}
!9 = !{!"Ubuntu clang version 14.0.0-1ubuntu1.1"}
!10 = distinct !{!10, !11, !12}
!11 = !{!"llvm.loop.mustprogress"}
!12 = !{!"llvm.loop.isvectorized", i32 1}
!13 = distinct !{!13, !11, !14, !12}
!14 = !{!"llvm.loop.unroll.runtime.disable"}
*** IR Dump After ConstantMergePass on [module] ***
; ModuleID = 'sumArray.in.ll'
source_filename = "sumArray.c"
target datalayout = "e-m:e-i8:8:32-i16:16:32-i64:64-i128:128-n32:64-S128"
target triple = "aarch64-unknown-linux-gnu"

; Function Attrs: nofree norecurse nosync nounwind readonly uwtable
define dso_local i32 @sumArray(i32* nocapture noundef readonly %0, i32 noundef %1) local_unnamed_addr #0 {
  %3 = icmp sgt i32 %1, 0
  br i1 %3, label %.lr.ph.preheader, label %._crit_edge

.lr.ph.preheader:                                 ; preds = %2
  %wide.trip.count = zext i32 %1 to i64
  %min.iters.check = icmp ult i32 %1, 8
  br i1 %min.iters.check, label %.lr.ph.preheader12, label %vector.ph

vector.ph:                                        ; preds = %.lr.ph.preheader
  %n.vec = and i64 %wide.trip.count, 4294967288
  br label %vector.body

vector.body:                                      ; preds = %vector.body, %vector.ph
  %index = phi i64 [ 0, %vector.ph ], [ %index.next, %vector.body ]
  %vec.phi = phi <4 x i32> [ zeroinitializer, %vector.ph ], [ %8, %vector.body ]
  %vec.phi10 = phi <4 x i32> [ zeroinitializer, %vector.ph ], [ %9, %vector.body ]
  %4 = getelementptr inbounds i32, i32* %0, i64 %index
  %5 = bitcast i32* %4 to <4 x i32>*
  %wide.load = load <4 x i32>, <4 x i32>* %5, align 4
  %6 = getelementptr inbounds i32, i32* %4, i64 4
  %7 = bitcast i32* %6 to <4 x i32>*
  %wide.load11 = load <4 x i32>, <4 x i32>* %7, align 4
  %8 = add <4 x i32> %wide.load, %vec.phi
  %9 = add <4 x i32> %wide.load11, %vec.phi10
  %index.next = add nuw i64 %index, 8
  %10 = icmp eq i64 %index.next, %n.vec
  br i1 %10, label %middle.block, label %vector.body, !llvm.loop !10

middle.block:                                     ; preds = %vector.body
  %bin.rdx = add <4 x i32> %9, %8
  %11 = call i32 @llvm.vector.reduce.add.v4i32(<4 x i32> %bin.rdx)
  %cmp.n = icmp eq i64 %n.vec, %wide.trip.count
  br i1 %cmp.n, label %._crit_edge, label %.lr.ph.preheader12

.lr.ph.preheader12:                               ; preds = %.lr.ph.preheader, %middle.block
  %indvars.iv.ph = phi i64 [ 0, %.lr.ph.preheader ], [ %n.vec, %middle.block ]
  %.067.ph = phi i32 [ 0, %.lr.ph.preheader ], [ %11, %middle.block ]
  br label %.lr.ph

.lr.ph:                                           ; preds = %.lr.ph.preheader12, %.lr.ph
  %indvars.iv = phi i64 [ %indvars.iv.next, %.lr.ph ], [ %indvars.iv.ph, %.lr.ph.preheader12 ]
  %.067 = phi i32 [ %14, %.lr.ph ], [ %.067.ph, %.lr.ph.preheader12 ]
  %12 = getelementptr inbounds i32, i32* %0, i64 %indvars.iv
  %13 = load i32, i32* %12, align 4
  %14 = add nsw i32 %13, %.067
  %indvars.iv.next = add nuw nsw i64 %indvars.iv, 1
  %exitcond.not = icmp eq i64 %indvars.iv.next, %wide.trip.count
  br i1 %exitcond.not, label %._crit_edge, label %.lr.ph, !llvm.loop !13

._crit_edge:                                      ; preds = %.lr.ph, %middle.block, %2
  %.06.lcssa = phi i32 [ 0, %2 ], [ %11, %middle.block ], [ %14, %.lr.ph ]
  ret i32 %.06.lcssa
}

; Function Attrs: nofree nosync nounwind readnone willreturn
declare i32 @llvm.vector.reduce.add.v4i32(<4 x i32>) #1

attributes #0 = { nofree norecurse nosync nounwind readonly uwtable "frame-pointer"="non-leaf" "min-legal-vector-width"="0" "no-trapping-math"="true" "stack-protector-buffer-size"="8" "target-cpu"="generic" "target-features"="+neon,+outline-atomics,+v8a" }
attributes #1 = { nofree nosync nounwind readnone willreturn }

!llvm.module.flags = !{!0, !1, !2, !3, !4, !5, !6, !7, !8}
!llvm.ident = !{!9}

!0 = !{i32 1, !"wchar_size", i32 4}
!1 = !{i32 1, !"branch-target-enforcement", i32 0}
!2 = !{i32 1, !"sign-return-address", i32 0}
!3 = !{i32 1, !"sign-return-address-all", i32 0}
!4 = !{i32 1, !"sign-return-address-with-bkey", i32 0}
!5 = !{i32 7, !"PIC Level", i32 2}
!6 = !{i32 7, !"PIE Level", i32 2}
!7 = !{i32 7, !"uwtable", i32 1}
!8 = !{i32 7, !"frame-pointer", i32 1}
!9 = !{!"Ubuntu clang version 14.0.0-1ubuntu1.1"}
!10 = distinct !{!10, !11, !12}
!11 = !{!"llvm.loop.mustprogress"}
!12 = !{!"llvm.loop.isvectorized", i32 1}
!13 = distinct !{!13, !11, !14, !12}
!14 = !{!"llvm.loop.unroll.runtime.disable"}
*** IR Dump Before RelLookupTableConverterPass on [module] ***
; ModuleID = 'sumArray.in.ll'
source_filename = "sumArray.c"
target datalayout = "e-m:e-i8:8:32-i16:16:32-i64:64-i128:128-n32:64-S128"
target triple = "aarch64-unknown-linux-gnu"

; Function Attrs: nofree norecurse nosync nounwind readonly uwtable
define dso_local i32 @sumArray(i32* nocapture noundef readonly %0, i32 noundef %1) local_unnamed_addr #0 {
  %3 = icmp sgt i32 %1, 0
  br i1 %3, label %.lr.ph.preheader, label %._crit_edge

.lr.ph.preheader:                                 ; preds = %2
  %wide.trip.count = zext i32 %1 to i64
  %min.iters.check = icmp ult i32 %1, 8
  br i1 %min.iters.check, label %.lr.ph.preheader12, label %vector.ph

vector.ph:                                        ; preds = %.lr.ph.preheader
  %n.vec = and i64 %wide.trip.count, 4294967288
  br label %vector.body

vector.body:                                      ; preds = %vector.body, %vector.ph
  %index = phi i64 [ 0, %vector.ph ], [ %index.next, %vector.body ]
  %vec.phi = phi <4 x i32> [ zeroinitializer, %vector.ph ], [ %8, %vector.body ]
  %vec.phi10 = phi <4 x i32> [ zeroinitializer, %vector.ph ], [ %9, %vector.body ]
  %4 = getelementptr inbounds i32, i32* %0, i64 %index
  %5 = bitcast i32* %4 to <4 x i32>*
  %wide.load = load <4 x i32>, <4 x i32>* %5, align 4
  %6 = getelementptr inbounds i32, i32* %4, i64 4
  %7 = bitcast i32* %6 to <4 x i32>*
  %wide.load11 = load <4 x i32>, <4 x i32>* %7, align 4
  %8 = add <4 x i32> %wide.load, %vec.phi
  %9 = add <4 x i32> %wide.load11, %vec.phi10
  %index.next = add nuw i64 %index, 8
  %10 = icmp eq i64 %index.next, %n.vec
  br i1 %10, label %middle.block, label %vector.body, !llvm.loop !10

middle.block:                                     ; preds = %vector.body
  %bin.rdx = add <4 x i32> %9, %8
  %11 = call i32 @llvm.vector.reduce.add.v4i32(<4 x i32> %bin.rdx)
  %cmp.n = icmp eq i64 %n.vec, %wide.trip.count
  br i1 %cmp.n, label %._crit_edge, label %.lr.ph.preheader12

.lr.ph.preheader12:                               ; preds = %.lr.ph.preheader, %middle.block
  %indvars.iv.ph = phi i64 [ 0, %.lr.ph.preheader ], [ %n.vec, %middle.block ]
  %.067.ph = phi i32 [ 0, %.lr.ph.preheader ], [ %11, %middle.block ]
  br label %.lr.ph

.lr.ph:                                           ; preds = %.lr.ph.preheader12, %.lr.ph
  %indvars.iv = phi i64 [ %indvars.iv.next, %.lr.ph ], [ %indvars.iv.ph, %.lr.ph.preheader12 ]
  %.067 = phi i32 [ %14, %.lr.ph ], [ %.067.ph, %.lr.ph.preheader12 ]
  %12 = getelementptr inbounds i32, i32* %0, i64 %indvars.iv
  %13 = load i32, i32* %12, align 4
  %14 = add nsw i32 %13, %.067
  %indvars.iv.next = add nuw nsw i64 %indvars.iv, 1
  %exitcond.not = icmp eq i64 %indvars.iv.next, %wide.trip.count
  br i1 %exitcond.not, label %._crit_edge, label %.lr.ph, !llvm.loop !13

._crit_edge:                                      ; preds = %.lr.ph, %middle.block, %2
  %.06.lcssa = phi i32 [ 0, %2 ], [ %11, %middle.block ], [ %14, %.lr.ph ]
  ret i32 %.06.lcssa
}

; Function Attrs: nofree nosync nounwind readnone willreturn
declare i32 @llvm.vector.reduce.add.v4i32(<4 x i32>) #1

attributes #0 = { nofree norecurse nosync nounwind readonly uwtable "frame-pointer"="non-leaf" "min-legal-vector-width"="0" "no-trapping-math"="true" "stack-protector-buffer-size"="8" "target-cpu"="generic" "target-features"="+neon,+outline-atomics,+v8a" }
attributes #1 = { nofree nosync nounwind readnone willreturn }

!llvm.module.flags = !{!0, !1, !2, !3, !4, !5, !6, !7, !8}
!llvm.ident = !{!9}

!0 = !{i32 1, !"wchar_size", i32 4}
!1 = !{i32 1, !"branch-target-enforcement", i32 0}
!2 = !{i32 1, !"sign-return-address", i32 0}
!3 = !{i32 1, !"sign-return-address-all", i32 0}
!4 = !{i32 1, !"sign-return-address-with-bkey", i32 0}
!5 = !{i32 7, !"PIC Level", i32 2}
!6 = !{i32 7, !"PIE Level", i32 2}
!7 = !{i32 7, !"uwtable", i32 1}
!8 = !{i32 7, !"frame-pointer", i32 1}
!9 = !{!"Ubuntu clang version 14.0.0-1ubuntu1.1"}
!10 = distinct !{!10, !11, !12}
!11 = !{!"llvm.loop.mustprogress"}
!12 = !{!"llvm.loop.isvectorized", i32 1}
!13 = distinct !{!13, !11, !14, !12}
!14 = !{!"llvm.loop.unroll.runtime.disable"}
*** IR Dump After RelLookupTableConverterPass on [module] ***
; ModuleID = 'sumArray.in.ll'
source_filename = "sumArray.c"
target datalayout = "e-m:e-i8:8:32-i16:16:32-i64:64-i128:128-n32:64-S128"
target triple = "aarch64-unknown-linux-gnu"

; Function Attrs: nofree norecurse nosync nounwind readonly uwtable
define dso_local i32 @sumArray(i32* nocapture noundef readonly %0, i32 noundef %1) local_unnamed_addr #0 {
  %3 = icmp sgt i32 %1, 0
  br i1 %3, label %.lr.ph.preheader, label %._crit_edge

.lr.ph.preheader:                                 ; preds = %2
  %wide.trip.count = zext i32 %1 to i64
  %min.iters.check = icmp ult i32 %1, 8
  br i1 %min.iters.check, label %.lr.ph.preheader12, label %vector.ph

vector.ph:                                        ; preds = %.lr.ph.preheader
  %n.vec = and i64 %wide.trip.count, 4294967288
  br label %vector.body

vector.body:                                      ; preds = %vector.body, %vector.ph
  %index = phi i64 [ 0, %vector.ph ], [ %index.next, %vector.body ]
  %vec.phi = phi <4 x i32> [ zeroinitializer, %vector.ph ], [ %8, %vector.body ]
  %vec.phi10 = phi <4 x i32> [ zeroinitializer, %vector.ph ], [ %9, %vector.body ]
  %4 = getelementptr inbounds i32, i32* %0, i64 %index
  %5 = bitcast i32* %4 to <4 x i32>*
  %wide.load = load <4 x i32>, <4 x i32>* %5, align 4
  %6 = getelementptr inbounds i32, i32* %4, i64 4
  %7 = bitcast i32* %6 to <4 x i32>*
  %wide.load11 = load <4 x i32>, <4 x i32>* %7, align 4
  %8 = add <4 x i32> %wide.load, %vec.phi
  %9 = add <4 x i32> %wide.load11, %vec.phi10
  %index.next = add nuw i64 %index, 8
  %10 = icmp eq i64 %index.next, %n.vec
  br i1 %10, label %middle.block, label %vector.body, !llvm.loop !10

middle.block:                                     ; preds = %vector.body
  %bin.rdx = add <4 x i32> %9, %8
  %11 = call i32 @llvm.vector.reduce.add.v4i32(<4 x i32> %bin.rdx)
  %cmp.n = icmp eq i64 %n.vec, %wide.trip.count
  br i1 %cmp.n, label %._crit_edge, label %.lr.ph.preheader12

.lr.ph.preheader12:                               ; preds = %.lr.ph.preheader, %middle.block
  %indvars.iv.ph = phi i64 [ 0, %.lr.ph.preheader ], [ %n.vec, %middle.block ]
  %.067.ph = phi i32 [ 0, %.lr.ph.preheader ], [ %11, %middle.block ]
  br label %.lr.ph

.lr.ph:                                           ; preds = %.lr.ph.preheader12, %.lr.ph
  %indvars.iv = phi i64 [ %indvars.iv.next, %.lr.ph ], [ %indvars.iv.ph, %.lr.ph.preheader12 ]
  %.067 = phi i32 [ %14, %.lr.ph ], [ %.067.ph, %.lr.ph.preheader12 ]
  %12 = getelementptr inbounds i32, i32* %0, i64 %indvars.iv
  %13 = load i32, i32* %12, align 4
  %14 = add nsw i32 %13, %.067
  %indvars.iv.next = add nuw nsw i64 %indvars.iv, 1
  %exitcond.not = icmp eq i64 %indvars.iv.next, %wide.trip.count
  br i1 %exitcond.not, label %._crit_edge, label %.lr.ph, !llvm.loop !13

._crit_edge:                                      ; preds = %.lr.ph, %middle.block, %2
  %.06.lcssa = phi i32 [ 0, %2 ], [ %11, %middle.block ], [ %14, %.lr.ph ]
  ret i32 %.06.lcssa
}

; Function Attrs: nofree nosync nounwind readnone willreturn
declare i32 @llvm.vector.reduce.add.v4i32(<4 x i32>) #1

attributes #0 = { nofree norecurse nosync nounwind readonly uwtable "frame-pointer"="non-leaf" "min-legal-vector-width"="0" "no-trapping-math"="true" "stack-protector-buffer-size"="8" "target-cpu"="generic" "target-features"="+neon,+outline-atomics,+v8a" }
attributes #1 = { nofree nosync nounwind readnone willreturn }

!llvm.module.flags = !{!0, !1, !2, !3, !4, !5, !6, !7, !8}
!llvm.ident = !{!9}

!0 = !{i32 1, !"wchar_size", i32 4}
!1 = !{i32 1, !"branch-target-enforcement", i32 0}
!2 = !{i32 1, !"sign-return-address", i32 0}
!3 = !{i32 1, !"sign-return-address-all", i32 0}
!4 = !{i32 1, !"sign-return-address-with-bkey", i32 0}
!5 = !{i32 7, !"PIC Level", i32 2}
!6 = !{i32 7, !"PIE Level", i32 2}
!7 = !{i32 7, !"uwtable", i32 1}
!8 = !{i32 7, !"frame-pointer", i32 1}
!9 = !{!"Ubuntu clang version 14.0.0-1ubuntu1.1"}
!10 = distinct !{!10, !11, !12}
!11 = !{!"llvm.loop.mustprogress"}
!12 = !{!"llvm.loop.isvectorized", i32 1}
!13 = distinct !{!13, !11, !14, !12}
!14 = !{!"llvm.loop.unroll.runtime.disable"}
*** IR Dump Before AnnotationRemarksPass on sumArray ***
; Function Attrs: nofree norecurse nosync nounwind readonly uwtable
define dso_local i32 @sumArray(i32* nocapture noundef readonly %0, i32 noundef %1) local_unnamed_addr #0 {
  %3 = icmp sgt i32 %1, 0
  br i1 %3, label %.lr.ph.preheader, label %._crit_edge

.lr.ph.preheader:                                 ; preds = %2
  %wide.trip.count = zext i32 %1 to i64
  %min.iters.check = icmp ult i32 %1, 8
  br i1 %min.iters.check, label %.lr.ph.preheader12, label %vector.ph

vector.ph:                                        ; preds = %.lr.ph.preheader
  %n.vec = and i64 %wide.trip.count, 4294967288
  br label %vector.body

vector.body:                                      ; preds = %vector.body, %vector.ph
  %index = phi i64 [ 0, %vector.ph ], [ %index.next, %vector.body ]
  %vec.phi = phi <4 x i32> [ zeroinitializer, %vector.ph ], [ %8, %vector.body ]
  %vec.phi10 = phi <4 x i32> [ zeroinitializer, %vector.ph ], [ %9, %vector.body ]
  %4 = getelementptr inbounds i32, i32* %0, i64 %index
  %5 = bitcast i32* %4 to <4 x i32>*
  %wide.load = load <4 x i32>, <4 x i32>* %5, align 4
  %6 = getelementptr inbounds i32, i32* %4, i64 4
  %7 = bitcast i32* %6 to <4 x i32>*
  %wide.load11 = load <4 x i32>, <4 x i32>* %7, align 4
  %8 = add <4 x i32> %wide.load, %vec.phi
  %9 = add <4 x i32> %wide.load11, %vec.phi10
  %index.next = add nuw i64 %index, 8
  %10 = icmp eq i64 %index.next, %n.vec
  br i1 %10, label %middle.block, label %vector.body, !llvm.loop !10

middle.block:                                     ; preds = %vector.body
  %bin.rdx = add <4 x i32> %9, %8
  %11 = call i32 @llvm.vector.reduce.add.v4i32(<4 x i32> %bin.rdx)
  %cmp.n = icmp eq i64 %n.vec, %wide.trip.count
  br i1 %cmp.n, label %._crit_edge, label %.lr.ph.preheader12

.lr.ph.preheader12:                               ; preds = %.lr.ph.preheader, %middle.block
  %indvars.iv.ph = phi i64 [ 0, %.lr.ph.preheader ], [ %n.vec, %middle.block ]
  %.067.ph = phi i32 [ 0, %.lr.ph.preheader ], [ %11, %middle.block ]
  br label %.lr.ph

.lr.ph:                                           ; preds = %.lr.ph.preheader12, %.lr.ph
  %indvars.iv = phi i64 [ %indvars.iv.next, %.lr.ph ], [ %indvars.iv.ph, %.lr.ph.preheader12 ]
  %.067 = phi i32 [ %14, %.lr.ph ], [ %.067.ph, %.lr.ph.preheader12 ]
  %12 = getelementptr inbounds i32, i32* %0, i64 %indvars.iv
  %13 = load i32, i32* %12, align 4
  %14 = add nsw i32 %13, %.067
  %indvars.iv.next = add nuw nsw i64 %indvars.iv, 1
  %exitcond.not = icmp eq i64 %indvars.iv.next, %wide.trip.count
  br i1 %exitcond.not, label %._crit_edge, label %.lr.ph, !llvm.loop !13

._crit_edge:                                      ; preds = %.lr.ph, %middle.block, %2
  %.06.lcssa = phi i32 [ 0, %2 ], [ %11, %middle.block ], [ %14, %.lr.ph ]
  ret i32 %.06.lcssa
}
*** IR Dump After AnnotationRemarksPass on sumArray ***
; Function Attrs: nofree norecurse nosync nounwind readonly uwtable
define dso_local i32 @sumArray(i32* nocapture noundef readonly %0, i32 noundef %1) local_unnamed_addr #0 {
  %3 = icmp sgt i32 %1, 0
  br i1 %3, label %.lr.ph.preheader, label %._crit_edge

.lr.ph.preheader:                                 ; preds = %2
  %wide.trip.count = zext i32 %1 to i64
  %min.iters.check = icmp ult i32 %1, 8
  br i1 %min.iters.check, label %.lr.ph.preheader12, label %vector.ph

vector.ph:                                        ; preds = %.lr.ph.preheader
  %n.vec = and i64 %wide.trip.count, 4294967288
  br label %vector.body

vector.body:                                      ; preds = %vector.body, %vector.ph
  %index = phi i64 [ 0, %vector.ph ], [ %index.next, %vector.body ]
  %vec.phi = phi <4 x i32> [ zeroinitializer, %vector.ph ], [ %8, %vector.body ]
  %vec.phi10 = phi <4 x i32> [ zeroinitializer, %vector.ph ], [ %9, %vector.body ]
  %4 = getelementptr inbounds i32, i32* %0, i64 %index
  %5 = bitcast i32* %4 to <4 x i32>*
  %wide.load = load <4 x i32>, <4 x i32>* %5, align 4
  %6 = getelementptr inbounds i32, i32* %4, i64 4
  %7 = bitcast i32* %6 to <4 x i32>*
  %wide.load11 = load <4 x i32>, <4 x i32>* %7, align 4
  %8 = add <4 x i32> %wide.load, %vec.phi
  %9 = add <4 x i32> %wide.load11, %vec.phi10
  %index.next = add nuw i64 %index, 8
  %10 = icmp eq i64 %index.next, %n.vec
  br i1 %10, label %middle.block, label %vector.body, !llvm.loop !10

middle.block:                                     ; preds = %vector.body
  %bin.rdx = add <4 x i32> %9, %8
  %11 = call i32 @llvm.vector.reduce.add.v4i32(<4 x i32> %bin.rdx)
  %cmp.n = icmp eq i64 %n.vec, %wide.trip.count
  br i1 %cmp.n, label %._crit_edge, label %.lr.ph.preheader12

.lr.ph.preheader12:                               ; preds = %.lr.ph.preheader, %middle.block
  %indvars.iv.ph = phi i64 [ 0, %.lr.ph.preheader ], [ %n.vec, %middle.block ]
  %.067.ph = phi i32 [ 0, %.lr.ph.preheader ], [ %11, %middle.block ]
  br label %.lr.ph

.lr.ph:                                           ; preds = %.lr.ph.preheader12, %.lr.ph
  %indvars.iv = phi i64 [ %indvars.iv.next, %.lr.ph ], [ %indvars.iv.ph, %.lr.ph.preheader12 ]
  %.067 = phi i32 [ %14, %.lr.ph ], [ %.067.ph, %.lr.ph.preheader12 ]
  %12 = getelementptr inbounds i32, i32* %0, i64 %indvars.iv
  %13 = load i32, i32* %12, align 4
  %14 = add nsw i32 %13, %.067
  %indvars.iv.next = add nuw nsw i64 %indvars.iv, 1
  %exitcond.not = icmp eq i64 %indvars.iv.next, %wide.trip.count
  br i1 %exitcond.not, label %._crit_edge, label %.lr.ph, !llvm.loop !13

._crit_edge:                                      ; preds = %.lr.ph, %middle.block, %2
  %.06.lcssa = phi i32 [ 0, %2 ], [ %11, %middle.block ], [ %14, %.lr.ph ]
  ret i32 %.06.lcssa
}
*** IR Dump Before VerifierPass on [module] ***
; ModuleID = 'sumArray.in.ll'
source_filename = "sumArray.c"
target datalayout = "e-m:e-i8:8:32-i16:16:32-i64:64-i128:128-n32:64-S128"
target triple = "aarch64-unknown-linux-gnu"

; Function Attrs: nofree norecurse nosync nounwind readonly uwtable
define dso_local i32 @sumArray(i32* nocapture noundef readonly %0, i32 noundef %1) local_unnamed_addr #0 {
  %3 = icmp sgt i32 %1, 0
  br i1 %3, label %.lr.ph.preheader, label %._crit_edge

.lr.ph.preheader:                                 ; preds = %2
  %wide.trip.count = zext i32 %1 to i64
  %min.iters.check = icmp ult i32 %1, 8
  br i1 %min.iters.check, label %.lr.ph.preheader12, label %vector.ph

vector.ph:                                        ; preds = %.lr.ph.preheader
  %n.vec = and i64 %wide.trip.count, 4294967288
  br label %vector.body

vector.body:                                      ; preds = %vector.body, %vector.ph
  %index = phi i64 [ 0, %vector.ph ], [ %index.next, %vector.body ]
  %vec.phi = phi <4 x i32> [ zeroinitializer, %vector.ph ], [ %8, %vector.body ]
  %vec.phi10 = phi <4 x i32> [ zeroinitializer, %vector.ph ], [ %9, %vector.body ]
  %4 = getelementptr inbounds i32, i32* %0, i64 %index
  %5 = bitcast i32* %4 to <4 x i32>*
  %wide.load = load <4 x i32>, <4 x i32>* %5, align 4
  %6 = getelementptr inbounds i32, i32* %4, i64 4
  %7 = bitcast i32* %6 to <4 x i32>*
  %wide.load11 = load <4 x i32>, <4 x i32>* %7, align 4
  %8 = add <4 x i32> %wide.load, %vec.phi
  %9 = add <4 x i32> %wide.load11, %vec.phi10
  %index.next = add nuw i64 %index, 8
  %10 = icmp eq i64 %index.next, %n.vec
  br i1 %10, label %middle.block, label %vector.body, !llvm.loop !10

middle.block:                                     ; preds = %vector.body
  %bin.rdx = add <4 x i32> %9, %8
  %11 = call i32 @llvm.vector.reduce.add.v4i32(<4 x i32> %bin.rdx)
  %cmp.n = icmp eq i64 %n.vec, %wide.trip.count
  br i1 %cmp.n, label %._crit_edge, label %.lr.ph.preheader12

.lr.ph.preheader12:                               ; preds = %.lr.ph.preheader, %middle.block
  %indvars.iv.ph = phi i64 [ 0, %.lr.ph.preheader ], [ %n.vec, %middle.block ]
  %.067.ph = phi i32 [ 0, %.lr.ph.preheader ], [ %11, %middle.block ]
  br label %.lr.ph

.lr.ph:                                           ; preds = %.lr.ph.preheader12, %.lr.ph
  %indvars.iv = phi i64 [ %indvars.iv.next, %.lr.ph ], [ %indvars.iv.ph, %.lr.ph.preheader12 ]
  %.067 = phi i32 [ %14, %.lr.ph ], [ %.067.ph, %.lr.ph.preheader12 ]
  %12 = getelementptr inbounds i32, i32* %0, i64 %indvars.iv
  %13 = load i32, i32* %12, align 4
  %14 = add nsw i32 %13, %.067
  %indvars.iv.next = add nuw nsw i64 %indvars.iv, 1
  %exitcond.not = icmp eq i64 %indvars.iv.next, %wide.trip.count
  br i1 %exitcond.not, label %._crit_edge, label %.lr.ph, !llvm.loop !13

._crit_edge:                                      ; preds = %.lr.ph, %middle.block, %2
  %.06.lcssa = phi i32 [ 0, %2 ], [ %11, %middle.block ], [ %14, %.lr.ph ]
  ret i32 %.06.lcssa
}

; Function Attrs: nofree nosync nounwind readnone willreturn
declare i32 @llvm.vector.reduce.add.v4i32(<4 x i32>) #1

attributes #0 = { nofree norecurse nosync nounwind readonly uwtable "frame-pointer"="non-leaf" "min-legal-vector-width"="0" "no-trapping-math"="true" "stack-protector-buffer-size"="8" "target-cpu"="generic" "target-features"="+neon,+outline-atomics,+v8a" }
attributes #1 = { nofree nosync nounwind readnone willreturn }

!llvm.module.flags = !{!0, !1, !2, !3, !4, !5, !6, !7, !8}
!llvm.ident = !{!9}

!0 = !{i32 1, !"wchar_size", i32 4}
!1 = !{i32 1, !"branch-target-enforcement", i32 0}
!2 = !{i32 1, !"sign-return-address", i32 0}
!3 = !{i32 1, !"sign-return-address-all", i32 0}
!4 = !{i32 1, !"sign-return-address-with-bkey", i32 0}
!5 = !{i32 7, !"PIC Level", i32 2}
!6 = !{i32 7, !"PIE Level", i32 2}
!7 = !{i32 7, !"uwtable", i32 1}
!8 = !{i32 7, !"frame-pointer", i32 1}
!9 = !{!"Ubuntu clang version 14.0.0-1ubuntu1.1"}
!10 = distinct !{!10, !11, !12}
!11 = !{!"llvm.loop.mustprogress"}
!12 = !{!"llvm.loop.isvectorized", i32 1}
!13 = distinct !{!13, !11, !14, !12}
!14 = !{!"llvm.loop.unroll.runtime.disable"}
*** IR Dump After VerifierPass on [module] ***
; ModuleID = 'sumArray.in.ll'
source_filename = "sumArray.c"
target datalayout = "e-m:e-i8:8:32-i16:16:32-i64:64-i128:128-n32:64-S128"
target triple = "aarch64-unknown-linux-gnu"

; Function Attrs: nofree norecurse nosync nounwind readonly uwtable
define dso_local i32 @sumArray(i32* nocapture noundef readonly %0, i32 noundef %1) local_unnamed_addr #0 {
  %3 = icmp sgt i32 %1, 0
  br i1 %3, label %.lr.ph.preheader, label %._crit_edge

.lr.ph.preheader:                                 ; preds = %2
  %wide.trip.count = zext i32 %1 to i64
  %min.iters.check = icmp ult i32 %1, 8
  br i1 %min.iters.check, label %.lr.ph.preheader12, label %vector.ph

vector.ph:                                        ; preds = %.lr.ph.preheader
  %n.vec = and i64 %wide.trip.count, 4294967288
  br label %vector.body

vector.body:                                      ; preds = %vector.body, %vector.ph
  %index = phi i64 [ 0, %vector.ph ], [ %index.next, %vector.body ]
  %vec.phi = phi <4 x i32> [ zeroinitializer, %vector.ph ], [ %8, %vector.body ]
  %vec.phi10 = phi <4 x i32> [ zeroinitializer, %vector.ph ], [ %9, %vector.body ]
  %4 = getelementptr inbounds i32, i32* %0, i64 %index
  %5 = bitcast i32* %4 to <4 x i32>*
  %wide.load = load <4 x i32>, <4 x i32>* %5, align 4
  %6 = getelementptr inbounds i32, i32* %4, i64 4
  %7 = bitcast i32* %6 to <4 x i32>*
  %wide.load11 = load <4 x i32>, <4 x i32>* %7, align 4
  %8 = add <4 x i32> %wide.load, %vec.phi
  %9 = add <4 x i32> %wide.load11, %vec.phi10
  %index.next = add nuw i64 %index, 8
  %10 = icmp eq i64 %index.next, %n.vec
  br i1 %10, label %middle.block, label %vector.body, !llvm.loop !10

middle.block:                                     ; preds = %vector.body
  %bin.rdx = add <4 x i32> %9, %8
  %11 = call i32 @llvm.vector.reduce.add.v4i32(<4 x i32> %bin.rdx)
  %cmp.n = icmp eq i64 %n.vec, %wide.trip.count
  br i1 %cmp.n, label %._crit_edge, label %.lr.ph.preheader12

.lr.ph.preheader12:                               ; preds = %.lr.ph.preheader, %middle.block
  %indvars.iv.ph = phi i64 [ 0, %.lr.ph.preheader ], [ %n.vec, %middle.block ]
  %.067.ph = phi i32 [ 0, %.lr.ph.preheader ], [ %11, %middle.block ]
  br label %.lr.ph

.lr.ph:                                           ; preds = %.lr.ph.preheader12, %.lr.ph
  %indvars.iv = phi i64 [ %indvars.iv.next, %.lr.ph ], [ %indvars.iv.ph, %.lr.ph.preheader12 ]
  %.067 = phi i32 [ %14, %.lr.ph ], [ %.067.ph, %.lr.ph.preheader12 ]
  %12 = getelementptr inbounds i32, i32* %0, i64 %indvars.iv
  %13 = load i32, i32* %12, align 4
  %14 = add nsw i32 %13, %.067
  %indvars.iv.next = add nuw nsw i64 %indvars.iv, 1
  %exitcond.not = icmp eq i64 %indvars.iv.next, %wide.trip.count
  br i1 %exitcond.not, label %._crit_edge, label %.lr.ph, !llvm.loop !13

._crit_edge:                                      ; preds = %.lr.ph, %middle.block, %2
  %.06.lcssa = phi i32 [ 0, %2 ], [ %11, %middle.block ], [ %14, %.lr.ph ]
  ret i32 %.06.lcssa
}

; Function Attrs: nofree nosync nounwind readnone willreturn
declare i32 @llvm.vector.reduce.add.v4i32(<4 x i32>) #1

attributes #0 = { nofree norecurse nosync nounwind readonly uwtable "frame-pointer"="non-leaf" "min-legal-vector-width"="0" "no-trapping-math"="true" "stack-protector-buffer-size"="8" "target-cpu"="generic" "target-features"="+neon,+outline-atomics,+v8a" }
attributes #1 = { nofree nosync nounwind readnone willreturn }

!llvm.module.flags = !{!0, !1, !2, !3, !4, !5, !6, !7, !8}
!llvm.ident = !{!9}

!0 = !{i32 1, !"wchar_size", i32 4}
!1 = !{i32 1, !"branch-target-enforcement", i32 0}
!2 = !{i32 1, !"sign-return-address", i32 0}
!3 = !{i32 1, !"sign-return-address-all", i32 0}
!4 = !{i32 1, !"sign-return-address-with-bkey", i32 0}
!5 = !{i32 7, !"PIC Level", i32 2}
!6 = !{i32 7, !"PIE Level", i32 2}
!7 = !{i32 7, !"uwtable", i32 1}
!8 = !{i32 7, !"frame-pointer", i32 1}
!9 = !{!"Ubuntu clang version 14.0.0-1ubuntu1.1"}
!10 = distinct !{!10, !11, !12}
!11 = !{!"llvm.loop.mustprogress"}
!12 = !{!"llvm.loop.isvectorized", i32 1}
!13 = distinct !{!13, !11, !14, !12}
!14 = !{!"llvm.loop.unroll.runtime.disable"}
*** IR Dump Before PrintModulePass on [module] ***
; ModuleID = 'sumArray.in.ll'
source_filename = "sumArray.c"
target datalayout = "e-m:e-i8:8:32-i16:16:32-i64:64-i128:128-n32:64-S128"
target triple = "aarch64-unknown-linux-gnu"

; Function Attrs: nofree norecurse nosync nounwind readonly uwtable
define dso_local i32 @sumArray(i32* nocapture noundef readonly %0, i32 noundef %1) local_unnamed_addr #0 {
  %3 = icmp sgt i32 %1, 0
  br i1 %3, label %.lr.ph.preheader, label %._crit_edge

.lr.ph.preheader:                                 ; preds = %2
  %wide.trip.count = zext i32 %1 to i64
  %min.iters.check = icmp ult i32 %1, 8
  br i1 %min.iters.check, label %.lr.ph.preheader12, label %vector.ph

vector.ph:                                        ; preds = %.lr.ph.preheader
  %n.vec = and i64 %wide.trip.count, 4294967288
  br label %vector.body

vector.body:                                      ; preds = %vector.body, %vector.ph
  %index = phi i64 [ 0, %vector.ph ], [ %index.next, %vector.body ]
  %vec.phi = phi <4 x i32> [ zeroinitializer, %vector.ph ], [ %8, %vector.body ]
  %vec.phi10 = phi <4 x i32> [ zeroinitializer, %vector.ph ], [ %9, %vector.body ]
  %4 = getelementptr inbounds i32, i32* %0, i64 %index
  %5 = bitcast i32* %4 to <4 x i32>*
  %wide.load = load <4 x i32>, <4 x i32>* %5, align 4
  %6 = getelementptr inbounds i32, i32* %4, i64 4
  %7 = bitcast i32* %6 to <4 x i32>*
  %wide.load11 = load <4 x i32>, <4 x i32>* %7, align 4
  %8 = add <4 x i32> %wide.load, %vec.phi
  %9 = add <4 x i32> %wide.load11, %vec.phi10
  %index.next = add nuw i64 %index, 8
  %10 = icmp eq i64 %index.next, %n.vec
  br i1 %10, label %middle.block, label %vector.body, !llvm.loop !10

middle.block:                                     ; preds = %vector.body
  %bin.rdx = add <4 x i32> %9, %8
  %11 = call i32 @llvm.vector.reduce.add.v4i32(<4 x i32> %bin.rdx)
  %cmp.n = icmp eq i64 %n.vec, %wide.trip.count
  br i1 %cmp.n, label %._crit_edge, label %.lr.ph.preheader12

.lr.ph.preheader12:                               ; preds = %.lr.ph.preheader, %middle.block
  %indvars.iv.ph = phi i64 [ 0, %.lr.ph.preheader ], [ %n.vec, %middle.block ]
  %.067.ph = phi i32 [ 0, %.lr.ph.preheader ], [ %11, %middle.block ]
  br label %.lr.ph

.lr.ph:                                           ; preds = %.lr.ph.preheader12, %.lr.ph
  %indvars.iv = phi i64 [ %indvars.iv.next, %.lr.ph ], [ %indvars.iv.ph, %.lr.ph.preheader12 ]
  %.067 = phi i32 [ %14, %.lr.ph ], [ %.067.ph, %.lr.ph.preheader12 ]
  %12 = getelementptr inbounds i32, i32* %0, i64 %indvars.iv
  %13 = load i32, i32* %12, align 4
  %14 = add nsw i32 %13, %.067
  %indvars.iv.next = add nuw nsw i64 %indvars.iv, 1
  %exitcond.not = icmp eq i64 %indvars.iv.next, %wide.trip.count
  br i1 %exitcond.not, label %._crit_edge, label %.lr.ph, !llvm.loop !13

._crit_edge:                                      ; preds = %.lr.ph, %middle.block, %2
  %.06.lcssa = phi i32 [ 0, %2 ], [ %11, %middle.block ], [ %14, %.lr.ph ]
  ret i32 %.06.lcssa
}

; Function Attrs: nofree nosync nounwind readnone willreturn
declare i32 @llvm.vector.reduce.add.v4i32(<4 x i32>) #1

attributes #0 = { nofree norecurse nosync nounwind readonly uwtable "frame-pointer"="non-leaf" "min-legal-vector-width"="0" "no-trapping-math"="true" "stack-protector-buffer-size"="8" "target-cpu"="generic" "target-features"="+neon,+outline-atomics,+v8a" }
attributes #1 = { nofree nosync nounwind readnone willreturn }

!llvm.module.flags = !{!0, !1, !2, !3, !4, !5, !6, !7, !8}
!llvm.ident = !{!9}

!0 = !{i32 1, !"wchar_size", i32 4}
!1 = !{i32 1, !"branch-target-enforcement", i32 0}
!2 = !{i32 1, !"sign-return-address", i32 0}
!3 = !{i32 1, !"sign-return-address-all", i32 0}
!4 = !{i32 1, !"sign-return-address-with-bkey", i32 0}
!5 = !{i32 7, !"PIC Level", i32 2}
!6 = !{i32 7, !"PIE Level", i32 2}
!7 = !{i32 7, !"uwtable", i32 1}
!8 = !{i32 7, !"frame-pointer", i32 1}
!9 = !{!"Ubuntu clang version 14.0.0-1ubuntu1.1"}
!10 = distinct !{!10, !11, !12}
!11 = !{!"llvm.loop.mustprogress"}
!12 = !{!"llvm.loop.isvectorized", i32 1}
!13 = distinct !{!13, !11, !14, !12}
!14 = !{!"llvm.loop.unroll.runtime.disable"}
*** IR Dump After PrintModulePass on [module] ***
; ModuleID = 'sumArray.in.ll'
source_filename = "sumArray.c"
target datalayout = "e-m:e-i8:8:32-i16:16:32-i64:64-i128:128-n32:64-S128"
target triple = "aarch64-unknown-linux-gnu"

; Function Attrs: nofree norecurse nosync nounwind readonly uwtable
define dso_local i32 @sumArray(i32* nocapture noundef readonly %0, i32 noundef %1) local_unnamed_addr #0 {
  %3 = icmp sgt i32 %1, 0
  br i1 %3, label %.lr.ph.preheader, label %._crit_edge

.lr.ph.preheader:                                 ; preds = %2
  %wide.trip.count = zext i32 %1 to i64
  %min.iters.check = icmp ult i32 %1, 8
  br i1 %min.iters.check, label %.lr.ph.preheader12, label %vector.ph

vector.ph:                                        ; preds = %.lr.ph.preheader
  %n.vec = and i64 %wide.trip.count, 4294967288
  br label %vector.body

vector.body:                                      ; preds = %vector.body, %vector.ph
  %index = phi i64 [ 0, %vector.ph ], [ %index.next, %vector.body ]
  %vec.phi = phi <4 x i32> [ zeroinitializer, %vector.ph ], [ %8, %vector.body ]
  %vec.phi10 = phi <4 x i32> [ zeroinitializer, %vector.ph ], [ %9, %vector.body ]
  %4 = getelementptr inbounds i32, i32* %0, i64 %index
  %5 = bitcast i32* %4 to <4 x i32>*
  %wide.load = load <4 x i32>, <4 x i32>* %5, align 4
  %6 = getelementptr inbounds i32, i32* %4, i64 4
  %7 = bitcast i32* %6 to <4 x i32>*
  %wide.load11 = load <4 x i32>, <4 x i32>* %7, align 4
  %8 = add <4 x i32> %wide.load, %vec.phi
  %9 = add <4 x i32> %wide.load11, %vec.phi10
  %index.next = add nuw i64 %index, 8
  %10 = icmp eq i64 %index.next, %n.vec
  br i1 %10, label %middle.block, label %vector.body, !llvm.loop !10

middle.block:                                     ; preds = %vector.body
  %bin.rdx = add <4 x i32> %9, %8
  %11 = call i32 @llvm.vector.reduce.add.v4i32(<4 x i32> %bin.rdx)
  %cmp.n = icmp eq i64 %n.vec, %wide.trip.count
  br i1 %cmp.n, label %._crit_edge, label %.lr.ph.preheader12

.lr.ph.preheader12:                               ; preds = %.lr.ph.preheader, %middle.block
  %indvars.iv.ph = phi i64 [ 0, %.lr.ph.preheader ], [ %n.vec, %middle.block ]
  %.067.ph = phi i32 [ 0, %.lr.ph.preheader ], [ %11, %middle.block ]
  br label %.lr.ph

.lr.ph:                                           ; preds = %.lr.ph.preheader12, %.lr.ph
  %indvars.iv = phi i64 [ %indvars.iv.next, %.lr.ph ], [ %indvars.iv.ph, %.lr.ph.preheader12 ]
  %.067 = phi i32 [ %14, %.lr.ph ], [ %.067.ph, %.lr.ph.preheader12 ]
  %12 = getelementptr inbounds i32, i32* %0, i64 %indvars.iv
  %13 = load i32, i32* %12, align 4
  %14 = add nsw i32 %13, %.067
  %indvars.iv.next = add nuw nsw i64 %indvars.iv, 1
  %exitcond.not = icmp eq i64 %indvars.iv.next, %wide.trip.count
  br i1 %exitcond.not, label %._crit_edge, label %.lr.ph, !llvm.loop !13

._crit_edge:                                      ; preds = %.lr.ph, %middle.block, %2
  %.06.lcssa = phi i32 [ 0, %2 ], [ %11, %middle.block ], [ %14, %.lr.ph ]
  ret i32 %.06.lcssa
}

; Function Attrs: nofree nosync nounwind readnone willreturn
declare i32 @llvm.vector.reduce.add.v4i32(<4 x i32>) #1

attributes #0 = { nofree norecurse nosync nounwind readonly uwtable "frame-pointer"="non-leaf" "min-legal-vector-width"="0" "no-trapping-math"="true" "stack-protector-buffer-size"="8" "target-cpu"="generic" "target-features"="+neon,+outline-atomics,+v8a" }
attributes #1 = { nofree nosync nounwind readnone willreturn }

!llvm.module.flags = !{!0, !1, !2, !3, !4, !5, !6, !7, !8}
!llvm.ident = !{!9}

!0 = !{i32 1, !"wchar_size", i32 4}
!1 = !{i32 1, !"branch-target-enforcement", i32 0}
!2 = !{i32 1, !"sign-return-address", i32 0}
!3 = !{i32 1, !"sign-return-address-all", i32 0}
!4 = !{i32 1, !"sign-return-address-with-bkey", i32 0}
!5 = !{i32 7, !"PIC Level", i32 2}
!6 = !{i32 7, !"PIE Level", i32 2}
!7 = !{i32 7, !"uwtable", i32 1}
!8 = !{i32 7, !"frame-pointer", i32 1}
!9 = !{!"Ubuntu clang version 14.0.0-1ubuntu1.1"}
!10 = distinct !{!10, !11, !12}
!11 = !{!"llvm.loop.mustprogress"}
!12 = !{!"llvm.loop.isvectorized", i32 1}
!13 = distinct !{!13, !11, !14, !12}
!14 = !{!"llvm.loop.unroll.runtime.disable"}
