*** IR Dump Before VerifierPass on [module] ***
; ModuleID = 'sumTo.in.ll'
source_filename = "sumTo.c"
target datalayout = "e-m:e-i8:8:32-i16:16:32-i64:64-i128:128-n32:64-S128"
target triple = "aarch64-unknown-linux-gnu"

; Function Attrs: nounwind uwtable
define dso_local i32 @sumTo(i32 noundef %0, i32 noundef %1) #0 {
  %3 = alloca i32, align 4
  %4 = alloca i32, align 4
  %5 = alloca i32, align 4
  store i32 %0, i32* %4, align 4
  store i32 %1, i32* %5, align 4
  %6 = load i32, i32* %4, align 4
  %7 = icmp sle i32 %6, 0
  br i1 %7, label %8, label %10

8:                                                ; preds = %2
  %9 = load i32, i32* %5, align 4
  store i32 %9, i32* %3, align 4
  br label %17

10:                                               ; preds = %2
  %11 = load i32, i32* %4, align 4
  %12 = sub nsw i32 %11, 1
  %13 = load i32, i32* %5, align 4
  %14 = load i32, i32* %4, align 4
  %15 = add nsw i32 %13, %14
  %16 = call i32 @sumTo(i32 noundef %12, i32 noundef %15)
  store i32 %16, i32* %3, align 4
  br label %17

17:                                               ; preds = %10, %8
  %18 = load i32, i32* %3, align 4
  ret i32 %18
}

attributes #0 = { nounwind uwtable "frame-pointer"="non-leaf" "min-legal-vector-width"="0" "no-trapping-math"="true" "stack-protector-buffer-size"="8" "target-cpu"="generic" "target-features"="+neon,+outline-atomics,+v8a" }

!llvm.module.flags = !{!0, !1, !2, !3, !4, !5, !6, !7, !8}
!llvm.ident = !{!9}

!0 = !{i32 1, !"wchar_size", i32 4}
!1 = !{i32 1, !"branch-target-enforcement", i32 0}
!2 = !{i32 1, !"sign-return-address", i32 0}
!3 = !{i32 1, !"sign-return-address-all", i32 0}
!4 = !{i32 1, !"sign-return-address-with-bkey", i32 0}
!5 = !{i32 7, !"PIC Level", i32 2}
!6 = !{i32 7, !"PIE Level", i32 2}
!7 = !{i32 7, !"uwtable", i32 1}
!8 = !{i32 7, !"frame-pointer", i32 1}
!9 = !{!"Ubuntu clang version 14.0.0-1ubuntu1.1"}
*** IR Dump After VerifierPass on [module] ***
; ModuleID = 'sumTo.in.ll'
source_filename = "sumTo.c"
target datalayout = "e-m:e-i8:8:32-i16:16:32-i64:64-i128:128-n32:64-S128"
target triple = "aarch64-unknown-linux-gnu"

; Function Attrs: nounwind uwtable
define dso_local i32 @sumTo(i32 noundef %0, i32 noundef %1) #0 {
  %3 = alloca i32, align 4
  %4 = alloca i32, align 4
  %5 = alloca i32, align 4
  store i32 %0, i32* %4, align 4
  store i32 %1, i32* %5, align 4
  %6 = load i32, i32* %4, align 4
  %7 = icmp sle i32 %6, 0
  br i1 %7, label %8, label %10

8:                                                ; preds = %2
  %9 = load i32, i32* %5, align 4
  store i32 %9, i32* %3, align 4
  br label %17

10:                                               ; preds = %2
  %11 = load i32, i32* %4, align 4
  %12 = sub nsw i32 %11, 1
  %13 = load i32, i32* %5, align 4
  %14 = load i32, i32* %4, align 4
  %15 = add nsw i32 %13, %14
  %16 = call i32 @sumTo(i32 noundef %12, i32 noundef %15)
  store i32 %16, i32* %3, align 4
  br label %17

17:                                               ; preds = %10, %8
  %18 = load i32, i32* %3, align 4
  ret i32 %18
}

attributes #0 = { nounwind uwtable "frame-pointer"="non-leaf" "min-legal-vector-width"="0" "no-trapping-math"="true" "stack-protector-buffer-size"="8" "target-cpu"="generic" "target-features"="+neon,+outline-atomics,+v8a" }

!llvm.module.flags = !{!0, !1, !2, !3, !4, !5, !6, !7, !8}
!llvm.ident = !{!9}

!0 = !{i32 1, !"wchar_size", i32 4}
!1 = !{i32 1, !"branch-target-enforcement", i32 0}
!2 = !{i32 1, !"sign-return-address", i32 0}
!3 = !{i32 1, !"sign-return-address-all", i32 0}
!4 = !{i32 1, !"sign-return-address-with-bkey", i32 0}
!5 = !{i32 7, !"PIC Level", i32 2}
!6 = !{i32 7, !"PIE Level", i32 2}
!7 = !{i32 7, !"uwtable", i32 1}
!8 = !{i32 7, !"frame-pointer", i32 1}
!9 = !{!"Ubuntu clang version 14.0.0-1ubuntu1.1"}
*** IR Dump Before Annotation2MetadataPass on [module] ***
; ModuleID = 'sumTo.in.ll'
source_filename = "sumTo.c"
target datalayout = "e-m:e-i8:8:32-i16:16:32-i64:64-i128:128-n32:64-S128"
target triple = "aarch64-unknown-linux-gnu"

; Function Attrs: nounwind uwtable
define dso_local i32 @sumTo(i32 noundef %0, i32 noundef %1) #0 {
  %3 = alloca i32, align 4
  %4 = alloca i32, align 4
  %5 = alloca i32, align 4
  store i32 %0, i32* %4, align 4
  store i32 %1, i32* %5, align 4
  %6 = load i32, i32* %4, align 4
  %7 = icmp sle i32 %6, 0
  br i1 %7, label %8, label %10

8:                                                ; preds = %2
  %9 = load i32, i32* %5, align 4
  store i32 %9, i32* %3, align 4
  br label %17

10:                                               ; preds = %2
  %11 = load i32, i32* %4, align 4
  %12 = sub nsw i32 %11, 1
  %13 = load i32, i32* %5, align 4
  %14 = load i32, i32* %4, align 4
  %15 = add nsw i32 %13, %14
  %16 = call i32 @sumTo(i32 noundef %12, i32 noundef %15)
  store i32 %16, i32* %3, align 4
  br label %17

17:                                               ; preds = %10, %8
  %18 = load i32, i32* %3, align 4
  ret i32 %18
}

attributes #0 = { nounwind uwtable "frame-pointer"="non-leaf" "min-legal-vector-width"="0" "no-trapping-math"="true" "stack-protector-buffer-size"="8" "target-cpu"="generic" "target-features"="+neon,+outline-atomics,+v8a" }

!llvm.module.flags = !{!0, !1, !2, !3, !4, !5, !6, !7, !8}
!llvm.ident = !{!9}

!0 = !{i32 1, !"wchar_size", i32 4}
!1 = !{i32 1, !"branch-target-enforcement", i32 0}
!2 = !{i32 1, !"sign-return-address", i32 0}
!3 = !{i32 1, !"sign-return-address-all", i32 0}
!4 = !{i32 1, !"sign-return-address-with-bkey", i32 0}
!5 = !{i32 7, !"PIC Level", i32 2}
!6 = !{i32 7, !"PIE Level", i32 2}
!7 = !{i32 7, !"uwtable", i32 1}
!8 = !{i32 7, !"frame-pointer", i32 1}
!9 = !{!"Ubuntu clang version 14.0.0-1ubuntu1.1"}
*** IR Dump After Annotation2MetadataPass on [module] ***
; ModuleID = 'sumTo.in.ll'
source_filename = "sumTo.c"
target datalayout = "e-m:e-i8:8:32-i16:16:32-i64:64-i128:128-n32:64-S128"
target triple = "aarch64-unknown-linux-gnu"

; Function Attrs: nounwind uwtable
define dso_local i32 @sumTo(i32 noundef %0, i32 noundef %1) #0 {
  %3 = alloca i32, align 4
  %4 = alloca i32, align 4
  %5 = alloca i32, align 4
  store i32 %0, i32* %4, align 4
  store i32 %1, i32* %5, align 4
  %6 = load i32, i32* %4, align 4
  %7 = icmp sle i32 %6, 0
  br i1 %7, label %8, label %10

8:                                                ; preds = %2
  %9 = load i32, i32* %5, align 4
  store i32 %9, i32* %3, align 4
  br label %17

10:                                               ; preds = %2
  %11 = load i32, i32* %4, align 4
  %12 = sub nsw i32 %11, 1
  %13 = load i32, i32* %5, align 4
  %14 = load i32, i32* %4, align 4
  %15 = add nsw i32 %13, %14
  %16 = call i32 @sumTo(i32 noundef %12, i32 noundef %15)
  store i32 %16, i32* %3, align 4
  br label %17

17:                                               ; preds = %10, %8
  %18 = load i32, i32* %3, align 4
  ret i32 %18
}

attributes #0 = { nounwind uwtable "frame-pointer"="non-leaf" "min-legal-vector-width"="0" "no-trapping-math"="true" "stack-protector-buffer-size"="8" "target-cpu"="generic" "target-features"="+neon,+outline-atomics,+v8a" }

!llvm.module.flags = !{!0, !1, !2, !3, !4, !5, !6, !7, !8}
!llvm.ident = !{!9}

!0 = !{i32 1, !"wchar_size", i32 4}
!1 = !{i32 1, !"branch-target-enforcement", i32 0}
!2 = !{i32 1, !"sign-return-address", i32 0}
!3 = !{i32 1, !"sign-return-address-all", i32 0}
!4 = !{i32 1, !"sign-return-address-with-bkey", i32 0}
!5 = !{i32 7, !"PIC Level", i32 2}
!6 = !{i32 7, !"PIE Level", i32 2}
!7 = !{i32 7, !"uwtable", i32 1}
!8 = !{i32 7, !"frame-pointer", i32 1}
!9 = !{!"Ubuntu clang version 14.0.0-1ubuntu1.1"}
*** IR Dump Before ForceFunctionAttrsPass on [module] ***
; ModuleID = 'sumTo.in.ll'
source_filename = "sumTo.c"
target datalayout = "e-m:e-i8:8:32-i16:16:32-i64:64-i128:128-n32:64-S128"
target triple = "aarch64-unknown-linux-gnu"

; Function Attrs: nounwind uwtable
define dso_local i32 @sumTo(i32 noundef %0, i32 noundef %1) #0 {
  %3 = alloca i32, align 4
  %4 = alloca i32, align 4
  %5 = alloca i32, align 4
  store i32 %0, i32* %4, align 4
  store i32 %1, i32* %5, align 4
  %6 = load i32, i32* %4, align 4
  %7 = icmp sle i32 %6, 0
  br i1 %7, label %8, label %10

8:                                                ; preds = %2
  %9 = load i32, i32* %5, align 4
  store i32 %9, i32* %3, align 4
  br label %17

10:                                               ; preds = %2
  %11 = load i32, i32* %4, align 4
  %12 = sub nsw i32 %11, 1
  %13 = load i32, i32* %5, align 4
  %14 = load i32, i32* %4, align 4
  %15 = add nsw i32 %13, %14
  %16 = call i32 @sumTo(i32 noundef %12, i32 noundef %15)
  store i32 %16, i32* %3, align 4
  br label %17

17:                                               ; preds = %10, %8
  %18 = load i32, i32* %3, align 4
  ret i32 %18
}

attributes #0 = { nounwind uwtable "frame-pointer"="non-leaf" "min-legal-vector-width"="0" "no-trapping-math"="true" "stack-protector-buffer-size"="8" "target-cpu"="generic" "target-features"="+neon,+outline-atomics,+v8a" }

!llvm.module.flags = !{!0, !1, !2, !3, !4, !5, !6, !7, !8}
!llvm.ident = !{!9}

!0 = !{i32 1, !"wchar_size", i32 4}
!1 = !{i32 1, !"branch-target-enforcement", i32 0}
!2 = !{i32 1, !"sign-return-address", i32 0}
!3 = !{i32 1, !"sign-return-address-all", i32 0}
!4 = !{i32 1, !"sign-return-address-with-bkey", i32 0}
!5 = !{i32 7, !"PIC Level", i32 2}
!6 = !{i32 7, !"PIE Level", i32 2}
!7 = !{i32 7, !"uwtable", i32 1}
!8 = !{i32 7, !"frame-pointer", i32 1}
!9 = !{!"Ubuntu clang version 14.0.0-1ubuntu1.1"}
*** IR Dump After ForceFunctionAttrsPass on [module] ***
; ModuleID = 'sumTo.in.ll'
source_filename = "sumTo.c"
target datalayout = "e-m:e-i8:8:32-i16:16:32-i64:64-i128:128-n32:64-S128"
target triple = "aarch64-unknown-linux-gnu"

; Function Attrs: nounwind uwtable
define dso_local i32 @sumTo(i32 noundef %0, i32 noundef %1) #0 {
  %3 = alloca i32, align 4
  %4 = alloca i32, align 4
  %5 = alloca i32, align 4
  store i32 %0, i32* %4, align 4
  store i32 %1, i32* %5, align 4
  %6 = load i32, i32* %4, align 4
  %7 = icmp sle i32 %6, 0
  br i1 %7, label %8, label %10

8:                                                ; preds = %2
  %9 = load i32, i32* %5, align 4
  store i32 %9, i32* %3, align 4
  br label %17

10:                                               ; preds = %2
  %11 = load i32, i32* %4, align 4
  %12 = sub nsw i32 %11, 1
  %13 = load i32, i32* %5, align 4
  %14 = load i32, i32* %4, align 4
  %15 = add nsw i32 %13, %14
  %16 = call i32 @sumTo(i32 noundef %12, i32 noundef %15)
  store i32 %16, i32* %3, align 4
  br label %17

17:                                               ; preds = %10, %8
  %18 = load i32, i32* %3, align 4
  ret i32 %18
}

attributes #0 = { nounwind uwtable "frame-pointer"="non-leaf" "min-legal-vector-width"="0" "no-trapping-math"="true" "stack-protector-buffer-size"="8" "target-cpu"="generic" "target-features"="+neon,+outline-atomics,+v8a" }

!llvm.module.flags = !{!0, !1, !2, !3, !4, !5, !6, !7, !8}
!llvm.ident = !{!9}

!0 = !{i32 1, !"wchar_size", i32 4}
!1 = !{i32 1, !"branch-target-enforcement", i32 0}
!2 = !{i32 1, !"sign-return-address", i32 0}
!3 = !{i32 1, !"sign-return-address-all", i32 0}
!4 = !{i32 1, !"sign-return-address-with-bkey", i32 0}
!5 = !{i32 7, !"PIC Level", i32 2}
!6 = !{i32 7, !"PIE Level", i32 2}
!7 = !{i32 7, !"uwtable", i32 1}
!8 = !{i32 7, !"frame-pointer", i32 1}
!9 = !{!"Ubuntu clang version 14.0.0-1ubuntu1.1"}
*** IR Dump Before InferFunctionAttrsPass on [module] ***
; ModuleID = 'sumTo.in.ll'
source_filename = "sumTo.c"
target datalayout = "e-m:e-i8:8:32-i16:16:32-i64:64-i128:128-n32:64-S128"
target triple = "aarch64-unknown-linux-gnu"

; Function Attrs: nounwind uwtable
define dso_local i32 @sumTo(i32 noundef %0, i32 noundef %1) #0 {
  %3 = alloca i32, align 4
  %4 = alloca i32, align 4
  %5 = alloca i32, align 4
  store i32 %0, i32* %4, align 4
  store i32 %1, i32* %5, align 4
  %6 = load i32, i32* %4, align 4
  %7 = icmp sle i32 %6, 0
  br i1 %7, label %8, label %10

8:                                                ; preds = %2
  %9 = load i32, i32* %5, align 4
  store i32 %9, i32* %3, align 4
  br label %17

10:                                               ; preds = %2
  %11 = load i32, i32* %4, align 4
  %12 = sub nsw i32 %11, 1
  %13 = load i32, i32* %5, align 4
  %14 = load i32, i32* %4, align 4
  %15 = add nsw i32 %13, %14
  %16 = call i32 @sumTo(i32 noundef %12, i32 noundef %15)
  store i32 %16, i32* %3, align 4
  br label %17

17:                                               ; preds = %10, %8
  %18 = load i32, i32* %3, align 4
  ret i32 %18
}

attributes #0 = { nounwind uwtable "frame-pointer"="non-leaf" "min-legal-vector-width"="0" "no-trapping-math"="true" "stack-protector-buffer-size"="8" "target-cpu"="generic" "target-features"="+neon,+outline-atomics,+v8a" }

!llvm.module.flags = !{!0, !1, !2, !3, !4, !5, !6, !7, !8}
!llvm.ident = !{!9}

!0 = !{i32 1, !"wchar_size", i32 4}
!1 = !{i32 1, !"branch-target-enforcement", i32 0}
!2 = !{i32 1, !"sign-return-address", i32 0}
!3 = !{i32 1, !"sign-return-address-all", i32 0}
!4 = !{i32 1, !"sign-return-address-with-bkey", i32 0}
!5 = !{i32 7, !"PIC Level", i32 2}
!6 = !{i32 7, !"PIE Level", i32 2}
!7 = !{i32 7, !"uwtable", i32 1}
!8 = !{i32 7, !"frame-pointer", i32 1}
!9 = !{!"Ubuntu clang version 14.0.0-1ubuntu1.1"}
*** IR Dump After InferFunctionAttrsPass on [module] ***
; ModuleID = 'sumTo.in.ll'
source_filename = "sumTo.c"
target datalayout = "e-m:e-i8:8:32-i16:16:32-i64:64-i128:128-n32:64-S128"
target triple = "aarch64-unknown-linux-gnu"

; Function Attrs: nounwind uwtable
define dso_local i32 @sumTo(i32 noundef %0, i32 noundef %1) #0 {
  %3 = alloca i32, align 4
  %4 = alloca i32, align 4
  %5 = alloca i32, align 4
  store i32 %0, i32* %4, align 4
  store i32 %1, i32* %5, align 4
  %6 = load i32, i32* %4, align 4
  %7 = icmp sle i32 %6, 0
  br i1 %7, label %8, label %10

8:                                                ; preds = %2
  %9 = load i32, i32* %5, align 4
  store i32 %9, i32* %3, align 4
  br label %17

10:                                               ; preds = %2
  %11 = load i32, i32* %4, align 4
  %12 = sub nsw i32 %11, 1
  %13 = load i32, i32* %5, align 4
  %14 = load i32, i32* %4, align 4
  %15 = add nsw i32 %13, %14
  %16 = call i32 @sumTo(i32 noundef %12, i32 noundef %15)
  store i32 %16, i32* %3, align 4
  br label %17

17:                                               ; preds = %10, %8
  %18 = load i32, i32* %3, align 4
  ret i32 %18
}

attributes #0 = { nounwind uwtable "frame-pointer"="non-leaf" "min-legal-vector-width"="0" "no-trapping-math"="true" "stack-protector-buffer-size"="8" "target-cpu"="generic" "target-features"="+neon,+outline-atomics,+v8a" }

!llvm.module.flags = !{!0, !1, !2, !3, !4, !5, !6, !7, !8}
!llvm.ident = !{!9}

!0 = !{i32 1, !"wchar_size", i32 4}
!1 = !{i32 1, !"branch-target-enforcement", i32 0}
!2 = !{i32 1, !"sign-return-address", i32 0}
!3 = !{i32 1, !"sign-return-address-all", i32 0}
!4 = !{i32 1, !"sign-return-address-with-bkey", i32 0}
!5 = !{i32 7, !"PIC Level", i32 2}
!6 = !{i32 7, !"PIE Level", i32 2}
!7 = !{i32 7, !"uwtable", i32 1}
!8 = !{i32 7, !"frame-pointer", i32 1}
!9 = !{!"Ubuntu clang version 14.0.0-1ubuntu1.1"}
*** IR Dump Before LowerExpectIntrinsicPass on sumTo ***
; Function Attrs: nounwind uwtable
define dso_local i32 @sumTo(i32 noundef %0, i32 noundef %1) #0 {
  %3 = alloca i32, align 4
  %4 = alloca i32, align 4
  %5 = alloca i32, align 4
  store i32 %0, i32* %4, align 4
  store i32 %1, i32* %5, align 4
  %6 = load i32, i32* %4, align 4
  %7 = icmp sle i32 %6, 0
  br i1 %7, label %8, label %10

8:                                                ; preds = %2
  %9 = load i32, i32* %5, align 4
  store i32 %9, i32* %3, align 4
  br label %17

10:                                               ; preds = %2
  %11 = load i32, i32* %4, align 4
  %12 = sub nsw i32 %11, 1
  %13 = load i32, i32* %5, align 4
  %14 = load i32, i32* %4, align 4
  %15 = add nsw i32 %13, %14
  %16 = call i32 @sumTo(i32 noundef %12, i32 noundef %15)
  store i32 %16, i32* %3, align 4
  br label %17

17:                                               ; preds = %10, %8
  %18 = load i32, i32* %3, align 4
  ret i32 %18
}
*** IR Dump After LowerExpectIntrinsicPass on sumTo ***
; Function Attrs: nounwind uwtable
define dso_local i32 @sumTo(i32 noundef %0, i32 noundef %1) #0 {
  %3 = alloca i32, align 4
  %4 = alloca i32, align 4
  %5 = alloca i32, align 4
  store i32 %0, i32* %4, align 4
  store i32 %1, i32* %5, align 4
  %6 = load i32, i32* %4, align 4
  %7 = icmp sle i32 %6, 0
  br i1 %7, label %8, label %10

8:                                                ; preds = %2
  %9 = load i32, i32* %5, align 4
  store i32 %9, i32* %3, align 4
  br label %17

10:                                               ; preds = %2
  %11 = load i32, i32* %4, align 4
  %12 = sub nsw i32 %11, 1
  %13 = load i32, i32* %5, align 4
  %14 = load i32, i32* %4, align 4
  %15 = add nsw i32 %13, %14
  %16 = call i32 @sumTo(i32 noundef %12, i32 noundef %15)
  store i32 %16, i32* %3, align 4
  br label %17

17:                                               ; preds = %10, %8
  %18 = load i32, i32* %3, align 4
  ret i32 %18
}
*** IR Dump Before SimplifyCFGPass on sumTo ***
; Function Attrs: nounwind uwtable
define dso_local i32 @sumTo(i32 noundef %0, i32 noundef %1) #0 {
  %3 = alloca i32, align 4
  %4 = alloca i32, align 4
  %5 = alloca i32, align 4
  store i32 %0, i32* %4, align 4
  store i32 %1, i32* %5, align 4
  %6 = load i32, i32* %4, align 4
  %7 = icmp sle i32 %6, 0
  br i1 %7, label %8, label %10

8:                                                ; preds = %2
  %9 = load i32, i32* %5, align 4
  store i32 %9, i32* %3, align 4
  br label %17

10:                                               ; preds = %2
  %11 = load i32, i32* %4, align 4
  %12 = sub nsw i32 %11, 1
  %13 = load i32, i32* %5, align 4
  %14 = load i32, i32* %4, align 4
  %15 = add nsw i32 %13, %14
  %16 = call i32 @sumTo(i32 noundef %12, i32 noundef %15)
  store i32 %16, i32* %3, align 4
  br label %17

17:                                               ; preds = %10, %8
  %18 = load i32, i32* %3, align 4
  ret i32 %18
}
*** IR Dump After SimplifyCFGPass on sumTo ***
; Function Attrs: nounwind uwtable
define dso_local i32 @sumTo(i32 noundef %0, i32 noundef %1) #0 {
  %3 = alloca i32, align 4
  %4 = alloca i32, align 4
  %5 = alloca i32, align 4
  store i32 %0, i32* %4, align 4
  store i32 %1, i32* %5, align 4
  %6 = load i32, i32* %4, align 4
  %7 = icmp sle i32 %6, 0
  br i1 %7, label %8, label %10

8:                                                ; preds = %2
  %9 = load i32, i32* %5, align 4
  store i32 %9, i32* %3, align 4
  br label %17

10:                                               ; preds = %2
  %11 = load i32, i32* %4, align 4
  %12 = sub nsw i32 %11, 1
  %13 = load i32, i32* %5, align 4
  %14 = load i32, i32* %4, align 4
  %15 = add nsw i32 %13, %14
  %16 = call i32 @sumTo(i32 noundef %12, i32 noundef %15)
  store i32 %16, i32* %3, align 4
  br label %17

17:                                               ; preds = %10, %8
  %18 = load i32, i32* %3, align 4
  ret i32 %18
}
*** IR Dump Before SROAPass on sumTo ***
; Function Attrs: nounwind uwtable
define dso_local i32 @sumTo(i32 noundef %0, i32 noundef %1) #0 {
  %3 = alloca i32, align 4
  %4 = alloca i32, align 4
  %5 = alloca i32, align 4
  store i32 %0, i32* %4, align 4
  store i32 %1, i32* %5, align 4
  %6 = load i32, i32* %4, align 4
  %7 = icmp sle i32 %6, 0
  br i1 %7, label %8, label %10

8:                                                ; preds = %2
  %9 = load i32, i32* %5, align 4
  store i32 %9, i32* %3, align 4
  br label %17

10:                                               ; preds = %2
  %11 = load i32, i32* %4, align 4
  %12 = sub nsw i32 %11, 1
  %13 = load i32, i32* %5, align 4
  %14 = load i32, i32* %4, align 4
  %15 = add nsw i32 %13, %14
  %16 = call i32 @sumTo(i32 noundef %12, i32 noundef %15)
  store i32 %16, i32* %3, align 4
  br label %17

17:                                               ; preds = %10, %8
  %18 = load i32, i32* %3, align 4
  ret i32 %18
}
*** IR Dump After SROAPass on sumTo ***
; Function Attrs: nounwind uwtable
define dso_local i32 @sumTo(i32 noundef %0, i32 noundef %1) #0 {
  %3 = icmp sle i32 %0, 0
  br i1 %3, label %4, label %5

4:                                                ; preds = %2
  br label %9

5:                                                ; preds = %2
  %6 = sub nsw i32 %0, 1
  %7 = add nsw i32 %1, %0
  %8 = call i32 @sumTo(i32 noundef %6, i32 noundef %7)
  br label %9

9:                                                ; preds = %5, %4
  %.0 = phi i32 [ %1, %4 ], [ %8, %5 ]
  ret i32 %.0
}
*** IR Dump Before EarlyCSEPass on sumTo ***
; Function Attrs: nounwind uwtable
define dso_local i32 @sumTo(i32 noundef %0, i32 noundef %1) #0 {
  %3 = icmp sle i32 %0, 0
  br i1 %3, label %4, label %5

4:                                                ; preds = %2
  br label %9

5:                                                ; preds = %2
  %6 = sub nsw i32 %0, 1
  %7 = add nsw i32 %1, %0
  %8 = call i32 @sumTo(i32 noundef %6, i32 noundef %7)
  br label %9

9:                                                ; preds = %5, %4
  %.0 = phi i32 [ %1, %4 ], [ %8, %5 ]
  ret i32 %.0
}
*** IR Dump After EarlyCSEPass on sumTo ***
; Function Attrs: nounwind uwtable
define dso_local i32 @sumTo(i32 noundef %0, i32 noundef %1) #0 {
  %3 = icmp sle i32 %0, 0
  br i1 %3, label %4, label %5

4:                                                ; preds = %2
  br label %9

5:                                                ; preds = %2
  %6 = sub nsw i32 %0, 1
  %7 = add nsw i32 %1, %0
  %8 = call i32 @sumTo(i32 noundef %6, i32 noundef %7)
  br label %9

9:                                                ; preds = %5, %4
  %.0 = phi i32 [ %1, %4 ], [ %8, %5 ]
  ret i32 %.0
}
*** IR Dump Before CoroEarlyPass on sumTo ***
; Function Attrs: nounwind uwtable
define dso_local i32 @sumTo(i32 noundef %0, i32 noundef %1) #0 {
  %3 = icmp sle i32 %0, 0
  br i1 %3, label %4, label %5

4:                                                ; preds = %2
  br label %9

5:                                                ; preds = %2
  %6 = sub nsw i32 %0, 1
  %7 = add nsw i32 %1, %0
  %8 = call i32 @sumTo(i32 noundef %6, i32 noundef %7)
  br label %9

9:                                                ; preds = %5, %4
  %.0 = phi i32 [ %1, %4 ], [ %8, %5 ]
  ret i32 %.0
}
*** IR Dump After CoroEarlyPass on sumTo ***
; Function Attrs: nounwind uwtable
define dso_local i32 @sumTo(i32 noundef %0, i32 noundef %1) #0 {
  %3 = icmp sle i32 %0, 0
  br i1 %3, label %4, label %5

4:                                                ; preds = %2
  br label %9

5:                                                ; preds = %2
  %6 = sub nsw i32 %0, 1
  %7 = add nsw i32 %1, %0
  %8 = call i32 @sumTo(i32 noundef %6, i32 noundef %7)
  br label %9

9:                                                ; preds = %5, %4
  %.0 = phi i32 [ %1, %4 ], [ %8, %5 ]
  ret i32 %.0
}
*** IR Dump Before OpenMPOptPass on [module] ***
; ModuleID = 'sumTo.in.ll'
source_filename = "sumTo.c"
target datalayout = "e-m:e-i8:8:32-i16:16:32-i64:64-i128:128-n32:64-S128"
target triple = "aarch64-unknown-linux-gnu"

; Function Attrs: nounwind uwtable
define dso_local i32 @sumTo(i32 noundef %0, i32 noundef %1) #0 {
  %3 = icmp sle i32 %0, 0
  br i1 %3, label %4, label %5

4:                                                ; preds = %2
  br label %9

5:                                                ; preds = %2
  %6 = sub nsw i32 %0, 1
  %7 = add nsw i32 %1, %0
  %8 = call i32 @sumTo(i32 noundef %6, i32 noundef %7)
  br label %9

9:                                                ; preds = %5, %4
  %.0 = phi i32 [ %1, %4 ], [ %8, %5 ]
  ret i32 %.0
}

attributes #0 = { nounwind uwtable "frame-pointer"="non-leaf" "min-legal-vector-width"="0" "no-trapping-math"="true" "stack-protector-buffer-size"="8" "target-cpu"="generic" "target-features"="+neon,+outline-atomics,+v8a" }

!llvm.module.flags = !{!0, !1, !2, !3, !4, !5, !6, !7, !8}
!llvm.ident = !{!9}

!0 = !{i32 1, !"wchar_size", i32 4}
!1 = !{i32 1, !"branch-target-enforcement", i32 0}
!2 = !{i32 1, !"sign-return-address", i32 0}
!3 = !{i32 1, !"sign-return-address-all", i32 0}
!4 = !{i32 1, !"sign-return-address-with-bkey", i32 0}
!5 = !{i32 7, !"PIC Level", i32 2}
!6 = !{i32 7, !"PIE Level", i32 2}
!7 = !{i32 7, !"uwtable", i32 1}
!8 = !{i32 7, !"frame-pointer", i32 1}
!9 = !{!"Ubuntu clang version 14.0.0-1ubuntu1.1"}
*** IR Dump After OpenMPOptPass on [module] ***
; ModuleID = 'sumTo.in.ll'
source_filename = "sumTo.c"
target datalayout = "e-m:e-i8:8:32-i16:16:32-i64:64-i128:128-n32:64-S128"
target triple = "aarch64-unknown-linux-gnu"

; Function Attrs: nounwind uwtable
define dso_local i32 @sumTo(i32 noundef %0, i32 noundef %1) #0 {
  %3 = icmp sle i32 %0, 0
  br i1 %3, label %4, label %5

4:                                                ; preds = %2
  br label %9

5:                                                ; preds = %2
  %6 = sub nsw i32 %0, 1
  %7 = add nsw i32 %1, %0
  %8 = call i32 @sumTo(i32 noundef %6, i32 noundef %7)
  br label %9

9:                                                ; preds = %5, %4
  %.0 = phi i32 [ %1, %4 ], [ %8, %5 ]
  ret i32 %.0
}

attributes #0 = { nounwind uwtable "frame-pointer"="non-leaf" "min-legal-vector-width"="0" "no-trapping-math"="true" "stack-protector-buffer-size"="8" "target-cpu"="generic" "target-features"="+neon,+outline-atomics,+v8a" }

!llvm.module.flags = !{!0, !1, !2, !3, !4, !5, !6, !7, !8}
!llvm.ident = !{!9}

!0 = !{i32 1, !"wchar_size", i32 4}
!1 = !{i32 1, !"branch-target-enforcement", i32 0}
!2 = !{i32 1, !"sign-return-address", i32 0}
!3 = !{i32 1, !"sign-return-address-all", i32 0}
!4 = !{i32 1, !"sign-return-address-with-bkey", i32 0}
!5 = !{i32 7, !"PIC Level", i32 2}
!6 = !{i32 7, !"PIE Level", i32 2}
!7 = !{i32 7, !"uwtable", i32 1}
!8 = !{i32 7, !"frame-pointer", i32 1}
!9 = !{!"Ubuntu clang version 14.0.0-1ubuntu1.1"}
*** IR Dump Before IPSCCPPass on [module] ***
; ModuleID = 'sumTo.in.ll'
source_filename = "sumTo.c"
target datalayout = "e-m:e-i8:8:32-i16:16:32-i64:64-i128:128-n32:64-S128"
target triple = "aarch64-unknown-linux-gnu"

; Function Attrs: nounwind uwtable
define dso_local i32 @sumTo(i32 noundef %0, i32 noundef %1) #0 {
  %3 = icmp sle i32 %0, 0
  br i1 %3, label %4, label %5

4:                                                ; preds = %2
  br label %9

5:                                                ; preds = %2
  %6 = sub nsw i32 %0, 1
  %7 = add nsw i32 %1, %0
  %8 = call i32 @sumTo(i32 noundef %6, i32 noundef %7)
  br label %9

9:                                                ; preds = %5, %4
  %.0 = phi i32 [ %1, %4 ], [ %8, %5 ]
  ret i32 %.0
}

attributes #0 = { nounwind uwtable "frame-pointer"="non-leaf" "min-legal-vector-width"="0" "no-trapping-math"="true" "stack-protector-buffer-size"="8" "target-cpu"="generic" "target-features"="+neon,+outline-atomics,+v8a" }

!llvm.module.flags = !{!0, !1, !2, !3, !4, !5, !6, !7, !8}
!llvm.ident = !{!9}

!0 = !{i32 1, !"wchar_size", i32 4}
!1 = !{i32 1, !"branch-target-enforcement", i32 0}
!2 = !{i32 1, !"sign-return-address", i32 0}
!3 = !{i32 1, !"sign-return-address-all", i32 0}
!4 = !{i32 1, !"sign-return-address-with-bkey", i32 0}
!5 = !{i32 7, !"PIC Level", i32 2}
!6 = !{i32 7, !"PIE Level", i32 2}
!7 = !{i32 7, !"uwtable", i32 1}
!8 = !{i32 7, !"frame-pointer", i32 1}
!9 = !{!"Ubuntu clang version 14.0.0-1ubuntu1.1"}
*** IR Dump After IPSCCPPass on [module] ***
; ModuleID = 'sumTo.in.ll'
source_filename = "sumTo.c"
target datalayout = "e-m:e-i8:8:32-i16:16:32-i64:64-i128:128-n32:64-S128"
target triple = "aarch64-unknown-linux-gnu"

; Function Attrs: nounwind uwtable
define dso_local i32 @sumTo(i32 noundef %0, i32 noundef %1) #0 {
  %3 = icmp sle i32 %0, 0
  br i1 %3, label %4, label %5

4:                                                ; preds = %2
  br label %9

5:                                                ; preds = %2
  %6 = sub nsw i32 %0, 1
  %7 = add nsw i32 %1, %0
  %8 = call i32 @sumTo(i32 noundef %6, i32 noundef %7)
  br label %9

9:                                                ; preds = %5, %4
  %.0 = phi i32 [ %1, %4 ], [ %8, %5 ]
  ret i32 %.0
}

attributes #0 = { nounwind uwtable "frame-pointer"="non-leaf" "min-legal-vector-width"="0" "no-trapping-math"="true" "stack-protector-buffer-size"="8" "target-cpu"="generic" "target-features"="+neon,+outline-atomics,+v8a" }

!llvm.module.flags = !{!0, !1, !2, !3, !4, !5, !6, !7, !8}
!llvm.ident = !{!9}

!0 = !{i32 1, !"wchar_size", i32 4}
!1 = !{i32 1, !"branch-target-enforcement", i32 0}
!2 = !{i32 1, !"sign-return-address", i32 0}
!3 = !{i32 1, !"sign-return-address-all", i32 0}
!4 = !{i32 1, !"sign-return-address-with-bkey", i32 0}
!5 = !{i32 7, !"PIC Level", i32 2}
!6 = !{i32 7, !"PIE Level", i32 2}
!7 = !{i32 7, !"uwtable", i32 1}
!8 = !{i32 7, !"frame-pointer", i32 1}
!9 = !{!"Ubuntu clang version 14.0.0-1ubuntu1.1"}
*** IR Dump Before CalledValuePropagationPass on [module] ***
; ModuleID = 'sumTo.in.ll'
source_filename = "sumTo.c"
target datalayout = "e-m:e-i8:8:32-i16:16:32-i64:64-i128:128-n32:64-S128"
target triple = "aarch64-unknown-linux-gnu"

; Function Attrs: nounwind uwtable
define dso_local i32 @sumTo(i32 noundef %0, i32 noundef %1) #0 {
  %3 = icmp sle i32 %0, 0
  br i1 %3, label %4, label %5

4:                                                ; preds = %2
  br label %9

5:                                                ; preds = %2
  %6 = sub nsw i32 %0, 1
  %7 = add nsw i32 %1, %0
  %8 = call i32 @sumTo(i32 noundef %6, i32 noundef %7)
  br label %9

9:                                                ; preds = %5, %4
  %.0 = phi i32 [ %1, %4 ], [ %8, %5 ]
  ret i32 %.0
}

attributes #0 = { nounwind uwtable "frame-pointer"="non-leaf" "min-legal-vector-width"="0" "no-trapping-math"="true" "stack-protector-buffer-size"="8" "target-cpu"="generic" "target-features"="+neon,+outline-atomics,+v8a" }

!llvm.module.flags = !{!0, !1, !2, !3, !4, !5, !6, !7, !8}
!llvm.ident = !{!9}

!0 = !{i32 1, !"wchar_size", i32 4}
!1 = !{i32 1, !"branch-target-enforcement", i32 0}
!2 = !{i32 1, !"sign-return-address", i32 0}
!3 = !{i32 1, !"sign-return-address-all", i32 0}
!4 = !{i32 1, !"sign-return-address-with-bkey", i32 0}
!5 = !{i32 7, !"PIC Level", i32 2}
!6 = !{i32 7, !"PIE Level", i32 2}
!7 = !{i32 7, !"uwtable", i32 1}
!8 = !{i32 7, !"frame-pointer", i32 1}
!9 = !{!"Ubuntu clang version 14.0.0-1ubuntu1.1"}
*** IR Dump After CalledValuePropagationPass on [module] ***
; ModuleID = 'sumTo.in.ll'
source_filename = "sumTo.c"
target datalayout = "e-m:e-i8:8:32-i16:16:32-i64:64-i128:128-n32:64-S128"
target triple = "aarch64-unknown-linux-gnu"

; Function Attrs: nounwind uwtable
define dso_local i32 @sumTo(i32 noundef %0, i32 noundef %1) #0 {
  %3 = icmp sle i32 %0, 0
  br i1 %3, label %4, label %5

4:                                                ; preds = %2
  br label %9

5:                                                ; preds = %2
  %6 = sub nsw i32 %0, 1
  %7 = add nsw i32 %1, %0
  %8 = call i32 @sumTo(i32 noundef %6, i32 noundef %7)
  br label %9

9:                                                ; preds = %5, %4
  %.0 = phi i32 [ %1, %4 ], [ %8, %5 ]
  ret i32 %.0
}

attributes #0 = { nounwind uwtable "frame-pointer"="non-leaf" "min-legal-vector-width"="0" "no-trapping-math"="true" "stack-protector-buffer-size"="8" "target-cpu"="generic" "target-features"="+neon,+outline-atomics,+v8a" }

!llvm.module.flags = !{!0, !1, !2, !3, !4, !5, !6, !7, !8}
!llvm.ident = !{!9}

!0 = !{i32 1, !"wchar_size", i32 4}
!1 = !{i32 1, !"branch-target-enforcement", i32 0}
!2 = !{i32 1, !"sign-return-address", i32 0}
!3 = !{i32 1, !"sign-return-address-all", i32 0}
!4 = !{i32 1, !"sign-return-address-with-bkey", i32 0}
!5 = !{i32 7, !"PIC Level", i32 2}
!6 = !{i32 7, !"PIE Level", i32 2}
!7 = !{i32 7, !"uwtable", i32 1}
!8 = !{i32 7, !"frame-pointer", i32 1}
!9 = !{!"Ubuntu clang version 14.0.0-1ubuntu1.1"}
*** IR Dump Before GlobalOptPass on [module] ***
; ModuleID = 'sumTo.in.ll'
source_filename = "sumTo.c"
target datalayout = "e-m:e-i8:8:32-i16:16:32-i64:64-i128:128-n32:64-S128"
target triple = "aarch64-unknown-linux-gnu"

; Function Attrs: nounwind uwtable
define dso_local i32 @sumTo(i32 noundef %0, i32 noundef %1) #0 {
  %3 = icmp sle i32 %0, 0
  br i1 %3, label %4, label %5

4:                                                ; preds = %2
  br label %9

5:                                                ; preds = %2
  %6 = sub nsw i32 %0, 1
  %7 = add nsw i32 %1, %0
  %8 = call i32 @sumTo(i32 noundef %6, i32 noundef %7)
  br label %9

9:                                                ; preds = %5, %4
  %.0 = phi i32 [ %1, %4 ], [ %8, %5 ]
  ret i32 %.0
}

attributes #0 = { nounwind uwtable "frame-pointer"="non-leaf" "min-legal-vector-width"="0" "no-trapping-math"="true" "stack-protector-buffer-size"="8" "target-cpu"="generic" "target-features"="+neon,+outline-atomics,+v8a" }

!llvm.module.flags = !{!0, !1, !2, !3, !4, !5, !6, !7, !8}
!llvm.ident = !{!9}

!0 = !{i32 1, !"wchar_size", i32 4}
!1 = !{i32 1, !"branch-target-enforcement", i32 0}
!2 = !{i32 1, !"sign-return-address", i32 0}
!3 = !{i32 1, !"sign-return-address-all", i32 0}
!4 = !{i32 1, !"sign-return-address-with-bkey", i32 0}
!5 = !{i32 7, !"PIC Level", i32 2}
!6 = !{i32 7, !"PIE Level", i32 2}
!7 = !{i32 7, !"uwtable", i32 1}
!8 = !{i32 7, !"frame-pointer", i32 1}
!9 = !{!"Ubuntu clang version 14.0.0-1ubuntu1.1"}
*** IR Dump After GlobalOptPass on [module] ***
; ModuleID = 'sumTo.in.ll'
source_filename = "sumTo.c"
target datalayout = "e-m:e-i8:8:32-i16:16:32-i64:64-i128:128-n32:64-S128"
target triple = "aarch64-unknown-linux-gnu"

; Function Attrs: nounwind uwtable
define dso_local i32 @sumTo(i32 noundef %0, i32 noundef %1) local_unnamed_addr #0 {
  %3 = icmp sle i32 %0, 0
  br i1 %3, label %4, label %5

4:                                                ; preds = %2
  br label %9

5:                                                ; preds = %2
  %6 = sub nsw i32 %0, 1
  %7 = add nsw i32 %1, %0
  %8 = call i32 @sumTo(i32 noundef %6, i32 noundef %7)
  br label %9

9:                                                ; preds = %5, %4
  %.0 = phi i32 [ %1, %4 ], [ %8, %5 ]
  ret i32 %.0
}

attributes #0 = { nounwind uwtable "frame-pointer"="non-leaf" "min-legal-vector-width"="0" "no-trapping-math"="true" "stack-protector-buffer-size"="8" "target-cpu"="generic" "target-features"="+neon,+outline-atomics,+v8a" }

!llvm.module.flags = !{!0, !1, !2, !3, !4, !5, !6, !7, !8}
!llvm.ident = !{!9}

!0 = !{i32 1, !"wchar_size", i32 4}
!1 = !{i32 1, !"branch-target-enforcement", i32 0}
!2 = !{i32 1, !"sign-return-address", i32 0}
!3 = !{i32 1, !"sign-return-address-all", i32 0}
!4 = !{i32 1, !"sign-return-address-with-bkey", i32 0}
!5 = !{i32 7, !"PIC Level", i32 2}
!6 = !{i32 7, !"PIE Level", i32 2}
!7 = !{i32 7, !"uwtable", i32 1}
!8 = !{i32 7, !"frame-pointer", i32 1}
!9 = !{!"Ubuntu clang version 14.0.0-1ubuntu1.1"}
*** IR Dump Before PromotePass on sumTo ***
; Function Attrs: nounwind uwtable
define dso_local i32 @sumTo(i32 noundef %0, i32 noundef %1) local_unnamed_addr #0 {
  %3 = icmp sle i32 %0, 0
  br i1 %3, label %4, label %5

4:                                                ; preds = %2
  br label %9

5:                                                ; preds = %2
  %6 = sub nsw i32 %0, 1
  %7 = add nsw i32 %1, %0
  %8 = call i32 @sumTo(i32 noundef %6, i32 noundef %7)
  br label %9

9:                                                ; preds = %5, %4
  %.0 = phi i32 [ %1, %4 ], [ %8, %5 ]
  ret i32 %.0
}
*** IR Dump After PromotePass on sumTo ***
; Function Attrs: nounwind uwtable
define dso_local i32 @sumTo(i32 noundef %0, i32 noundef %1) local_unnamed_addr #0 {
  %3 = icmp sle i32 %0, 0
  br i1 %3, label %4, label %5

4:                                                ; preds = %2
  br label %9

5:                                                ; preds = %2
  %6 = sub nsw i32 %0, 1
  %7 = add nsw i32 %1, %0
  %8 = call i32 @sumTo(i32 noundef %6, i32 noundef %7)
  br label %9

9:                                                ; preds = %5, %4
  %.0 = phi i32 [ %1, %4 ], [ %8, %5 ]
  ret i32 %.0
}
*** IR Dump Before DeadArgumentEliminationPass on [module] ***
; ModuleID = 'sumTo.in.ll'
source_filename = "sumTo.c"
target datalayout = "e-m:e-i8:8:32-i16:16:32-i64:64-i128:128-n32:64-S128"
target triple = "aarch64-unknown-linux-gnu"

; Function Attrs: nounwind uwtable
define dso_local i32 @sumTo(i32 noundef %0, i32 noundef %1) local_unnamed_addr #0 {
  %3 = icmp sle i32 %0, 0
  br i1 %3, label %4, label %5

4:                                                ; preds = %2
  br label %9

5:                                                ; preds = %2
  %6 = sub nsw i32 %0, 1
  %7 = add nsw i32 %1, %0
  %8 = call i32 @sumTo(i32 noundef %6, i32 noundef %7)
  br label %9

9:                                                ; preds = %5, %4
  %.0 = phi i32 [ %1, %4 ], [ %8, %5 ]
  ret i32 %.0
}

attributes #0 = { nounwind uwtable "frame-pointer"="non-leaf" "min-legal-vector-width"="0" "no-trapping-math"="true" "stack-protector-buffer-size"="8" "target-cpu"="generic" "target-features"="+neon,+outline-atomics,+v8a" }

!llvm.module.flags = !{!0, !1, !2, !3, !4, !5, !6, !7, !8}
!llvm.ident = !{!9}

!0 = !{i32 1, !"wchar_size", i32 4}
!1 = !{i32 1, !"branch-target-enforcement", i32 0}
!2 = !{i32 1, !"sign-return-address", i32 0}
!3 = !{i32 1, !"sign-return-address-all", i32 0}
!4 = !{i32 1, !"sign-return-address-with-bkey", i32 0}
!5 = !{i32 7, !"PIC Level", i32 2}
!6 = !{i32 7, !"PIE Level", i32 2}
!7 = !{i32 7, !"uwtable", i32 1}
!8 = !{i32 7, !"frame-pointer", i32 1}
!9 = !{!"Ubuntu clang version 14.0.0-1ubuntu1.1"}
*** IR Dump After DeadArgumentEliminationPass on [module] ***
; ModuleID = 'sumTo.in.ll'
source_filename = "sumTo.c"
target datalayout = "e-m:e-i8:8:32-i16:16:32-i64:64-i128:128-n32:64-S128"
target triple = "aarch64-unknown-linux-gnu"

; Function Attrs: nounwind uwtable
define dso_local i32 @sumTo(i32 noundef %0, i32 noundef %1) local_unnamed_addr #0 {
  %3 = icmp sle i32 %0, 0
  br i1 %3, label %4, label %5

4:                                                ; preds = %2
  br label %9

5:                                                ; preds = %2
  %6 = sub nsw i32 %0, 1
  %7 = add nsw i32 %1, %0
  %8 = call i32 @sumTo(i32 noundef %6, i32 noundef %7)
  br label %9

9:                                                ; preds = %5, %4
  %.0 = phi i32 [ %1, %4 ], [ %8, %5 ]
  ret i32 %.0
}

attributes #0 = { nounwind uwtable "frame-pointer"="non-leaf" "min-legal-vector-width"="0" "no-trapping-math"="true" "stack-protector-buffer-size"="8" "target-cpu"="generic" "target-features"="+neon,+outline-atomics,+v8a" }

!llvm.module.flags = !{!0, !1, !2, !3, !4, !5, !6, !7, !8}
!llvm.ident = !{!9}

!0 = !{i32 1, !"wchar_size", i32 4}
!1 = !{i32 1, !"branch-target-enforcement", i32 0}
!2 = !{i32 1, !"sign-return-address", i32 0}
!3 = !{i32 1, !"sign-return-address-all", i32 0}
!4 = !{i32 1, !"sign-return-address-with-bkey", i32 0}
!5 = !{i32 7, !"PIC Level", i32 2}
!6 = !{i32 7, !"PIE Level", i32 2}
!7 = !{i32 7, !"uwtable", i32 1}
!8 = !{i32 7, !"frame-pointer", i32 1}
!9 = !{!"Ubuntu clang version 14.0.0-1ubuntu1.1"}
*** IR Dump Before InstCombinePass on sumTo ***
; Function Attrs: nounwind uwtable
define dso_local i32 @sumTo(i32 noundef %0, i32 noundef %1) local_unnamed_addr #0 {
  %3 = icmp sle i32 %0, 0
  br i1 %3, label %4, label %5

4:                                                ; preds = %2
  br label %9

5:                                                ; preds = %2
  %6 = sub nsw i32 %0, 1
  %7 = add nsw i32 %1, %0
  %8 = call i32 @sumTo(i32 noundef %6, i32 noundef %7)
  br label %9

9:                                                ; preds = %5, %4
  %.0 = phi i32 [ %1, %4 ], [ %8, %5 ]
  ret i32 %.0
}
*** IR Dump After InstCombinePass on sumTo ***
; Function Attrs: nounwind uwtable
define dso_local i32 @sumTo(i32 noundef %0, i32 noundef %1) local_unnamed_addr #0 {
  %3 = icmp slt i32 %0, 1
  br i1 %3, label %4, label %5

4:                                                ; preds = %2
  br label %9

5:                                                ; preds = %2
  %6 = add nsw i32 %0, -1
  %7 = add nsw i32 %1, %0
  %8 = call i32 @sumTo(i32 noundef %6, i32 noundef %7)
  br label %9

9:                                                ; preds = %5, %4
  %.0 = phi i32 [ %1, %4 ], [ %8, %5 ]
  ret i32 %.0
}
*** IR Dump Before SimplifyCFGPass on sumTo ***
; Function Attrs: nounwind uwtable
define dso_local i32 @sumTo(i32 noundef %0, i32 noundef %1) local_unnamed_addr #0 {
  %3 = icmp slt i32 %0, 1
  br i1 %3, label %4, label %5

4:                                                ; preds = %2
  br label %9

5:                                                ; preds = %2
  %6 = add nsw i32 %0, -1
  %7 = add nsw i32 %1, %0
  %8 = call i32 @sumTo(i32 noundef %6, i32 noundef %7)
  br label %9

9:                                                ; preds = %5, %4
  %.0 = phi i32 [ %1, %4 ], [ %8, %5 ]
  ret i32 %.0
}
*** IR Dump After SimplifyCFGPass on sumTo ***
; Function Attrs: nounwind uwtable
define dso_local i32 @sumTo(i32 noundef %0, i32 noundef %1) local_unnamed_addr #0 {
  %3 = icmp slt i32 %0, 1
  br i1 %3, label %8, label %4

4:                                                ; preds = %2
  %5 = add nsw i32 %0, -1
  %6 = add nsw i32 %1, %0
  %7 = call i32 @sumTo(i32 noundef %5, i32 noundef %6)
  br label %8

8:                                                ; preds = %2, %4
  %.0 = phi i32 [ %7, %4 ], [ %1, %2 ]
  ret i32 %.0
}
*** IR Dump Before RequireAnalysisPass<llvm::GlobalsAA, llvm::Module> on [module] ***
; ModuleID = 'sumTo.in.ll'
source_filename = "sumTo.c"
target datalayout = "e-m:e-i8:8:32-i16:16:32-i64:64-i128:128-n32:64-S128"
target triple = "aarch64-unknown-linux-gnu"

; Function Attrs: nounwind uwtable
define dso_local i32 @sumTo(i32 noundef %0, i32 noundef %1) local_unnamed_addr #0 {
  %3 = icmp slt i32 %0, 1
  br i1 %3, label %8, label %4

4:                                                ; preds = %2
  %5 = add nsw i32 %0, -1
  %6 = add nsw i32 %1, %0
  %7 = call i32 @sumTo(i32 noundef %5, i32 noundef %6)
  br label %8

8:                                                ; preds = %2, %4
  %.0 = phi i32 [ %7, %4 ], [ %1, %2 ]
  ret i32 %.0
}

attributes #0 = { nounwind uwtable "frame-pointer"="non-leaf" "min-legal-vector-width"="0" "no-trapping-math"="true" "stack-protector-buffer-size"="8" "target-cpu"="generic" "target-features"="+neon,+outline-atomics,+v8a" }

!llvm.module.flags = !{!0, !1, !2, !3, !4, !5, !6, !7, !8}
!llvm.ident = !{!9}

!0 = !{i32 1, !"wchar_size", i32 4}
!1 = !{i32 1, !"branch-target-enforcement", i32 0}
!2 = !{i32 1, !"sign-return-address", i32 0}
!3 = !{i32 1, !"sign-return-address-all", i32 0}
!4 = !{i32 1, !"sign-return-address-with-bkey", i32 0}
!5 = !{i32 7, !"PIC Level", i32 2}
!6 = !{i32 7, !"PIE Level", i32 2}
!7 = !{i32 7, !"uwtable", i32 1}
!8 = !{i32 7, !"frame-pointer", i32 1}
!9 = !{!"Ubuntu clang version 14.0.0-1ubuntu1.1"}
*** IR Dump After RequireAnalysisPass<llvm::GlobalsAA, llvm::Module> on [module] ***
; ModuleID = 'sumTo.in.ll'
source_filename = "sumTo.c"
target datalayout = "e-m:e-i8:8:32-i16:16:32-i64:64-i128:128-n32:64-S128"
target triple = "aarch64-unknown-linux-gnu"

; Function Attrs: nounwind uwtable
define dso_local i32 @sumTo(i32 noundef %0, i32 noundef %1) local_unnamed_addr #0 {
  %3 = icmp slt i32 %0, 1
  br i1 %3, label %8, label %4

4:                                                ; preds = %2
  %5 = add nsw i32 %0, -1
  %6 = add nsw i32 %1, %0
  %7 = call i32 @sumTo(i32 noundef %5, i32 noundef %6)
  br label %8

8:                                                ; preds = %2, %4
  %.0 = phi i32 [ %7, %4 ], [ %1, %2 ]
  ret i32 %.0
}

attributes #0 = { nounwind uwtable "frame-pointer"="non-leaf" "min-legal-vector-width"="0" "no-trapping-math"="true" "stack-protector-buffer-size"="8" "target-cpu"="generic" "target-features"="+neon,+outline-atomics,+v8a" }

!llvm.module.flags = !{!0, !1, !2, !3, !4, !5, !6, !7, !8}
!llvm.ident = !{!9}

!0 = !{i32 1, !"wchar_size", i32 4}
!1 = !{i32 1, !"branch-target-enforcement", i32 0}
!2 = !{i32 1, !"sign-return-address", i32 0}
!3 = !{i32 1, !"sign-return-address-all", i32 0}
!4 = !{i32 1, !"sign-return-address-with-bkey", i32 0}
!5 = !{i32 7, !"PIC Level", i32 2}
!6 = !{i32 7, !"PIE Level", i32 2}
!7 = !{i32 7, !"uwtable", i32 1}
!8 = !{i32 7, !"frame-pointer", i32 1}
!9 = !{!"Ubuntu clang version 14.0.0-1ubuntu1.1"}
*** IR Dump Before InvalidateAnalysisPass<llvm::AAManager> on sumTo ***
; Function Attrs: nounwind uwtable
define dso_local i32 @sumTo(i32 noundef %0, i32 noundef %1) local_unnamed_addr #0 {
  %3 = icmp slt i32 %0, 1
  br i1 %3, label %8, label %4

4:                                                ; preds = %2
  %5 = add nsw i32 %0, -1
  %6 = add nsw i32 %1, %0
  %7 = call i32 @sumTo(i32 noundef %5, i32 noundef %6)
  br label %8

8:                                                ; preds = %2, %4
  %.0 = phi i32 [ %7, %4 ], [ %1, %2 ]
  ret i32 %.0
}
*** IR Dump After InvalidateAnalysisPass<llvm::AAManager> on sumTo ***
; Function Attrs: nounwind uwtable
define dso_local i32 @sumTo(i32 noundef %0, i32 noundef %1) local_unnamed_addr #0 {
  %3 = icmp slt i32 %0, 1
  br i1 %3, label %8, label %4

4:                                                ; preds = %2
  %5 = add nsw i32 %0, -1
  %6 = add nsw i32 %1, %0
  %7 = call i32 @sumTo(i32 noundef %5, i32 noundef %6)
  br label %8

8:                                                ; preds = %2, %4
  %.0 = phi i32 [ %7, %4 ], [ %1, %2 ]
  ret i32 %.0
}
*** IR Dump Before RequireAnalysisPass<llvm::ProfileSummaryAnalysis, llvm::Module> on [module] ***
; ModuleID = 'sumTo.in.ll'
source_filename = "sumTo.c"
target datalayout = "e-m:e-i8:8:32-i16:16:32-i64:64-i128:128-n32:64-S128"
target triple = "aarch64-unknown-linux-gnu"

; Function Attrs: nounwind uwtable
define dso_local i32 @sumTo(i32 noundef %0, i32 noundef %1) local_unnamed_addr #0 {
  %3 = icmp slt i32 %0, 1
  br i1 %3, label %8, label %4

4:                                                ; preds = %2
  %5 = add nsw i32 %0, -1
  %6 = add nsw i32 %1, %0
  %7 = call i32 @sumTo(i32 noundef %5, i32 noundef %6)
  br label %8

8:                                                ; preds = %2, %4
  %.0 = phi i32 [ %7, %4 ], [ %1, %2 ]
  ret i32 %.0
}

attributes #0 = { nounwind uwtable "frame-pointer"="non-leaf" "min-legal-vector-width"="0" "no-trapping-math"="true" "stack-protector-buffer-size"="8" "target-cpu"="generic" "target-features"="+neon,+outline-atomics,+v8a" }

!llvm.module.flags = !{!0, !1, !2, !3, !4, !5, !6, !7, !8}
!llvm.ident = !{!9}

!0 = !{i32 1, !"wchar_size", i32 4}
!1 = !{i32 1, !"branch-target-enforcement", i32 0}
!2 = !{i32 1, !"sign-return-address", i32 0}
!3 = !{i32 1, !"sign-return-address-all", i32 0}
!4 = !{i32 1, !"sign-return-address-with-bkey", i32 0}
!5 = !{i32 7, !"PIC Level", i32 2}
!6 = !{i32 7, !"PIE Level", i32 2}
!7 = !{i32 7, !"uwtable", i32 1}
!8 = !{i32 7, !"frame-pointer", i32 1}
!9 = !{!"Ubuntu clang version 14.0.0-1ubuntu1.1"}
*** IR Dump After RequireAnalysisPass<llvm::ProfileSummaryAnalysis, llvm::Module> on [module] ***
; ModuleID = 'sumTo.in.ll'
source_filename = "sumTo.c"
target datalayout = "e-m:e-i8:8:32-i16:16:32-i64:64-i128:128-n32:64-S128"
target triple = "aarch64-unknown-linux-gnu"

; Function Attrs: nounwind uwtable
define dso_local i32 @sumTo(i32 noundef %0, i32 noundef %1) local_unnamed_addr #0 {
  %3 = icmp slt i32 %0, 1
  br i1 %3, label %8, label %4

4:                                                ; preds = %2
  %5 = add nsw i32 %0, -1
  %6 = add nsw i32 %1, %0
  %7 = call i32 @sumTo(i32 noundef %5, i32 noundef %6)
  br label %8

8:                                                ; preds = %2, %4
  %.0 = phi i32 [ %7, %4 ], [ %1, %2 ]
  ret i32 %.0
}

attributes #0 = { nounwind uwtable "frame-pointer"="non-leaf" "min-legal-vector-width"="0" "no-trapping-math"="true" "stack-protector-buffer-size"="8" "target-cpu"="generic" "target-features"="+neon,+outline-atomics,+v8a" }

!llvm.module.flags = !{!0, !1, !2, !3, !4, !5, !6, !7, !8}
!llvm.ident = !{!9}

!0 = !{i32 1, !"wchar_size", i32 4}
!1 = !{i32 1, !"branch-target-enforcement", i32 0}
!2 = !{i32 1, !"sign-return-address", i32 0}
!3 = !{i32 1, !"sign-return-address-all", i32 0}
!4 = !{i32 1, !"sign-return-address-with-bkey", i32 0}
!5 = !{i32 7, !"PIC Level", i32 2}
!6 = !{i32 7, !"PIE Level", i32 2}
!7 = !{i32 7, !"uwtable", i32 1}
!8 = !{i32 7, !"frame-pointer", i32 1}
!9 = !{!"Ubuntu clang version 14.0.0-1ubuntu1.1"}
*** IR Dump Before InlinerPass on (sumTo) ***
; Function Attrs: nounwind uwtable
define dso_local i32 @sumTo(i32 noundef %0, i32 noundef %1) local_unnamed_addr #0 {
  %3 = icmp slt i32 %0, 1
  br i1 %3, label %8, label %4

4:                                                ; preds = %2
  %5 = add nsw i32 %0, -1
  %6 = add nsw i32 %1, %0
  %7 = call i32 @sumTo(i32 noundef %5, i32 noundef %6)
  br label %8

8:                                                ; preds = %2, %4
  %.0 = phi i32 [ %7, %4 ], [ %1, %2 ]
  ret i32 %.0
}
*** IR Dump After InlinerPass on (sumTo) ***
; Function Attrs: nounwind uwtable
define dso_local i32 @sumTo(i32 noundef %0, i32 noundef %1) local_unnamed_addr #0 {
  %3 = icmp slt i32 %0, 1
  br i1 %3, label %8, label %4

4:                                                ; preds = %2
  %5 = add nsw i32 %0, -1
  %6 = add nsw i32 %1, %0
  %7 = call i32 @sumTo(i32 noundef %5, i32 noundef %6)
  br label %8

8:                                                ; preds = %2, %4
  %.0 = phi i32 [ %7, %4 ], [ %1, %2 ]
  ret i32 %.0
}
*** IR Dump Before InlinerPass on (sumTo) ***
; Function Attrs: nounwind uwtable
define dso_local i32 @sumTo(i32 noundef %0, i32 noundef %1) local_unnamed_addr #0 {
  %3 = icmp slt i32 %0, 1
  br i1 %3, label %8, label %4

4:                                                ; preds = %2
  %5 = add nsw i32 %0, -1
  %6 = add nsw i32 %1, %0
  %7 = call i32 @sumTo(i32 noundef %5, i32 noundef %6)
  br label %8

8:                                                ; preds = %2, %4
  %.0 = phi i32 [ %7, %4 ], [ %1, %2 ]
  ret i32 %.0
}
*** IR Dump After InlinerPass on (sumTo) ***
; Function Attrs: nounwind uwtable
define dso_local i32 @sumTo(i32 noundef %0, i32 noundef %1) local_unnamed_addr #0 {
  %3 = icmp slt i32 %0, 1
  br i1 %3, label %8, label %4

4:                                                ; preds = %2
  %5 = add nsw i32 %0, -1
  %6 = add nsw i32 %1, %0
  %7 = call i32 @sumTo(i32 noundef %5, i32 noundef %6)
  br label %8

8:                                                ; preds = %2, %4
  %.0 = phi i32 [ %7, %4 ], [ %1, %2 ]
  ret i32 %.0
}
*** IR Dump Before PostOrderFunctionAttrsPass on (sumTo) ***
; Function Attrs: nounwind uwtable
define dso_local i32 @sumTo(i32 noundef %0, i32 noundef %1) local_unnamed_addr #0 {
  %3 = icmp slt i32 %0, 1
  br i1 %3, label %8, label %4

4:                                                ; preds = %2
  %5 = add nsw i32 %0, -1
  %6 = add nsw i32 %1, %0
  %7 = call i32 @sumTo(i32 noundef %5, i32 noundef %6)
  br label %8

8:                                                ; preds = %2, %4
  %.0 = phi i32 [ %7, %4 ], [ %1, %2 ]
  ret i32 %.0
}
*** IR Dump After PostOrderFunctionAttrsPass on (sumTo) ***
; Function Attrs: nofree nosync nounwind readnone uwtable
define dso_local i32 @sumTo(i32 noundef %0, i32 noundef %1) local_unnamed_addr #0 {
  %3 = icmp slt i32 %0, 1
  br i1 %3, label %8, label %4

4:                                                ; preds = %2
  %5 = add nsw i32 %0, -1
  %6 = add nsw i32 %1, %0
  %7 = call i32 @sumTo(i32 noundef %5, i32 noundef %6)
  br label %8

8:                                                ; preds = %2, %4
  %.0 = phi i32 [ %7, %4 ], [ %1, %2 ]
  ret i32 %.0
}
*** IR Dump Before OpenMPOptCGSCCPass on (sumTo) ***
; Function Attrs: nofree nosync nounwind readnone uwtable
define dso_local i32 @sumTo(i32 noundef %0, i32 noundef %1) local_unnamed_addr #0 {
  %3 = icmp slt i32 %0, 1
  br i1 %3, label %8, label %4

4:                                                ; preds = %2
  %5 = add nsw i32 %0, -1
  %6 = add nsw i32 %1, %0
  %7 = call i32 @sumTo(i32 noundef %5, i32 noundef %6)
  br label %8

8:                                                ; preds = %2, %4
  %.0 = phi i32 [ %7, %4 ], [ %1, %2 ]
  ret i32 %.0
}
*** IR Dump After OpenMPOptCGSCCPass on (sumTo) ***
; Function Attrs: nofree nosync nounwind readnone uwtable
define dso_local i32 @sumTo(i32 noundef %0, i32 noundef %1) local_unnamed_addr #0 {
  %3 = icmp slt i32 %0, 1
  br i1 %3, label %8, label %4

4:                                                ; preds = %2
  %5 = add nsw i32 %0, -1
  %6 = add nsw i32 %1, %0
  %7 = call i32 @sumTo(i32 noundef %5, i32 noundef %6)
  br label %8

8:                                                ; preds = %2, %4
  %.0 = phi i32 [ %7, %4 ], [ %1, %2 ]
  ret i32 %.0
}
*** IR Dump Before SROAPass on sumTo ***
; Function Attrs: nofree nosync nounwind readnone uwtable
define dso_local i32 @sumTo(i32 noundef %0, i32 noundef %1) local_unnamed_addr #0 {
  %3 = icmp slt i32 %0, 1
  br i1 %3, label %8, label %4

4:                                                ; preds = %2
  %5 = add nsw i32 %0, -1
  %6 = add nsw i32 %1, %0
  %7 = call i32 @sumTo(i32 noundef %5, i32 noundef %6)
  br label %8

8:                                                ; preds = %2, %4
  %.0 = phi i32 [ %7, %4 ], [ %1, %2 ]
  ret i32 %.0
}
*** IR Dump After SROAPass on sumTo ***
; Function Attrs: nofree nosync nounwind readnone uwtable
define dso_local i32 @sumTo(i32 noundef %0, i32 noundef %1) local_unnamed_addr #0 {
  %3 = icmp slt i32 %0, 1
  br i1 %3, label %8, label %4

4:                                                ; preds = %2
  %5 = add nsw i32 %0, -1
  %6 = add nsw i32 %1, %0
  %7 = call i32 @sumTo(i32 noundef %5, i32 noundef %6)
  br label %8

8:                                                ; preds = %2, %4
  %.0 = phi i32 [ %7, %4 ], [ %1, %2 ]
  ret i32 %.0
}
*** IR Dump Before EarlyCSEPass on sumTo ***
; Function Attrs: nofree nosync nounwind readnone uwtable
define dso_local i32 @sumTo(i32 noundef %0, i32 noundef %1) local_unnamed_addr #0 {
  %3 = icmp slt i32 %0, 1
  br i1 %3, label %8, label %4

4:                                                ; preds = %2
  %5 = add nsw i32 %0, -1
  %6 = add nsw i32 %1, %0
  %7 = call i32 @sumTo(i32 noundef %5, i32 noundef %6)
  br label %8

8:                                                ; preds = %2, %4
  %.0 = phi i32 [ %7, %4 ], [ %1, %2 ]
  ret i32 %.0
}
*** IR Dump After EarlyCSEPass on sumTo ***
; Function Attrs: nofree nosync nounwind readnone uwtable
define dso_local i32 @sumTo(i32 noundef %0, i32 noundef %1) local_unnamed_addr #0 {
  %3 = icmp slt i32 %0, 1
  br i1 %3, label %8, label %4

4:                                                ; preds = %2
  %5 = add nsw i32 %0, -1
  %6 = add nsw i32 %1, %0
  %7 = call i32 @sumTo(i32 noundef %5, i32 noundef %6)
  br label %8

8:                                                ; preds = %2, %4
  %.0 = phi i32 [ %7, %4 ], [ %1, %2 ]
  ret i32 %.0
}
*** IR Dump Before SpeculativeExecutionPass on sumTo ***
; Function Attrs: nofree nosync nounwind readnone uwtable
define dso_local i32 @sumTo(i32 noundef %0, i32 noundef %1) local_unnamed_addr #0 {
  %3 = icmp slt i32 %0, 1
  br i1 %3, label %8, label %4

4:                                                ; preds = %2
  %5 = add nsw i32 %0, -1
  %6 = add nsw i32 %1, %0
  %7 = call i32 @sumTo(i32 noundef %5, i32 noundef %6)
  br label %8

8:                                                ; preds = %2, %4
  %.0 = phi i32 [ %7, %4 ], [ %1, %2 ]
  ret i32 %.0
}
*** IR Dump After SpeculativeExecutionPass on sumTo ***
; Function Attrs: nofree nosync nounwind readnone uwtable
define dso_local i32 @sumTo(i32 noundef %0, i32 noundef %1) local_unnamed_addr #0 {
  %3 = icmp slt i32 %0, 1
  br i1 %3, label %8, label %4

4:                                                ; preds = %2
  %5 = add nsw i32 %0, -1
  %6 = add nsw i32 %1, %0
  %7 = call i32 @sumTo(i32 noundef %5, i32 noundef %6)
  br label %8

8:                                                ; preds = %2, %4
  %.0 = phi i32 [ %7, %4 ], [ %1, %2 ]
  ret i32 %.0
}
*** IR Dump Before JumpThreadingPass on sumTo ***
; Function Attrs: nofree nosync nounwind readnone uwtable
define dso_local i32 @sumTo(i32 noundef %0, i32 noundef %1) local_unnamed_addr #0 {
  %3 = icmp slt i32 %0, 1
  br i1 %3, label %8, label %4

4:                                                ; preds = %2
  %5 = add nsw i32 %0, -1
  %6 = add nsw i32 %1, %0
  %7 = call i32 @sumTo(i32 noundef %5, i32 noundef %6)
  br label %8

8:                                                ; preds = %2, %4
  %.0 = phi i32 [ %7, %4 ], [ %1, %2 ]
  ret i32 %.0
}
*** IR Dump After JumpThreadingPass on sumTo ***
; Function Attrs: nofree nosync nounwind readnone uwtable
define dso_local i32 @sumTo(i32 noundef %0, i32 noundef %1) local_unnamed_addr #0 {
  %3 = icmp slt i32 %0, 1
  br i1 %3, label %8, label %4

4:                                                ; preds = %2
  %5 = add nsw i32 %0, -1
  %6 = add nsw i32 %1, %0
  %7 = call i32 @sumTo(i32 noundef %5, i32 noundef %6)
  br label %8

8:                                                ; preds = %2, %4
  %.0 = phi i32 [ %7, %4 ], [ %1, %2 ]
  ret i32 %.0
}
*** IR Dump Before CorrelatedValuePropagationPass on sumTo ***
; Function Attrs: nofree nosync nounwind readnone uwtable
define dso_local i32 @sumTo(i32 noundef %0, i32 noundef %1) local_unnamed_addr #0 {
  %3 = icmp slt i32 %0, 1
  br i1 %3, label %8, label %4

4:                                                ; preds = %2
  %5 = add nsw i32 %0, -1
  %6 = add nsw i32 %1, %0
  %7 = call i32 @sumTo(i32 noundef %5, i32 noundef %6)
  br label %8

8:                                                ; preds = %2, %4
  %.0 = phi i32 [ %7, %4 ], [ %1, %2 ]
  ret i32 %.0
}
*** IR Dump After CorrelatedValuePropagationPass on sumTo ***
; Function Attrs: nofree nosync nounwind readnone uwtable
define dso_local i32 @sumTo(i32 noundef %0, i32 noundef %1) local_unnamed_addr #0 {
  %3 = icmp slt i32 %0, 1
  br i1 %3, label %8, label %4

4:                                                ; preds = %2
  %5 = add nsw i32 %0, -1
  %6 = add nsw i32 %1, %0
  %7 = call i32 @sumTo(i32 noundef %5, i32 noundef %6)
  br label %8

8:                                                ; preds = %2, %4
  %.0 = phi i32 [ %7, %4 ], [ %1, %2 ]
  ret i32 %.0
}
*** IR Dump Before SimplifyCFGPass on sumTo ***
; Function Attrs: nofree nosync nounwind readnone uwtable
define dso_local i32 @sumTo(i32 noundef %0, i32 noundef %1) local_unnamed_addr #0 {
  %3 = icmp slt i32 %0, 1
  br i1 %3, label %8, label %4

4:                                                ; preds = %2
  %5 = add nsw i32 %0, -1
  %6 = add nsw i32 %1, %0
  %7 = call i32 @sumTo(i32 noundef %5, i32 noundef %6)
  br label %8

8:                                                ; preds = %2, %4
  %.0 = phi i32 [ %7, %4 ], [ %1, %2 ]
  ret i32 %.0
}
*** IR Dump After SimplifyCFGPass on sumTo ***
; Function Attrs: nofree nosync nounwind readnone uwtable
define dso_local i32 @sumTo(i32 noundef %0, i32 noundef %1) local_unnamed_addr #0 {
  %3 = icmp slt i32 %0, 1
  br i1 %3, label %8, label %4

4:                                                ; preds = %2
  %5 = add nsw i32 %0, -1
  %6 = add nsw i32 %1, %0
  %7 = call i32 @sumTo(i32 noundef %5, i32 noundef %6)
  br label %8

8:                                                ; preds = %2, %4
  %.0 = phi i32 [ %7, %4 ], [ %1, %2 ]
  ret i32 %.0
}
*** IR Dump Before InstCombinePass on sumTo ***
; Function Attrs: nofree nosync nounwind readnone uwtable
define dso_local i32 @sumTo(i32 noundef %0, i32 noundef %1) local_unnamed_addr #0 {
  %3 = icmp slt i32 %0, 1
  br i1 %3, label %8, label %4

4:                                                ; preds = %2
  %5 = add nsw i32 %0, -1
  %6 = add nsw i32 %1, %0
  %7 = call i32 @sumTo(i32 noundef %5, i32 noundef %6)
  br label %8

8:                                                ; preds = %2, %4
  %.0 = phi i32 [ %7, %4 ], [ %1, %2 ]
  ret i32 %.0
}
*** IR Dump After InstCombinePass on sumTo ***
; Function Attrs: nofree nosync nounwind readnone uwtable
define dso_local i32 @sumTo(i32 noundef %0, i32 noundef %1) local_unnamed_addr #0 {
  %3 = icmp slt i32 %0, 1
  br i1 %3, label %8, label %4

4:                                                ; preds = %2
  %5 = add nsw i32 %0, -1
  %6 = add nsw i32 %1, %0
  %7 = call i32 @sumTo(i32 noundef %5, i32 noundef %6)
  br label %8

8:                                                ; preds = %2, %4
  %.0 = phi i32 [ %7, %4 ], [ %1, %2 ]
  ret i32 %.0
}
*** IR Dump Before LibCallsShrinkWrapPass on sumTo ***
; Function Attrs: nofree nosync nounwind readnone uwtable
define dso_local i32 @sumTo(i32 noundef %0, i32 noundef %1) local_unnamed_addr #0 {
  %3 = icmp slt i32 %0, 1
  br i1 %3, label %8, label %4

4:                                                ; preds = %2
  %5 = add nsw i32 %0, -1
  %6 = add nsw i32 %1, %0
  %7 = call i32 @sumTo(i32 noundef %5, i32 noundef %6)
  br label %8

8:                                                ; preds = %2, %4
  %.0 = phi i32 [ %7, %4 ], [ %1, %2 ]
  ret i32 %.0
}
*** IR Dump After LibCallsShrinkWrapPass on sumTo ***
; Function Attrs: nofree nosync nounwind readnone uwtable
define dso_local i32 @sumTo(i32 noundef %0, i32 noundef %1) local_unnamed_addr #0 {
  %3 = icmp slt i32 %0, 1
  br i1 %3, label %8, label %4

4:                                                ; preds = %2
  %5 = add nsw i32 %0, -1
  %6 = add nsw i32 %1, %0
  %7 = call i32 @sumTo(i32 noundef %5, i32 noundef %6)
  br label %8

8:                                                ; preds = %2, %4
  %.0 = phi i32 [ %7, %4 ], [ %1, %2 ]
  ret i32 %.0
}
*** IR Dump Before TailCallElimPass on sumTo ***
; Function Attrs: nofree nosync nounwind readnone uwtable
define dso_local i32 @sumTo(i32 noundef %0, i32 noundef %1) local_unnamed_addr #0 {
  %3 = icmp slt i32 %0, 1
  br i1 %3, label %8, label %4

4:                                                ; preds = %2
  %5 = add nsw i32 %0, -1
  %6 = add nsw i32 %1, %0
  %7 = call i32 @sumTo(i32 noundef %5, i32 noundef %6)
  br label %8

8:                                                ; preds = %2, %4
  %.0 = phi i32 [ %7, %4 ], [ %1, %2 ]
  ret i32 %.0
}
*** IR Dump After TailCallElimPass on sumTo ***
; Function Attrs: nofree nosync nounwind readnone uwtable
define dso_local i32 @sumTo(i32 noundef %0, i32 noundef %1) local_unnamed_addr #0 {
  br label %tailrecurse

tailrecurse:                                      ; preds = %4, %2
  %.tr = phi i32 [ %0, %2 ], [ %5, %4 ]
  %.tr7 = phi i32 [ %1, %2 ], [ %6, %4 ]
  %3 = icmp slt i32 %.tr, 1
  br i1 %3, label %7, label %4

4:                                                ; preds = %tailrecurse
  %5 = add nsw i32 %.tr, -1
  %6 = add nsw i32 %.tr7, %.tr
  br label %tailrecurse

7:                                                ; preds = %tailrecurse
  ret i32 %.tr7
}
*** IR Dump Before SimplifyCFGPass on sumTo ***
; Function Attrs: nofree nosync nounwind readnone uwtable
define dso_local i32 @sumTo(i32 noundef %0, i32 noundef %1) local_unnamed_addr #0 {
  br label %tailrecurse

tailrecurse:                                      ; preds = %4, %2
  %.tr = phi i32 [ %0, %2 ], [ %5, %4 ]
  %.tr7 = phi i32 [ %1, %2 ], [ %6, %4 ]
  %3 = icmp slt i32 %.tr, 1
  br i1 %3, label %7, label %4

4:                                                ; preds = %tailrecurse
  %5 = add nsw i32 %.tr, -1
  %6 = add nsw i32 %.tr7, %.tr
  br label %tailrecurse

7:                                                ; preds = %tailrecurse
  ret i32 %.tr7
}
*** IR Dump After SimplifyCFGPass on sumTo ***
; Function Attrs: nofree nosync nounwind readnone uwtable
define dso_local i32 @sumTo(i32 noundef %0, i32 noundef %1) local_unnamed_addr #0 {
  br label %tailrecurse

tailrecurse:                                      ; preds = %4, %2
  %.tr = phi i32 [ %0, %2 ], [ %5, %4 ]
  %.tr7 = phi i32 [ %1, %2 ], [ %6, %4 ]
  %3 = icmp slt i32 %.tr, 1
  br i1 %3, label %7, label %4

4:                                                ; preds = %tailrecurse
  %5 = add nsw i32 %.tr, -1
  %6 = add nsw i32 %.tr7, %.tr
  br label %tailrecurse

7:                                                ; preds = %tailrecurse
  ret i32 %.tr7
}
*** IR Dump Before ReassociatePass on sumTo ***
; Function Attrs: nofree nosync nounwind readnone uwtable
define dso_local i32 @sumTo(i32 noundef %0, i32 noundef %1) local_unnamed_addr #0 {
  br label %tailrecurse

tailrecurse:                                      ; preds = %4, %2
  %.tr = phi i32 [ %0, %2 ], [ %5, %4 ]
  %.tr7 = phi i32 [ %1, %2 ], [ %6, %4 ]
  %3 = icmp slt i32 %.tr, 1
  br i1 %3, label %7, label %4

4:                                                ; preds = %tailrecurse
  %5 = add nsw i32 %.tr, -1
  %6 = add nsw i32 %.tr7, %.tr
  br label %tailrecurse

7:                                                ; preds = %tailrecurse
  ret i32 %.tr7
}
*** IR Dump After ReassociatePass on sumTo ***
; Function Attrs: nofree nosync nounwind readnone uwtable
define dso_local i32 @sumTo(i32 noundef %0, i32 noundef %1) local_unnamed_addr #0 {
  br label %tailrecurse

tailrecurse:                                      ; preds = %4, %2
  %.tr = phi i32 [ %0, %2 ], [ %5, %4 ]
  %.tr7 = phi i32 [ %1, %2 ], [ %6, %4 ]
  %3 = icmp slt i32 %.tr, 1
  br i1 %3, label %7, label %4

4:                                                ; preds = %tailrecurse
  %5 = add nsw i32 %.tr, -1
  %6 = add nsw i32 %.tr7, %.tr
  br label %tailrecurse

7:                                                ; preds = %tailrecurse
  ret i32 %.tr7
}
*** IR Dump Before RequireAnalysisPass<llvm::OptimizationRemarkEmitterAnalysis, llvm::Function> on sumTo ***
; Function Attrs: nofree nosync nounwind readnone uwtable
define dso_local i32 @sumTo(i32 noundef %0, i32 noundef %1) local_unnamed_addr #0 {
  br label %tailrecurse

tailrecurse:                                      ; preds = %4, %2
  %.tr = phi i32 [ %0, %2 ], [ %5, %4 ]
  %.tr7 = phi i32 [ %1, %2 ], [ %6, %4 ]
  %3 = icmp slt i32 %.tr, 1
  br i1 %3, label %7, label %4

4:                                                ; preds = %tailrecurse
  %5 = add nsw i32 %.tr, -1
  %6 = add nsw i32 %.tr7, %.tr
  br label %tailrecurse

7:                                                ; preds = %tailrecurse
  ret i32 %.tr7
}
*** IR Dump After RequireAnalysisPass<llvm::OptimizationRemarkEmitterAnalysis, llvm::Function> on sumTo ***
; Function Attrs: nofree nosync nounwind readnone uwtable
define dso_local i32 @sumTo(i32 noundef %0, i32 noundef %1) local_unnamed_addr #0 {
  br label %tailrecurse

tailrecurse:                                      ; preds = %4, %2
  %.tr = phi i32 [ %0, %2 ], [ %5, %4 ]
  %.tr7 = phi i32 [ %1, %2 ], [ %6, %4 ]
  %3 = icmp slt i32 %.tr, 1
  br i1 %3, label %7, label %4

4:                                                ; preds = %tailrecurse
  %5 = add nsw i32 %.tr, -1
  %6 = add nsw i32 %.tr7, %.tr
  br label %tailrecurse

7:                                                ; preds = %tailrecurse
  ret i32 %.tr7
}
*** IR Dump Before LoopSimplifyPass on sumTo ***
; Function Attrs: nofree nosync nounwind readnone uwtable
define dso_local i32 @sumTo(i32 noundef %0, i32 noundef %1) local_unnamed_addr #0 {
  br label %tailrecurse

tailrecurse:                                      ; preds = %4, %2
  %.tr = phi i32 [ %0, %2 ], [ %5, %4 ]
  %.tr7 = phi i32 [ %1, %2 ], [ %6, %4 ]
  %3 = icmp slt i32 %.tr, 1
  br i1 %3, label %7, label %4

4:                                                ; preds = %tailrecurse
  %5 = add nsw i32 %.tr, -1
  %6 = add nsw i32 %.tr7, %.tr
  br label %tailrecurse

7:                                                ; preds = %tailrecurse
  ret i32 %.tr7
}
*** IR Dump After LoopSimplifyPass on sumTo ***
; Function Attrs: nofree nosync nounwind readnone uwtable
define dso_local i32 @sumTo(i32 noundef %0, i32 noundef %1) local_unnamed_addr #0 {
  br label %tailrecurse

tailrecurse:                                      ; preds = %4, %2
  %.tr = phi i32 [ %0, %2 ], [ %5, %4 ]
  %.tr7 = phi i32 [ %1, %2 ], [ %6, %4 ]
  %3 = icmp slt i32 %.tr, 1
  br i1 %3, label %7, label %4

4:                                                ; preds = %tailrecurse
  %5 = add nsw i32 %.tr, -1
  %6 = add nsw i32 %.tr7, %.tr
  br label %tailrecurse

7:                                                ; preds = %tailrecurse
  ret i32 %.tr7
}
*** IR Dump Before LCSSAPass on sumTo ***
; Function Attrs: nofree nosync nounwind readnone uwtable
define dso_local i32 @sumTo(i32 noundef %0, i32 noundef %1) local_unnamed_addr #0 {
  br label %tailrecurse

tailrecurse:                                      ; preds = %4, %2
  %.tr = phi i32 [ %0, %2 ], [ %5, %4 ]
  %.tr7 = phi i32 [ %1, %2 ], [ %6, %4 ]
  %3 = icmp slt i32 %.tr, 1
  br i1 %3, label %7, label %4

4:                                                ; preds = %tailrecurse
  %5 = add nsw i32 %.tr, -1
  %6 = add nsw i32 %.tr7, %.tr
  br label %tailrecurse

7:                                                ; preds = %tailrecurse
  ret i32 %.tr7
}
*** IR Dump After LCSSAPass on sumTo ***
; Function Attrs: nofree nosync nounwind readnone uwtable
define dso_local i32 @sumTo(i32 noundef %0, i32 noundef %1) local_unnamed_addr #0 {
  br label %tailrecurse

tailrecurse:                                      ; preds = %4, %2
  %.tr = phi i32 [ %0, %2 ], [ %5, %4 ]
  %.tr7 = phi i32 [ %1, %2 ], [ %6, %4 ]
  %3 = icmp slt i32 %.tr, 1
  br i1 %3, label %7, label %4

4:                                                ; preds = %tailrecurse
  %5 = add nsw i32 %.tr, -1
  %6 = add nsw i32 %.tr7, %.tr
  br label %tailrecurse

7:                                                ; preds = %tailrecurse
  %.tr7.lcssa = phi i32 [ %.tr7, %tailrecurse ]
  ret i32 %.tr7.lcssa
}
*** IR Dump Before LoopInstSimplifyPass on Loop at depth 1 containing: %tailrecurse<header><exiting>,%4<latch> ***

; Preheader:
  br label %tailrecurse

; Loop:
tailrecurse:                                      ; preds = %4, %2
  %.tr = phi i32 [ %0, %2 ], [ %5, %4 ]
  %.tr7 = phi i32 [ %1, %2 ], [ %6, %4 ]
  %3 = icmp slt i32 %.tr, 1
  br i1 %3, label %7, label %4

4:                                                ; preds = %tailrecurse
  %5 = add nsw i32 %.tr, -1
  %6 = add nsw i32 %.tr7, %.tr
  br label %tailrecurse

; Exit blocks
7:                                                ; preds = %tailrecurse
  %.tr7.lcssa = phi i32 [ %.tr7, %tailrecurse ]
  ret i32 %.tr7.lcssa
*** IR Dump After LoopInstSimplifyPass on Loop at depth 1 containing: %tailrecurse<header><exiting>,%4<latch> ***

; Preheader:
  br label %tailrecurse

; Loop:
tailrecurse:                                      ; preds = %4, %2
  %.tr = phi i32 [ %0, %2 ], [ %5, %4 ]
  %.tr7 = phi i32 [ %1, %2 ], [ %6, %4 ]
  %3 = icmp slt i32 %.tr, 1
  br i1 %3, label %7, label %4

4:                                                ; preds = %tailrecurse
  %5 = add nsw i32 %.tr, -1
  %6 = add nsw i32 %.tr7, %.tr
  br label %tailrecurse

; Exit blocks
7:                                                ; preds = %tailrecurse
  %.tr7.lcssa = phi i32 [ %.tr7, %tailrecurse ]
  ret i32 %.tr7.lcssa
*** IR Dump Before LoopSimplifyCFGPass on Loop at depth 1 containing: %tailrecurse<header><exiting>,%4<latch> ***

; Preheader:
  br label %tailrecurse

; Loop:
tailrecurse:                                      ; preds = %4, %2
  %.tr = phi i32 [ %0, %2 ], [ %5, %4 ]
  %.tr7 = phi i32 [ %1, %2 ], [ %6, %4 ]
  %3 = icmp slt i32 %.tr, 1
  br i1 %3, label %7, label %4

4:                                                ; preds = %tailrecurse
  %5 = add nsw i32 %.tr, -1
  %6 = add nsw i32 %.tr7, %.tr
  br label %tailrecurse

; Exit blocks
7:                                                ; preds = %tailrecurse
  %.tr7.lcssa = phi i32 [ %.tr7, %tailrecurse ]
  ret i32 %.tr7.lcssa
*** IR Dump After LoopSimplifyCFGPass on Loop at depth 1 containing: %tailrecurse<header><exiting>,%4<latch> ***

; Preheader:
  br label %tailrecurse

; Loop:
tailrecurse:                                      ; preds = %4, %2
  %.tr = phi i32 [ %0, %2 ], [ %5, %4 ]
  %.tr7 = phi i32 [ %1, %2 ], [ %6, %4 ]
  %3 = icmp slt i32 %.tr, 1
  br i1 %3, label %7, label %4

4:                                                ; preds = %tailrecurse
  %5 = add nsw i32 %.tr, -1
  %6 = add nsw i32 %.tr7, %.tr
  br label %tailrecurse

; Exit blocks
7:                                                ; preds = %tailrecurse
  %.tr7.lcssa = phi i32 [ %.tr7, %tailrecurse ]
  ret i32 %.tr7.lcssa
*** IR Dump Before LICMPass on Loop at depth 1 containing: %tailrecurse<header><exiting>,%4<latch> ***

; Preheader:
  br label %tailrecurse

; Loop:
tailrecurse:                                      ; preds = %4, %2
  %.tr = phi i32 [ %0, %2 ], [ %5, %4 ]
  %.tr7 = phi i32 [ %1, %2 ], [ %6, %4 ]
  %3 = icmp slt i32 %.tr, 1
  br i1 %3, label %7, label %4

4:                                                ; preds = %tailrecurse
  %5 = add nsw i32 %.tr, -1
  %6 = add nsw i32 %.tr7, %.tr
  br label %tailrecurse

; Exit blocks
7:                                                ; preds = %tailrecurse
  %.tr7.lcssa = phi i32 [ %.tr7, %tailrecurse ]
  ret i32 %.tr7.lcssa
*** IR Dump After LICMPass on Loop at depth 1 containing: %tailrecurse<header><exiting>,%4<latch> ***

; Preheader:
  br label %tailrecurse

; Loop:
tailrecurse:                                      ; preds = %4, %2
  %.tr = phi i32 [ %0, %2 ], [ %5, %4 ]
  %.tr7 = phi i32 [ %1, %2 ], [ %6, %4 ]
  %3 = icmp slt i32 %.tr, 1
  br i1 %3, label %7, label %4

4:                                                ; preds = %tailrecurse
  %5 = add nsw i32 %.tr, -1
  %6 = add nsw i32 %.tr7, %.tr
  br label %tailrecurse

; Exit blocks
7:                                                ; preds = %tailrecurse
  %.tr7.lcssa = phi i32 [ %.tr7, %tailrecurse ]
  ret i32 %.tr7.lcssa
*** IR Dump Before LoopRotatePass on Loop at depth 1 containing: %tailrecurse<header><exiting>,%4<latch> ***

; Preheader:
  br label %tailrecurse

; Loop:
tailrecurse:                                      ; preds = %4, %2
  %.tr = phi i32 [ %0, %2 ], [ %5, %4 ]
  %.tr7 = phi i32 [ %1, %2 ], [ %6, %4 ]
  %3 = icmp slt i32 %.tr, 1
  br i1 %3, label %7, label %4

4:                                                ; preds = %tailrecurse
  %5 = add nsw i32 %.tr, -1
  %6 = add nsw i32 %.tr7, %.tr
  br label %tailrecurse

; Exit blocks
7:                                                ; preds = %tailrecurse
  %.tr7.lcssa = phi i32 [ %.tr7, %tailrecurse ]
  ret i32 %.tr7.lcssa
*** IR Dump After LoopRotatePass on Loop at depth 1 containing: %tailrecurse<header><exiting>,%4<latch> ***

; Preheader:
.lr.ph:                                           ; preds = %2
  br label %tailrecurse

; Loop:
tailrecurse:                                      ; preds = %.lr.ph, %tailrecurse
  %.tr79 = phi i32 [ %1, %.lr.ph ], [ %5, %tailrecurse ]
  %.tr8 = phi i32 [ %0, %.lr.ph ], [ %4, %tailrecurse ]
  %4 = add nsw i32 %.tr8, -1
  %5 = add nsw i32 %.tr79, %.tr8
  %6 = icmp slt i32 %4, 1
  br i1 %6, label %tailrecurse._crit_edge, label %tailrecurse

; Exit blocks
tailrecurse._crit_edge:                           ; preds = %tailrecurse
  %split = phi i32 [ %5, %tailrecurse ]
  br label %7
*** IR Dump Before LICMPass on Loop at depth 1 containing: %tailrecurse<header><latch><exiting> ***

; Preheader:
.lr.ph:                                           ; preds = %2
  br label %tailrecurse

; Loop:
tailrecurse:                                      ; preds = %.lr.ph, %tailrecurse
  %.tr79 = phi i32 [ %1, %.lr.ph ], [ %5, %tailrecurse ]
  %.tr8 = phi i32 [ %0, %.lr.ph ], [ %4, %tailrecurse ]
  %4 = add nsw i32 %.tr8, -1
  %5 = add nsw i32 %.tr79, %.tr8
  %6 = icmp slt i32 %4, 1
  br i1 %6, label %tailrecurse._crit_edge, label %tailrecurse

; Exit blocks
tailrecurse._crit_edge:                           ; preds = %tailrecurse
  %split = phi i32 [ %5, %tailrecurse ]
  br label %7
*** IR Dump After LICMPass on Loop at depth 1 containing: %tailrecurse<header><latch><exiting> ***

; Preheader:
.lr.ph:                                           ; preds = %2
  br label %tailrecurse

; Loop:
tailrecurse:                                      ; preds = %.lr.ph, %tailrecurse
  %.tr79 = phi i32 [ %1, %.lr.ph ], [ %5, %tailrecurse ]
  %.tr8 = phi i32 [ %0, %.lr.ph ], [ %4, %tailrecurse ]
  %4 = add nsw i32 %.tr8, -1
  %5 = add nsw i32 %.tr79, %.tr8
  %6 = icmp slt i32 %4, 1
  br i1 %6, label %tailrecurse._crit_edge, label %tailrecurse

; Exit blocks
tailrecurse._crit_edge:                           ; preds = %tailrecurse
  %split = phi i32 [ %5, %tailrecurse ]
  br label %7
*** IR Dump Before SimpleLoopUnswitchPass on Loop at depth 1 containing: %tailrecurse<header><latch><exiting> ***

; Preheader:
.lr.ph:                                           ; preds = %2
  br label %tailrecurse

; Loop:
tailrecurse:                                      ; preds = %.lr.ph, %tailrecurse
  %.tr79 = phi i32 [ %1, %.lr.ph ], [ %5, %tailrecurse ]
  %.tr8 = phi i32 [ %0, %.lr.ph ], [ %4, %tailrecurse ]
  %4 = add nsw i32 %.tr8, -1
  %5 = add nsw i32 %.tr79, %.tr8
  %6 = icmp slt i32 %4, 1
  br i1 %6, label %tailrecurse._crit_edge, label %tailrecurse

; Exit blocks
tailrecurse._crit_edge:                           ; preds = %tailrecurse
  %split = phi i32 [ %5, %tailrecurse ]
  br label %7
*** IR Dump After SimpleLoopUnswitchPass on Loop at depth 1 containing: %tailrecurse<header><latch><exiting> ***

; Preheader:
.lr.ph:                                           ; preds = %2
  br label %tailrecurse

; Loop:
tailrecurse:                                      ; preds = %.lr.ph, %tailrecurse
  %.tr79 = phi i32 [ %1, %.lr.ph ], [ %5, %tailrecurse ]
  %.tr8 = phi i32 [ %0, %.lr.ph ], [ %4, %tailrecurse ]
  %4 = add nsw i32 %.tr8, -1
  %5 = add nsw i32 %.tr79, %.tr8
  %6 = icmp slt i32 %4, 1
  br i1 %6, label %tailrecurse._crit_edge, label %tailrecurse

; Exit blocks
tailrecurse._crit_edge:                           ; preds = %tailrecurse
  %split = phi i32 [ %5, %tailrecurse ]
  br label %7
*** IR Dump Before SimplifyCFGPass on sumTo ***
; Function Attrs: nofree nosync nounwind readnone uwtable
define dso_local i32 @sumTo(i32 noundef %0, i32 noundef %1) local_unnamed_addr #0 {
  %3 = icmp slt i32 %0, 1
  br i1 %3, label %7, label %.lr.ph

.lr.ph:                                           ; preds = %2
  br label %tailrecurse

tailrecurse:                                      ; preds = %.lr.ph, %tailrecurse
  %.tr79 = phi i32 [ %1, %.lr.ph ], [ %5, %tailrecurse ]
  %.tr8 = phi i32 [ %0, %.lr.ph ], [ %4, %tailrecurse ]
  %4 = add nsw i32 %.tr8, -1
  %5 = add nsw i32 %.tr79, %.tr8
  %6 = icmp slt i32 %4, 1
  br i1 %6, label %tailrecurse._crit_edge, label %tailrecurse

tailrecurse._crit_edge:                           ; preds = %tailrecurse
  %split = phi i32 [ %5, %tailrecurse ]
  br label %7

7:                                                ; preds = %tailrecurse._crit_edge, %2
  %.tr7.lcssa = phi i32 [ %split, %tailrecurse._crit_edge ], [ %1, %2 ]
  ret i32 %.tr7.lcssa
}
*** IR Dump After SimplifyCFGPass on sumTo ***
; Function Attrs: nofree nosync nounwind readnone uwtable
define dso_local i32 @sumTo(i32 noundef %0, i32 noundef %1) local_unnamed_addr #0 {
  %3 = icmp slt i32 %0, 1
  br i1 %3, label %tailrecurse._crit_edge, label %tailrecurse

tailrecurse:                                      ; preds = %2, %tailrecurse
  %.tr79 = phi i32 [ %5, %tailrecurse ], [ %1, %2 ]
  %.tr8 = phi i32 [ %4, %tailrecurse ], [ %0, %2 ]
  %4 = add nsw i32 %.tr8, -1
  %5 = add nsw i32 %.tr79, %.tr8
  %6 = icmp slt i32 %4, 1
  br i1 %6, label %tailrecurse._crit_edge, label %tailrecurse

tailrecurse._crit_edge:                           ; preds = %tailrecurse, %2
  %.tr7.lcssa = phi i32 [ %1, %2 ], [ %5, %tailrecurse ]
  ret i32 %.tr7.lcssa
}
*** IR Dump Before InstCombinePass on sumTo ***
; Function Attrs: nofree nosync nounwind readnone uwtable
define dso_local i32 @sumTo(i32 noundef %0, i32 noundef %1) local_unnamed_addr #0 {
  %3 = icmp slt i32 %0, 1
  br i1 %3, label %tailrecurse._crit_edge, label %tailrecurse

tailrecurse:                                      ; preds = %2, %tailrecurse
  %.tr79 = phi i32 [ %5, %tailrecurse ], [ %1, %2 ]
  %.tr8 = phi i32 [ %4, %tailrecurse ], [ %0, %2 ]
  %4 = add nsw i32 %.tr8, -1
  %5 = add nsw i32 %.tr79, %.tr8
  %6 = icmp slt i32 %4, 1
  br i1 %6, label %tailrecurse._crit_edge, label %tailrecurse

tailrecurse._crit_edge:                           ; preds = %tailrecurse, %2
  %.tr7.lcssa = phi i32 [ %1, %2 ], [ %5, %tailrecurse ]
  ret i32 %.tr7.lcssa
}
*** IR Dump After InstCombinePass on sumTo ***
; Function Attrs: nofree nosync nounwind readnone uwtable
define dso_local i32 @sumTo(i32 noundef %0, i32 noundef %1) local_unnamed_addr #0 {
  %3 = icmp slt i32 %0, 1
  br i1 %3, label %tailrecurse._crit_edge, label %tailrecurse

tailrecurse:                                      ; preds = %2, %tailrecurse
  %.tr79 = phi i32 [ %5, %tailrecurse ], [ %1, %2 ]
  %.tr8 = phi i32 [ %4, %tailrecurse ], [ %0, %2 ]
  %4 = add nsw i32 %.tr8, -1
  %5 = add nsw i32 %.tr79, %.tr8
  %6 = icmp slt i32 %.tr8, 2
  br i1 %6, label %tailrecurse._crit_edge, label %tailrecurse

tailrecurse._crit_edge:                           ; preds = %tailrecurse, %2
  %.tr7.lcssa = phi i32 [ %1, %2 ], [ %5, %tailrecurse ]
  ret i32 %.tr7.lcssa
}
*** IR Dump Before LoopSimplifyPass on sumTo ***
; Function Attrs: nofree nosync nounwind readnone uwtable
define dso_local i32 @sumTo(i32 noundef %0, i32 noundef %1) local_unnamed_addr #0 {
  %3 = icmp slt i32 %0, 1
  br i1 %3, label %tailrecurse._crit_edge, label %tailrecurse

tailrecurse:                                      ; preds = %2, %tailrecurse
  %.tr79 = phi i32 [ %5, %tailrecurse ], [ %1, %2 ]
  %.tr8 = phi i32 [ %4, %tailrecurse ], [ %0, %2 ]
  %4 = add nsw i32 %.tr8, -1
  %5 = add nsw i32 %.tr79, %.tr8
  %6 = icmp slt i32 %.tr8, 2
  br i1 %6, label %tailrecurse._crit_edge, label %tailrecurse

tailrecurse._crit_edge:                           ; preds = %tailrecurse, %2
  %.tr7.lcssa = phi i32 [ %1, %2 ], [ %5, %tailrecurse ]
  ret i32 %.tr7.lcssa
}
*** IR Dump After LoopSimplifyPass on sumTo ***
; Function Attrs: nofree nosync nounwind readnone uwtable
define dso_local i32 @sumTo(i32 noundef %0, i32 noundef %1) local_unnamed_addr #0 {
  %3 = icmp slt i32 %0, 1
  br i1 %3, label %tailrecurse._crit_edge, label %tailrecurse.preheader

tailrecurse.preheader:                            ; preds = %2
  br label %tailrecurse

tailrecurse:                                      ; preds = %tailrecurse.preheader, %tailrecurse
  %.tr79 = phi i32 [ %5, %tailrecurse ], [ %1, %tailrecurse.preheader ]
  %.tr8 = phi i32 [ %4, %tailrecurse ], [ %0, %tailrecurse.preheader ]
  %4 = add nsw i32 %.tr8, -1
  %5 = add nsw i32 %.tr79, %.tr8
  %6 = icmp slt i32 %.tr8, 2
  br i1 %6, label %tailrecurse._crit_edge.loopexit, label %tailrecurse

tailrecurse._crit_edge.loopexit:                  ; preds = %tailrecurse
  br label %tailrecurse._crit_edge

tailrecurse._crit_edge:                           ; preds = %tailrecurse._crit_edge.loopexit, %2
  %.tr7.lcssa = phi i32 [ %1, %2 ], [ %5, %tailrecurse._crit_edge.loopexit ]
  ret i32 %.tr7.lcssa
}
*** IR Dump Before LCSSAPass on sumTo ***
; Function Attrs: nofree nosync nounwind readnone uwtable
define dso_local i32 @sumTo(i32 noundef %0, i32 noundef %1) local_unnamed_addr #0 {
  %3 = icmp slt i32 %0, 1
  br i1 %3, label %tailrecurse._crit_edge, label %tailrecurse.preheader

tailrecurse.preheader:                            ; preds = %2
  br label %tailrecurse

tailrecurse:                                      ; preds = %tailrecurse.preheader, %tailrecurse
  %.tr79 = phi i32 [ %5, %tailrecurse ], [ %1, %tailrecurse.preheader ]
  %.tr8 = phi i32 [ %4, %tailrecurse ], [ %0, %tailrecurse.preheader ]
  %4 = add nsw i32 %.tr8, -1
  %5 = add nsw i32 %.tr79, %.tr8
  %6 = icmp slt i32 %.tr8, 2
  br i1 %6, label %tailrecurse._crit_edge.loopexit, label %tailrecurse

tailrecurse._crit_edge.loopexit:                  ; preds = %tailrecurse
  br label %tailrecurse._crit_edge

tailrecurse._crit_edge:                           ; preds = %tailrecurse._crit_edge.loopexit, %2
  %.tr7.lcssa = phi i32 [ %1, %2 ], [ %5, %tailrecurse._crit_edge.loopexit ]
  ret i32 %.tr7.lcssa
}
*** IR Dump After LCSSAPass on sumTo ***
; Function Attrs: nofree nosync nounwind readnone uwtable
define dso_local i32 @sumTo(i32 noundef %0, i32 noundef %1) local_unnamed_addr #0 {
  %3 = icmp slt i32 %0, 1
  br i1 %3, label %tailrecurse._crit_edge, label %tailrecurse.preheader

tailrecurse.preheader:                            ; preds = %2
  br label %tailrecurse

tailrecurse:                                      ; preds = %tailrecurse.preheader, %tailrecurse
  %.tr79 = phi i32 [ %5, %tailrecurse ], [ %1, %tailrecurse.preheader ]
  %.tr8 = phi i32 [ %4, %tailrecurse ], [ %0, %tailrecurse.preheader ]
  %4 = add nsw i32 %.tr8, -1
  %5 = add nsw i32 %.tr79, %.tr8
  %6 = icmp slt i32 %.tr8, 2
  br i1 %6, label %tailrecurse._crit_edge.loopexit, label %tailrecurse

tailrecurse._crit_edge.loopexit:                  ; preds = %tailrecurse
  %.lcssa = phi i32 [ %5, %tailrecurse ]
  br label %tailrecurse._crit_edge

tailrecurse._crit_edge:                           ; preds = %tailrecurse._crit_edge.loopexit, %2
  %.tr7.lcssa = phi i32 [ %1, %2 ], [ %.lcssa, %tailrecurse._crit_edge.loopexit ]
  ret i32 %.tr7.lcssa
}
*** IR Dump Before LoopIdiomRecognizePass on Loop at depth 1 containing: %tailrecurse<header><latch><exiting> ***

; Preheader:
tailrecurse.preheader:                            ; preds = %2
  br label %tailrecurse

; Loop:
tailrecurse:                                      ; preds = %tailrecurse.preheader, %tailrecurse
  %.tr79 = phi i32 [ %5, %tailrecurse ], [ %1, %tailrecurse.preheader ]
  %.tr8 = phi i32 [ %4, %tailrecurse ], [ %0, %tailrecurse.preheader ]
  %4 = add nsw i32 %.tr8, -1
  %5 = add nsw i32 %.tr79, %.tr8
  %6 = icmp slt i32 %.tr8, 2
  br i1 %6, label %tailrecurse._crit_edge.loopexit, label %tailrecurse

; Exit blocks
tailrecurse._crit_edge.loopexit:                  ; preds = %tailrecurse
  %.lcssa = phi i32 [ %5, %tailrecurse ]
  br label %tailrecurse._crit_edge
*** IR Dump After LoopIdiomRecognizePass on Loop at depth 1 containing: %tailrecurse<header><latch><exiting> ***

; Preheader:
tailrecurse.preheader:                            ; preds = %2
  br label %tailrecurse

; Loop:
tailrecurse:                                      ; preds = %tailrecurse.preheader, %tailrecurse
  %.tr79 = phi i32 [ %5, %tailrecurse ], [ %1, %tailrecurse.preheader ]
  %.tr8 = phi i32 [ %4, %tailrecurse ], [ %0, %tailrecurse.preheader ]
  %4 = add nsw i32 %.tr8, -1
  %5 = add nsw i32 %.tr79, %.tr8
  %6 = icmp slt i32 %.tr8, 2
  br i1 %6, label %tailrecurse._crit_edge.loopexit, label %tailrecurse

; Exit blocks
tailrecurse._crit_edge.loopexit:                  ; preds = %tailrecurse
  %.lcssa = phi i32 [ %5, %tailrecurse ]
  br label %tailrecurse._crit_edge
*** IR Dump Before IndVarSimplifyPass on Loop at depth 1 containing: %tailrecurse<header><latch><exiting> ***

; Preheader:
tailrecurse.preheader:                            ; preds = %2
  br label %tailrecurse

; Loop:
tailrecurse:                                      ; preds = %tailrecurse.preheader, %tailrecurse
  %.tr79 = phi i32 [ %5, %tailrecurse ], [ %1, %tailrecurse.preheader ]
  %.tr8 = phi i32 [ %4, %tailrecurse ], [ %0, %tailrecurse.preheader ]
  %4 = add nsw i32 %.tr8, -1
  %5 = add nsw i32 %.tr79, %.tr8
  %6 = icmp slt i32 %.tr8, 2
  br i1 %6, label %tailrecurse._crit_edge.loopexit, label %tailrecurse

; Exit blocks
tailrecurse._crit_edge.loopexit:                  ; preds = %tailrecurse
  %.lcssa = phi i32 [ %5, %tailrecurse ]
  br label %tailrecurse._crit_edge
*** IR Dump After IndVarSimplifyPass on Loop at depth 1 containing: %tailrecurse<header><latch><exiting> ***

; Preheader:
tailrecurse.preheader:                            ; preds = %2
  %4 = add i32 %0, -1
  %5 = mul i32 %4, %4
  %6 = zext i32 %4 to i33
  %7 = add i32 %0, -2
  %8 = zext i32 %7 to i33
  %9 = mul i33 %6, %8
  %10 = lshr i33 %9, 1
  %11 = trunc i33 %10 to i32
  br label %tailrecurse

; Loop:
tailrecurse:                                      ; preds = %tailrecurse.preheader, %tailrecurse
  br i1 true, label %tailrecurse._crit_edge.loopexit, label %tailrecurse

; Exit blocks
tailrecurse._crit_edge.loopexit:                  ; preds = %tailrecurse
  %12 = add i32 %1, %0
  %13 = add i32 %12, %5
  %14 = sub i32 %13, %11
  br label %tailrecurse._crit_edge
*** IR Dump Before LoopDeletionPass on Loop at depth 1 containing: %tailrecurse<header><latch><exiting> ***

; Preheader:
tailrecurse.preheader:                            ; preds = %2
  %4 = add i32 %0, -1
  %5 = mul i32 %4, %4
  %6 = zext i32 %4 to i33
  %7 = add i32 %0, -2
  %8 = zext i32 %7 to i33
  %9 = mul i33 %6, %8
  %10 = lshr i33 %9, 1
  %11 = trunc i33 %10 to i32
  br label %tailrecurse

; Loop:
tailrecurse:                                      ; preds = %tailrecurse.preheader, %tailrecurse
  br i1 true, label %tailrecurse._crit_edge.loopexit, label %tailrecurse

; Exit blocks
tailrecurse._crit_edge.loopexit:                  ; preds = %tailrecurse
  %12 = add i32 %1, %0
  %13 = add i32 %12, %5
  %14 = sub i32 %13, %11
  br label %tailrecurse._crit_edge
*** IR Dump After LoopDeletionPass on Loop at depth 1 containing: %tailrecurse<header><latch><exiting> (invalidated) ***
; ModuleID = 'sumTo.in.ll'
source_filename = "sumTo.c"
target datalayout = "e-m:e-i8:8:32-i16:16:32-i64:64-i128:128-n32:64-S128"
target triple = "aarch64-unknown-linux-gnu"

; Function Attrs: nofree nosync nounwind readnone uwtable
define dso_local i32 @sumTo(i32 noundef %0, i32 noundef %1) local_unnamed_addr #0 {
  %3 = icmp slt i32 %0, 1
  br i1 %3, label %tailrecurse._crit_edge, label %tailrecurse.preheader

tailrecurse.preheader:                            ; preds = %2
  %4 = add i32 %0, -1
  %5 = mul i32 %4, %4
  %6 = zext i32 %4 to i33
  %7 = add i32 %0, -2
  %8 = zext i32 %7 to i33
  %9 = mul i33 %6, %8
  %10 = lshr i33 %9, 1
  %11 = trunc i33 %10 to i32
  br label %tailrecurse._crit_edge.loopexit

tailrecurse._crit_edge.loopexit:                  ; preds = %tailrecurse.preheader
  %12 = add i32 %1, %0
  %13 = add i32 %12, %5
  %14 = sub i32 %13, %11
  br label %tailrecurse._crit_edge

tailrecurse._crit_edge:                           ; preds = %tailrecurse._crit_edge.loopexit, %2
  %.tr7.lcssa = phi i32 [ %1, %2 ], [ %14, %tailrecurse._crit_edge.loopexit ]
  ret i32 %.tr7.lcssa
}

attributes #0 = { nofree nosync nounwind readnone uwtable "frame-pointer"="non-leaf" "min-legal-vector-width"="0" "no-trapping-math"="true" "stack-protector-buffer-size"="8" "target-cpu"="generic" "target-features"="+neon,+outline-atomics,+v8a" }

!llvm.module.flags = !{!0, !1, !2, !3, !4, !5, !6, !7, !8}
!llvm.ident = !{!9}

!0 = !{i32 1, !"wchar_size", i32 4}
!1 = !{i32 1, !"branch-target-enforcement", i32 0}
!2 = !{i32 1, !"sign-return-address", i32 0}
!3 = !{i32 1, !"sign-return-address-all", i32 0}
!4 = !{i32 1, !"sign-return-address-with-bkey", i32 0}
!5 = !{i32 7, !"PIC Level", i32 2}
!6 = !{i32 7, !"PIE Level", i32 2}
!7 = !{i32 7, !"uwtable", i32 1}
!8 = !{i32 7, !"frame-pointer", i32 1}
!9 = !{!"Ubuntu clang version 14.0.0-1ubuntu1.1"}
*** IR Dump Before SROAPass on sumTo ***
; Function Attrs: nofree nosync nounwind readnone uwtable
define dso_local i32 @sumTo(i32 noundef %0, i32 noundef %1) local_unnamed_addr #0 {
  %3 = icmp slt i32 %0, 1
  br i1 %3, label %tailrecurse._crit_edge, label %tailrecurse.preheader

tailrecurse.preheader:                            ; preds = %2
  %4 = add i32 %0, -1
  %5 = mul i32 %4, %4
  %6 = zext i32 %4 to i33
  %7 = add i32 %0, -2
  %8 = zext i32 %7 to i33
  %9 = mul i33 %6, %8
  %10 = lshr i33 %9, 1
  %11 = trunc i33 %10 to i32
  br label %tailrecurse._crit_edge.loopexit

tailrecurse._crit_edge.loopexit:                  ; preds = %tailrecurse.preheader
  %12 = add i32 %1, %0
  %13 = add i32 %12, %5
  %14 = sub i32 %13, %11
  br label %tailrecurse._crit_edge

tailrecurse._crit_edge:                           ; preds = %tailrecurse._crit_edge.loopexit, %2
  %.tr7.lcssa = phi i32 [ %1, %2 ], [ %14, %tailrecurse._crit_edge.loopexit ]
  ret i32 %.tr7.lcssa
}
*** IR Dump After SROAPass on sumTo ***
; Function Attrs: nofree nosync nounwind readnone uwtable
define dso_local i32 @sumTo(i32 noundef %0, i32 noundef %1) local_unnamed_addr #0 {
  %3 = icmp slt i32 %0, 1
  br i1 %3, label %tailrecurse._crit_edge, label %tailrecurse.preheader

tailrecurse.preheader:                            ; preds = %2
  %4 = add i32 %0, -1
  %5 = mul i32 %4, %4
  %6 = zext i32 %4 to i33
  %7 = add i32 %0, -2
  %8 = zext i32 %7 to i33
  %9 = mul i33 %6, %8
  %10 = lshr i33 %9, 1
  %11 = trunc i33 %10 to i32
  br label %tailrecurse._crit_edge.loopexit

tailrecurse._crit_edge.loopexit:                  ; preds = %tailrecurse.preheader
  %12 = add i32 %1, %0
  %13 = add i32 %12, %5
  %14 = sub i32 %13, %11
  br label %tailrecurse._crit_edge

tailrecurse._crit_edge:                           ; preds = %tailrecurse._crit_edge.loopexit, %2
  %.tr7.lcssa = phi i32 [ %1, %2 ], [ %14, %tailrecurse._crit_edge.loopexit ]
  ret i32 %.tr7.lcssa
}
*** IR Dump Before MergedLoadStoreMotionPass on sumTo ***
; Function Attrs: nofree nosync nounwind readnone uwtable
define dso_local i32 @sumTo(i32 noundef %0, i32 noundef %1) local_unnamed_addr #0 {
  %3 = icmp slt i32 %0, 1
  br i1 %3, label %tailrecurse._crit_edge, label %tailrecurse.preheader

tailrecurse.preheader:                            ; preds = %2
  %4 = add i32 %0, -1
  %5 = mul i32 %4, %4
  %6 = zext i32 %4 to i33
  %7 = add i32 %0, -2
  %8 = zext i32 %7 to i33
  %9 = mul i33 %6, %8
  %10 = lshr i33 %9, 1
  %11 = trunc i33 %10 to i32
  br label %tailrecurse._crit_edge.loopexit

tailrecurse._crit_edge.loopexit:                  ; preds = %tailrecurse.preheader
  %12 = add i32 %1, %0
  %13 = add i32 %12, %5
  %14 = sub i32 %13, %11
  br label %tailrecurse._crit_edge

tailrecurse._crit_edge:                           ; preds = %tailrecurse._crit_edge.loopexit, %2
  %.tr7.lcssa = phi i32 [ %1, %2 ], [ %14, %tailrecurse._crit_edge.loopexit ]
  ret i32 %.tr7.lcssa
}
*** IR Dump After MergedLoadStoreMotionPass on sumTo ***
; Function Attrs: nofree nosync nounwind readnone uwtable
define dso_local i32 @sumTo(i32 noundef %0, i32 noundef %1) local_unnamed_addr #0 {
  %3 = icmp slt i32 %0, 1
  br i1 %3, label %tailrecurse._crit_edge, label %tailrecurse.preheader

tailrecurse.preheader:                            ; preds = %2
  %4 = add i32 %0, -1
  %5 = mul i32 %4, %4
  %6 = zext i32 %4 to i33
  %7 = add i32 %0, -2
  %8 = zext i32 %7 to i33
  %9 = mul i33 %6, %8
  %10 = lshr i33 %9, 1
  %11 = trunc i33 %10 to i32
  br label %tailrecurse._crit_edge.loopexit

tailrecurse._crit_edge.loopexit:                  ; preds = %tailrecurse.preheader
  %12 = add i32 %1, %0
  %13 = add i32 %12, %5
  %14 = sub i32 %13, %11
  br label %tailrecurse._crit_edge

tailrecurse._crit_edge:                           ; preds = %tailrecurse._crit_edge.loopexit, %2
  %.tr7.lcssa = phi i32 [ %1, %2 ], [ %14, %tailrecurse._crit_edge.loopexit ]
  ret i32 %.tr7.lcssa
}
*** IR Dump Before GVNPass on sumTo ***
; Function Attrs: nofree nosync nounwind readnone uwtable
define dso_local i32 @sumTo(i32 noundef %0, i32 noundef %1) local_unnamed_addr #0 {
  %3 = icmp slt i32 %0, 1
  br i1 %3, label %tailrecurse._crit_edge, label %tailrecurse.preheader

tailrecurse.preheader:                            ; preds = %2
  %4 = add i32 %0, -1
  %5 = mul i32 %4, %4
  %6 = zext i32 %4 to i33
  %7 = add i32 %0, -2
  %8 = zext i32 %7 to i33
  %9 = mul i33 %6, %8
  %10 = lshr i33 %9, 1
  %11 = trunc i33 %10 to i32
  br label %tailrecurse._crit_edge.loopexit

tailrecurse._crit_edge.loopexit:                  ; preds = %tailrecurse.preheader
  %12 = add i32 %1, %0
  %13 = add i32 %12, %5
  %14 = sub i32 %13, %11
  br label %tailrecurse._crit_edge

tailrecurse._crit_edge:                           ; preds = %tailrecurse._crit_edge.loopexit, %2
  %.tr7.lcssa = phi i32 [ %1, %2 ], [ %14, %tailrecurse._crit_edge.loopexit ]
  ret i32 %.tr7.lcssa
}
*** IR Dump After GVNPass on sumTo ***
; Function Attrs: nofree nosync nounwind readnone uwtable
define dso_local i32 @sumTo(i32 noundef %0, i32 noundef %1) local_unnamed_addr #0 {
  %3 = icmp slt i32 %0, 1
  br i1 %3, label %tailrecurse._crit_edge, label %tailrecurse.preheader

tailrecurse.preheader:                            ; preds = %2
  %4 = add i32 %0, -1
  %5 = mul i32 %4, %4
  %6 = zext i32 %4 to i33
  %7 = add i32 %0, -2
  %8 = zext i32 %7 to i33
  %9 = mul i33 %6, %8
  %10 = lshr i33 %9, 1
  %11 = trunc i33 %10 to i32
  %12 = add i32 %1, %0
  %13 = add i32 %12, %5
  %14 = sub i32 %13, %11
  br label %tailrecurse._crit_edge

tailrecurse._crit_edge:                           ; preds = %tailrecurse.preheader, %2
  %.tr7.lcssa = phi i32 [ %1, %2 ], [ %14, %tailrecurse.preheader ]
  ret i32 %.tr7.lcssa
}
*** IR Dump Before SCCPPass on sumTo ***
; Function Attrs: nofree nosync nounwind readnone uwtable
define dso_local i32 @sumTo(i32 noundef %0, i32 noundef %1) local_unnamed_addr #0 {
  %3 = icmp slt i32 %0, 1
  br i1 %3, label %tailrecurse._crit_edge, label %tailrecurse.preheader

tailrecurse.preheader:                            ; preds = %2
  %4 = add i32 %0, -1
  %5 = mul i32 %4, %4
  %6 = zext i32 %4 to i33
  %7 = add i32 %0, -2
  %8 = zext i32 %7 to i33
  %9 = mul i33 %6, %8
  %10 = lshr i33 %9, 1
  %11 = trunc i33 %10 to i32
  %12 = add i32 %1, %0
  %13 = add i32 %12, %5
  %14 = sub i32 %13, %11
  br label %tailrecurse._crit_edge

tailrecurse._crit_edge:                           ; preds = %tailrecurse.preheader, %2
  %.tr7.lcssa = phi i32 [ %1, %2 ], [ %14, %tailrecurse.preheader ]
  ret i32 %.tr7.lcssa
}
*** IR Dump After SCCPPass on sumTo ***
; Function Attrs: nofree nosync nounwind readnone uwtable
define dso_local i32 @sumTo(i32 noundef %0, i32 noundef %1) local_unnamed_addr #0 {
  %3 = icmp slt i32 %0, 1
  br i1 %3, label %tailrecurse._crit_edge, label %tailrecurse.preheader

tailrecurse.preheader:                            ; preds = %2
  %4 = add i32 %0, -1
  %5 = mul i32 %4, %4
  %6 = zext i32 %4 to i33
  %7 = add i32 %0, -2
  %8 = zext i32 %7 to i33
  %9 = mul i33 %6, %8
  %10 = lshr i33 %9, 1
  %11 = trunc i33 %10 to i32
  %12 = add i32 %1, %0
  %13 = add i32 %12, %5
  %14 = sub i32 %13, %11
  br label %tailrecurse._crit_edge

tailrecurse._crit_edge:                           ; preds = %tailrecurse.preheader, %2
  %.tr7.lcssa = phi i32 [ %1, %2 ], [ %14, %tailrecurse.preheader ]
  ret i32 %.tr7.lcssa
}
*** IR Dump Before BDCEPass on sumTo ***
; Function Attrs: nofree nosync nounwind readnone uwtable
define dso_local i32 @sumTo(i32 noundef %0, i32 noundef %1) local_unnamed_addr #0 {
  %3 = icmp slt i32 %0, 1
  br i1 %3, label %tailrecurse._crit_edge, label %tailrecurse.preheader

tailrecurse.preheader:                            ; preds = %2
  %4 = add i32 %0, -1
  %5 = mul i32 %4, %4
  %6 = zext i32 %4 to i33
  %7 = add i32 %0, -2
  %8 = zext i32 %7 to i33
  %9 = mul i33 %6, %8
  %10 = lshr i33 %9, 1
  %11 = trunc i33 %10 to i32
  %12 = add i32 %1, %0
  %13 = add i32 %12, %5
  %14 = sub i32 %13, %11
  br label %tailrecurse._crit_edge

tailrecurse._crit_edge:                           ; preds = %tailrecurse.preheader, %2
  %.tr7.lcssa = phi i32 [ %1, %2 ], [ %14, %tailrecurse.preheader ]
  ret i32 %.tr7.lcssa
}
*** IR Dump After BDCEPass on sumTo ***
; Function Attrs: nofree nosync nounwind readnone uwtable
define dso_local i32 @sumTo(i32 noundef %0, i32 noundef %1) local_unnamed_addr #0 {
  %3 = icmp slt i32 %0, 1
  br i1 %3, label %tailrecurse._crit_edge, label %tailrecurse.preheader

tailrecurse.preheader:                            ; preds = %2
  %4 = add i32 %0, -1
  %5 = mul i32 %4, %4
  %6 = zext i32 %4 to i33
  %7 = add i32 %0, -2
  %8 = zext i32 %7 to i33
  %9 = mul i33 %6, %8
  %10 = lshr i33 %9, 1
  %11 = trunc i33 %10 to i32
  %12 = add i32 %1, %0
  %13 = add i32 %12, %5
  %14 = sub i32 %13, %11
  br label %tailrecurse._crit_edge

tailrecurse._crit_edge:                           ; preds = %tailrecurse.preheader, %2
  %.tr7.lcssa = phi i32 [ %1, %2 ], [ %14, %tailrecurse.preheader ]
  ret i32 %.tr7.lcssa
}
*** IR Dump Before InstCombinePass on sumTo ***
; Function Attrs: nofree nosync nounwind readnone uwtable
define dso_local i32 @sumTo(i32 noundef %0, i32 noundef %1) local_unnamed_addr #0 {
  %3 = icmp slt i32 %0, 1
  br i1 %3, label %tailrecurse._crit_edge, label %tailrecurse.preheader

tailrecurse.preheader:                            ; preds = %2
  %4 = add i32 %0, -1
  %5 = mul i32 %4, %4
  %6 = zext i32 %4 to i33
  %7 = add i32 %0, -2
  %8 = zext i32 %7 to i33
  %9 = mul i33 %6, %8
  %10 = lshr i33 %9, 1
  %11 = trunc i33 %10 to i32
  %12 = add i32 %1, %0
  %13 = add i32 %12, %5
  %14 = sub i32 %13, %11
  br label %tailrecurse._crit_edge

tailrecurse._crit_edge:                           ; preds = %tailrecurse.preheader, %2
  %.tr7.lcssa = phi i32 [ %1, %2 ], [ %14, %tailrecurse.preheader ]
  ret i32 %.tr7.lcssa
}
*** IR Dump After InstCombinePass on sumTo ***
; Function Attrs: nofree nosync nounwind readnone uwtable
define dso_local i32 @sumTo(i32 noundef %0, i32 noundef %1) local_unnamed_addr #0 {
  %3 = icmp slt i32 %0, 1
  br i1 %3, label %tailrecurse._crit_edge, label %tailrecurse.preheader

tailrecurse.preheader:                            ; preds = %2
  %4 = add i32 %0, -1
  %5 = mul i32 %4, %4
  %6 = zext i32 %4 to i33
  %7 = add i32 %0, -2
  %8 = zext i32 %7 to i33
  %9 = mul i33 %6, %8
  %10 = lshr i33 %9, 1
  %11 = trunc i33 %10 to i32
  %12 = add i32 %1, %0
  %13 = add i32 %12, %5
  %14 = sub i32 %13, %11
  br label %tailrecurse._crit_edge

tailrecurse._crit_edge:                           ; preds = %tailrecurse.preheader, %2
  %.tr7.lcssa = phi i32 [ %1, %2 ], [ %14, %tailrecurse.preheader ]
  ret i32 %.tr7.lcssa
}
*** IR Dump Before JumpThreadingPass on sumTo ***
; Function Attrs: nofree nosync nounwind readnone uwtable
define dso_local i32 @sumTo(i32 noundef %0, i32 noundef %1) local_unnamed_addr #0 {
  %3 = icmp slt i32 %0, 1
  br i1 %3, label %tailrecurse._crit_edge, label %tailrecurse.preheader

tailrecurse.preheader:                            ; preds = %2
  %4 = add i32 %0, -1
  %5 = mul i32 %4, %4
  %6 = zext i32 %4 to i33
  %7 = add i32 %0, -2
  %8 = zext i32 %7 to i33
  %9 = mul i33 %6, %8
  %10 = lshr i33 %9, 1
  %11 = trunc i33 %10 to i32
  %12 = add i32 %1, %0
  %13 = add i32 %12, %5
  %14 = sub i32 %13, %11
  br label %tailrecurse._crit_edge

tailrecurse._crit_edge:                           ; preds = %tailrecurse.preheader, %2
  %.tr7.lcssa = phi i32 [ %1, %2 ], [ %14, %tailrecurse.preheader ]
  ret i32 %.tr7.lcssa
}
*** IR Dump After JumpThreadingPass on sumTo ***
; Function Attrs: nofree nosync nounwind readnone uwtable
define dso_local i32 @sumTo(i32 noundef %0, i32 noundef %1) local_unnamed_addr #0 {
  %3 = icmp slt i32 %0, 1
  br i1 %3, label %tailrecurse._crit_edge, label %tailrecurse.preheader

tailrecurse.preheader:                            ; preds = %2
  %4 = add i32 %0, -1
  %5 = mul i32 %4, %4
  %6 = zext i32 %4 to i33
  %7 = add i32 %0, -2
  %8 = zext i32 %7 to i33
  %9 = mul i33 %6, %8
  %10 = lshr i33 %9, 1
  %11 = trunc i33 %10 to i32
  %12 = add i32 %1, %0
  %13 = add i32 %12, %5
  %14 = sub i32 %13, %11
  br label %tailrecurse._crit_edge

tailrecurse._crit_edge:                           ; preds = %tailrecurse.preheader, %2
  %.tr7.lcssa = phi i32 [ %1, %2 ], [ %14, %tailrecurse.preheader ]
  ret i32 %.tr7.lcssa
}
*** IR Dump Before CorrelatedValuePropagationPass on sumTo ***
; Function Attrs: nofree nosync nounwind readnone uwtable
define dso_local i32 @sumTo(i32 noundef %0, i32 noundef %1) local_unnamed_addr #0 {
  %3 = icmp slt i32 %0, 1
  br i1 %3, label %tailrecurse._crit_edge, label %tailrecurse.preheader

tailrecurse.preheader:                            ; preds = %2
  %4 = add i32 %0, -1
  %5 = mul i32 %4, %4
  %6 = zext i32 %4 to i33
  %7 = add i32 %0, -2
  %8 = zext i32 %7 to i33
  %9 = mul i33 %6, %8
  %10 = lshr i33 %9, 1
  %11 = trunc i33 %10 to i32
  %12 = add i32 %1, %0
  %13 = add i32 %12, %5
  %14 = sub i32 %13, %11
  br label %tailrecurse._crit_edge

tailrecurse._crit_edge:                           ; preds = %tailrecurse.preheader, %2
  %.tr7.lcssa = phi i32 [ %1, %2 ], [ %14, %tailrecurse.preheader ]
  ret i32 %.tr7.lcssa
}
*** IR Dump After CorrelatedValuePropagationPass on sumTo ***
; Function Attrs: nofree nosync nounwind readnone uwtable
define dso_local i32 @sumTo(i32 noundef %0, i32 noundef %1) local_unnamed_addr #0 {
  %3 = icmp slt i32 %0, 1
  br i1 %3, label %tailrecurse._crit_edge, label %tailrecurse.preheader

tailrecurse.preheader:                            ; preds = %2
  %4 = add nsw i32 %0, -1
  %5 = mul i32 %4, %4
  %6 = zext i32 %4 to i33
  %7 = add nsw i32 %0, -2
  %8 = zext i32 %7 to i33
  %9 = mul i33 %6, %8
  %10 = lshr i33 %9, 1
  %11 = trunc i33 %10 to i32
  %12 = add i32 %1, %0
  %13 = add i32 %12, %5
  %14 = sub i32 %13, %11
  br label %tailrecurse._crit_edge

tailrecurse._crit_edge:                           ; preds = %tailrecurse.preheader, %2
  %.tr7.lcssa = phi i32 [ %1, %2 ], [ %14, %tailrecurse.preheader ]
  ret i32 %.tr7.lcssa
}
*** IR Dump Before ADCEPass on sumTo ***
; Function Attrs: nofree nosync nounwind readnone uwtable
define dso_local i32 @sumTo(i32 noundef %0, i32 noundef %1) local_unnamed_addr #0 {
  %3 = icmp slt i32 %0, 1
  br i1 %3, label %tailrecurse._crit_edge, label %tailrecurse.preheader

tailrecurse.preheader:                            ; preds = %2
  %4 = add nsw i32 %0, -1
  %5 = mul i32 %4, %4
  %6 = zext i32 %4 to i33
  %7 = add nsw i32 %0, -2
  %8 = zext i32 %7 to i33
  %9 = mul i33 %6, %8
  %10 = lshr i33 %9, 1
  %11 = trunc i33 %10 to i32
  %12 = add i32 %1, %0
  %13 = add i32 %12, %5
  %14 = sub i32 %13, %11
  br label %tailrecurse._crit_edge

tailrecurse._crit_edge:                           ; preds = %tailrecurse.preheader, %2
  %.tr7.lcssa = phi i32 [ %1, %2 ], [ %14, %tailrecurse.preheader ]
  ret i32 %.tr7.lcssa
}
*** IR Dump After ADCEPass on sumTo ***
; Function Attrs: nofree nosync nounwind readnone uwtable
define dso_local i32 @sumTo(i32 noundef %0, i32 noundef %1) local_unnamed_addr #0 {
  %3 = icmp slt i32 %0, 1
  br i1 %3, label %tailrecurse._crit_edge, label %tailrecurse.preheader

tailrecurse.preheader:                            ; preds = %2
  %4 = add nsw i32 %0, -1
  %5 = mul i32 %4, %4
  %6 = zext i32 %4 to i33
  %7 = add nsw i32 %0, -2
  %8 = zext i32 %7 to i33
  %9 = mul i33 %6, %8
  %10 = lshr i33 %9, 1
  %11 = trunc i33 %10 to i32
  %12 = add i32 %1, %0
  %13 = add i32 %12, %5
  %14 = sub i32 %13, %11
  br label %tailrecurse._crit_edge

tailrecurse._crit_edge:                           ; preds = %tailrecurse.preheader, %2
  %.tr7.lcssa = phi i32 [ %1, %2 ], [ %14, %tailrecurse.preheader ]
  ret i32 %.tr7.lcssa
}
*** IR Dump Before MemCpyOptPass on sumTo ***
; Function Attrs: nofree nosync nounwind readnone uwtable
define dso_local i32 @sumTo(i32 noundef %0, i32 noundef %1) local_unnamed_addr #0 {
  %3 = icmp slt i32 %0, 1
  br i1 %3, label %tailrecurse._crit_edge, label %tailrecurse.preheader

tailrecurse.preheader:                            ; preds = %2
  %4 = add nsw i32 %0, -1
  %5 = mul i32 %4, %4
  %6 = zext i32 %4 to i33
  %7 = add nsw i32 %0, -2
  %8 = zext i32 %7 to i33
  %9 = mul i33 %6, %8
  %10 = lshr i33 %9, 1
  %11 = trunc i33 %10 to i32
  %12 = add i32 %1, %0
  %13 = add i32 %12, %5
  %14 = sub i32 %13, %11
  br label %tailrecurse._crit_edge

tailrecurse._crit_edge:                           ; preds = %tailrecurse.preheader, %2
  %.tr7.lcssa = phi i32 [ %1, %2 ], [ %14, %tailrecurse.preheader ]
  ret i32 %.tr7.lcssa
}
*** IR Dump After MemCpyOptPass on sumTo ***
; Function Attrs: nofree nosync nounwind readnone uwtable
define dso_local i32 @sumTo(i32 noundef %0, i32 noundef %1) local_unnamed_addr #0 {
  %3 = icmp slt i32 %0, 1
  br i1 %3, label %tailrecurse._crit_edge, label %tailrecurse.preheader

tailrecurse.preheader:                            ; preds = %2
  %4 = add nsw i32 %0, -1
  %5 = mul i32 %4, %4
  %6 = zext i32 %4 to i33
  %7 = add nsw i32 %0, -2
  %8 = zext i32 %7 to i33
  %9 = mul i33 %6, %8
  %10 = lshr i33 %9, 1
  %11 = trunc i33 %10 to i32
  %12 = add i32 %1, %0
  %13 = add i32 %12, %5
  %14 = sub i32 %13, %11
  br label %tailrecurse._crit_edge

tailrecurse._crit_edge:                           ; preds = %tailrecurse.preheader, %2
  %.tr7.lcssa = phi i32 [ %1, %2 ], [ %14, %tailrecurse.preheader ]
  ret i32 %.tr7.lcssa
}
*** IR Dump Before DSEPass on sumTo ***
; Function Attrs: nofree nosync nounwind readnone uwtable
define dso_local i32 @sumTo(i32 noundef %0, i32 noundef %1) local_unnamed_addr #0 {
  %3 = icmp slt i32 %0, 1
  br i1 %3, label %tailrecurse._crit_edge, label %tailrecurse.preheader

tailrecurse.preheader:                            ; preds = %2
  %4 = add nsw i32 %0, -1
  %5 = mul i32 %4, %4
  %6 = zext i32 %4 to i33
  %7 = add nsw i32 %0, -2
  %8 = zext i32 %7 to i33
  %9 = mul i33 %6, %8
  %10 = lshr i33 %9, 1
  %11 = trunc i33 %10 to i32
  %12 = add i32 %1, %0
  %13 = add i32 %12, %5
  %14 = sub i32 %13, %11
  br label %tailrecurse._crit_edge

tailrecurse._crit_edge:                           ; preds = %tailrecurse.preheader, %2
  %.tr7.lcssa = phi i32 [ %1, %2 ], [ %14, %tailrecurse.preheader ]
  ret i32 %.tr7.lcssa
}
*** IR Dump After DSEPass on sumTo ***
; Function Attrs: nofree nosync nounwind readnone uwtable
define dso_local i32 @sumTo(i32 noundef %0, i32 noundef %1) local_unnamed_addr #0 {
  %3 = icmp slt i32 %0, 1
  br i1 %3, label %tailrecurse._crit_edge, label %tailrecurse.preheader

tailrecurse.preheader:                            ; preds = %2
  %4 = add nsw i32 %0, -1
  %5 = mul i32 %4, %4
  %6 = zext i32 %4 to i33
  %7 = add nsw i32 %0, -2
  %8 = zext i32 %7 to i33
  %9 = mul i33 %6, %8
  %10 = lshr i33 %9, 1
  %11 = trunc i33 %10 to i32
  %12 = add i32 %1, %0
  %13 = add i32 %12, %5
  %14 = sub i32 %13, %11
  br label %tailrecurse._crit_edge

tailrecurse._crit_edge:                           ; preds = %tailrecurse.preheader, %2
  %.tr7.lcssa = phi i32 [ %1, %2 ], [ %14, %tailrecurse.preheader ]
  ret i32 %.tr7.lcssa
}
*** IR Dump Before LoopSimplifyPass on sumTo ***
; Function Attrs: nofree nosync nounwind readnone uwtable
define dso_local i32 @sumTo(i32 noundef %0, i32 noundef %1) local_unnamed_addr #0 {
  %3 = icmp slt i32 %0, 1
  br i1 %3, label %tailrecurse._crit_edge, label %tailrecurse.preheader

tailrecurse.preheader:                            ; preds = %2
  %4 = add nsw i32 %0, -1
  %5 = mul i32 %4, %4
  %6 = zext i32 %4 to i33
  %7 = add nsw i32 %0, -2
  %8 = zext i32 %7 to i33
  %9 = mul i33 %6, %8
  %10 = lshr i33 %9, 1
  %11 = trunc i33 %10 to i32
  %12 = add i32 %1, %0
  %13 = add i32 %12, %5
  %14 = sub i32 %13, %11
  br label %tailrecurse._crit_edge

tailrecurse._crit_edge:                           ; preds = %tailrecurse.preheader, %2
  %.tr7.lcssa = phi i32 [ %1, %2 ], [ %14, %tailrecurse.preheader ]
  ret i32 %.tr7.lcssa
}
*** IR Dump After LoopSimplifyPass on sumTo ***
; Function Attrs: nofree nosync nounwind readnone uwtable
define dso_local i32 @sumTo(i32 noundef %0, i32 noundef %1) local_unnamed_addr #0 {
  %3 = icmp slt i32 %0, 1
  br i1 %3, label %tailrecurse._crit_edge, label %tailrecurse.preheader

tailrecurse.preheader:                            ; preds = %2
  %4 = add nsw i32 %0, -1
  %5 = mul i32 %4, %4
  %6 = zext i32 %4 to i33
  %7 = add nsw i32 %0, -2
  %8 = zext i32 %7 to i33
  %9 = mul i33 %6, %8
  %10 = lshr i33 %9, 1
  %11 = trunc i33 %10 to i32
  %12 = add i32 %1, %0
  %13 = add i32 %12, %5
  %14 = sub i32 %13, %11
  br label %tailrecurse._crit_edge

tailrecurse._crit_edge:                           ; preds = %tailrecurse.preheader, %2
  %.tr7.lcssa = phi i32 [ %1, %2 ], [ %14, %tailrecurse.preheader ]
  ret i32 %.tr7.lcssa
}
*** IR Dump Before LCSSAPass on sumTo ***
; Function Attrs: nofree nosync nounwind readnone uwtable
define dso_local i32 @sumTo(i32 noundef %0, i32 noundef %1) local_unnamed_addr #0 {
  %3 = icmp slt i32 %0, 1
  br i1 %3, label %tailrecurse._crit_edge, label %tailrecurse.preheader

tailrecurse.preheader:                            ; preds = %2
  %4 = add nsw i32 %0, -1
  %5 = mul i32 %4, %4
  %6 = zext i32 %4 to i33
  %7 = add nsw i32 %0, -2
  %8 = zext i32 %7 to i33
  %9 = mul i33 %6, %8
  %10 = lshr i33 %9, 1
  %11 = trunc i33 %10 to i32
  %12 = add i32 %1, %0
  %13 = add i32 %12, %5
  %14 = sub i32 %13, %11
  br label %tailrecurse._crit_edge

tailrecurse._crit_edge:                           ; preds = %tailrecurse.preheader, %2
  %.tr7.lcssa = phi i32 [ %1, %2 ], [ %14, %tailrecurse.preheader ]
  ret i32 %.tr7.lcssa
}
*** IR Dump After LCSSAPass on sumTo ***
; Function Attrs: nofree nosync nounwind readnone uwtable
define dso_local i32 @sumTo(i32 noundef %0, i32 noundef %1) local_unnamed_addr #0 {
  %3 = icmp slt i32 %0, 1
  br i1 %3, label %tailrecurse._crit_edge, label %tailrecurse.preheader

tailrecurse.preheader:                            ; preds = %2
  %4 = add nsw i32 %0, -1
  %5 = mul i32 %4, %4
  %6 = zext i32 %4 to i33
  %7 = add nsw i32 %0, -2
  %8 = zext i32 %7 to i33
  %9 = mul i33 %6, %8
  %10 = lshr i33 %9, 1
  %11 = trunc i33 %10 to i32
  %12 = add i32 %1, %0
  %13 = add i32 %12, %5
  %14 = sub i32 %13, %11
  br label %tailrecurse._crit_edge

tailrecurse._crit_edge:                           ; preds = %tailrecurse.preheader, %2
  %.tr7.lcssa = phi i32 [ %1, %2 ], [ %14, %tailrecurse.preheader ]
  ret i32 %.tr7.lcssa
}
*** IR Dump Before CoroElidePass on sumTo ***
; Function Attrs: nofree nosync nounwind readnone uwtable
define dso_local i32 @sumTo(i32 noundef %0, i32 noundef %1) local_unnamed_addr #0 {
  %3 = icmp slt i32 %0, 1
  br i1 %3, label %tailrecurse._crit_edge, label %tailrecurse.preheader

tailrecurse.preheader:                            ; preds = %2
  %4 = add nsw i32 %0, -1
  %5 = mul i32 %4, %4
  %6 = zext i32 %4 to i33
  %7 = add nsw i32 %0, -2
  %8 = zext i32 %7 to i33
  %9 = mul i33 %6, %8
  %10 = lshr i33 %9, 1
  %11 = trunc i33 %10 to i32
  %12 = add i32 %1, %0
  %13 = add i32 %12, %5
  %14 = sub i32 %13, %11
  br label %tailrecurse._crit_edge

tailrecurse._crit_edge:                           ; preds = %tailrecurse.preheader, %2
  %.tr7.lcssa = phi i32 [ %1, %2 ], [ %14, %tailrecurse.preheader ]
  ret i32 %.tr7.lcssa
}
*** IR Dump After CoroElidePass on sumTo ***
; Function Attrs: nofree nosync nounwind readnone uwtable
define dso_local i32 @sumTo(i32 noundef %0, i32 noundef %1) local_unnamed_addr #0 {
  %3 = icmp slt i32 %0, 1
  br i1 %3, label %tailrecurse._crit_edge, label %tailrecurse.preheader

tailrecurse.preheader:                            ; preds = %2
  %4 = add nsw i32 %0, -1
  %5 = mul i32 %4, %4
  %6 = zext i32 %4 to i33
  %7 = add nsw i32 %0, -2
  %8 = zext i32 %7 to i33
  %9 = mul i33 %6, %8
  %10 = lshr i33 %9, 1
  %11 = trunc i33 %10 to i32
  %12 = add i32 %1, %0
  %13 = add i32 %12, %5
  %14 = sub i32 %13, %11
  br label %tailrecurse._crit_edge

tailrecurse._crit_edge:                           ; preds = %tailrecurse.preheader, %2
  %.tr7.lcssa = phi i32 [ %1, %2 ], [ %14, %tailrecurse.preheader ]
  ret i32 %.tr7.lcssa
}
*** IR Dump Before SimplifyCFGPass on sumTo ***
; Function Attrs: nofree nosync nounwind readnone uwtable
define dso_local i32 @sumTo(i32 noundef %0, i32 noundef %1) local_unnamed_addr #0 {
  %3 = icmp slt i32 %0, 1
  br i1 %3, label %tailrecurse._crit_edge, label %tailrecurse.preheader

tailrecurse.preheader:                            ; preds = %2
  %4 = add nsw i32 %0, -1
  %5 = mul i32 %4, %4
  %6 = zext i32 %4 to i33
  %7 = add nsw i32 %0, -2
  %8 = zext i32 %7 to i33
  %9 = mul i33 %6, %8
  %10 = lshr i33 %9, 1
  %11 = trunc i33 %10 to i32
  %12 = add i32 %1, %0
  %13 = add i32 %12, %5
  %14 = sub i32 %13, %11
  br label %tailrecurse._crit_edge

tailrecurse._crit_edge:                           ; preds = %tailrecurse.preheader, %2
  %.tr7.lcssa = phi i32 [ %1, %2 ], [ %14, %tailrecurse.preheader ]
  ret i32 %.tr7.lcssa
}
*** IR Dump After SimplifyCFGPass on sumTo ***
; Function Attrs: nofree nosync nounwind readnone uwtable
define dso_local i32 @sumTo(i32 noundef %0, i32 noundef %1) local_unnamed_addr #0 {
  %3 = icmp slt i32 %0, 1
  br i1 %3, label %tailrecurse._crit_edge, label %tailrecurse.preheader

tailrecurse.preheader:                            ; preds = %2
  %4 = add nsw i32 %0, -1
  %5 = mul i32 %4, %4
  %6 = zext i32 %4 to i33
  %7 = add nsw i32 %0, -2
  %8 = zext i32 %7 to i33
  %9 = mul i33 %6, %8
  %10 = lshr i33 %9, 1
  %11 = trunc i33 %10 to i32
  %12 = add i32 %1, %0
  %13 = add i32 %12, %5
  %14 = sub i32 %13, %11
  br label %tailrecurse._crit_edge

tailrecurse._crit_edge:                           ; preds = %tailrecurse.preheader, %2
  %.tr7.lcssa = phi i32 [ %1, %2 ], [ %14, %tailrecurse.preheader ]
  ret i32 %.tr7.lcssa
}
*** IR Dump Before InstCombinePass on sumTo ***
; Function Attrs: nofree nosync nounwind readnone uwtable
define dso_local i32 @sumTo(i32 noundef %0, i32 noundef %1) local_unnamed_addr #0 {
  %3 = icmp slt i32 %0, 1
  br i1 %3, label %tailrecurse._crit_edge, label %tailrecurse.preheader

tailrecurse.preheader:                            ; preds = %2
  %4 = add nsw i32 %0, -1
  %5 = mul i32 %4, %4
  %6 = zext i32 %4 to i33
  %7 = add nsw i32 %0, -2
  %8 = zext i32 %7 to i33
  %9 = mul i33 %6, %8
  %10 = lshr i33 %9, 1
  %11 = trunc i33 %10 to i32
  %12 = add i32 %1, %0
  %13 = add i32 %12, %5
  %14 = sub i32 %13, %11
  br label %tailrecurse._crit_edge

tailrecurse._crit_edge:                           ; preds = %tailrecurse.preheader, %2
  %.tr7.lcssa = phi i32 [ %1, %2 ], [ %14, %tailrecurse.preheader ]
  ret i32 %.tr7.lcssa
}
*** IR Dump After InstCombinePass on sumTo ***
; Function Attrs: nofree nosync nounwind readnone uwtable
define dso_local i32 @sumTo(i32 noundef %0, i32 noundef %1) local_unnamed_addr #0 {
  %3 = icmp slt i32 %0, 1
  br i1 %3, label %tailrecurse._crit_edge, label %tailrecurse.preheader

tailrecurse.preheader:                            ; preds = %2
  %4 = add nsw i32 %0, -1
  %5 = mul i32 %4, %4
  %6 = zext i32 %4 to i33
  %7 = add nsw i32 %0, -2
  %8 = zext i32 %7 to i33
  %9 = mul i33 %6, %8
  %10 = lshr i33 %9, 1
  %11 = trunc i33 %10 to i32
  %12 = add i32 %1, %0
  %13 = add i32 %12, %5
  %14 = sub i32 %13, %11
  br label %tailrecurse._crit_edge

tailrecurse._crit_edge:                           ; preds = %tailrecurse.preheader, %2
  %.tr7.lcssa = phi i32 [ %1, %2 ], [ %14, %tailrecurse.preheader ]
  ret i32 %.tr7.lcssa
}
*** IR Dump Before CoroSplitPass on (sumTo) ***
; Function Attrs: nofree nosync nounwind readnone uwtable
define dso_local i32 @sumTo(i32 noundef %0, i32 noundef %1) local_unnamed_addr #0 {
  %3 = icmp slt i32 %0, 1
  br i1 %3, label %tailrecurse._crit_edge, label %tailrecurse.preheader

tailrecurse.preheader:                            ; preds = %2
  %4 = add nsw i32 %0, -1
  %5 = mul i32 %4, %4
  %6 = zext i32 %4 to i33
  %7 = add nsw i32 %0, -2
  %8 = zext i32 %7 to i33
  %9 = mul i33 %6, %8
  %10 = lshr i33 %9, 1
  %11 = trunc i33 %10 to i32
  %12 = add i32 %1, %0
  %13 = add i32 %12, %5
  %14 = sub i32 %13, %11
  br label %tailrecurse._crit_edge

tailrecurse._crit_edge:                           ; preds = %tailrecurse.preheader, %2
  %.tr7.lcssa = phi i32 [ %1, %2 ], [ %14, %tailrecurse.preheader ]
  ret i32 %.tr7.lcssa
}
*** IR Dump After CoroSplitPass on (sumTo) ***
; Function Attrs: nofree nosync nounwind readnone uwtable
define dso_local i32 @sumTo(i32 noundef %0, i32 noundef %1) local_unnamed_addr #0 {
  %3 = icmp slt i32 %0, 1
  br i1 %3, label %tailrecurse._crit_edge, label %tailrecurse.preheader

tailrecurse.preheader:                            ; preds = %2
  %4 = add nsw i32 %0, -1
  %5 = mul i32 %4, %4
  %6 = zext i32 %4 to i33
  %7 = add nsw i32 %0, -2
  %8 = zext i32 %7 to i33
  %9 = mul i33 %6, %8
  %10 = lshr i33 %9, 1
  %11 = trunc i33 %10 to i32
  %12 = add i32 %1, %0
  %13 = add i32 %12, %5
  %14 = sub i32 %13, %11
  br label %tailrecurse._crit_edge

tailrecurse._crit_edge:                           ; preds = %tailrecurse.preheader, %2
  %.tr7.lcssa = phi i32 [ %1, %2 ], [ %14, %tailrecurse.preheader ]
  ret i32 %.tr7.lcssa
}
*** IR Dump Before GlobalOptPass on [module] ***
; ModuleID = 'sumTo.in.ll'
source_filename = "sumTo.c"
target datalayout = "e-m:e-i8:8:32-i16:16:32-i64:64-i128:128-n32:64-S128"
target triple = "aarch64-unknown-linux-gnu"

; Function Attrs: nofree nosync nounwind readnone uwtable
define dso_local i32 @sumTo(i32 noundef %0, i32 noundef %1) local_unnamed_addr #0 {
  %3 = icmp slt i32 %0, 1
  br i1 %3, label %tailrecurse._crit_edge, label %tailrecurse.preheader

tailrecurse.preheader:                            ; preds = %2
  %4 = add nsw i32 %0, -1
  %5 = mul i32 %4, %4
  %6 = zext i32 %4 to i33
  %7 = add nsw i32 %0, -2
  %8 = zext i32 %7 to i33
  %9 = mul i33 %6, %8
  %10 = lshr i33 %9, 1
  %11 = trunc i33 %10 to i32
  %12 = add i32 %1, %0
  %13 = add i32 %12, %5
  %14 = sub i32 %13, %11
  br label %tailrecurse._crit_edge

tailrecurse._crit_edge:                           ; preds = %tailrecurse.preheader, %2
  %.tr7.lcssa = phi i32 [ %1, %2 ], [ %14, %tailrecurse.preheader ]
  ret i32 %.tr7.lcssa
}

attributes #0 = { nofree nosync nounwind readnone uwtable "frame-pointer"="non-leaf" "min-legal-vector-width"="0" "no-trapping-math"="true" "stack-protector-buffer-size"="8" "target-cpu"="generic" "target-features"="+neon,+outline-atomics,+v8a" }

!llvm.module.flags = !{!0, !1, !2, !3, !4, !5, !6, !7, !8}
!llvm.ident = !{!9}

!0 = !{i32 1, !"wchar_size", i32 4}
!1 = !{i32 1, !"branch-target-enforcement", i32 0}
!2 = !{i32 1, !"sign-return-address", i32 0}
!3 = !{i32 1, !"sign-return-address-all", i32 0}
!4 = !{i32 1, !"sign-return-address-with-bkey", i32 0}
!5 = !{i32 7, !"PIC Level", i32 2}
!6 = !{i32 7, !"PIE Level", i32 2}
!7 = !{i32 7, !"uwtable", i32 1}
!8 = !{i32 7, !"frame-pointer", i32 1}
!9 = !{!"Ubuntu clang version 14.0.0-1ubuntu1.1"}
*** IR Dump After GlobalOptPass on [module] ***
; ModuleID = 'sumTo.in.ll'
source_filename = "sumTo.c"
target datalayout = "e-m:e-i8:8:32-i16:16:32-i64:64-i128:128-n32:64-S128"
target triple = "aarch64-unknown-linux-gnu"

; Function Attrs: nofree nosync nounwind readnone uwtable
define dso_local i32 @sumTo(i32 noundef %0, i32 noundef %1) local_unnamed_addr #0 {
  %3 = icmp slt i32 %0, 1
  br i1 %3, label %tailrecurse._crit_edge, label %tailrecurse.preheader

tailrecurse.preheader:                            ; preds = %2
  %4 = add nsw i32 %0, -1
  %5 = mul i32 %4, %4
  %6 = zext i32 %4 to i33
  %7 = add nsw i32 %0, -2
  %8 = zext i32 %7 to i33
  %9 = mul i33 %6, %8
  %10 = lshr i33 %9, 1
  %11 = trunc i33 %10 to i32
  %12 = add i32 %1, %0
  %13 = add i32 %12, %5
  %14 = sub i32 %13, %11
  br label %tailrecurse._crit_edge

tailrecurse._crit_edge:                           ; preds = %tailrecurse.preheader, %2
  %.tr7.lcssa = phi i32 [ %1, %2 ], [ %14, %tailrecurse.preheader ]
  ret i32 %.tr7.lcssa
}

attributes #0 = { nofree nosync nounwind readnone uwtable "frame-pointer"="non-leaf" "min-legal-vector-width"="0" "no-trapping-math"="true" "stack-protector-buffer-size"="8" "target-cpu"="generic" "target-features"="+neon,+outline-atomics,+v8a" }

!llvm.module.flags = !{!0, !1, !2, !3, !4, !5, !6, !7, !8}
!llvm.ident = !{!9}

!0 = !{i32 1, !"wchar_size", i32 4}
!1 = !{i32 1, !"branch-target-enforcement", i32 0}
!2 = !{i32 1, !"sign-return-address", i32 0}
!3 = !{i32 1, !"sign-return-address-all", i32 0}
!4 = !{i32 1, !"sign-return-address-with-bkey", i32 0}
!5 = !{i32 7, !"PIC Level", i32 2}
!6 = !{i32 7, !"PIE Level", i32 2}
!7 = !{i32 7, !"uwtable", i32 1}
!8 = !{i32 7, !"frame-pointer", i32 1}
!9 = !{!"Ubuntu clang version 14.0.0-1ubuntu1.1"}
*** IR Dump Before GlobalDCEPass on [module] ***
; ModuleID = 'sumTo.in.ll'
source_filename = "sumTo.c"
target datalayout = "e-m:e-i8:8:32-i16:16:32-i64:64-i128:128-n32:64-S128"
target triple = "aarch64-unknown-linux-gnu"

; Function Attrs: nofree nosync nounwind readnone uwtable
define dso_local i32 @sumTo(i32 noundef %0, i32 noundef %1) local_unnamed_addr #0 {
  %3 = icmp slt i32 %0, 1
  br i1 %3, label %tailrecurse._crit_edge, label %tailrecurse.preheader

tailrecurse.preheader:                            ; preds = %2
  %4 = add nsw i32 %0, -1
  %5 = mul i32 %4, %4
  %6 = zext i32 %4 to i33
  %7 = add nsw i32 %0, -2
  %8 = zext i32 %7 to i33
  %9 = mul i33 %6, %8
  %10 = lshr i33 %9, 1
  %11 = trunc i33 %10 to i32
  %12 = add i32 %1, %0
  %13 = add i32 %12, %5
  %14 = sub i32 %13, %11
  br label %tailrecurse._crit_edge

tailrecurse._crit_edge:                           ; preds = %tailrecurse.preheader, %2
  %.tr7.lcssa = phi i32 [ %1, %2 ], [ %14, %tailrecurse.preheader ]
  ret i32 %.tr7.lcssa
}

attributes #0 = { nofree nosync nounwind readnone uwtable "frame-pointer"="non-leaf" "min-legal-vector-width"="0" "no-trapping-math"="true" "stack-protector-buffer-size"="8" "target-cpu"="generic" "target-features"="+neon,+outline-atomics,+v8a" }

!llvm.module.flags = !{!0, !1, !2, !3, !4, !5, !6, !7, !8}
!llvm.ident = !{!9}

!0 = !{i32 1, !"wchar_size", i32 4}
!1 = !{i32 1, !"branch-target-enforcement", i32 0}
!2 = !{i32 1, !"sign-return-address", i32 0}
!3 = !{i32 1, !"sign-return-address-all", i32 0}
!4 = !{i32 1, !"sign-return-address-with-bkey", i32 0}
!5 = !{i32 7, !"PIC Level", i32 2}
!6 = !{i32 7, !"PIE Level", i32 2}
!7 = !{i32 7, !"uwtable", i32 1}
!8 = !{i32 7, !"frame-pointer", i32 1}
!9 = !{!"Ubuntu clang version 14.0.0-1ubuntu1.1"}
*** IR Dump After GlobalDCEPass on [module] ***
; ModuleID = 'sumTo.in.ll'
source_filename = "sumTo.c"
target datalayout = "e-m:e-i8:8:32-i16:16:32-i64:64-i128:128-n32:64-S128"
target triple = "aarch64-unknown-linux-gnu"

; Function Attrs: nofree nosync nounwind readnone uwtable
define dso_local i32 @sumTo(i32 noundef %0, i32 noundef %1) local_unnamed_addr #0 {
  %3 = icmp slt i32 %0, 1
  br i1 %3, label %tailrecurse._crit_edge, label %tailrecurse.preheader

tailrecurse.preheader:                            ; preds = %2
  %4 = add nsw i32 %0, -1
  %5 = mul i32 %4, %4
  %6 = zext i32 %4 to i33
  %7 = add nsw i32 %0, -2
  %8 = zext i32 %7 to i33
  %9 = mul i33 %6, %8
  %10 = lshr i33 %9, 1
  %11 = trunc i33 %10 to i32
  %12 = add i32 %1, %0
  %13 = add i32 %12, %5
  %14 = sub i32 %13, %11
  br label %tailrecurse._crit_edge

tailrecurse._crit_edge:                           ; preds = %tailrecurse.preheader, %2
  %.tr7.lcssa = phi i32 [ %1, %2 ], [ %14, %tailrecurse.preheader ]
  ret i32 %.tr7.lcssa
}

attributes #0 = { nofree nosync nounwind readnone uwtable "frame-pointer"="non-leaf" "min-legal-vector-width"="0" "no-trapping-math"="true" "stack-protector-buffer-size"="8" "target-cpu"="generic" "target-features"="+neon,+outline-atomics,+v8a" }

!llvm.module.flags = !{!0, !1, !2, !3, !4, !5, !6, !7, !8}
!llvm.ident = !{!9}

!0 = !{i32 1, !"wchar_size", i32 4}
!1 = !{i32 1, !"branch-target-enforcement", i32 0}
!2 = !{i32 1, !"sign-return-address", i32 0}
!3 = !{i32 1, !"sign-return-address-all", i32 0}
!4 = !{i32 1, !"sign-return-address-with-bkey", i32 0}
!5 = !{i32 7, !"PIC Level", i32 2}
!6 = !{i32 7, !"PIE Level", i32 2}
!7 = !{i32 7, !"uwtable", i32 1}
!8 = !{i32 7, !"frame-pointer", i32 1}
!9 = !{!"Ubuntu clang version 14.0.0-1ubuntu1.1"}
*** IR Dump Before EliminateAvailableExternallyPass on [module] ***
; ModuleID = 'sumTo.in.ll'
source_filename = "sumTo.c"
target datalayout = "e-m:e-i8:8:32-i16:16:32-i64:64-i128:128-n32:64-S128"
target triple = "aarch64-unknown-linux-gnu"

; Function Attrs: nofree nosync nounwind readnone uwtable
define dso_local i32 @sumTo(i32 noundef %0, i32 noundef %1) local_unnamed_addr #0 {
  %3 = icmp slt i32 %0, 1
  br i1 %3, label %tailrecurse._crit_edge, label %tailrecurse.preheader

tailrecurse.preheader:                            ; preds = %2
  %4 = add nsw i32 %0, -1
  %5 = mul i32 %4, %4
  %6 = zext i32 %4 to i33
  %7 = add nsw i32 %0, -2
  %8 = zext i32 %7 to i33
  %9 = mul i33 %6, %8
  %10 = lshr i33 %9, 1
  %11 = trunc i33 %10 to i32
  %12 = add i32 %1, %0
  %13 = add i32 %12, %5
  %14 = sub i32 %13, %11
  br label %tailrecurse._crit_edge

tailrecurse._crit_edge:                           ; preds = %tailrecurse.preheader, %2
  %.tr7.lcssa = phi i32 [ %1, %2 ], [ %14, %tailrecurse.preheader ]
  ret i32 %.tr7.lcssa
}

attributes #0 = { nofree nosync nounwind readnone uwtable "frame-pointer"="non-leaf" "min-legal-vector-width"="0" "no-trapping-math"="true" "stack-protector-buffer-size"="8" "target-cpu"="generic" "target-features"="+neon,+outline-atomics,+v8a" }

!llvm.module.flags = !{!0, !1, !2, !3, !4, !5, !6, !7, !8}
!llvm.ident = !{!9}

!0 = !{i32 1, !"wchar_size", i32 4}
!1 = !{i32 1, !"branch-target-enforcement", i32 0}
!2 = !{i32 1, !"sign-return-address", i32 0}
!3 = !{i32 1, !"sign-return-address-all", i32 0}
!4 = !{i32 1, !"sign-return-address-with-bkey", i32 0}
!5 = !{i32 7, !"PIC Level", i32 2}
!6 = !{i32 7, !"PIE Level", i32 2}
!7 = !{i32 7, !"uwtable", i32 1}
!8 = !{i32 7, !"frame-pointer", i32 1}
!9 = !{!"Ubuntu clang version 14.0.0-1ubuntu1.1"}
*** IR Dump After EliminateAvailableExternallyPass on [module] ***
; ModuleID = 'sumTo.in.ll'
source_filename = "sumTo.c"
target datalayout = "e-m:e-i8:8:32-i16:16:32-i64:64-i128:128-n32:64-S128"
target triple = "aarch64-unknown-linux-gnu"

; Function Attrs: nofree nosync nounwind readnone uwtable
define dso_local i32 @sumTo(i32 noundef %0, i32 noundef %1) local_unnamed_addr #0 {
  %3 = icmp slt i32 %0, 1
  br i1 %3, label %tailrecurse._crit_edge, label %tailrecurse.preheader

tailrecurse.preheader:                            ; preds = %2
  %4 = add nsw i32 %0, -1
  %5 = mul i32 %4, %4
  %6 = zext i32 %4 to i33
  %7 = add nsw i32 %0, -2
  %8 = zext i32 %7 to i33
  %9 = mul i33 %6, %8
  %10 = lshr i33 %9, 1
  %11 = trunc i33 %10 to i32
  %12 = add i32 %1, %0
  %13 = add i32 %12, %5
  %14 = sub i32 %13, %11
  br label %tailrecurse._crit_edge

tailrecurse._crit_edge:                           ; preds = %tailrecurse.preheader, %2
  %.tr7.lcssa = phi i32 [ %1, %2 ], [ %14, %tailrecurse.preheader ]
  ret i32 %.tr7.lcssa
}

attributes #0 = { nofree nosync nounwind readnone uwtable "frame-pointer"="non-leaf" "min-legal-vector-width"="0" "no-trapping-math"="true" "stack-protector-buffer-size"="8" "target-cpu"="generic" "target-features"="+neon,+outline-atomics,+v8a" }

!llvm.module.flags = !{!0, !1, !2, !3, !4, !5, !6, !7, !8}
!llvm.ident = !{!9}

!0 = !{i32 1, !"wchar_size", i32 4}
!1 = !{i32 1, !"branch-target-enforcement", i32 0}
!2 = !{i32 1, !"sign-return-address", i32 0}
!3 = !{i32 1, !"sign-return-address-all", i32 0}
!4 = !{i32 1, !"sign-return-address-with-bkey", i32 0}
!5 = !{i32 7, !"PIC Level", i32 2}
!6 = !{i32 7, !"PIE Level", i32 2}
!7 = !{i32 7, !"uwtable", i32 1}
!8 = !{i32 7, !"frame-pointer", i32 1}
!9 = !{!"Ubuntu clang version 14.0.0-1ubuntu1.1"}
*** IR Dump Before ReversePostOrderFunctionAttrsPass on [module] ***
; ModuleID = 'sumTo.in.ll'
source_filename = "sumTo.c"
target datalayout = "e-m:e-i8:8:32-i16:16:32-i64:64-i128:128-n32:64-S128"
target triple = "aarch64-unknown-linux-gnu"

; Function Attrs: nofree nosync nounwind readnone uwtable
define dso_local i32 @sumTo(i32 noundef %0, i32 noundef %1) local_unnamed_addr #0 {
  %3 = icmp slt i32 %0, 1
  br i1 %3, label %tailrecurse._crit_edge, label %tailrecurse.preheader

tailrecurse.preheader:                            ; preds = %2
  %4 = add nsw i32 %0, -1
  %5 = mul i32 %4, %4
  %6 = zext i32 %4 to i33
  %7 = add nsw i32 %0, -2
  %8 = zext i32 %7 to i33
  %9 = mul i33 %6, %8
  %10 = lshr i33 %9, 1
  %11 = trunc i33 %10 to i32
  %12 = add i32 %1, %0
  %13 = add i32 %12, %5
  %14 = sub i32 %13, %11
  br label %tailrecurse._crit_edge

tailrecurse._crit_edge:                           ; preds = %tailrecurse.preheader, %2
  %.tr7.lcssa = phi i32 [ %1, %2 ], [ %14, %tailrecurse.preheader ]
  ret i32 %.tr7.lcssa
}

attributes #0 = { nofree nosync nounwind readnone uwtable "frame-pointer"="non-leaf" "min-legal-vector-width"="0" "no-trapping-math"="true" "stack-protector-buffer-size"="8" "target-cpu"="generic" "target-features"="+neon,+outline-atomics,+v8a" }

!llvm.module.flags = !{!0, !1, !2, !3, !4, !5, !6, !7, !8}
!llvm.ident = !{!9}

!0 = !{i32 1, !"wchar_size", i32 4}
!1 = !{i32 1, !"branch-target-enforcement", i32 0}
!2 = !{i32 1, !"sign-return-address", i32 0}
!3 = !{i32 1, !"sign-return-address-all", i32 0}
!4 = !{i32 1, !"sign-return-address-with-bkey", i32 0}
!5 = !{i32 7, !"PIC Level", i32 2}
!6 = !{i32 7, !"PIE Level", i32 2}
!7 = !{i32 7, !"uwtable", i32 1}
!8 = !{i32 7, !"frame-pointer", i32 1}
!9 = !{!"Ubuntu clang version 14.0.0-1ubuntu1.1"}
*** IR Dump After ReversePostOrderFunctionAttrsPass on [module] ***
; ModuleID = 'sumTo.in.ll'
source_filename = "sumTo.c"
target datalayout = "e-m:e-i8:8:32-i16:16:32-i64:64-i128:128-n32:64-S128"
target triple = "aarch64-unknown-linux-gnu"

; Function Attrs: nofree nosync nounwind readnone uwtable
define dso_local i32 @sumTo(i32 noundef %0, i32 noundef %1) local_unnamed_addr #0 {
  %3 = icmp slt i32 %0, 1
  br i1 %3, label %tailrecurse._crit_edge, label %tailrecurse.preheader

tailrecurse.preheader:                            ; preds = %2
  %4 = add nsw i32 %0, -1
  %5 = mul i32 %4, %4
  %6 = zext i32 %4 to i33
  %7 = add nsw i32 %0, -2
  %8 = zext i32 %7 to i33
  %9 = mul i33 %6, %8
  %10 = lshr i33 %9, 1
  %11 = trunc i33 %10 to i32
  %12 = add i32 %1, %0
  %13 = add i32 %12, %5
  %14 = sub i32 %13, %11
  br label %tailrecurse._crit_edge

tailrecurse._crit_edge:                           ; preds = %tailrecurse.preheader, %2
  %.tr7.lcssa = phi i32 [ %1, %2 ], [ %14, %tailrecurse.preheader ]
  ret i32 %.tr7.lcssa
}

attributes #0 = { nofree nosync nounwind readnone uwtable "frame-pointer"="non-leaf" "min-legal-vector-width"="0" "no-trapping-math"="true" "stack-protector-buffer-size"="8" "target-cpu"="generic" "target-features"="+neon,+outline-atomics,+v8a" }

!llvm.module.flags = !{!0, !1, !2, !3, !4, !5, !6, !7, !8}
!llvm.ident = !{!9}

!0 = !{i32 1, !"wchar_size", i32 4}
!1 = !{i32 1, !"branch-target-enforcement", i32 0}
!2 = !{i32 1, !"sign-return-address", i32 0}
!3 = !{i32 1, !"sign-return-address-all", i32 0}
!4 = !{i32 1, !"sign-return-address-with-bkey", i32 0}
!5 = !{i32 7, !"PIC Level", i32 2}
!6 = !{i32 7, !"PIE Level", i32 2}
!7 = !{i32 7, !"uwtable", i32 1}
!8 = !{i32 7, !"frame-pointer", i32 1}
!9 = !{!"Ubuntu clang version 14.0.0-1ubuntu1.1"}
*** IR Dump Before RequireAnalysisPass<llvm::GlobalsAA, llvm::Module> on [module] ***
; ModuleID = 'sumTo.in.ll'
source_filename = "sumTo.c"
target datalayout = "e-m:e-i8:8:32-i16:16:32-i64:64-i128:128-n32:64-S128"
target triple = "aarch64-unknown-linux-gnu"

; Function Attrs: nofree nosync nounwind readnone uwtable
define dso_local i32 @sumTo(i32 noundef %0, i32 noundef %1) local_unnamed_addr #0 {
  %3 = icmp slt i32 %0, 1
  br i1 %3, label %tailrecurse._crit_edge, label %tailrecurse.preheader

tailrecurse.preheader:                            ; preds = %2
  %4 = add nsw i32 %0, -1
  %5 = mul i32 %4, %4
  %6 = zext i32 %4 to i33
  %7 = add nsw i32 %0, -2
  %8 = zext i32 %7 to i33
  %9 = mul i33 %6, %8
  %10 = lshr i33 %9, 1
  %11 = trunc i33 %10 to i32
  %12 = add i32 %1, %0
  %13 = add i32 %12, %5
  %14 = sub i32 %13, %11
  br label %tailrecurse._crit_edge

tailrecurse._crit_edge:                           ; preds = %tailrecurse.preheader, %2
  %.tr7.lcssa = phi i32 [ %1, %2 ], [ %14, %tailrecurse.preheader ]
  ret i32 %.tr7.lcssa
}

attributes #0 = { nofree nosync nounwind readnone uwtable "frame-pointer"="non-leaf" "min-legal-vector-width"="0" "no-trapping-math"="true" "stack-protector-buffer-size"="8" "target-cpu"="generic" "target-features"="+neon,+outline-atomics,+v8a" }

!llvm.module.flags = !{!0, !1, !2, !3, !4, !5, !6, !7, !8}
!llvm.ident = !{!9}

!0 = !{i32 1, !"wchar_size", i32 4}
!1 = !{i32 1, !"branch-target-enforcement", i32 0}
!2 = !{i32 1, !"sign-return-address", i32 0}
!3 = !{i32 1, !"sign-return-address-all", i32 0}
!4 = !{i32 1, !"sign-return-address-with-bkey", i32 0}
!5 = !{i32 7, !"PIC Level", i32 2}
!6 = !{i32 7, !"PIE Level", i32 2}
!7 = !{i32 7, !"uwtable", i32 1}
!8 = !{i32 7, !"frame-pointer", i32 1}
!9 = !{!"Ubuntu clang version 14.0.0-1ubuntu1.1"}
*** IR Dump After RequireAnalysisPass<llvm::GlobalsAA, llvm::Module> on [module] ***
; ModuleID = 'sumTo.in.ll'
source_filename = "sumTo.c"
target datalayout = "e-m:e-i8:8:32-i16:16:32-i64:64-i128:128-n32:64-S128"
target triple = "aarch64-unknown-linux-gnu"

; Function Attrs: nofree nosync nounwind readnone uwtable
define dso_local i32 @sumTo(i32 noundef %0, i32 noundef %1) local_unnamed_addr #0 {
  %3 = icmp slt i32 %0, 1
  br i1 %3, label %tailrecurse._crit_edge, label %tailrecurse.preheader

tailrecurse.preheader:                            ; preds = %2
  %4 = add nsw i32 %0, -1
  %5 = mul i32 %4, %4
  %6 = zext i32 %4 to i33
  %7 = add nsw i32 %0, -2
  %8 = zext i32 %7 to i33
  %9 = mul i33 %6, %8
  %10 = lshr i33 %9, 1
  %11 = trunc i33 %10 to i32
  %12 = add i32 %1, %0
  %13 = add i32 %12, %5
  %14 = sub i32 %13, %11
  br label %tailrecurse._crit_edge

tailrecurse._crit_edge:                           ; preds = %tailrecurse.preheader, %2
  %.tr7.lcssa = phi i32 [ %1, %2 ], [ %14, %tailrecurse.preheader ]
  ret i32 %.tr7.lcssa
}

attributes #0 = { nofree nosync nounwind readnone uwtable "frame-pointer"="non-leaf" "min-legal-vector-width"="0" "no-trapping-math"="true" "stack-protector-buffer-size"="8" "target-cpu"="generic" "target-features"="+neon,+outline-atomics,+v8a" }

!llvm.module.flags = !{!0, !1, !2, !3, !4, !5, !6, !7, !8}
!llvm.ident = !{!9}

!0 = !{i32 1, !"wchar_size", i32 4}
!1 = !{i32 1, !"branch-target-enforcement", i32 0}
!2 = !{i32 1, !"sign-return-address", i32 0}
!3 = !{i32 1, !"sign-return-address-all", i32 0}
!4 = !{i32 1, !"sign-return-address-with-bkey", i32 0}
!5 = !{i32 7, !"PIC Level", i32 2}
!6 = !{i32 7, !"PIE Level", i32 2}
!7 = !{i32 7, !"uwtable", i32 1}
!8 = !{i32 7, !"frame-pointer", i32 1}
!9 = !{!"Ubuntu clang version 14.0.0-1ubuntu1.1"}
*** IR Dump Before Float2IntPass on sumTo ***
; Function Attrs: nofree nosync nounwind readnone uwtable
define dso_local i32 @sumTo(i32 noundef %0, i32 noundef %1) local_unnamed_addr #0 {
  %3 = icmp slt i32 %0, 1
  br i1 %3, label %tailrecurse._crit_edge, label %tailrecurse.preheader

tailrecurse.preheader:                            ; preds = %2
  %4 = add nsw i32 %0, -1
  %5 = mul i32 %4, %4
  %6 = zext i32 %4 to i33
  %7 = add nsw i32 %0, -2
  %8 = zext i32 %7 to i33
  %9 = mul i33 %6, %8
  %10 = lshr i33 %9, 1
  %11 = trunc i33 %10 to i32
  %12 = add i32 %1, %0
  %13 = add i32 %12, %5
  %14 = sub i32 %13, %11
  br label %tailrecurse._crit_edge

tailrecurse._crit_edge:                           ; preds = %tailrecurse.preheader, %2
  %.tr7.lcssa = phi i32 [ %1, %2 ], [ %14, %tailrecurse.preheader ]
  ret i32 %.tr7.lcssa
}
*** IR Dump After Float2IntPass on sumTo ***
; Function Attrs: nofree nosync nounwind readnone uwtable
define dso_local i32 @sumTo(i32 noundef %0, i32 noundef %1) local_unnamed_addr #0 {
  %3 = icmp slt i32 %0, 1
  br i1 %3, label %tailrecurse._crit_edge, label %tailrecurse.preheader

tailrecurse.preheader:                            ; preds = %2
  %4 = add nsw i32 %0, -1
  %5 = mul i32 %4, %4
  %6 = zext i32 %4 to i33
  %7 = add nsw i32 %0, -2
  %8 = zext i32 %7 to i33
  %9 = mul i33 %6, %8
  %10 = lshr i33 %9, 1
  %11 = trunc i33 %10 to i32
  %12 = add i32 %1, %0
  %13 = add i32 %12, %5
  %14 = sub i32 %13, %11
  br label %tailrecurse._crit_edge

tailrecurse._crit_edge:                           ; preds = %tailrecurse.preheader, %2
  %.tr7.lcssa = phi i32 [ %1, %2 ], [ %14, %tailrecurse.preheader ]
  ret i32 %.tr7.lcssa
}
*** IR Dump Before LowerConstantIntrinsicsPass on sumTo ***
; Function Attrs: nofree nosync nounwind readnone uwtable
define dso_local i32 @sumTo(i32 noundef %0, i32 noundef %1) local_unnamed_addr #0 {
  %3 = icmp slt i32 %0, 1
  br i1 %3, label %tailrecurse._crit_edge, label %tailrecurse.preheader

tailrecurse.preheader:                            ; preds = %2
  %4 = add nsw i32 %0, -1
  %5 = mul i32 %4, %4
  %6 = zext i32 %4 to i33
  %7 = add nsw i32 %0, -2
  %8 = zext i32 %7 to i33
  %9 = mul i33 %6, %8
  %10 = lshr i33 %9, 1
  %11 = trunc i33 %10 to i32
  %12 = add i32 %1, %0
  %13 = add i32 %12, %5
  %14 = sub i32 %13, %11
  br label %tailrecurse._crit_edge

tailrecurse._crit_edge:                           ; preds = %tailrecurse.preheader, %2
  %.tr7.lcssa = phi i32 [ %1, %2 ], [ %14, %tailrecurse.preheader ]
  ret i32 %.tr7.lcssa
}
*** IR Dump After LowerConstantIntrinsicsPass on sumTo ***
; Function Attrs: nofree nosync nounwind readnone uwtable
define dso_local i32 @sumTo(i32 noundef %0, i32 noundef %1) local_unnamed_addr #0 {
  %3 = icmp slt i32 %0, 1
  br i1 %3, label %tailrecurse._crit_edge, label %tailrecurse.preheader

tailrecurse.preheader:                            ; preds = %2
  %4 = add nsw i32 %0, -1
  %5 = mul i32 %4, %4
  %6 = zext i32 %4 to i33
  %7 = add nsw i32 %0, -2
  %8 = zext i32 %7 to i33
  %9 = mul i33 %6, %8
  %10 = lshr i33 %9, 1
  %11 = trunc i33 %10 to i32
  %12 = add i32 %1, %0
  %13 = add i32 %12, %5
  %14 = sub i32 %13, %11
  br label %tailrecurse._crit_edge

tailrecurse._crit_edge:                           ; preds = %tailrecurse.preheader, %2
  %.tr7.lcssa = phi i32 [ %1, %2 ], [ %14, %tailrecurse.preheader ]
  ret i32 %.tr7.lcssa
}
*** IR Dump Before LoopSimplifyPass on sumTo ***
; Function Attrs: nofree nosync nounwind readnone uwtable
define dso_local i32 @sumTo(i32 noundef %0, i32 noundef %1) local_unnamed_addr #0 {
  %3 = icmp slt i32 %0, 1
  br i1 %3, label %tailrecurse._crit_edge, label %tailrecurse.preheader

tailrecurse.preheader:                            ; preds = %2
  %4 = add nsw i32 %0, -1
  %5 = mul i32 %4, %4
  %6 = zext i32 %4 to i33
  %7 = add nsw i32 %0, -2
  %8 = zext i32 %7 to i33
  %9 = mul i33 %6, %8
  %10 = lshr i33 %9, 1
  %11 = trunc i33 %10 to i32
  %12 = add i32 %1, %0
  %13 = add i32 %12, %5
  %14 = sub i32 %13, %11
  br label %tailrecurse._crit_edge

tailrecurse._crit_edge:                           ; preds = %tailrecurse.preheader, %2
  %.tr7.lcssa = phi i32 [ %1, %2 ], [ %14, %tailrecurse.preheader ]
  ret i32 %.tr7.lcssa
}
*** IR Dump After LoopSimplifyPass on sumTo ***
; Function Attrs: nofree nosync nounwind readnone uwtable
define dso_local i32 @sumTo(i32 noundef %0, i32 noundef %1) local_unnamed_addr #0 {
  %3 = icmp slt i32 %0, 1
  br i1 %3, label %tailrecurse._crit_edge, label %tailrecurse.preheader

tailrecurse.preheader:                            ; preds = %2
  %4 = add nsw i32 %0, -1
  %5 = mul i32 %4, %4
  %6 = zext i32 %4 to i33
  %7 = add nsw i32 %0, -2
  %8 = zext i32 %7 to i33
  %9 = mul i33 %6, %8
  %10 = lshr i33 %9, 1
  %11 = trunc i33 %10 to i32
  %12 = add i32 %1, %0
  %13 = add i32 %12, %5
  %14 = sub i32 %13, %11
  br label %tailrecurse._crit_edge

tailrecurse._crit_edge:                           ; preds = %tailrecurse.preheader, %2
  %.tr7.lcssa = phi i32 [ %1, %2 ], [ %14, %tailrecurse.preheader ]
  ret i32 %.tr7.lcssa
}
*** IR Dump Before LCSSAPass on sumTo ***
; Function Attrs: nofree nosync nounwind readnone uwtable
define dso_local i32 @sumTo(i32 noundef %0, i32 noundef %1) local_unnamed_addr #0 {
  %3 = icmp slt i32 %0, 1
  br i1 %3, label %tailrecurse._crit_edge, label %tailrecurse.preheader

tailrecurse.preheader:                            ; preds = %2
  %4 = add nsw i32 %0, -1
  %5 = mul i32 %4, %4
  %6 = zext i32 %4 to i33
  %7 = add nsw i32 %0, -2
  %8 = zext i32 %7 to i33
  %9 = mul i33 %6, %8
  %10 = lshr i33 %9, 1
  %11 = trunc i33 %10 to i32
  %12 = add i32 %1, %0
  %13 = add i32 %12, %5
  %14 = sub i32 %13, %11
  br label %tailrecurse._crit_edge

tailrecurse._crit_edge:                           ; preds = %tailrecurse.preheader, %2
  %.tr7.lcssa = phi i32 [ %1, %2 ], [ %14, %tailrecurse.preheader ]
  ret i32 %.tr7.lcssa
}
*** IR Dump After LCSSAPass on sumTo ***
; Function Attrs: nofree nosync nounwind readnone uwtable
define dso_local i32 @sumTo(i32 noundef %0, i32 noundef %1) local_unnamed_addr #0 {
  %3 = icmp slt i32 %0, 1
  br i1 %3, label %tailrecurse._crit_edge, label %tailrecurse.preheader

tailrecurse.preheader:                            ; preds = %2
  %4 = add nsw i32 %0, -1
  %5 = mul i32 %4, %4
  %6 = zext i32 %4 to i33
  %7 = add nsw i32 %0, -2
  %8 = zext i32 %7 to i33
  %9 = mul i33 %6, %8
  %10 = lshr i33 %9, 1
  %11 = trunc i33 %10 to i32
  %12 = add i32 %1, %0
  %13 = add i32 %12, %5
  %14 = sub i32 %13, %11
  br label %tailrecurse._crit_edge

tailrecurse._crit_edge:                           ; preds = %tailrecurse.preheader, %2
  %.tr7.lcssa = phi i32 [ %1, %2 ], [ %14, %tailrecurse.preheader ]
  ret i32 %.tr7.lcssa
}
*** IR Dump Before LoopDistributePass on sumTo ***
; Function Attrs: nofree nosync nounwind readnone uwtable
define dso_local i32 @sumTo(i32 noundef %0, i32 noundef %1) local_unnamed_addr #0 {
  %3 = icmp slt i32 %0, 1
  br i1 %3, label %tailrecurse._crit_edge, label %tailrecurse.preheader

tailrecurse.preheader:                            ; preds = %2
  %4 = add nsw i32 %0, -1
  %5 = mul i32 %4, %4
  %6 = zext i32 %4 to i33
  %7 = add nsw i32 %0, -2
  %8 = zext i32 %7 to i33
  %9 = mul i33 %6, %8
  %10 = lshr i33 %9, 1
  %11 = trunc i33 %10 to i32
  %12 = add i32 %1, %0
  %13 = add i32 %12, %5
  %14 = sub i32 %13, %11
  br label %tailrecurse._crit_edge

tailrecurse._crit_edge:                           ; preds = %tailrecurse.preheader, %2
  %.tr7.lcssa = phi i32 [ %1, %2 ], [ %14, %tailrecurse.preheader ]
  ret i32 %.tr7.lcssa
}
*** IR Dump After LoopDistributePass on sumTo ***
; Function Attrs: nofree nosync nounwind readnone uwtable
define dso_local i32 @sumTo(i32 noundef %0, i32 noundef %1) local_unnamed_addr #0 {
  %3 = icmp slt i32 %0, 1
  br i1 %3, label %tailrecurse._crit_edge, label %tailrecurse.preheader

tailrecurse.preheader:                            ; preds = %2
  %4 = add nsw i32 %0, -1
  %5 = mul i32 %4, %4
  %6 = zext i32 %4 to i33
  %7 = add nsw i32 %0, -2
  %8 = zext i32 %7 to i33
  %9 = mul i33 %6, %8
  %10 = lshr i33 %9, 1
  %11 = trunc i33 %10 to i32
  %12 = add i32 %1, %0
  %13 = add i32 %12, %5
  %14 = sub i32 %13, %11
  br label %tailrecurse._crit_edge

tailrecurse._crit_edge:                           ; preds = %tailrecurse.preheader, %2
  %.tr7.lcssa = phi i32 [ %1, %2 ], [ %14, %tailrecurse.preheader ]
  ret i32 %.tr7.lcssa
}
*** IR Dump Before InjectTLIMappings on sumTo ***
; Function Attrs: nofree nosync nounwind readnone uwtable
define dso_local i32 @sumTo(i32 noundef %0, i32 noundef %1) local_unnamed_addr #0 {
  %3 = icmp slt i32 %0, 1
  br i1 %3, label %tailrecurse._crit_edge, label %tailrecurse.preheader

tailrecurse.preheader:                            ; preds = %2
  %4 = add nsw i32 %0, -1
  %5 = mul i32 %4, %4
  %6 = zext i32 %4 to i33
  %7 = add nsw i32 %0, -2
  %8 = zext i32 %7 to i33
  %9 = mul i33 %6, %8
  %10 = lshr i33 %9, 1
  %11 = trunc i33 %10 to i32
  %12 = add i32 %1, %0
  %13 = add i32 %12, %5
  %14 = sub i32 %13, %11
  br label %tailrecurse._crit_edge

tailrecurse._crit_edge:                           ; preds = %tailrecurse.preheader, %2
  %.tr7.lcssa = phi i32 [ %1, %2 ], [ %14, %tailrecurse.preheader ]
  ret i32 %.tr7.lcssa
}
*** IR Dump After InjectTLIMappings on sumTo ***
; Function Attrs: nofree nosync nounwind readnone uwtable
define dso_local i32 @sumTo(i32 noundef %0, i32 noundef %1) local_unnamed_addr #0 {
  %3 = icmp slt i32 %0, 1
  br i1 %3, label %tailrecurse._crit_edge, label %tailrecurse.preheader

tailrecurse.preheader:                            ; preds = %2
  %4 = add nsw i32 %0, -1
  %5 = mul i32 %4, %4
  %6 = zext i32 %4 to i33
  %7 = add nsw i32 %0, -2
  %8 = zext i32 %7 to i33
  %9 = mul i33 %6, %8
  %10 = lshr i33 %9, 1
  %11 = trunc i33 %10 to i32
  %12 = add i32 %1, %0
  %13 = add i32 %12, %5
  %14 = sub i32 %13, %11
  br label %tailrecurse._crit_edge

tailrecurse._crit_edge:                           ; preds = %tailrecurse.preheader, %2
  %.tr7.lcssa = phi i32 [ %1, %2 ], [ %14, %tailrecurse.preheader ]
  ret i32 %.tr7.lcssa
}
*** IR Dump Before LoopVectorizePass on sumTo ***
; Function Attrs: nofree nosync nounwind readnone uwtable
define dso_local i32 @sumTo(i32 noundef %0, i32 noundef %1) local_unnamed_addr #0 {
  %3 = icmp slt i32 %0, 1
  br i1 %3, label %tailrecurse._crit_edge, label %tailrecurse.preheader

tailrecurse.preheader:                            ; preds = %2
  %4 = add nsw i32 %0, -1
  %5 = mul i32 %4, %4
  %6 = zext i32 %4 to i33
  %7 = add nsw i32 %0, -2
  %8 = zext i32 %7 to i33
  %9 = mul i33 %6, %8
  %10 = lshr i33 %9, 1
  %11 = trunc i33 %10 to i32
  %12 = add i32 %1, %0
  %13 = add i32 %12, %5
  %14 = sub i32 %13, %11
  br label %tailrecurse._crit_edge

tailrecurse._crit_edge:                           ; preds = %tailrecurse.preheader, %2
  %.tr7.lcssa = phi i32 [ %1, %2 ], [ %14, %tailrecurse.preheader ]
  ret i32 %.tr7.lcssa
}
*** IR Dump After LoopVectorizePass on sumTo ***
; Function Attrs: nofree nosync nounwind readnone uwtable
define dso_local i32 @sumTo(i32 noundef %0, i32 noundef %1) local_unnamed_addr #0 {
  %3 = icmp slt i32 %0, 1
  br i1 %3, label %tailrecurse._crit_edge, label %tailrecurse.preheader

tailrecurse.preheader:                            ; preds = %2
  %4 = add nsw i32 %0, -1
  %5 = mul i32 %4, %4
  %6 = zext i32 %4 to i33
  %7 = add nsw i32 %0, -2
  %8 = zext i32 %7 to i33
  %9 = mul i33 %6, %8
  %10 = lshr i33 %9, 1
  %11 = trunc i33 %10 to i32
  %12 = add i32 %1, %0
  %13 = add i32 %12, %5
  %14 = sub i32 %13, %11
  br label %tailrecurse._crit_edge

tailrecurse._crit_edge:                           ; preds = %tailrecurse.preheader, %2
  %.tr7.lcssa = phi i32 [ %1, %2 ], [ %14, %tailrecurse.preheader ]
  ret i32 %.tr7.lcssa
}
*** IR Dump Before LoopLoadEliminationPass on sumTo ***
; Function Attrs: nofree nosync nounwind readnone uwtable
define dso_local i32 @sumTo(i32 noundef %0, i32 noundef %1) local_unnamed_addr #0 {
  %3 = icmp slt i32 %0, 1
  br i1 %3, label %tailrecurse._crit_edge, label %tailrecurse.preheader

tailrecurse.preheader:                            ; preds = %2
  %4 = add nsw i32 %0, -1
  %5 = mul i32 %4, %4
  %6 = zext i32 %4 to i33
  %7 = add nsw i32 %0, -2
  %8 = zext i32 %7 to i33
  %9 = mul i33 %6, %8
  %10 = lshr i33 %9, 1
  %11 = trunc i33 %10 to i32
  %12 = add i32 %1, %0
  %13 = add i32 %12, %5
  %14 = sub i32 %13, %11
  br label %tailrecurse._crit_edge

tailrecurse._crit_edge:                           ; preds = %tailrecurse.preheader, %2
  %.tr7.lcssa = phi i32 [ %1, %2 ], [ %14, %tailrecurse.preheader ]
  ret i32 %.tr7.lcssa
}
*** IR Dump After LoopLoadEliminationPass on sumTo ***
; Function Attrs: nofree nosync nounwind readnone uwtable
define dso_local i32 @sumTo(i32 noundef %0, i32 noundef %1) local_unnamed_addr #0 {
  %3 = icmp slt i32 %0, 1
  br i1 %3, label %tailrecurse._crit_edge, label %tailrecurse.preheader

tailrecurse.preheader:                            ; preds = %2
  %4 = add nsw i32 %0, -1
  %5 = mul i32 %4, %4
  %6 = zext i32 %4 to i33
  %7 = add nsw i32 %0, -2
  %8 = zext i32 %7 to i33
  %9 = mul i33 %6, %8
  %10 = lshr i33 %9, 1
  %11 = trunc i33 %10 to i32
  %12 = add i32 %1, %0
  %13 = add i32 %12, %5
  %14 = sub i32 %13, %11
  br label %tailrecurse._crit_edge

tailrecurse._crit_edge:                           ; preds = %tailrecurse.preheader, %2
  %.tr7.lcssa = phi i32 [ %1, %2 ], [ %14, %tailrecurse.preheader ]
  ret i32 %.tr7.lcssa
}
*** IR Dump Before InstCombinePass on sumTo ***
; Function Attrs: nofree nosync nounwind readnone uwtable
define dso_local i32 @sumTo(i32 noundef %0, i32 noundef %1) local_unnamed_addr #0 {
  %3 = icmp slt i32 %0, 1
  br i1 %3, label %tailrecurse._crit_edge, label %tailrecurse.preheader

tailrecurse.preheader:                            ; preds = %2
  %4 = add nsw i32 %0, -1
  %5 = mul i32 %4, %4
  %6 = zext i32 %4 to i33
  %7 = add nsw i32 %0, -2
  %8 = zext i32 %7 to i33
  %9 = mul i33 %6, %8
  %10 = lshr i33 %9, 1
  %11 = trunc i33 %10 to i32
  %12 = add i32 %1, %0
  %13 = add i32 %12, %5
  %14 = sub i32 %13, %11
  br label %tailrecurse._crit_edge

tailrecurse._crit_edge:                           ; preds = %tailrecurse.preheader, %2
  %.tr7.lcssa = phi i32 [ %1, %2 ], [ %14, %tailrecurse.preheader ]
  ret i32 %.tr7.lcssa
}
*** IR Dump After InstCombinePass on sumTo ***
; Function Attrs: nofree nosync nounwind readnone uwtable
define dso_local i32 @sumTo(i32 noundef %0, i32 noundef %1) local_unnamed_addr #0 {
  %3 = icmp slt i32 %0, 1
  br i1 %3, label %tailrecurse._crit_edge, label %tailrecurse.preheader

tailrecurse.preheader:                            ; preds = %2
  %4 = add nsw i32 %0, -1
  %5 = mul i32 %4, %4
  %6 = zext i32 %4 to i33
  %7 = add nsw i32 %0, -2
  %8 = zext i32 %7 to i33
  %9 = mul i33 %6, %8
  %10 = lshr i33 %9, 1
  %11 = trunc i33 %10 to i32
  %12 = add i32 %1, %0
  %13 = add i32 %12, %5
  %14 = sub i32 %13, %11
  br label %tailrecurse._crit_edge

tailrecurse._crit_edge:                           ; preds = %tailrecurse.preheader, %2
  %.tr7.lcssa = phi i32 [ %1, %2 ], [ %14, %tailrecurse.preheader ]
  ret i32 %.tr7.lcssa
}
*** IR Dump Before SimplifyCFGPass on sumTo ***
; Function Attrs: nofree nosync nounwind readnone uwtable
define dso_local i32 @sumTo(i32 noundef %0, i32 noundef %1) local_unnamed_addr #0 {
  %3 = icmp slt i32 %0, 1
  br i1 %3, label %tailrecurse._crit_edge, label %tailrecurse.preheader

tailrecurse.preheader:                            ; preds = %2
  %4 = add nsw i32 %0, -1
  %5 = mul i32 %4, %4
  %6 = zext i32 %4 to i33
  %7 = add nsw i32 %0, -2
  %8 = zext i32 %7 to i33
  %9 = mul i33 %6, %8
  %10 = lshr i33 %9, 1
  %11 = trunc i33 %10 to i32
  %12 = add i32 %1, %0
  %13 = add i32 %12, %5
  %14 = sub i32 %13, %11
  br label %tailrecurse._crit_edge

tailrecurse._crit_edge:                           ; preds = %tailrecurse.preheader, %2
  %.tr7.lcssa = phi i32 [ %1, %2 ], [ %14, %tailrecurse.preheader ]
  ret i32 %.tr7.lcssa
}
*** IR Dump After SimplifyCFGPass on sumTo ***
; Function Attrs: nofree nosync nounwind readnone uwtable
define dso_local i32 @sumTo(i32 noundef %0, i32 noundef %1) local_unnamed_addr #0 {
  %3 = icmp slt i32 %0, 1
  br i1 %3, label %tailrecurse._crit_edge, label %tailrecurse.preheader

tailrecurse.preheader:                            ; preds = %2
  %4 = add nsw i32 %0, -1
  %5 = mul i32 %4, %4
  %6 = zext i32 %4 to i33
  %7 = add nsw i32 %0, -2
  %8 = zext i32 %7 to i33
  %9 = mul i33 %6, %8
  %10 = lshr i33 %9, 1
  %11 = trunc i33 %10 to i32
  %12 = add i32 %1, %0
  %13 = add i32 %12, %5
  %14 = sub i32 %13, %11
  br label %tailrecurse._crit_edge

tailrecurse._crit_edge:                           ; preds = %tailrecurse.preheader, %2
  %.tr7.lcssa = phi i32 [ %1, %2 ], [ %14, %tailrecurse.preheader ]
  ret i32 %.tr7.lcssa
}
*** IR Dump Before SLPVectorizerPass on sumTo ***
; Function Attrs: nofree nosync nounwind readnone uwtable
define dso_local i32 @sumTo(i32 noundef %0, i32 noundef %1) local_unnamed_addr #0 {
  %3 = icmp slt i32 %0, 1
  br i1 %3, label %tailrecurse._crit_edge, label %tailrecurse.preheader

tailrecurse.preheader:                            ; preds = %2
  %4 = add nsw i32 %0, -1
  %5 = mul i32 %4, %4
  %6 = zext i32 %4 to i33
  %7 = add nsw i32 %0, -2
  %8 = zext i32 %7 to i33
  %9 = mul i33 %6, %8
  %10 = lshr i33 %9, 1
  %11 = trunc i33 %10 to i32
  %12 = add i32 %1, %0
  %13 = add i32 %12, %5
  %14 = sub i32 %13, %11
  br label %tailrecurse._crit_edge

tailrecurse._crit_edge:                           ; preds = %tailrecurse.preheader, %2
  %.tr7.lcssa = phi i32 [ %1, %2 ], [ %14, %tailrecurse.preheader ]
  ret i32 %.tr7.lcssa
}
*** IR Dump After SLPVectorizerPass on sumTo ***
; Function Attrs: nofree nosync nounwind readnone uwtable
define dso_local i32 @sumTo(i32 noundef %0, i32 noundef %1) local_unnamed_addr #0 {
  %3 = icmp slt i32 %0, 1
  br i1 %3, label %tailrecurse._crit_edge, label %tailrecurse.preheader

tailrecurse.preheader:                            ; preds = %2
  %4 = add nsw i32 %0, -1
  %5 = mul i32 %4, %4
  %6 = zext i32 %4 to i33
  %7 = add nsw i32 %0, -2
  %8 = zext i32 %7 to i33
  %9 = mul i33 %6, %8
  %10 = lshr i33 %9, 1
  %11 = trunc i33 %10 to i32
  %12 = add i32 %1, %0
  %13 = add i32 %12, %5
  %14 = sub i32 %13, %11
  br label %tailrecurse._crit_edge

tailrecurse._crit_edge:                           ; preds = %tailrecurse.preheader, %2
  %.tr7.lcssa = phi i32 [ %1, %2 ], [ %14, %tailrecurse.preheader ]
  ret i32 %.tr7.lcssa
}
*** IR Dump Before VectorCombinePass on sumTo ***
; Function Attrs: nofree nosync nounwind readnone uwtable
define dso_local i32 @sumTo(i32 noundef %0, i32 noundef %1) local_unnamed_addr #0 {
  %3 = icmp slt i32 %0, 1
  br i1 %3, label %tailrecurse._crit_edge, label %tailrecurse.preheader

tailrecurse.preheader:                            ; preds = %2
  %4 = add nsw i32 %0, -1
  %5 = mul i32 %4, %4
  %6 = zext i32 %4 to i33
  %7 = add nsw i32 %0, -2
  %8 = zext i32 %7 to i33
  %9 = mul i33 %6, %8
  %10 = lshr i33 %9, 1
  %11 = trunc i33 %10 to i32
  %12 = add i32 %1, %0
  %13 = add i32 %12, %5
  %14 = sub i32 %13, %11
  br label %tailrecurse._crit_edge

tailrecurse._crit_edge:                           ; preds = %tailrecurse.preheader, %2
  %.tr7.lcssa = phi i32 [ %1, %2 ], [ %14, %tailrecurse.preheader ]
  ret i32 %.tr7.lcssa
}
*** IR Dump After VectorCombinePass on sumTo ***
; Function Attrs: nofree nosync nounwind readnone uwtable
define dso_local i32 @sumTo(i32 noundef %0, i32 noundef %1) local_unnamed_addr #0 {
  %3 = icmp slt i32 %0, 1
  br i1 %3, label %tailrecurse._crit_edge, label %tailrecurse.preheader

tailrecurse.preheader:                            ; preds = %2
  %4 = add nsw i32 %0, -1
  %5 = mul i32 %4, %4
  %6 = zext i32 %4 to i33
  %7 = add nsw i32 %0, -2
  %8 = zext i32 %7 to i33
  %9 = mul i33 %6, %8
  %10 = lshr i33 %9, 1
  %11 = trunc i33 %10 to i32
  %12 = add i32 %1, %0
  %13 = add i32 %12, %5
  %14 = sub i32 %13, %11
  br label %tailrecurse._crit_edge

tailrecurse._crit_edge:                           ; preds = %tailrecurse.preheader, %2
  %.tr7.lcssa = phi i32 [ %1, %2 ], [ %14, %tailrecurse.preheader ]
  ret i32 %.tr7.lcssa
}
*** IR Dump Before InstCombinePass on sumTo ***
; Function Attrs: nofree nosync nounwind readnone uwtable
define dso_local i32 @sumTo(i32 noundef %0, i32 noundef %1) local_unnamed_addr #0 {
  %3 = icmp slt i32 %0, 1
  br i1 %3, label %tailrecurse._crit_edge, label %tailrecurse.preheader

tailrecurse.preheader:                            ; preds = %2
  %4 = add nsw i32 %0, -1
  %5 = mul i32 %4, %4
  %6 = zext i32 %4 to i33
  %7 = add nsw i32 %0, -2
  %8 = zext i32 %7 to i33
  %9 = mul i33 %6, %8
  %10 = lshr i33 %9, 1
  %11 = trunc i33 %10 to i32
  %12 = add i32 %1, %0
  %13 = add i32 %12, %5
  %14 = sub i32 %13, %11
  br label %tailrecurse._crit_edge

tailrecurse._crit_edge:                           ; preds = %tailrecurse.preheader, %2
  %.tr7.lcssa = phi i32 [ %1, %2 ], [ %14, %tailrecurse.preheader ]
  ret i32 %.tr7.lcssa
}
*** IR Dump After InstCombinePass on sumTo ***
; Function Attrs: nofree nosync nounwind readnone uwtable
define dso_local i32 @sumTo(i32 noundef %0, i32 noundef %1) local_unnamed_addr #0 {
  %3 = icmp slt i32 %0, 1
  br i1 %3, label %tailrecurse._crit_edge, label %tailrecurse.preheader

tailrecurse.preheader:                            ; preds = %2
  %4 = add nsw i32 %0, -1
  %5 = mul i32 %4, %4
  %6 = zext i32 %4 to i33
  %7 = add nsw i32 %0, -2
  %8 = zext i32 %7 to i33
  %9 = mul i33 %6, %8
  %10 = lshr i33 %9, 1
  %11 = trunc i33 %10 to i32
  %12 = add i32 %1, %0
  %13 = add i32 %12, %5
  %14 = sub i32 %13, %11
  br label %tailrecurse._crit_edge

tailrecurse._crit_edge:                           ; preds = %tailrecurse.preheader, %2
  %.tr7.lcssa = phi i32 [ %1, %2 ], [ %14, %tailrecurse.preheader ]
  ret i32 %.tr7.lcssa
}
*** IR Dump Before LoopUnrollPass on sumTo ***
; Function Attrs: nofree nosync nounwind readnone uwtable
define dso_local i32 @sumTo(i32 noundef %0, i32 noundef %1) local_unnamed_addr #0 {
  %3 = icmp slt i32 %0, 1
  br i1 %3, label %tailrecurse._crit_edge, label %tailrecurse.preheader

tailrecurse.preheader:                            ; preds = %2
  %4 = add nsw i32 %0, -1
  %5 = mul i32 %4, %4
  %6 = zext i32 %4 to i33
  %7 = add nsw i32 %0, -2
  %8 = zext i32 %7 to i33
  %9 = mul i33 %6, %8
  %10 = lshr i33 %9, 1
  %11 = trunc i33 %10 to i32
  %12 = add i32 %1, %0
  %13 = add i32 %12, %5
  %14 = sub i32 %13, %11
  br label %tailrecurse._crit_edge

tailrecurse._crit_edge:                           ; preds = %tailrecurse.preheader, %2
  %.tr7.lcssa = phi i32 [ %1, %2 ], [ %14, %tailrecurse.preheader ]
  ret i32 %.tr7.lcssa
}
*** IR Dump After LoopUnrollPass on sumTo ***
; Function Attrs: nofree nosync nounwind readnone uwtable
define dso_local i32 @sumTo(i32 noundef %0, i32 noundef %1) local_unnamed_addr #0 {
  %3 = icmp slt i32 %0, 1
  br i1 %3, label %tailrecurse._crit_edge, label %tailrecurse.preheader

tailrecurse.preheader:                            ; preds = %2
  %4 = add nsw i32 %0, -1
  %5 = mul i32 %4, %4
  %6 = zext i32 %4 to i33
  %7 = add nsw i32 %0, -2
  %8 = zext i32 %7 to i33
  %9 = mul i33 %6, %8
  %10 = lshr i33 %9, 1
  %11 = trunc i33 %10 to i32
  %12 = add i32 %1, %0
  %13 = add i32 %12, %5
  %14 = sub i32 %13, %11
  br label %tailrecurse._crit_edge

tailrecurse._crit_edge:                           ; preds = %tailrecurse.preheader, %2
  %.tr7.lcssa = phi i32 [ %1, %2 ], [ %14, %tailrecurse.preheader ]
  ret i32 %.tr7.lcssa
}
*** IR Dump Before WarnMissedTransformationsPass on sumTo ***
; Function Attrs: nofree nosync nounwind readnone uwtable
define dso_local i32 @sumTo(i32 noundef %0, i32 noundef %1) local_unnamed_addr #0 {
  %3 = icmp slt i32 %0, 1
  br i1 %3, label %tailrecurse._crit_edge, label %tailrecurse.preheader

tailrecurse.preheader:                            ; preds = %2
  %4 = add nsw i32 %0, -1
  %5 = mul i32 %4, %4
  %6 = zext i32 %4 to i33
  %7 = add nsw i32 %0, -2
  %8 = zext i32 %7 to i33
  %9 = mul i33 %6, %8
  %10 = lshr i33 %9, 1
  %11 = trunc i33 %10 to i32
  %12 = add i32 %1, %0
  %13 = add i32 %12, %5
  %14 = sub i32 %13, %11
  br label %tailrecurse._crit_edge

tailrecurse._crit_edge:                           ; preds = %tailrecurse.preheader, %2
  %.tr7.lcssa = phi i32 [ %1, %2 ], [ %14, %tailrecurse.preheader ]
  ret i32 %.tr7.lcssa
}
*** IR Dump After WarnMissedTransformationsPass on sumTo ***
; Function Attrs: nofree nosync nounwind readnone uwtable
define dso_local i32 @sumTo(i32 noundef %0, i32 noundef %1) local_unnamed_addr #0 {
  %3 = icmp slt i32 %0, 1
  br i1 %3, label %tailrecurse._crit_edge, label %tailrecurse.preheader

tailrecurse.preheader:                            ; preds = %2
  %4 = add nsw i32 %0, -1
  %5 = mul i32 %4, %4
  %6 = zext i32 %4 to i33
  %7 = add nsw i32 %0, -2
  %8 = zext i32 %7 to i33
  %9 = mul i33 %6, %8
  %10 = lshr i33 %9, 1
  %11 = trunc i33 %10 to i32
  %12 = add i32 %1, %0
  %13 = add i32 %12, %5
  %14 = sub i32 %13, %11
  br label %tailrecurse._crit_edge

tailrecurse._crit_edge:                           ; preds = %tailrecurse.preheader, %2
  %.tr7.lcssa = phi i32 [ %1, %2 ], [ %14, %tailrecurse.preheader ]
  ret i32 %.tr7.lcssa
}
*** IR Dump Before InstCombinePass on sumTo ***
; Function Attrs: nofree nosync nounwind readnone uwtable
define dso_local i32 @sumTo(i32 noundef %0, i32 noundef %1) local_unnamed_addr #0 {
  %3 = icmp slt i32 %0, 1
  br i1 %3, label %tailrecurse._crit_edge, label %tailrecurse.preheader

tailrecurse.preheader:                            ; preds = %2
  %4 = add nsw i32 %0, -1
  %5 = mul i32 %4, %4
  %6 = zext i32 %4 to i33
  %7 = add nsw i32 %0, -2
  %8 = zext i32 %7 to i33
  %9 = mul i33 %6, %8
  %10 = lshr i33 %9, 1
  %11 = trunc i33 %10 to i32
  %12 = add i32 %1, %0
  %13 = add i32 %12, %5
  %14 = sub i32 %13, %11
  br label %tailrecurse._crit_edge

tailrecurse._crit_edge:                           ; preds = %tailrecurse.preheader, %2
  %.tr7.lcssa = phi i32 [ %1, %2 ], [ %14, %tailrecurse.preheader ]
  ret i32 %.tr7.lcssa
}
*** IR Dump After InstCombinePass on sumTo ***
; Function Attrs: nofree nosync nounwind readnone uwtable
define dso_local i32 @sumTo(i32 noundef %0, i32 noundef %1) local_unnamed_addr #0 {
  %3 = icmp slt i32 %0, 1
  br i1 %3, label %tailrecurse._crit_edge, label %tailrecurse.preheader

tailrecurse.preheader:                            ; preds = %2
  %4 = add nsw i32 %0, -1
  %5 = mul i32 %4, %4
  %6 = zext i32 %4 to i33
  %7 = add nsw i32 %0, -2
  %8 = zext i32 %7 to i33
  %9 = mul i33 %6, %8
  %10 = lshr i33 %9, 1
  %11 = trunc i33 %10 to i32
  %12 = add i32 %1, %0
  %13 = add i32 %12, %5
  %14 = sub i32 %13, %11
  br label %tailrecurse._crit_edge

tailrecurse._crit_edge:                           ; preds = %tailrecurse.preheader, %2
  %.tr7.lcssa = phi i32 [ %1, %2 ], [ %14, %tailrecurse.preheader ]
  ret i32 %.tr7.lcssa
}
*** IR Dump Before RequireAnalysisPass<llvm::OptimizationRemarkEmitterAnalysis, llvm::Function> on sumTo ***
; Function Attrs: nofree nosync nounwind readnone uwtable
define dso_local i32 @sumTo(i32 noundef %0, i32 noundef %1) local_unnamed_addr #0 {
  %3 = icmp slt i32 %0, 1
  br i1 %3, label %tailrecurse._crit_edge, label %tailrecurse.preheader

tailrecurse.preheader:                            ; preds = %2
  %4 = add nsw i32 %0, -1
  %5 = mul i32 %4, %4
  %6 = zext i32 %4 to i33
  %7 = add nsw i32 %0, -2
  %8 = zext i32 %7 to i33
  %9 = mul i33 %6, %8
  %10 = lshr i33 %9, 1
  %11 = trunc i33 %10 to i32
  %12 = add i32 %1, %0
  %13 = add i32 %12, %5
  %14 = sub i32 %13, %11
  br label %tailrecurse._crit_edge

tailrecurse._crit_edge:                           ; preds = %tailrecurse.preheader, %2
  %.tr7.lcssa = phi i32 [ %1, %2 ], [ %14, %tailrecurse.preheader ]
  ret i32 %.tr7.lcssa
}
*** IR Dump After RequireAnalysisPass<llvm::OptimizationRemarkEmitterAnalysis, llvm::Function> on sumTo ***
; Function Attrs: nofree nosync nounwind readnone uwtable
define dso_local i32 @sumTo(i32 noundef %0, i32 noundef %1) local_unnamed_addr #0 {
  %3 = icmp slt i32 %0, 1
  br i1 %3, label %tailrecurse._crit_edge, label %tailrecurse.preheader

tailrecurse.preheader:                            ; preds = %2
  %4 = add nsw i32 %0, -1
  %5 = mul i32 %4, %4
  %6 = zext i32 %4 to i33
  %7 = add nsw i32 %0, -2
  %8 = zext i32 %7 to i33
  %9 = mul i33 %6, %8
  %10 = lshr i33 %9, 1
  %11 = trunc i33 %10 to i32
  %12 = add i32 %1, %0
  %13 = add i32 %12, %5
  %14 = sub i32 %13, %11
  br label %tailrecurse._crit_edge

tailrecurse._crit_edge:                           ; preds = %tailrecurse.preheader, %2
  %.tr7.lcssa = phi i32 [ %1, %2 ], [ %14, %tailrecurse.preheader ]
  ret i32 %.tr7.lcssa
}
*** IR Dump Before LoopSimplifyPass on sumTo ***
; Function Attrs: nofree nosync nounwind readnone uwtable
define dso_local i32 @sumTo(i32 noundef %0, i32 noundef %1) local_unnamed_addr #0 {
  %3 = icmp slt i32 %0, 1
  br i1 %3, label %tailrecurse._crit_edge, label %tailrecurse.preheader

tailrecurse.preheader:                            ; preds = %2
  %4 = add nsw i32 %0, -1
  %5 = mul i32 %4, %4
  %6 = zext i32 %4 to i33
  %7 = add nsw i32 %0, -2
  %8 = zext i32 %7 to i33
  %9 = mul i33 %6, %8
  %10 = lshr i33 %9, 1
  %11 = trunc i33 %10 to i32
  %12 = add i32 %1, %0
  %13 = add i32 %12, %5
  %14 = sub i32 %13, %11
  br label %tailrecurse._crit_edge

tailrecurse._crit_edge:                           ; preds = %tailrecurse.preheader, %2
  %.tr7.lcssa = phi i32 [ %1, %2 ], [ %14, %tailrecurse.preheader ]
  ret i32 %.tr7.lcssa
}
*** IR Dump After LoopSimplifyPass on sumTo ***
; Function Attrs: nofree nosync nounwind readnone uwtable
define dso_local i32 @sumTo(i32 noundef %0, i32 noundef %1) local_unnamed_addr #0 {
  %3 = icmp slt i32 %0, 1
  br i1 %3, label %tailrecurse._crit_edge, label %tailrecurse.preheader

tailrecurse.preheader:                            ; preds = %2
  %4 = add nsw i32 %0, -1
  %5 = mul i32 %4, %4
  %6 = zext i32 %4 to i33
  %7 = add nsw i32 %0, -2
  %8 = zext i32 %7 to i33
  %9 = mul i33 %6, %8
  %10 = lshr i33 %9, 1
  %11 = trunc i33 %10 to i32
  %12 = add i32 %1, %0
  %13 = add i32 %12, %5
  %14 = sub i32 %13, %11
  br label %tailrecurse._crit_edge

tailrecurse._crit_edge:                           ; preds = %tailrecurse.preheader, %2
  %.tr7.lcssa = phi i32 [ %1, %2 ], [ %14, %tailrecurse.preheader ]
  ret i32 %.tr7.lcssa
}
*** IR Dump Before LCSSAPass on sumTo ***
; Function Attrs: nofree nosync nounwind readnone uwtable
define dso_local i32 @sumTo(i32 noundef %0, i32 noundef %1) local_unnamed_addr #0 {
  %3 = icmp slt i32 %0, 1
  br i1 %3, label %tailrecurse._crit_edge, label %tailrecurse.preheader

tailrecurse.preheader:                            ; preds = %2
  %4 = add nsw i32 %0, -1
  %5 = mul i32 %4, %4
  %6 = zext i32 %4 to i33
  %7 = add nsw i32 %0, -2
  %8 = zext i32 %7 to i33
  %9 = mul i33 %6, %8
  %10 = lshr i33 %9, 1
  %11 = trunc i33 %10 to i32
  %12 = add i32 %1, %0
  %13 = add i32 %12, %5
  %14 = sub i32 %13, %11
  br label %tailrecurse._crit_edge

tailrecurse._crit_edge:                           ; preds = %tailrecurse.preheader, %2
  %.tr7.lcssa = phi i32 [ %1, %2 ], [ %14, %tailrecurse.preheader ]
  ret i32 %.tr7.lcssa
}
*** IR Dump After LCSSAPass on sumTo ***
; Function Attrs: nofree nosync nounwind readnone uwtable
define dso_local i32 @sumTo(i32 noundef %0, i32 noundef %1) local_unnamed_addr #0 {
  %3 = icmp slt i32 %0, 1
  br i1 %3, label %tailrecurse._crit_edge, label %tailrecurse.preheader

tailrecurse.preheader:                            ; preds = %2
  %4 = add nsw i32 %0, -1
  %5 = mul i32 %4, %4
  %6 = zext i32 %4 to i33
  %7 = add nsw i32 %0, -2
  %8 = zext i32 %7 to i33
  %9 = mul i33 %6, %8
  %10 = lshr i33 %9, 1
  %11 = trunc i33 %10 to i32
  %12 = add i32 %1, %0
  %13 = add i32 %12, %5
  %14 = sub i32 %13, %11
  br label %tailrecurse._crit_edge

tailrecurse._crit_edge:                           ; preds = %tailrecurse.preheader, %2
  %.tr7.lcssa = phi i32 [ %1, %2 ], [ %14, %tailrecurse.preheader ]
  ret i32 %.tr7.lcssa
}
*** IR Dump Before AlignmentFromAssumptionsPass on sumTo ***
; Function Attrs: nofree nosync nounwind readnone uwtable
define dso_local i32 @sumTo(i32 noundef %0, i32 noundef %1) local_unnamed_addr #0 {
  %3 = icmp slt i32 %0, 1
  br i1 %3, label %tailrecurse._crit_edge, label %tailrecurse.preheader

tailrecurse.preheader:                            ; preds = %2
  %4 = add nsw i32 %0, -1
  %5 = mul i32 %4, %4
  %6 = zext i32 %4 to i33
  %7 = add nsw i32 %0, -2
  %8 = zext i32 %7 to i33
  %9 = mul i33 %6, %8
  %10 = lshr i33 %9, 1
  %11 = trunc i33 %10 to i32
  %12 = add i32 %1, %0
  %13 = add i32 %12, %5
  %14 = sub i32 %13, %11
  br label %tailrecurse._crit_edge

tailrecurse._crit_edge:                           ; preds = %tailrecurse.preheader, %2
  %.tr7.lcssa = phi i32 [ %1, %2 ], [ %14, %tailrecurse.preheader ]
  ret i32 %.tr7.lcssa
}
*** IR Dump After AlignmentFromAssumptionsPass on sumTo ***
; Function Attrs: nofree nosync nounwind readnone uwtable
define dso_local i32 @sumTo(i32 noundef %0, i32 noundef %1) local_unnamed_addr #0 {
  %3 = icmp slt i32 %0, 1
  br i1 %3, label %tailrecurse._crit_edge, label %tailrecurse.preheader

tailrecurse.preheader:                            ; preds = %2
  %4 = add nsw i32 %0, -1
  %5 = mul i32 %4, %4
  %6 = zext i32 %4 to i33
  %7 = add nsw i32 %0, -2
  %8 = zext i32 %7 to i33
  %9 = mul i33 %6, %8
  %10 = lshr i33 %9, 1
  %11 = trunc i33 %10 to i32
  %12 = add i32 %1, %0
  %13 = add i32 %12, %5
  %14 = sub i32 %13, %11
  br label %tailrecurse._crit_edge

tailrecurse._crit_edge:                           ; preds = %tailrecurse.preheader, %2
  %.tr7.lcssa = phi i32 [ %1, %2 ], [ %14, %tailrecurse.preheader ]
  ret i32 %.tr7.lcssa
}
*** IR Dump Before LoopSinkPass on sumTo ***
; Function Attrs: nofree nosync nounwind readnone uwtable
define dso_local i32 @sumTo(i32 noundef %0, i32 noundef %1) local_unnamed_addr #0 {
  %3 = icmp slt i32 %0, 1
  br i1 %3, label %tailrecurse._crit_edge, label %tailrecurse.preheader

tailrecurse.preheader:                            ; preds = %2
  %4 = add nsw i32 %0, -1
  %5 = mul i32 %4, %4
  %6 = zext i32 %4 to i33
  %7 = add nsw i32 %0, -2
  %8 = zext i32 %7 to i33
  %9 = mul i33 %6, %8
  %10 = lshr i33 %9, 1
  %11 = trunc i33 %10 to i32
  %12 = add i32 %1, %0
  %13 = add i32 %12, %5
  %14 = sub i32 %13, %11
  br label %tailrecurse._crit_edge

tailrecurse._crit_edge:                           ; preds = %tailrecurse.preheader, %2
  %.tr7.lcssa = phi i32 [ %1, %2 ], [ %14, %tailrecurse.preheader ]
  ret i32 %.tr7.lcssa
}
*** IR Dump After LoopSinkPass on sumTo ***
; Function Attrs: nofree nosync nounwind readnone uwtable
define dso_local i32 @sumTo(i32 noundef %0, i32 noundef %1) local_unnamed_addr #0 {
  %3 = icmp slt i32 %0, 1
  br i1 %3, label %tailrecurse._crit_edge, label %tailrecurse.preheader

tailrecurse.preheader:                            ; preds = %2
  %4 = add nsw i32 %0, -1
  %5 = mul i32 %4, %4
  %6 = zext i32 %4 to i33
  %7 = add nsw i32 %0, -2
  %8 = zext i32 %7 to i33
  %9 = mul i33 %6, %8
  %10 = lshr i33 %9, 1
  %11 = trunc i33 %10 to i32
  %12 = add i32 %1, %0
  %13 = add i32 %12, %5
  %14 = sub i32 %13, %11
  br label %tailrecurse._crit_edge

tailrecurse._crit_edge:                           ; preds = %tailrecurse.preheader, %2
  %.tr7.lcssa = phi i32 [ %1, %2 ], [ %14, %tailrecurse.preheader ]
  ret i32 %.tr7.lcssa
}
*** IR Dump Before InstSimplifyPass on sumTo ***
; Function Attrs: nofree nosync nounwind readnone uwtable
define dso_local i32 @sumTo(i32 noundef %0, i32 noundef %1) local_unnamed_addr #0 {
  %3 = icmp slt i32 %0, 1
  br i1 %3, label %tailrecurse._crit_edge, label %tailrecurse.preheader

tailrecurse.preheader:                            ; preds = %2
  %4 = add nsw i32 %0, -1
  %5 = mul i32 %4, %4
  %6 = zext i32 %4 to i33
  %7 = add nsw i32 %0, -2
  %8 = zext i32 %7 to i33
  %9 = mul i33 %6, %8
  %10 = lshr i33 %9, 1
  %11 = trunc i33 %10 to i32
  %12 = add i32 %1, %0
  %13 = add i32 %12, %5
  %14 = sub i32 %13, %11
  br label %tailrecurse._crit_edge

tailrecurse._crit_edge:                           ; preds = %tailrecurse.preheader, %2
  %.tr7.lcssa = phi i32 [ %1, %2 ], [ %14, %tailrecurse.preheader ]
  ret i32 %.tr7.lcssa
}
*** IR Dump After InstSimplifyPass on sumTo ***
; Function Attrs: nofree nosync nounwind readnone uwtable
define dso_local i32 @sumTo(i32 noundef %0, i32 noundef %1) local_unnamed_addr #0 {
  %3 = icmp slt i32 %0, 1
  br i1 %3, label %tailrecurse._crit_edge, label %tailrecurse.preheader

tailrecurse.preheader:                            ; preds = %2
  %4 = add nsw i32 %0, -1
  %5 = mul i32 %4, %4
  %6 = zext i32 %4 to i33
  %7 = add nsw i32 %0, -2
  %8 = zext i32 %7 to i33
  %9 = mul i33 %6, %8
  %10 = lshr i33 %9, 1
  %11 = trunc i33 %10 to i32
  %12 = add i32 %1, %0
  %13 = add i32 %12, %5
  %14 = sub i32 %13, %11
  br label %tailrecurse._crit_edge

tailrecurse._crit_edge:                           ; preds = %tailrecurse.preheader, %2
  %.tr7.lcssa = phi i32 [ %1, %2 ], [ %14, %tailrecurse.preheader ]
  ret i32 %.tr7.lcssa
}
*** IR Dump Before DivRemPairsPass on sumTo ***
; Function Attrs: nofree nosync nounwind readnone uwtable
define dso_local i32 @sumTo(i32 noundef %0, i32 noundef %1) local_unnamed_addr #0 {
  %3 = icmp slt i32 %0, 1
  br i1 %3, label %tailrecurse._crit_edge, label %tailrecurse.preheader

tailrecurse.preheader:                            ; preds = %2
  %4 = add nsw i32 %0, -1
  %5 = mul i32 %4, %4
  %6 = zext i32 %4 to i33
  %7 = add nsw i32 %0, -2
  %8 = zext i32 %7 to i33
  %9 = mul i33 %6, %8
  %10 = lshr i33 %9, 1
  %11 = trunc i33 %10 to i32
  %12 = add i32 %1, %0
  %13 = add i32 %12, %5
  %14 = sub i32 %13, %11
  br label %tailrecurse._crit_edge

tailrecurse._crit_edge:                           ; preds = %tailrecurse.preheader, %2
  %.tr7.lcssa = phi i32 [ %1, %2 ], [ %14, %tailrecurse.preheader ]
  ret i32 %.tr7.lcssa
}
*** IR Dump After DivRemPairsPass on sumTo ***
; Function Attrs: nofree nosync nounwind readnone uwtable
define dso_local i32 @sumTo(i32 noundef %0, i32 noundef %1) local_unnamed_addr #0 {
  %3 = icmp slt i32 %0, 1
  br i1 %3, label %tailrecurse._crit_edge, label %tailrecurse.preheader

tailrecurse.preheader:                            ; preds = %2
  %4 = add nsw i32 %0, -1
  %5 = mul i32 %4, %4
  %6 = zext i32 %4 to i33
  %7 = add nsw i32 %0, -2
  %8 = zext i32 %7 to i33
  %9 = mul i33 %6, %8
  %10 = lshr i33 %9, 1
  %11 = trunc i33 %10 to i32
  %12 = add i32 %1, %0
  %13 = add i32 %12, %5
  %14 = sub i32 %13, %11
  br label %tailrecurse._crit_edge

tailrecurse._crit_edge:                           ; preds = %tailrecurse.preheader, %2
  %.tr7.lcssa = phi i32 [ %1, %2 ], [ %14, %tailrecurse.preheader ]
  ret i32 %.tr7.lcssa
}
*** IR Dump Before SimplifyCFGPass on sumTo ***
; Function Attrs: nofree nosync nounwind readnone uwtable
define dso_local i32 @sumTo(i32 noundef %0, i32 noundef %1) local_unnamed_addr #0 {
  %3 = icmp slt i32 %0, 1
  br i1 %3, label %tailrecurse._crit_edge, label %tailrecurse.preheader

tailrecurse.preheader:                            ; preds = %2
  %4 = add nsw i32 %0, -1
  %5 = mul i32 %4, %4
  %6 = zext i32 %4 to i33
  %7 = add nsw i32 %0, -2
  %8 = zext i32 %7 to i33
  %9 = mul i33 %6, %8
  %10 = lshr i33 %9, 1
  %11 = trunc i33 %10 to i32
  %12 = add i32 %1, %0
  %13 = add i32 %12, %5
  %14 = sub i32 %13, %11
  br label %tailrecurse._crit_edge

tailrecurse._crit_edge:                           ; preds = %tailrecurse.preheader, %2
  %.tr7.lcssa = phi i32 [ %1, %2 ], [ %14, %tailrecurse.preheader ]
  ret i32 %.tr7.lcssa
}
*** IR Dump After SimplifyCFGPass on sumTo ***
; Function Attrs: nofree nosync nounwind readnone uwtable
define dso_local i32 @sumTo(i32 noundef %0, i32 noundef %1) local_unnamed_addr #0 {
  %3 = icmp slt i32 %0, 1
  br i1 %3, label %tailrecurse._crit_edge, label %tailrecurse.preheader

tailrecurse.preheader:                            ; preds = %2
  %4 = add nsw i32 %0, -1
  %5 = mul i32 %4, %4
  %6 = zext i32 %4 to i33
  %7 = add nsw i32 %0, -2
  %8 = zext i32 %7 to i33
  %9 = mul i33 %6, %8
  %10 = lshr i33 %9, 1
  %11 = trunc i33 %10 to i32
  %12 = add i32 %1, %0
  %13 = add i32 %12, %5
  %14 = sub i32 %13, %11
  br label %tailrecurse._crit_edge

tailrecurse._crit_edge:                           ; preds = %tailrecurse.preheader, %2
  %.tr7.lcssa = phi i32 [ %1, %2 ], [ %14, %tailrecurse.preheader ]
  ret i32 %.tr7.lcssa
}
*** IR Dump Before CoroCleanupPass on sumTo ***
; Function Attrs: nofree nosync nounwind readnone uwtable
define dso_local i32 @sumTo(i32 noundef %0, i32 noundef %1) local_unnamed_addr #0 {
  %3 = icmp slt i32 %0, 1
  br i1 %3, label %tailrecurse._crit_edge, label %tailrecurse.preheader

tailrecurse.preheader:                            ; preds = %2
  %4 = add nsw i32 %0, -1
  %5 = mul i32 %4, %4
  %6 = zext i32 %4 to i33
  %7 = add nsw i32 %0, -2
  %8 = zext i32 %7 to i33
  %9 = mul i33 %6, %8
  %10 = lshr i33 %9, 1
  %11 = trunc i33 %10 to i32
  %12 = add i32 %1, %0
  %13 = add i32 %12, %5
  %14 = sub i32 %13, %11
  br label %tailrecurse._crit_edge

tailrecurse._crit_edge:                           ; preds = %tailrecurse.preheader, %2
  %.tr7.lcssa = phi i32 [ %1, %2 ], [ %14, %tailrecurse.preheader ]
  ret i32 %.tr7.lcssa
}
*** IR Dump After CoroCleanupPass on sumTo ***
; Function Attrs: nofree nosync nounwind readnone uwtable
define dso_local i32 @sumTo(i32 noundef %0, i32 noundef %1) local_unnamed_addr #0 {
  %3 = icmp slt i32 %0, 1
  br i1 %3, label %tailrecurse._crit_edge, label %tailrecurse.preheader

tailrecurse.preheader:                            ; preds = %2
  %4 = add nsw i32 %0, -1
  %5 = mul i32 %4, %4
  %6 = zext i32 %4 to i33
  %7 = add nsw i32 %0, -2
  %8 = zext i32 %7 to i33
  %9 = mul i33 %6, %8
  %10 = lshr i33 %9, 1
  %11 = trunc i33 %10 to i32
  %12 = add i32 %1, %0
  %13 = add i32 %12, %5
  %14 = sub i32 %13, %11
  br label %tailrecurse._crit_edge

tailrecurse._crit_edge:                           ; preds = %tailrecurse.preheader, %2
  %.tr7.lcssa = phi i32 [ %1, %2 ], [ %14, %tailrecurse.preheader ]
  ret i32 %.tr7.lcssa
}
*** IR Dump Before CGProfilePass on [module] ***
; ModuleID = 'sumTo.in.ll'
source_filename = "sumTo.c"
target datalayout = "e-m:e-i8:8:32-i16:16:32-i64:64-i128:128-n32:64-S128"
target triple = "aarch64-unknown-linux-gnu"

; Function Attrs: nofree nosync nounwind readnone uwtable
define dso_local i32 @sumTo(i32 noundef %0, i32 noundef %1) local_unnamed_addr #0 {
  %3 = icmp slt i32 %0, 1
  br i1 %3, label %tailrecurse._crit_edge, label %tailrecurse.preheader

tailrecurse.preheader:                            ; preds = %2
  %4 = add nsw i32 %0, -1
  %5 = mul i32 %4, %4
  %6 = zext i32 %4 to i33
  %7 = add nsw i32 %0, -2
  %8 = zext i32 %7 to i33
  %9 = mul i33 %6, %8
  %10 = lshr i33 %9, 1
  %11 = trunc i33 %10 to i32
  %12 = add i32 %1, %0
  %13 = add i32 %12, %5
  %14 = sub i32 %13, %11
  br label %tailrecurse._crit_edge

tailrecurse._crit_edge:                           ; preds = %tailrecurse.preheader, %2
  %.tr7.lcssa = phi i32 [ %1, %2 ], [ %14, %tailrecurse.preheader ]
  ret i32 %.tr7.lcssa
}

attributes #0 = { nofree nosync nounwind readnone uwtable "frame-pointer"="non-leaf" "min-legal-vector-width"="0" "no-trapping-math"="true" "stack-protector-buffer-size"="8" "target-cpu"="generic" "target-features"="+neon,+outline-atomics,+v8a" }

!llvm.module.flags = !{!0, !1, !2, !3, !4, !5, !6, !7, !8}
!llvm.ident = !{!9}

!0 = !{i32 1, !"wchar_size", i32 4}
!1 = !{i32 1, !"branch-target-enforcement", i32 0}
!2 = !{i32 1, !"sign-return-address", i32 0}
!3 = !{i32 1, !"sign-return-address-all", i32 0}
!4 = !{i32 1, !"sign-return-address-with-bkey", i32 0}
!5 = !{i32 7, !"PIC Level", i32 2}
!6 = !{i32 7, !"PIE Level", i32 2}
!7 = !{i32 7, !"uwtable", i32 1}
!8 = !{i32 7, !"frame-pointer", i32 1}
!9 = !{!"Ubuntu clang version 14.0.0-1ubuntu1.1"}
*** IR Dump After CGProfilePass on [module] ***
; ModuleID = 'sumTo.in.ll'
source_filename = "sumTo.c"
target datalayout = "e-m:e-i8:8:32-i16:16:32-i64:64-i128:128-n32:64-S128"
target triple = "aarch64-unknown-linux-gnu"

; Function Attrs: nofree nosync nounwind readnone uwtable
define dso_local i32 @sumTo(i32 noundef %0, i32 noundef %1) local_unnamed_addr #0 {
  %3 = icmp slt i32 %0, 1
  br i1 %3, label %tailrecurse._crit_edge, label %tailrecurse.preheader

tailrecurse.preheader:                            ; preds = %2
  %4 = add nsw i32 %0, -1
  %5 = mul i32 %4, %4
  %6 = zext i32 %4 to i33
  %7 = add nsw i32 %0, -2
  %8 = zext i32 %7 to i33
  %9 = mul i33 %6, %8
  %10 = lshr i33 %9, 1
  %11 = trunc i33 %10 to i32
  %12 = add i32 %1, %0
  %13 = add i32 %12, %5
  %14 = sub i32 %13, %11
  br label %tailrecurse._crit_edge

tailrecurse._crit_edge:                           ; preds = %tailrecurse.preheader, %2
  %.tr7.lcssa = phi i32 [ %1, %2 ], [ %14, %tailrecurse.preheader ]
  ret i32 %.tr7.lcssa
}

attributes #0 = { nofree nosync nounwind readnone uwtable "frame-pointer"="non-leaf" "min-legal-vector-width"="0" "no-trapping-math"="true" "stack-protector-buffer-size"="8" "target-cpu"="generic" "target-features"="+neon,+outline-atomics,+v8a" }

!llvm.module.flags = !{!0, !1, !2, !3, !4, !5, !6, !7, !8}
!llvm.ident = !{!9}

!0 = !{i32 1, !"wchar_size", i32 4}
!1 = !{i32 1, !"branch-target-enforcement", i32 0}
!2 = !{i32 1, !"sign-return-address", i32 0}
!3 = !{i32 1, !"sign-return-address-all", i32 0}
!4 = !{i32 1, !"sign-return-address-with-bkey", i32 0}
!5 = !{i32 7, !"PIC Level", i32 2}
!6 = !{i32 7, !"PIE Level", i32 2}
!7 = !{i32 7, !"uwtable", i32 1}
!8 = !{i32 7, !"frame-pointer", i32 1}
!9 = !{!"Ubuntu clang version 14.0.0-1ubuntu1.1"}
*** IR Dump Before GlobalDCEPass on [module] ***
; ModuleID = 'sumTo.in.ll'
source_filename = "sumTo.c"
target datalayout = "e-m:e-i8:8:32-i16:16:32-i64:64-i128:128-n32:64-S128"
target triple = "aarch64-unknown-linux-gnu"

; Function Attrs: nofree nosync nounwind readnone uwtable
define dso_local i32 @sumTo(i32 noundef %0, i32 noundef %1) local_unnamed_addr #0 {
  %3 = icmp slt i32 %0, 1
  br i1 %3, label %tailrecurse._crit_edge, label %tailrecurse.preheader

tailrecurse.preheader:                            ; preds = %2
  %4 = add nsw i32 %0, -1
  %5 = mul i32 %4, %4
  %6 = zext i32 %4 to i33
  %7 = add nsw i32 %0, -2
  %8 = zext i32 %7 to i33
  %9 = mul i33 %6, %8
  %10 = lshr i33 %9, 1
  %11 = trunc i33 %10 to i32
  %12 = add i32 %1, %0
  %13 = add i32 %12, %5
  %14 = sub i32 %13, %11
  br label %tailrecurse._crit_edge

tailrecurse._crit_edge:                           ; preds = %tailrecurse.preheader, %2
  %.tr7.lcssa = phi i32 [ %1, %2 ], [ %14, %tailrecurse.preheader ]
  ret i32 %.tr7.lcssa
}

attributes #0 = { nofree nosync nounwind readnone uwtable "frame-pointer"="non-leaf" "min-legal-vector-width"="0" "no-trapping-math"="true" "stack-protector-buffer-size"="8" "target-cpu"="generic" "target-features"="+neon,+outline-atomics,+v8a" }

!llvm.module.flags = !{!0, !1, !2, !3, !4, !5, !6, !7, !8}
!llvm.ident = !{!9}

!0 = !{i32 1, !"wchar_size", i32 4}
!1 = !{i32 1, !"branch-target-enforcement", i32 0}
!2 = !{i32 1, !"sign-return-address", i32 0}
!3 = !{i32 1, !"sign-return-address-all", i32 0}
!4 = !{i32 1, !"sign-return-address-with-bkey", i32 0}
!5 = !{i32 7, !"PIC Level", i32 2}
!6 = !{i32 7, !"PIE Level", i32 2}
!7 = !{i32 7, !"uwtable", i32 1}
!8 = !{i32 7, !"frame-pointer", i32 1}
!9 = !{!"Ubuntu clang version 14.0.0-1ubuntu1.1"}
*** IR Dump After GlobalDCEPass on [module] ***
; ModuleID = 'sumTo.in.ll'
source_filename = "sumTo.c"
target datalayout = "e-m:e-i8:8:32-i16:16:32-i64:64-i128:128-n32:64-S128"
target triple = "aarch64-unknown-linux-gnu"

; Function Attrs: nofree nosync nounwind readnone uwtable
define dso_local i32 @sumTo(i32 noundef %0, i32 noundef %1) local_unnamed_addr #0 {
  %3 = icmp slt i32 %0, 1
  br i1 %3, label %tailrecurse._crit_edge, label %tailrecurse.preheader

tailrecurse.preheader:                            ; preds = %2
  %4 = add nsw i32 %0, -1
  %5 = mul i32 %4, %4
  %6 = zext i32 %4 to i33
  %7 = add nsw i32 %0, -2
  %8 = zext i32 %7 to i33
  %9 = mul i33 %6, %8
  %10 = lshr i33 %9, 1
  %11 = trunc i33 %10 to i32
  %12 = add i32 %1, %0
  %13 = add i32 %12, %5
  %14 = sub i32 %13, %11
  br label %tailrecurse._crit_edge

tailrecurse._crit_edge:                           ; preds = %tailrecurse.preheader, %2
  %.tr7.lcssa = phi i32 [ %1, %2 ], [ %14, %tailrecurse.preheader ]
  ret i32 %.tr7.lcssa
}

attributes #0 = { nofree nosync nounwind readnone uwtable "frame-pointer"="non-leaf" "min-legal-vector-width"="0" "no-trapping-math"="true" "stack-protector-buffer-size"="8" "target-cpu"="generic" "target-features"="+neon,+outline-atomics,+v8a" }

!llvm.module.flags = !{!0, !1, !2, !3, !4, !5, !6, !7, !8}
!llvm.ident = !{!9}

!0 = !{i32 1, !"wchar_size", i32 4}
!1 = !{i32 1, !"branch-target-enforcement", i32 0}
!2 = !{i32 1, !"sign-return-address", i32 0}
!3 = !{i32 1, !"sign-return-address-all", i32 0}
!4 = !{i32 1, !"sign-return-address-with-bkey", i32 0}
!5 = !{i32 7, !"PIC Level", i32 2}
!6 = !{i32 7, !"PIE Level", i32 2}
!7 = !{i32 7, !"uwtable", i32 1}
!8 = !{i32 7, !"frame-pointer", i32 1}
!9 = !{!"Ubuntu clang version 14.0.0-1ubuntu1.1"}
*** IR Dump Before ConstantMergePass on [module] ***
; ModuleID = 'sumTo.in.ll'
source_filename = "sumTo.c"
target datalayout = "e-m:e-i8:8:32-i16:16:32-i64:64-i128:128-n32:64-S128"
target triple = "aarch64-unknown-linux-gnu"

; Function Attrs: nofree nosync nounwind readnone uwtable
define dso_local i32 @sumTo(i32 noundef %0, i32 noundef %1) local_unnamed_addr #0 {
  %3 = icmp slt i32 %0, 1
  br i1 %3, label %tailrecurse._crit_edge, label %tailrecurse.preheader

tailrecurse.preheader:                            ; preds = %2
  %4 = add nsw i32 %0, -1
  %5 = mul i32 %4, %4
  %6 = zext i32 %4 to i33
  %7 = add nsw i32 %0, -2
  %8 = zext i32 %7 to i33
  %9 = mul i33 %6, %8
  %10 = lshr i33 %9, 1
  %11 = trunc i33 %10 to i32
  %12 = add i32 %1, %0
  %13 = add i32 %12, %5
  %14 = sub i32 %13, %11
  br label %tailrecurse._crit_edge

tailrecurse._crit_edge:                           ; preds = %tailrecurse.preheader, %2
  %.tr7.lcssa = phi i32 [ %1, %2 ], [ %14, %tailrecurse.preheader ]
  ret i32 %.tr7.lcssa
}

attributes #0 = { nofree nosync nounwind readnone uwtable "frame-pointer"="non-leaf" "min-legal-vector-width"="0" "no-trapping-math"="true" "stack-protector-buffer-size"="8" "target-cpu"="generic" "target-features"="+neon,+outline-atomics,+v8a" }

!llvm.module.flags = !{!0, !1, !2, !3, !4, !5, !6, !7, !8}
!llvm.ident = !{!9}

!0 = !{i32 1, !"wchar_size", i32 4}
!1 = !{i32 1, !"branch-target-enforcement", i32 0}
!2 = !{i32 1, !"sign-return-address", i32 0}
!3 = !{i32 1, !"sign-return-address-all", i32 0}
!4 = !{i32 1, !"sign-return-address-with-bkey", i32 0}
!5 = !{i32 7, !"PIC Level", i32 2}
!6 = !{i32 7, !"PIE Level", i32 2}
!7 = !{i32 7, !"uwtable", i32 1}
!8 = !{i32 7, !"frame-pointer", i32 1}
!9 = !{!"Ubuntu clang version 14.0.0-1ubuntu1.1"}
*** IR Dump After ConstantMergePass on [module] ***
; ModuleID = 'sumTo.in.ll'
source_filename = "sumTo.c"
target datalayout = "e-m:e-i8:8:32-i16:16:32-i64:64-i128:128-n32:64-S128"
target triple = "aarch64-unknown-linux-gnu"

; Function Attrs: nofree nosync nounwind readnone uwtable
define dso_local i32 @sumTo(i32 noundef %0, i32 noundef %1) local_unnamed_addr #0 {
  %3 = icmp slt i32 %0, 1
  br i1 %3, label %tailrecurse._crit_edge, label %tailrecurse.preheader

tailrecurse.preheader:                            ; preds = %2
  %4 = add nsw i32 %0, -1
  %5 = mul i32 %4, %4
  %6 = zext i32 %4 to i33
  %7 = add nsw i32 %0, -2
  %8 = zext i32 %7 to i33
  %9 = mul i33 %6, %8
  %10 = lshr i33 %9, 1
  %11 = trunc i33 %10 to i32
  %12 = add i32 %1, %0
  %13 = add i32 %12, %5
  %14 = sub i32 %13, %11
  br label %tailrecurse._crit_edge

tailrecurse._crit_edge:                           ; preds = %tailrecurse.preheader, %2
  %.tr7.lcssa = phi i32 [ %1, %2 ], [ %14, %tailrecurse.preheader ]
  ret i32 %.tr7.lcssa
}

attributes #0 = { nofree nosync nounwind readnone uwtable "frame-pointer"="non-leaf" "min-legal-vector-width"="0" "no-trapping-math"="true" "stack-protector-buffer-size"="8" "target-cpu"="generic" "target-features"="+neon,+outline-atomics,+v8a" }

!llvm.module.flags = !{!0, !1, !2, !3, !4, !5, !6, !7, !8}
!llvm.ident = !{!9}

!0 = !{i32 1, !"wchar_size", i32 4}
!1 = !{i32 1, !"branch-target-enforcement", i32 0}
!2 = !{i32 1, !"sign-return-address", i32 0}
!3 = !{i32 1, !"sign-return-address-all", i32 0}
!4 = !{i32 1, !"sign-return-address-with-bkey", i32 0}
!5 = !{i32 7, !"PIC Level", i32 2}
!6 = !{i32 7, !"PIE Level", i32 2}
!7 = !{i32 7, !"uwtable", i32 1}
!8 = !{i32 7, !"frame-pointer", i32 1}
!9 = !{!"Ubuntu clang version 14.0.0-1ubuntu1.1"}
*** IR Dump Before RelLookupTableConverterPass on [module] ***
; ModuleID = 'sumTo.in.ll'
source_filename = "sumTo.c"
target datalayout = "e-m:e-i8:8:32-i16:16:32-i64:64-i128:128-n32:64-S128"
target triple = "aarch64-unknown-linux-gnu"

; Function Attrs: nofree nosync nounwind readnone uwtable
define dso_local i32 @sumTo(i32 noundef %0, i32 noundef %1) local_unnamed_addr #0 {
  %3 = icmp slt i32 %0, 1
  br i1 %3, label %tailrecurse._crit_edge, label %tailrecurse.preheader

tailrecurse.preheader:                            ; preds = %2
  %4 = add nsw i32 %0, -1
  %5 = mul i32 %4, %4
  %6 = zext i32 %4 to i33
  %7 = add nsw i32 %0, -2
  %8 = zext i32 %7 to i33
  %9 = mul i33 %6, %8
  %10 = lshr i33 %9, 1
  %11 = trunc i33 %10 to i32
  %12 = add i32 %1, %0
  %13 = add i32 %12, %5
  %14 = sub i32 %13, %11
  br label %tailrecurse._crit_edge

tailrecurse._crit_edge:                           ; preds = %tailrecurse.preheader, %2
  %.tr7.lcssa = phi i32 [ %1, %2 ], [ %14, %tailrecurse.preheader ]
  ret i32 %.tr7.lcssa
}

attributes #0 = { nofree nosync nounwind readnone uwtable "frame-pointer"="non-leaf" "min-legal-vector-width"="0" "no-trapping-math"="true" "stack-protector-buffer-size"="8" "target-cpu"="generic" "target-features"="+neon,+outline-atomics,+v8a" }

!llvm.module.flags = !{!0, !1, !2, !3, !4, !5, !6, !7, !8}
!llvm.ident = !{!9}

!0 = !{i32 1, !"wchar_size", i32 4}
!1 = !{i32 1, !"branch-target-enforcement", i32 0}
!2 = !{i32 1, !"sign-return-address", i32 0}
!3 = !{i32 1, !"sign-return-address-all", i32 0}
!4 = !{i32 1, !"sign-return-address-with-bkey", i32 0}
!5 = !{i32 7, !"PIC Level", i32 2}
!6 = !{i32 7, !"PIE Level", i32 2}
!7 = !{i32 7, !"uwtable", i32 1}
!8 = !{i32 7, !"frame-pointer", i32 1}
!9 = !{!"Ubuntu clang version 14.0.0-1ubuntu1.1"}
*** IR Dump After RelLookupTableConverterPass on [module] ***
; ModuleID = 'sumTo.in.ll'
source_filename = "sumTo.c"
target datalayout = "e-m:e-i8:8:32-i16:16:32-i64:64-i128:128-n32:64-S128"
target triple = "aarch64-unknown-linux-gnu"

; Function Attrs: nofree nosync nounwind readnone uwtable
define dso_local i32 @sumTo(i32 noundef %0, i32 noundef %1) local_unnamed_addr #0 {
  %3 = icmp slt i32 %0, 1
  br i1 %3, label %tailrecurse._crit_edge, label %tailrecurse.preheader

tailrecurse.preheader:                            ; preds = %2
  %4 = add nsw i32 %0, -1
  %5 = mul i32 %4, %4
  %6 = zext i32 %4 to i33
  %7 = add nsw i32 %0, -2
  %8 = zext i32 %7 to i33
  %9 = mul i33 %6, %8
  %10 = lshr i33 %9, 1
  %11 = trunc i33 %10 to i32
  %12 = add i32 %1, %0
  %13 = add i32 %12, %5
  %14 = sub i32 %13, %11
  br label %tailrecurse._crit_edge

tailrecurse._crit_edge:                           ; preds = %tailrecurse.preheader, %2
  %.tr7.lcssa = phi i32 [ %1, %2 ], [ %14, %tailrecurse.preheader ]
  ret i32 %.tr7.lcssa
}

attributes #0 = { nofree nosync nounwind readnone uwtable "frame-pointer"="non-leaf" "min-legal-vector-width"="0" "no-trapping-math"="true" "stack-protector-buffer-size"="8" "target-cpu"="generic" "target-features"="+neon,+outline-atomics,+v8a" }

!llvm.module.flags = !{!0, !1, !2, !3, !4, !5, !6, !7, !8}
!llvm.ident = !{!9}

!0 = !{i32 1, !"wchar_size", i32 4}
!1 = !{i32 1, !"branch-target-enforcement", i32 0}
!2 = !{i32 1, !"sign-return-address", i32 0}
!3 = !{i32 1, !"sign-return-address-all", i32 0}
!4 = !{i32 1, !"sign-return-address-with-bkey", i32 0}
!5 = !{i32 7, !"PIC Level", i32 2}
!6 = !{i32 7, !"PIE Level", i32 2}
!7 = !{i32 7, !"uwtable", i32 1}
!8 = !{i32 7, !"frame-pointer", i32 1}
!9 = !{!"Ubuntu clang version 14.0.0-1ubuntu1.1"}
*** IR Dump Before AnnotationRemarksPass on sumTo ***
; Function Attrs: nofree nosync nounwind readnone uwtable
define dso_local i32 @sumTo(i32 noundef %0, i32 noundef %1) local_unnamed_addr #0 {
  %3 = icmp slt i32 %0, 1
  br i1 %3, label %tailrecurse._crit_edge, label %tailrecurse.preheader

tailrecurse.preheader:                            ; preds = %2
  %4 = add nsw i32 %0, -1
  %5 = mul i32 %4, %4
  %6 = zext i32 %4 to i33
  %7 = add nsw i32 %0, -2
  %8 = zext i32 %7 to i33
  %9 = mul i33 %6, %8
  %10 = lshr i33 %9, 1
  %11 = trunc i33 %10 to i32
  %12 = add i32 %1, %0
  %13 = add i32 %12, %5
  %14 = sub i32 %13, %11
  br label %tailrecurse._crit_edge

tailrecurse._crit_edge:                           ; preds = %tailrecurse.preheader, %2
  %.tr7.lcssa = phi i32 [ %1, %2 ], [ %14, %tailrecurse.preheader ]
  ret i32 %.tr7.lcssa
}
*** IR Dump After AnnotationRemarksPass on sumTo ***
; Function Attrs: nofree nosync nounwind readnone uwtable
define dso_local i32 @sumTo(i32 noundef %0, i32 noundef %1) local_unnamed_addr #0 {
  %3 = icmp slt i32 %0, 1
  br i1 %3, label %tailrecurse._crit_edge, label %tailrecurse.preheader

tailrecurse.preheader:                            ; preds = %2
  %4 = add nsw i32 %0, -1
  %5 = mul i32 %4, %4
  %6 = zext i32 %4 to i33
  %7 = add nsw i32 %0, -2
  %8 = zext i32 %7 to i33
  %9 = mul i33 %6, %8
  %10 = lshr i33 %9, 1
  %11 = trunc i33 %10 to i32
  %12 = add i32 %1, %0
  %13 = add i32 %12, %5
  %14 = sub i32 %13, %11
  br label %tailrecurse._crit_edge

tailrecurse._crit_edge:                           ; preds = %tailrecurse.preheader, %2
  %.tr7.lcssa = phi i32 [ %1, %2 ], [ %14, %tailrecurse.preheader ]
  ret i32 %.tr7.lcssa
}
*** IR Dump Before VerifierPass on [module] ***
; ModuleID = 'sumTo.in.ll'
source_filename = "sumTo.c"
target datalayout = "e-m:e-i8:8:32-i16:16:32-i64:64-i128:128-n32:64-S128"
target triple = "aarch64-unknown-linux-gnu"

; Function Attrs: nofree nosync nounwind readnone uwtable
define dso_local i32 @sumTo(i32 noundef %0, i32 noundef %1) local_unnamed_addr #0 {
  %3 = icmp slt i32 %0, 1
  br i1 %3, label %tailrecurse._crit_edge, label %tailrecurse.preheader

tailrecurse.preheader:                            ; preds = %2
  %4 = add nsw i32 %0, -1
  %5 = mul i32 %4, %4
  %6 = zext i32 %4 to i33
  %7 = add nsw i32 %0, -2
  %8 = zext i32 %7 to i33
  %9 = mul i33 %6, %8
  %10 = lshr i33 %9, 1
  %11 = trunc i33 %10 to i32
  %12 = add i32 %1, %0
  %13 = add i32 %12, %5
  %14 = sub i32 %13, %11
  br label %tailrecurse._crit_edge

tailrecurse._crit_edge:                           ; preds = %tailrecurse.preheader, %2
  %.tr7.lcssa = phi i32 [ %1, %2 ], [ %14, %tailrecurse.preheader ]
  ret i32 %.tr7.lcssa
}

attributes #0 = { nofree nosync nounwind readnone uwtable "frame-pointer"="non-leaf" "min-legal-vector-width"="0" "no-trapping-math"="true" "stack-protector-buffer-size"="8" "target-cpu"="generic" "target-features"="+neon,+outline-atomics,+v8a" }

!llvm.module.flags = !{!0, !1, !2, !3, !4, !5, !6, !7, !8}
!llvm.ident = !{!9}

!0 = !{i32 1, !"wchar_size", i32 4}
!1 = !{i32 1, !"branch-target-enforcement", i32 0}
!2 = !{i32 1, !"sign-return-address", i32 0}
!3 = !{i32 1, !"sign-return-address-all", i32 0}
!4 = !{i32 1, !"sign-return-address-with-bkey", i32 0}
!5 = !{i32 7, !"PIC Level", i32 2}
!6 = !{i32 7, !"PIE Level", i32 2}
!7 = !{i32 7, !"uwtable", i32 1}
!8 = !{i32 7, !"frame-pointer", i32 1}
!9 = !{!"Ubuntu clang version 14.0.0-1ubuntu1.1"}
*** IR Dump After VerifierPass on [module] ***
; ModuleID = 'sumTo.in.ll'
source_filename = "sumTo.c"
target datalayout = "e-m:e-i8:8:32-i16:16:32-i64:64-i128:128-n32:64-S128"
target triple = "aarch64-unknown-linux-gnu"

; Function Attrs: nofree nosync nounwind readnone uwtable
define dso_local i32 @sumTo(i32 noundef %0, i32 noundef %1) local_unnamed_addr #0 {
  %3 = icmp slt i32 %0, 1
  br i1 %3, label %tailrecurse._crit_edge, label %tailrecurse.preheader

tailrecurse.preheader:                            ; preds = %2
  %4 = add nsw i32 %0, -1
  %5 = mul i32 %4, %4
  %6 = zext i32 %4 to i33
  %7 = add nsw i32 %0, -2
  %8 = zext i32 %7 to i33
  %9 = mul i33 %6, %8
  %10 = lshr i33 %9, 1
  %11 = trunc i33 %10 to i32
  %12 = add i32 %1, %0
  %13 = add i32 %12, %5
  %14 = sub i32 %13, %11
  br label %tailrecurse._crit_edge

tailrecurse._crit_edge:                           ; preds = %tailrecurse.preheader, %2
  %.tr7.lcssa = phi i32 [ %1, %2 ], [ %14, %tailrecurse.preheader ]
  ret i32 %.tr7.lcssa
}

attributes #0 = { nofree nosync nounwind readnone uwtable "frame-pointer"="non-leaf" "min-legal-vector-width"="0" "no-trapping-math"="true" "stack-protector-buffer-size"="8" "target-cpu"="generic" "target-features"="+neon,+outline-atomics,+v8a" }

!llvm.module.flags = !{!0, !1, !2, !3, !4, !5, !6, !7, !8}
!llvm.ident = !{!9}

!0 = !{i32 1, !"wchar_size", i32 4}
!1 = !{i32 1, !"branch-target-enforcement", i32 0}
!2 = !{i32 1, !"sign-return-address", i32 0}
!3 = !{i32 1, !"sign-return-address-all", i32 0}
!4 = !{i32 1, !"sign-return-address-with-bkey", i32 0}
!5 = !{i32 7, !"PIC Level", i32 2}
!6 = !{i32 7, !"PIE Level", i32 2}
!7 = !{i32 7, !"uwtable", i32 1}
!8 = !{i32 7, !"frame-pointer", i32 1}
!9 = !{!"Ubuntu clang version 14.0.0-1ubuntu1.1"}
*** IR Dump Before PrintModulePass on [module] ***
; ModuleID = 'sumTo.in.ll'
source_filename = "sumTo.c"
target datalayout = "e-m:e-i8:8:32-i16:16:32-i64:64-i128:128-n32:64-S128"
target triple = "aarch64-unknown-linux-gnu"

; Function Attrs: nofree nosync nounwind readnone uwtable
define dso_local i32 @sumTo(i32 noundef %0, i32 noundef %1) local_unnamed_addr #0 {
  %3 = icmp slt i32 %0, 1
  br i1 %3, label %tailrecurse._crit_edge, label %tailrecurse.preheader

tailrecurse.preheader:                            ; preds = %2
  %4 = add nsw i32 %0, -1
  %5 = mul i32 %4, %4
  %6 = zext i32 %4 to i33
  %7 = add nsw i32 %0, -2
  %8 = zext i32 %7 to i33
  %9 = mul i33 %6, %8
  %10 = lshr i33 %9, 1
  %11 = trunc i33 %10 to i32
  %12 = add i32 %1, %0
  %13 = add i32 %12, %5
  %14 = sub i32 %13, %11
  br label %tailrecurse._crit_edge

tailrecurse._crit_edge:                           ; preds = %tailrecurse.preheader, %2
  %.tr7.lcssa = phi i32 [ %1, %2 ], [ %14, %tailrecurse.preheader ]
  ret i32 %.tr7.lcssa
}

attributes #0 = { nofree nosync nounwind readnone uwtable "frame-pointer"="non-leaf" "min-legal-vector-width"="0" "no-trapping-math"="true" "stack-protector-buffer-size"="8" "target-cpu"="generic" "target-features"="+neon,+outline-atomics,+v8a" }

!llvm.module.flags = !{!0, !1, !2, !3, !4, !5, !6, !7, !8}
!llvm.ident = !{!9}

!0 = !{i32 1, !"wchar_size", i32 4}
!1 = !{i32 1, !"branch-target-enforcement", i32 0}
!2 = !{i32 1, !"sign-return-address", i32 0}
!3 = !{i32 1, !"sign-return-address-all", i32 0}
!4 = !{i32 1, !"sign-return-address-with-bkey", i32 0}
!5 = !{i32 7, !"PIC Level", i32 2}
!6 = !{i32 7, !"PIE Level", i32 2}
!7 = !{i32 7, !"uwtable", i32 1}
!8 = !{i32 7, !"frame-pointer", i32 1}
!9 = !{!"Ubuntu clang version 14.0.0-1ubuntu1.1"}
*** IR Dump After PrintModulePass on [module] ***
; ModuleID = 'sumTo.in.ll'
source_filename = "sumTo.c"
target datalayout = "e-m:e-i8:8:32-i16:16:32-i64:64-i128:128-n32:64-S128"
target triple = "aarch64-unknown-linux-gnu"

; Function Attrs: nofree nosync nounwind readnone uwtable
define dso_local i32 @sumTo(i32 noundef %0, i32 noundef %1) local_unnamed_addr #0 {
  %3 = icmp slt i32 %0, 1
  br i1 %3, label %tailrecurse._crit_edge, label %tailrecurse.preheader

tailrecurse.preheader:                            ; preds = %2
  %4 = add nsw i32 %0, -1
  %5 = mul i32 %4, %4
  %6 = zext i32 %4 to i33
  %7 = add nsw i32 %0, -2
  %8 = zext i32 %7 to i33
  %9 = mul i33 %6, %8
  %10 = lshr i33 %9, 1
  %11 = trunc i33 %10 to i32
  %12 = add i32 %1, %0
  %13 = add i32 %12, %5
  %14 = sub i32 %13, %11
  br label %tailrecurse._crit_edge

tailrecurse._crit_edge:                           ; preds = %tailrecurse.preheader, %2
  %.tr7.lcssa = phi i32 [ %1, %2 ], [ %14, %tailrecurse.preheader ]
  ret i32 %.tr7.lcssa
}

attributes #0 = { nofree nosync nounwind readnone uwtable "frame-pointer"="non-leaf" "min-legal-vector-width"="0" "no-trapping-math"="true" "stack-protector-buffer-size"="8" "target-cpu"="generic" "target-features"="+neon,+outline-atomics,+v8a" }

!llvm.module.flags = !{!0, !1, !2, !3, !4, !5, !6, !7, !8}
!llvm.ident = !{!9}

!0 = !{i32 1, !"wchar_size", i32 4}
!1 = !{i32 1, !"branch-target-enforcement", i32 0}
!2 = !{i32 1, !"sign-return-address", i32 0}
!3 = !{i32 1, !"sign-return-address-all", i32 0}
!4 = !{i32 1, !"sign-return-address-with-bkey", i32 0}
!5 = !{i32 7, !"PIC Level", i32 2}
!6 = !{i32 7, !"PIE Level", i32 2}
!7 = !{i32 7, !"uwtable", i32 1}
!8 = !{i32 7, !"frame-pointer", i32 1}
!9 = !{!"Ubuntu clang version 14.0.0-1ubuntu1.1"}
